{
  "entries" : [
    {
      "identifier" : "START",
      "message" : "Running Main02.script",
      "timestamp" : "2021-04-09 09:37:11.430 -0600"
    },
    {
      "handlerName" : "on_grabstatistics",
      "message" : "\\n\\t<p> capturescreen (1) <\/p>\\n\\t<div class=\"w3-light-grey w3-round-xlarge w3-small\">\\n\\t<div class=\"w3-container w3-center w3-round-xlarge w3-teal\" style=\"width:20%\"> 6.25 %<\/div>\\n\\t<\/div> \\n\\t<p> click (2) <\/p>\\n\\t<div class=\"w3-light-grey w3-round-xlarge w3-small\">\\n\\t<div class=\"w3-container w3-center w3-round-xlarge w3-teal\" style=\"width:20%\"> 12.5 %<\/div>\\n\\t<\/div> \\n\\t<p> endtestcase (1) <\/p>\\n\\t<div class=\"w3-light-grey w3-round-xlarge w3-small\">\\n\\t<div class=\"w3-container w3-center w3-round-xlarge w3-teal\" style=\"width:20%\"> 6.25 %<\/div>\\n\\t<\/div> \\n\\t<p> log (1) <\/p>\\n\\t<div class=\"w3-light-grey w3-round-xlarge w3-small\">\\n\\t<div class=\"w3-container w3-center w3-round-xlarge w3-teal\" style=\"width:20%\"> 6.25 %<\/div>\\n\\t<\/div> \\n\\t<p> start (1) <\/p>\\n\\t<div class=\"w3-light-grey w3-round-xlarge w3-small\">\\n\\t<div class=\"w3-container w3-center w3-round-xlarge w3-teal\" style=\"width:20%\"> 6.25 %<\/div>\\n\\t<\/div> \\n\\t<p> success (1) <\/p>\\n\\t<div class=\"w3-light-grey w3-round-xlarge w3-small\">\\n\\t<div class=\"w3-container w3-center w3-round-xlarge w3-teal\" style=\"width:20%\"> 6.25 %<\/div>\\n\\t<\/div> \\n\\t<p> typetext (6) <\/p>\\n\\t<div class=\"w3-light-grey w3-round-xlarge w3-small\">\\n\\t<div class=\"w3-container w3-center w3-round-xlarge w3-teal\" style=\"width:37.5%\"> 37.5 %<\/div>\\n\\t<\/div> \\n\\t<p> waitfor (3) <\/p>\\n\\t<div class=\"w3-light-grey w3-round-xlarge w3-small\">\\n\\t<div class=\"w3-container w3-center w3-round-xlarge w3-teal\" style=\"width:20%\"> 18.75 %<\/div>\\n\\t<\/div> ",
      "timestamp" : "2021-04-09 09:37:11.635 -0600",
      "identifier" : "Log",
      "scriptName" : "",
      "handlerLine" : 45
    },
    {
      "identifier" : "EndTestCase",
      "message" : "(Duration:\"0.405707\", Errors:\"0\", Exceptions:\"0\", StartTime:\"2021-04-09 09:37:11 -0600\", Successes:\"1\", TestCase:\"Main02.script\", Warnings:\"0\")",
      "timestamp" : "2021-04-09 09:37:11.837 -0600"
    },
    {
      "identifier" : "SUCCESS",
      "message" : "Execution Time 0:00:00 Main02.script",
      "timestamp" : "2021-04-09 09:37:11.844 -0600"
    }
  ],
  "createdTimestamp" : "2021-04-09 09:37:11.431 -0600"
}