﻿Date Run,Status,Time,# of Errors,# of Warnings,# of Exceptions,Log File,Return Value,Error Message,# of Successes
2018-11-20 20:29:53.868 -0500,"Failure",0:00:00,1,0,0,"20181120_202953.868/LogFile.txt","","InvalidCommandOrRange -- Not a valid command, or incorrect types given for a range (not numbers, date/times, or characters)",0
2018-11-20 20:32:11.469 -0500,"Failure",0:00:00,1,0,0,"20181120_203211.469/LogFile.txt","","InvalidCommandOrRange -- Not a valid command, or incorrect types given for a range (not numbers, date/times, or characters)",0
2018-11-20 20:32:46.196 -0500,"Failure",0:00:00,1,0,0,"20181120_203246.196/LogFile.txt","","SenseTalk Runtime Exception -- Invalid operands for addition: expected numbers, dates and/or lists; got '(Medical Record Number,Suff...' and '(file:""/Users/randyhesse/Do...'",0
2018-11-20 20:35:27.304 -0500,"Failure",0:00:00,1,0,0,"20181120_203527.304/LogFile.txt","","STFileException -- Attempt to access unopened file: MyFileVar",0
2018-11-20 20:36:13.103 -0500,"Failure",0:00:00,1,0,0,"20181120_203613.103/LogFile.txt","","STFileException -- Attempt to access unopened file: /Users/randyhesse/Documents/Simple Examples/PatientHolding.suite/Resources/WebFormData3.CSV",0
2018-11-20 20:36:23.108 -0500,"Failure",0:00:00,1,0,0,"20181120_203623.108/LogFile.txt","","STFileException -- Attempt to access unopened file: ",0
2018-11-20 20:37:04.359 -0500,"Failure",0:00:00,1,0,0,"20181120_203704.359/LogFile.txt","","STFileAccessException -- Unable to open file  as requested",0
2018-11-20 20:37:12.671 -0500,"Failure",0:00:00,1,0,0,"20181120_203712.671/LogFile.txt","","SenseTalk Runtime Exception -- Invalid operands for addition: expected numbers, dates and/or lists; got '(Medical Record Number,Suff...' and ''",0
2018-11-20 20:37:28.174 -0500,"Success",0:00:00,0,0,0,"20181120_203728.174/LogFile.txt","","",1
2018-11-20 20:37:41.557 -0500,"Success",0:00:00,0,0,0,"20181120_203741.557/LogFile.txt","","",1
2018-11-20 20:38:10.857 -0500,"Success",0:00:00,0,0,0,"20181120_203810.857/LogFile.txt","","",1
2018-11-20 20:38:44.344 -0500,"Failure",0:00:00,1,0,0,"20181120_203844.344/LogFile.txt","","STInvalidApplication -- no such application",0
2018-11-20 20:38:55.972 -0500,"Success",0:00:00,0,0,0,"20181120_203855.972/LogFile.txt","","",1
2018-11-20 20:39:21.404 -0500,"Success",0:00:00,0,0,0,"20181120_203921.404/LogFile.txt","","",1
2018-11-20 20:40:18.048 -0500,"Success",0:00:00,0,0,0,"20181120_204018.048/LogFile.txt","","",1
2018-11-20 20:40:26.641 -0500,"Success",0:00:00,0,0,0,"20181120_204026.641/LogFile.txt","","",1
