﻿<?xml version="1.0"?>
<runHistory script="NewCSV">
 <run>
  <RunDate>2018-11-20 20:29:53.868 -0500</RunDate>
  <Status>Failure</Status>
  <Duration>0.507770</Duration>
  <Errors>1</Errors>
  <Warnings>0</Warnings>
  <Exceptions>0</Exceptions>
  <Successes>0</Successes>
  <LogFile>20181120_202953.868/LogFile.txt</LogFile>
  <ReturnValue></ReturnValue>
  <ErrorMessage>InvalidCommandOrRange -- Not a valid command, or incorrect types given for a range (not numbers, date/times, or characters)</ErrorMessage>
 </run>
 <run>
  <RunDate>2018-11-20 20:32:11.469 -0500</RunDate>
  <Status>Failure</Status>
  <Duration>0.493231</Duration>
  <Errors>1</Errors>
  <Warnings>0</Warnings>
  <Exceptions>0</Exceptions>
  <Successes>0</Successes>
  <LogFile>20181120_203211.469/LogFile.txt</LogFile>
  <ReturnValue></ReturnValue>
  <ErrorMessage>InvalidCommandOrRange -- Not a valid command, or incorrect types given for a range (not numbers, date/times, or characters)</ErrorMessage>
 </run>
 <run>
  <RunDate>2018-11-20 20:32:46.196 -0500</RunDate>
  <Status>Failure</Status>
  <Duration>0.457068</Duration>
  <Errors>1</Errors>
  <Warnings>0</Warnings>
  <Exceptions>0</Exceptions>
  <Successes>0</Successes>
  <LogFile>20181120_203246.196/LogFile.txt</LogFile>
  <ReturnValue></ReturnValue>
  <ErrorMessage>SenseTalk Runtime Exception -- Invalid operands for addition: expected numbers, dates and/or lists; got &#x27;(Medical Record Number,Suff...&#x27; and &#x27;(file:&quot;/Users/randyhesse/Do...&#x27;</ErrorMessage>
 </run>
 <run>
  <RunDate>2018-11-20 20:35:27.304 -0500</RunDate>
  <Status>Failure</Status>
  <Duration>0.595098</Duration>
  <Errors>1</Errors>
  <Warnings>0</Warnings>
  <Exceptions>0</Exceptions>
  <Successes>0</Successes>
  <LogFile>20181120_203527.304/LogFile.txt</LogFile>
  <ReturnValue></ReturnValue>
  <ErrorMessage>STFileException -- Attempt to access unopened file: MyFileVar</ErrorMessage>
 </run>
 <run>
  <RunDate>2018-11-20 20:36:13.103 -0500</RunDate>
  <Status>Failure</Status>
  <Duration>0.547357</Duration>
  <Errors>1</Errors>
  <Warnings>0</Warnings>
  <Exceptions>0</Exceptions>
  <Successes>0</Successes>
  <LogFile>20181120_203613.103/LogFile.txt</LogFile>
  <ReturnValue></ReturnValue>
  <ErrorMessage>STFileException -- Attempt to access unopened file: /Users/randyhesse/Documents/Simple Examples/PatientHolding.suite/Resources/WebFormData3.CSV</ErrorMessage>
 </run>
 <run>
  <RunDate>2018-11-20 20:36:23.108 -0500</RunDate>
  <Status>Failure</Status>
  <Duration>0.474227</Duration>
  <Errors>1</Errors>
  <Warnings>0</Warnings>
  <Exceptions>0</Exceptions>
  <Successes>0</Successes>
  <LogFile>20181120_203623.108/LogFile.txt</LogFile>
  <ReturnValue></ReturnValue>
  <ErrorMessage>STFileException -- Attempt to access unopened file: </ErrorMessage>
 </run>
 <run>
  <RunDate>2018-11-20 20:37:04.359 -0500</RunDate>
  <Status>Failure</Status>
  <Duration>0.507408</Duration>
  <Errors>1</Errors>
  <Warnings>0</Warnings>
  <Exceptions>0</Exceptions>
  <Successes>0</Successes>
  <LogFile>20181120_203704.359/LogFile.txt</LogFile>
  <ReturnValue></ReturnValue>
  <ErrorMessage>STFileAccessException -- Unable to open file  as requested</ErrorMessage>
 </run>
 <run>
  <RunDate>2018-11-20 20:37:12.671 -0500</RunDate>
  <Status>Failure</Status>
  <Duration>0.557542</Duration>
  <Errors>1</Errors>
  <Warnings>0</Warnings>
  <Exceptions>0</Exceptions>
  <Successes>0</Successes>
  <LogFile>20181120_203712.671/LogFile.txt</LogFile>
  <ReturnValue></ReturnValue>
  <ErrorMessage>SenseTalk Runtime Exception -- Invalid operands for addition: expected numbers, dates and/or lists; got &#x27;(Medical Record Number,Suff...&#x27; and &#x27;&#x27;</ErrorMessage>
 </run>
 <run>
  <RunDate>2018-11-20 20:37:28.174 -0500</RunDate>
  <Status>Success</Status>
  <Duration>0.515585</Duration>
  <Errors>0</Errors>
  <Warnings>0</Warnings>
  <Exceptions>0</Exceptions>
  <Successes>1</Successes>
  <LogFile>20181120_203728.174/LogFile.txt</LogFile>
  <ReturnValue></ReturnValue>
  <ErrorMessage></ErrorMessage>
 </run>
 <run>
  <RunDate>2018-11-20 20:37:41.557 -0500</RunDate>
  <Status>Success</Status>
  <Duration>0.534651</Duration>
  <Errors>0</Errors>
  <Warnings>0</Warnings>
  <Exceptions>0</Exceptions>
  <Successes>1</Successes>
  <LogFile>20181120_203741.557/LogFile.txt</LogFile>
  <ReturnValue></ReturnValue>
  <ErrorMessage></ErrorMessage>
 </run>
 <run>
  <RunDate>2018-11-20 20:38:10.857 -0500</RunDate>
  <Status>Success</Status>
  <Duration>0.543619</Duration>
  <Errors>0</Errors>
  <Warnings>0</Warnings>
  <Exceptions>0</Exceptions>
  <Successes>1</Successes>
  <LogFile>20181120_203810.857/LogFile.txt</LogFile>
  <ReturnValue></ReturnValue>
  <ErrorMessage></ErrorMessage>
 </run>
 <run>
  <RunDate>2018-11-20 20:38:44.344 -0500</RunDate>
  <Status>Failure</Status>
  <Duration>0.541152</Duration>
  <Errors>1</Errors>
  <Warnings>0</Warnings>
  <Exceptions>0</Exceptions>
  <Successes>0</Successes>
  <LogFile>20181120_203844.344/LogFile.txt</LogFile>
  <ReturnValue></ReturnValue>
  <ErrorMessage>STInvalidApplication -- no such application</ErrorMessage>
 </run>
 <run>
  <RunDate>2018-11-20 20:38:55.972 -0500</RunDate>
  <Status>Success</Status>
  <Duration>0.535403</Duration>
  <Errors>0</Errors>
  <Warnings>0</Warnings>
  <Exceptions>0</Exceptions>
  <Successes>1</Successes>
  <LogFile>20181120_203855.972/LogFile.txt</LogFile>
  <ReturnValue></ReturnValue>
  <ErrorMessage></ErrorMessage>
 </run>
 <run>
  <RunDate>2018-11-20 20:39:21.404 -0500</RunDate>
  <Status>Success</Status>
  <Duration>0.471315</Duration>
  <Errors>0</Errors>
  <Warnings>0</Warnings>
  <Exceptions>0</Exceptions>
  <Successes>1</Successes>
  <LogFile>20181120_203921.404/LogFile.txt</LogFile>
  <ReturnValue></ReturnValue>
  <ErrorMessage></ErrorMessage>
 </run>
 <run>
  <RunDate>2018-11-20 20:40:18.048 -0500</RunDate>
  <Status>Success</Status>
  <Duration>0.464960</Duration>
  <Errors>0</Errors>
  <Warnings>0</Warnings>
  <Exceptions>0</Exceptions>
  <Successes>1</Successes>
  <LogFile>20181120_204018.048/LogFile.txt</LogFile>
  <ReturnValue></ReturnValue>
  <ErrorMessage></ErrorMessage>
 </run>
 <run>
  <RunDate>2018-11-20 20:40:26.641 -0500</RunDate>
  <Status>Success</Status>
  <Duration>0.464130</Duration>
  <Errors>0</Errors>
  <Warnings>0</Warnings>
  <Exceptions>0</Exceptions>
  <Successes>1</Successes>
  <LogFile>20181120_204026.641/LogFile.txt</LogFile>
  <ReturnValue></ReturnValue>
  <ErrorMessage></ErrorMessage>
 </run>
</runHistory>
