{
  "entries" : [
    {
      "identifier" : "START",
      "message" : "Running index Second.script",
      "timestamp" : "2018-11-28 15:30:27.670 -0500"
    },
    {
      "identifier" : "EndTestCase",
      "message" : "(Duration:\"1.239156\", Errors:\"1\", Exceptions:\"0\", StartTime:\"2018-11-28 15:30:27 -0500\", Successes:\"0\", TestCase:\"index Second.script\", Warnings:\"0\")",
      "timestamp" : "2018-11-28 15:30:28.938 -0500"
    },
    {
      "identifier" : "FAILURE",
      "message" : "STCSVConnectionError File not found: \/Users\/randyhesse\/Documents\/Simple Examples\/Patient Holding\/PatientHoldingExpert.suite\/Resources\/CSVFilename.csv -- Execution Time 0:00:01 index Second.script",
      "timestamp" : "2018-11-28 15:30:28.997 -0500"
    }
  ],
  "createdTimestamp" : "2018-11-28 15:30:27.699 -0500"
}