{
  "entries" : [
    {
      "identifier" : "START",
      "message" : "Running Example Post URL.apitest",
      "timestamp" : "2020-07-13 09:49:06.335 -0600"
    },
    {
      "identifier" : "LogWarning",
      "message" : "Validation Warning: Empty request body.",
      "timestamp" : "2020-07-13 09:49:06.360 -0600"
    },
    {
      "identifier" : "EndTestCase",
      "message" : "(Duration:\"0.874122\", Errors:\"0\", Exceptions:\"0\", StartTime:\"2020-07-13 09:49:06 -0600\", Successes:\"1\", TestCase:\"Example Post URL.apitest\", Warnings:\"1\")",
      "timestamp" : "2020-07-13 09:49:07.212 -0600"
    },
    {
      "identifier" : "SUCCESS",
      "message" : "Execution Time 0:00:00 Example Post URL.apitest",
      "timestamp" : "2020-07-13 09:49:07.224 -0600"
    }
  ],
  "createdTimestamp" : "2020-07-13 09:49:06.337 -0600"
}