{
  "entries" : [
    {
      "identifier" : "START",
      "message" : "Running GetAuthAPI.apitest",
      "timestamp" : "2020-05-14 09:13:48.435 -0600"
    },
    {
      "identifier" : "EndTestCase",
      "message" : "(Duration:\"1.548079\", Errors:\"0\", Exceptions:\"0\", StartTime:\"2020-05-14 09:13:48 -0600\", Successes:\"1\", TestCase:\"GetAuthAPI.apitest\", Warnings:\"0\")",
      "timestamp" : "2020-05-14 09:13:49.984 -0600"
    },
    {
      "identifier" : "SUCCESS",
      "message" : "Execution Time 0:00:01 GetAuthAPI.apitest",
      "timestamp" : "2020-05-14 09:13:49.995 -0600"
    }
  ],
  "createdTimestamp" : "2020-05-14 09:13:48.436 -0600"
}