{
  "entries" : [
    {
      "identifier" : "START",
      "message" : "Running AuthAPI2.apitest",
      "timestamp" : "2020-05-14 11:35:44.007 -0600"
    },
    {
      "identifier" : "EndTestCase",
      "message" : "(Duration:\"1.234773\", Errors:\"0\", Exceptions:\"0\", StartTime:\"2020-05-14 11:35:44 -0600\", Successes:\"1\", TestCase:\"AuthAPI2.apitest\", Warnings:\"0\")",
      "timestamp" : "2020-05-14 11:35:45.244 -0600"
    },
    {
      "identifier" : "SUCCESS",
      "message" : "Execution Time 0:00:01 AuthAPI2.apitest",
      "timestamp" : "2020-05-14 11:35:45.253 -0600"
    }
  ],
  "createdTimestamp" : "2020-05-14 11:35:44.008 -0600"
}