{
  "entries" : [
    {
      "identifier" : "START",
      "message" : "Running AdvanceDates.script",
      "timestamp" : "2018-11-26 16:51:09.550 -0500"
    },
    {
      "handlerName" : "on_advancedates",
      "message" : "(2018-11-26,2018-11-27,2018-11-29,2018-11-30,2018-12-06,hello)",
      "timestamp" : "2018-11-26 16:51:09.637 -0500",
      "identifier" : "Log",
      "scriptName" : "AdvanceDates.script",
      "handlerLine" : 13
    },
    {
      "identifier" : "EndTestCase",
      "message" : "(Duration:\"0.338404\", Errors:\"0\", Exceptions:\"0\", StartTime:\"2018-11-26 16:51:09 -0500\", Successes:\"1\", TestCase:\"AdvanceDates.script\", Warnings:\"0\")",
      "timestamp" : "2018-11-26 16:51:09.923 -0500"
    },
    {
      "identifier" : "SUCCESS",
      "message" : "Execution Time 0:00:00 AdvanceDates.script",
      "timestamp" : "2018-11-26 16:51:10.008 -0500"
    }
  ],
  "createdTimestamp" : "2018-11-26 16:51:09.584 -0500"
}