{
  "entries" : [
    {
      "identifier" : "START",
      "message" : "Running Example Response Status Code.apitest",
      "timestamp" : "2020-07-15 10:48:14.329 -0600"
    },
    {
      "identifier" : "EndTestCase",
      "message" : "(Duration:\"1.343692\", Errors:\"0\", Exceptions:\"0\", StartTime:\"2020-07-15 10:48:14 -0600\", Successes:\"1\", TestCase:\"Example Response Status Code.apitest\", Warnings:\"0\")",
      "timestamp" : "2020-07-15 10:48:15.675 -0600"
    },
    {
      "identifier" : "SUCCESS",
      "message" : "Execution Time 0:00:01 Example Response Status Code.apitest",
      "timestamp" : "2020-07-15 10:48:15.698 -0600"
    }
  ],
  "createdTimestamp" : "2020-07-15 10:48:14.331 -0600"
}