{
  "entries" : [
    {
      "identifier" : "START",
      "message" : "Running GeneratingHolds.script",
      "timestamp" : "2018-11-20 21:01:08.988 -0500"
    },
    {
      "handlerName" : "on_generatingholds",
      "message" : "2018-11-28",
      "timestamp" : "2018-11-20 21:01:09.060 -0500",
      "identifier" : "Log",
      "scriptName" : "GeneratingHolds.script",
      "handlerLine" : 14
    },
    {
      "identifier" : "EndTestCase",
      "message" : "(Duration:\"0.499425\", Errors:\"0\", Exceptions:\"0\", StartTime:\"2018-11-20 21:01:09 -0500\", Successes:\"1\", TestCase:\"GeneratingHolds.script\", Warnings:\"0\")",
      "timestamp" : "2018-11-20 21:01:09.519 -0500"
    },
    {
      "identifier" : "SUCCESS",
      "message" : "Execution Time 0:00:00 GeneratingHolds.script",
      "timestamp" : "2018-11-20 21:01:09.573 -0500"
    }
  ],
  "createdTimestamp" : "2018-11-20 21:01:09.019 -0500"
}