{
  "entries" : [
    {
      "identifier" : "START",
      "message" : "Running Untitled1.script",
      "timestamp" : "2020-04-27 14:53:27.028 -0600"
    },
    {
      "handlerName" : "on_untitled1",
      "message" : "cd \/Users\/randyhesse\/Documents\/Simple_Examples\/facial_recognition.suite\/Resources\/ && \/usr\/local\/bin\/go run \/Users\/randyhesse\/Documents\/Simple_Examples\/facial_recognition.suite\/Resources\/Test.go",
      "timestamp" : "2020-04-27 14:53:27.112 -0600",
      "identifier" : "Log",
      "scriptName" : "Untitled1.script",
      "handlerLine" : 15
    },
    {
      "handlerName" : "on_untitled1",
      "message" : "Hello, playground\\n",
      "timestamp" : "2020-04-27 14:53:27.985 -0600",
      "identifier" : "Log",
      "scriptName" : "Untitled1.script",
      "handlerLine" : 18
    },
    {
      "identifier" : "EndTestCase",
      "message" : "(Duration:\"1.431852\", Errors:\"0\", Exceptions:\"0\", StartTime:\"2020-04-27 14:53:27 -0600\", Successes:\"1\", TestCase:\"Untitled1.script\", Warnings:\"0\")",
      "timestamp" : "2020-04-27 14:53:28.463 -0600"
    },
    {
      "identifier" : "SUCCESS",
      "message" : "Execution Time 0:00:01 Untitled1.script",
      "timestamp" : "2020-04-27 14:53:28.475 -0600"
    }
  ],
  "createdTimestamp" : "2020-04-27 14:53:27.030 -0600"
}