{
  "entries" : [
    {
      "identifier" : "START",
      "message" : "Running Master.script",
      "timestamp" : "2019-04-18 15:58:18.586 -0600"
    },
    {
      "handlerName" : "on_master",
      "message" : "Starting Script....",
      "timestamp" : "2019-04-18 15:58:18.673 -0600",
      "identifier" : "Log",
      "scriptName" : "Master.script",
      "handlerLine" : 16
    },
    {
      "handlerName" : "on_master",
      "message" : "Environment is  unknown.  Automation will now exit.",
      "timestamp" : "2019-04-18 15:58:18.675 -0600",
      "identifier" : "Log",
      "scriptName" : "Master.script",
      "handlerLine" : 32
    },
    {
      "handlerName" : "on_master",
      "message" : "Test End",
      "timestamp" : "2019-04-18 15:58:18.677 -0600",
      "identifier" : "Log",
      "scriptName" : "Master.script",
      "handlerLine" : 36
    },
    {
      "identifier" : "EndTestCase",
      "message" : "(Duration:\"0.544469\", Errors:\"0\", Exceptions:\"0\", StartTime:\"2019-04-18 15:58:18 -0600\", Successes:\"1\", TestCase:\"Master.script\", Warnings:\"0\")",
      "timestamp" : "2019-04-18 15:58:19.131 -0600"
    },
    {
      "identifier" : "SUCCESS",
      "message" : "Execution Time 0:00:00 Master.script",
      "timestamp" : "2019-04-18 15:58:19.153 -0600"
    }
  ],
  "createdTimestamp" : "2019-04-18 15:58:18.587 -0600"
}