{
  "entries" : [
    {
      "identifier" : "START",
      "message" : "Running Main.script",
      "timestamp" : "2021-03-31 10:17:03.445 -0600"
    },
    {
      "handlerName" : "on_buildhtml",
      "message" : "Building HTML Step Page: table.html",
      "timestamp" : "2021-03-31 10:17:03.607 -0600",
      "identifier" : "Log",
      "scriptName" : "",
      "handlerLine" : 7
    },
    {
      "handlerName" : "on_buildhtml",
      "message" : "Building HTML Report Page: index.html",
      "timestamp" : "2021-03-31 10:17:03.645 -0600",
      "identifier" : "Log",
      "scriptName" : "Utilities\/BuildReport.script",
      "handlerLine" : 8
    },
    {
      "identifier" : "EndTestCase",
      "message" : "(Duration:\"0.279552\", Errors:\"1\", Exceptions:\"0\", StartTime:\"2021-03-31 10:17:03 -0600\", Successes:\"0\", TestCase:\"Main.script\", Warnings:\"0\")",
      "timestamp" : "2021-03-31 10:17:03.726 -0600"
    },
    {
      "identifier" : "FAILURE",
      "message" : "STFileSystemException Failed to copy file or folder \/Users\/ranhesse\/Documents\/Simple_Examples\/Customer HTML Reports\/CustomHTMLReport.suite\/Resources\/CompanyLogo.jpg (Error: “CompanyLogo.jpg” couldn’t be copied to “NewReport” because an item with the same name already exists.) -- Execution Time 0:00:00 Main.script",
      "timestamp" : "2021-03-31 10:17:03.733 -0600"
    }
  ],
  "createdTimestamp" : "2021-03-31 10:17:03.446 -0600"
}