{
  "entries" : [
    {
      "identifier" : "START",
      "message" : "Running Main01.script",
      "timestamp" : "2021-04-10 22:15:44.940 -0600"
    },
    {
      "handlerName" : "on_grabstatistics",
      "timestamp" : "2021-04-10 22:15:45.041 -0600",
      "identifier" : "Log",
      "scriptName" : "",
      "handlerLine" : 21
    },
    {
      "handlerName" : "on_main01",
      "message" : "{ReportStats:{capturescreen:1, click:2, endtestcase:1, log:1, start:1, success:1, typetext:6, waitfor:3}, TotalSteps:16}",
      "timestamp" : "2021-04-10 22:15:45.044 -0600",
      "identifier" : "Log",
      "scriptName" : "Main01.script",
      "handlerLine" : 19
    },
    {
      "identifier" : "EndTestCase",
      "message" : "(Duration:\"0.180797\", Errors:\"0\", Exceptions:\"0\", StartTime:\"2021-04-10 22:15:44 -0600\", Successes:\"1\", TestCase:\"Main01.script\", Warnings:\"0\")",
      "timestamp" : "2021-04-10 22:15:45.122 -0600"
    },
    {
      "identifier" : "SUCCESS",
      "message" : "Execution Time 0:00:00 Main01.script",
      "timestamp" : "2021-04-10 22:15:45.130 -0600"
    }
  ],
  "createdTimestamp" : "2021-04-10 22:15:44.941 -0600"
}