﻿<?xml version="1.0"?>
<runHistory script="Index">
 <run>
  <RunDate>2018-11-08 10:19:39.165 -0700</RunDate>
  <Status>Aborted</Status>
  <Duration>49.855465</Duration>
  <Errors>1</Errors>
  <Warnings>0</Warnings>
  <Exceptions>0</Exceptions>
  <Successes>1</Successes>
  <LogFile>20181108_101939.165/LogFile.txt</LogFile>
  <ReturnValue></ReturnValue>
  <ErrorMessage></ErrorMessage>
 </run>
 <run>
  <RunDate>2018-11-08 10:20:29.591 -0700</RunDate>
  <Status>Success</Status>
  <Duration>22.816580</Duration>
  <Errors>0</Errors>
  <Warnings>0</Warnings>
  <Exceptions>0</Exceptions>
  <Successes>1</Successes>
  <LogFile>20181108_102029.591/LogFile.txt</LogFile>
  <ReturnValue></ReturnValue>
  <ErrorMessage></ErrorMessage>
 </run>
</runHistory>
