{
  "entries" : [
    {
      "identifier" : "START",
      "message" : "Running Main02.script",
      "timestamp" : "2021-04-10 21:51:51.153 -0600"
    },
    {
      "handlerName" : "on_grabstatistics",
      "message" : "{ReportStats:{_capturescreen:1, _click:2, _endtestcase:1, _log:1, _start:1, _success:1, _typetext:6, _waitfor:3}, TotalSteps:16}",
      "timestamp" : "2021-04-10 21:51:51.305 -0600",
      "identifier" : "Log",
      "scriptName" : "",
      "handlerLine" : 19
    },
    {
      "handlerName" : "on_grabstatistics",
      "timestamp" : "2021-04-10 21:51:51.306 -0600",
      "identifier" : "pausescript",
      "scriptName" : "",
      "handlerLine" : 20
    },
    {
      "identifier" : "EndTestCase",
      "message" : "(Duration:\"27.167046\", Errors:\"1\", Exceptions:\"0\", StartTime:\"2021-04-10 21:51:51 -0600\", Successes:\"0\", TestCase:\"Main02.script\", Warnings:\"0\")",
      "timestamp" : "2021-04-10 21:52:18.321 -0600"
    },
    {
      "identifier" : "ABORTED",
      "message" : "Execution Time 0:00:27 Main02.script",
      "timestamp" : "2021-04-10 21:52:18.323 -0600"
    }
  ],
  "createdTimestamp" : "2021-04-10 21:51:51.154 -0600"
}