{
  "entries" : [
    {
      "identifier" : "START",
      "message" : "Running Master.script",
      "timestamp" : "2018-11-26 13:02:55.057 -0500"
    },
    {
      "identifier" : "EndTestCase",
      "message" : "(Duration:\"0.647225\", Errors:\"1\", Exceptions:\"0\", StartTime:\"2018-11-26 13:02:55 -0500\", Successes:\"0\", TestCase:\"Master.script\", Warnings:\"0\")",
      "timestamp" : "2018-11-26 13:02:55.732 -0500"
    },
    {
      "message" : "STInvalidBoolean Value '(:)' is not TRUE, FALSE, YES, NO, ON, OFF or empty -- Execution Time 0:00:00 Master.script",
      "timestamp" : "2018-11-26 13:02:57.220 -0500",
      "identifier" : "FAILURE",
      "image" : "Screen_Error.png"
    }
  ],
  "createdTimestamp" : "2018-11-26 13:02:55.085 -0500"
}