﻿<?xml version="1.0"?>
<statistics>
 <script name="TestA">
  <LastStatus>Success</LastStatus>
  <NumberOfRuns>24</NumberOfRuns>
  <NumberOfFails>12</NumberOfFails>
  <FirstRun>2016-09-28 18:29:50 -0600</FirstRun>
  <LastRun>2016-09-28 19:06:14 -0600</LastRun>
  <TotalTimeOnSuccess>41.688825</TotalTimeOnSuccess>
 </script>
 <script name="index">
  <LastStatus>Failure</LastStatus>
  <NumberOfRuns>4</NumberOfRuns>
  <NumberOfFails>1</NumberOfFails>
  <FirstRun>2016-09-28 18:12:25 -0600</FirstRun>
  <LastRun>2016-09-28 18:40:17 -0600</LastRun>
  <TotalTimeOnSuccess>2.854256</TotalTimeOnSuccess>
 </script>
 <script name="TestB">
  <LastStatus>Success</LastStatus>
  <NumberOfRuns>1</NumberOfRuns>
  <NumberOfFails>0</NumberOfFails>
  <FirstRun>2016-09-28 19:02:19 -0600</FirstRun>
  <LastRun>2016-09-28 19:02:19 -0600</LastRun>
  <TotalTimeOnSuccess>0.545003</TotalTimeOnSuccess>
 </script>
</statistics>
