{
  "entries" : [
    {
      "identifier" : "START",
      "message" : "Running AdvanceDates.script",
      "timestamp" : "2018-11-26 16:55:08.430 -0500"
    },
    {
      "handlerName" : "on_advancedates",
      "message" : "(2018-11-30,2018-12-01,Helo,2018-12-02,2018-12-04)",
      "timestamp" : "2018-11-26 16:55:08.521 -0500",
      "identifier" : "Log",
      "scriptName" : "AdvanceDates.script",
      "handlerLine" : 11
    },
    {
      "identifier" : "EndTestCase",
      "message" : "(Duration:\"0.39421\", Errors:\"0\", Exceptions:\"0\", StartTime:\"2018-11-26 16:55:08 -0500\", Successes:\"1\", TestCase:\"AdvanceDates.script\", Warnings:\"0\")",
      "timestamp" : "2018-11-26 16:55:08.856 -0500"
    },
    {
      "identifier" : "SUCCESS",
      "message" : "Execution Time 0:00:00 AdvanceDates.script",
      "timestamp" : "2018-11-26 16:55:08.916 -0500"
    }
  ],
  "createdTimestamp" : "2018-11-26 16:55:08.461 -0500"
}