{
  "entries" : [
    {
      "identifier" : "START",
      "message" : "Running Main02.script",
      "timestamp" : "2021-04-09 14:44:04.768 -0600"
    },
    {
      "identifier" : "EndTestCase",
      "message" : "(Duration:\"0.244718\", Errors:\"0\", Exceptions:\"0\", StartTime:\"2021-04-09 14:44:04 -0600\", Successes:\"1\", TestCase:\"Main02.script\", Warnings:\"0\")",
      "timestamp" : "2021-04-09 14:44:05.014 -0600"
    },
    {
      "identifier" : "SUCCESS",
      "message" : "Execution Time 0:00:00 Main02.script",
      "timestamp" : "2021-04-09 14:44:05.023 -0600"
    }
  ],
  "createdTimestamp" : "2021-04-09 14:44:04.769 -0600"
}