{
  "entries" : [
    {
      "identifier" : "START",
      "message" : "Running Untitled.apitest",
      "timestamp" : "2020-05-14 15:54:07.927 -0600"
    },
    {
      "identifier" : "EndTestCase",
      "message" : "(Duration:\"1.342662\", Errors:\"0\", Exceptions:\"0\", StartTime:\"2020-05-14 15:54:07 -0600\", Successes:\"1\", TestCase:\"Untitled.apitest\", Warnings:\"0\")",
      "timestamp" : "2020-05-14 15:54:09.272 -0600"
    },
    {
      "identifier" : "SUCCESS",
      "message" : "Execution Time 0:00:01 Untitled.apitest",
      "timestamp" : "2020-05-14 15:54:09.287 -0600"
    }
  ],
  "createdTimestamp" : "2020-05-14 15:54:07.929 -0600"
}