{
  "entries" : [
    {
      "identifier" : "START",
      "message" : "Running Untitled.script",
      "timestamp" : "2020-04-27 14:39:39.560 -0600"
    },
    {
      "handlerName" : "on_untitled",
      "message" : "Hello, playground\\n",
      "timestamp" : "2020-04-27 14:39:40.942 -0600",
      "identifier" : "Log",
      "scriptName" : "Untitled.script",
      "handlerLine" : 2
    },
    {
      "identifier" : "EndTestCase",
      "message" : "(Duration:\"1.87453\", Errors:\"0\", Exceptions:\"0\", StartTime:\"2020-04-27 14:39:39 -0600\", Successes:\"1\", TestCase:\"Untitled.script\", Warnings:\"0\")",
      "timestamp" : "2020-04-27 14:39:41.438 -0600"
    },
    {
      "identifier" : "SUCCESS",
      "message" : "Execution Time 0:00:01 Untitled.script",
      "timestamp" : "2020-04-27 14:39:41.454 -0600"
    }
  ],
  "createdTimestamp" : "2020-04-27 14:39:39.563 -0600"
}