{
  "entries" : [
    {
      "identifier" : "START",
      "message" : "Running Untitled1.script",
      "timestamp" : "2021-01-18 14:09:56.292 -0700"
    },
    {
      "handlerName" : "on_untitled1",
      "message" : "FF",
      "timestamp" : "2021-01-18 14:09:56.345 -0700",
      "identifier" : "Log",
      "scriptName" : "Untitled1.script",
      "handlerLine" : 16
    },
    {
      "handlerName" : "on_untitled1",
      "message" : "FF",
      "timestamp" : "2021-01-18 14:09:56.346 -0700",
      "identifier" : "Log",
      "scriptName" : "Untitled1.script",
      "handlerLine" : 16
    },
    {
      "handlerName" : "on_untitled1",
      "message" : "FF",
      "timestamp" : "2021-01-18 14:09:56.347 -0700",
      "identifier" : "Log",
      "scriptName" : "Untitled1.script",
      "handlerLine" : 16
    },
    {
      "handlerName" : "on_untitled1",
      "message" : "FF",
      "timestamp" : "2021-01-18 14:09:56.348 -0700",
      "identifier" : "Log",
      "scriptName" : "Untitled1.script",
      "handlerLine" : 16
    },
    {
      "handlerName" : "on_untitled1",
      "message" : "FF",
      "timestamp" : "2021-01-18 14:09:56.349 -0700",
      "identifier" : "Log",
      "scriptName" : "Untitled1.script",
      "handlerLine" : 16
    },
    {
      "handlerName" : "on_untitled1",
      "message" : "FF",
      "timestamp" : "2021-01-18 14:09:56.351 -0700",
      "identifier" : "Log",
      "scriptName" : "Untitled1.script",
      "handlerLine" : 16
    },
    {
      "handlerName" : "on_untitled1",
      "message" : "FF",
      "timestamp" : "2021-01-18 14:09:56.352 -0700",
      "identifier" : "Log",
      "scriptName" : "Untitled1.script",
      "handlerLine" : 16
    },
    {
      "handlerName" : "on_untitled1",
      "message" : "FF",
      "timestamp" : "2021-01-18 14:09:56.353 -0700",
      "identifier" : "Log",
      "scriptName" : "Untitled1.script",
      "handlerLine" : 16
    },
    {
      "handlerName" : "on_untitled1",
      "message" : "FF",
      "timestamp" : "2021-01-18 14:09:56.354 -0700",
      "identifier" : "Log",
      "scriptName" : "Untitled1.script",
      "handlerLine" : 16
    },
    {
      "handlerName" : "on_untitled1",
      "message" : "FF",
      "timestamp" : "2021-01-18 14:09:56.355 -0700",
      "identifier" : "Log",
      "scriptName" : "Untitled1.script",
      "handlerLine" : 16
    },
    {
      "handlerName" : "on_untitled1",
      "message" : "FF",
      "timestamp" : "2021-01-18 14:09:56.357 -0700",
      "identifier" : "Log",
      "scriptName" : "Untitled1.script",
      "handlerLine" : 16
    },
    {
      "handlerName" : "on_untitled1",
      "message" : "FF",
      "timestamp" : "2021-01-18 14:09:56.358 -0700",
      "identifier" : "Log",
      "scriptName" : "Untitled1.script",
      "handlerLine" : 16
    },
    {
      "handlerName" : "on_untitled1",
      "message" : "FF",
      "timestamp" : "2021-01-18 14:09:56.359 -0700",
      "identifier" : "Log",
      "scriptName" : "Untitled1.script",
      "handlerLine" : 16
    },
    {
      "handlerName" : "on_untitled1",
      "message" : "FF",
      "timestamp" : "2021-01-18 14:09:56.361 -0700",
      "identifier" : "Log",
      "scriptName" : "Untitled1.script",
      "handlerLine" : 16
    },
    {
      "handlerName" : "on_untitled1",
      "message" : "FF",
      "timestamp" : "2021-01-18 14:09:56.362 -0700",
      "identifier" : "Log",
      "scriptName" : "Untitled1.script",
      "handlerLine" : 16
    },
    {
      "handlerName" : "on_untitled1",
      "message" : "FF",
      "timestamp" : "2021-01-18 14:09:56.363 -0700",
      "identifier" : "Log",
      "scriptName" : "Untitled1.script",
      "handlerLine" : 16
    },
    {
      "handlerName" : "on_untitled1",
      "message" : "FF",
      "timestamp" : "2021-01-18 14:09:56.364 -0700",
      "identifier" : "Log",
      "scriptName" : "Untitled1.script",
      "handlerLine" : 16
    },
    {
      "handlerName" : "on_untitled1",
      "message" : "FF",
      "timestamp" : "2021-01-18 14:09:56.365 -0700",
      "identifier" : "Log",
      "scriptName" : "Untitled1.script",
      "handlerLine" : 16
    },
    {
      "handlerName" : "on_untitled1",
      "message" : "FF",
      "timestamp" : "2021-01-18 14:09:56.366 -0700",
      "identifier" : "Log",
      "scriptName" : "Untitled1.script",
      "handlerLine" : 16
    },
    {
      "handlerName" : "on_untitled1",
      "message" : "FF",
      "timestamp" : "2021-01-18 14:09:56.367 -0700",
      "identifier" : "Log",
      "scriptName" : "Untitled1.script",
      "handlerLine" : 16
    },
    {
      "handlerName" : "on_untitled1",
      "message" : "FF",
      "timestamp" : "2021-01-18 14:09:56.368 -0700",
      "identifier" : "Log",
      "scriptName" : "Untitled1.script",
      "handlerLine" : 16
    },
    {
      "identifier" : "EndTestCase",
      "message" : "(Duration:\"0.203428\", Errors:\"0\", Exceptions:\"0\", StartTime:\"2021-01-18 14:09:56 -0700\", Successes:\"1\", TestCase:\"Untitled1.script\", Warnings:\"0\")",
      "timestamp" : "2021-01-18 14:09:56.497 -0700"
    },
    {
      "identifier" : "SUCCESS",
      "message" : "Execution Time 0:00:00 Untitled1.script",
      "timestamp" : "2021-01-18 14:09:56.505 -0700"
    }
  ],
  "createdTimestamp" : "2021-01-18 14:09:56.293 -0700"
}