{
  "entries" : [
    {
      "identifier" : "START",
      "message" : "Running GoFind.script",
      "timestamp" : "2020-04-27 15:22:39.311 -0600"
    },
    {
      "handlerName" : "on_gofind",
      "message" : "export GOPATH=\"\/Users\/randyhesse\/go\"; cd \/Users\/randyhesse\/Documents\/Simple_Examples\/facial_recognition.suite\/Resources\/ && \/usr\/local\/bin\/go run \/Users\/randyhesse\/Documents\/Simple_Examples\/facial_recognition.suite\/Resources\/FaceR.go Test.jpg Output.jpg",
      "timestamp" : "2020-04-27 15:22:39.394 -0600",
      "identifier" : "Log",
      "scriptName" : "GoFind.script",
      "handlerLine" : 16
    },
    {
      "identifier" : "EndTestCase",
      "message" : "(Duration:\"0.875736\", Errors:\"0\", Exceptions:\"0\", StartTime:\"2020-04-27 15:22:39 -0600\", Successes:\"1\", TestCase:\"GoFind.script\", Warnings:\"0\")",
      "timestamp" : "2020-04-27 15:22:40.189 -0600"
    },
    {
      "identifier" : "SUCCESS",
      "message" : "Execution Time 0:00:00 GoFind.script",
      "timestamp" : "2020-04-27 15:22:40.210 -0600"
    }
  ],
  "createdTimestamp" : "2020-04-27 15:22:39.313 -0600"
}