{
  "entries" : [
    {
      "identifier" : "START",
      "message" : "Running Example Post Form Data.apitest",
      "timestamp" : "2020-07-13 09:47:26.863 -0600"
    },
    {
      "identifier" : "LogWarning",
      "message" : "Validation Warning: Empty request body.",
      "timestamp" : "2020-07-13 09:47:26.878 -0600"
    },
    {
      "identifier" : "EndTestCase",
      "message" : "(Duration:\"0.897999\", Errors:\"0\", Exceptions:\"0\", StartTime:\"2020-07-13 09:47:26 -0600\", Successes:\"1\", TestCase:\"Example Post Form Data.apitest\", Warnings:\"1\")",
      "timestamp" : "2020-07-13 09:47:27.763 -0600"
    },
    {
      "identifier" : "SUCCESS",
      "message" : "Execution Time 0:00:00 Example Post Form Data.apitest",
      "timestamp" : "2020-07-13 09:47:27.773 -0600"
    }
  ],
  "createdTimestamp" : "2020-07-13 09:47:26.864 -0600"
}