{
  "entries" : [
    {
      "identifier" : "START",
      "message" : "Running index.script",
      "timestamp" : "2021-01-18 12:07:32.635 -0700"
    },
    {
      "handlerName" : "on_definecolorarea",
      "message" : "calculating...",
      "timestamp" : "2021-01-18 12:07:32.860 -0700",
      "identifier" : "Log",
      "scriptName" : "",
      "handlerLine" : 27
    },
    {
      "handlerName" : "function_averagecolor",
      "message" : "HEC",
      "timestamp" : "2021-01-18 12:07:32.869 -0700",
      "identifier" : "Log",
      "scriptName" : "",
      "handlerLine" : 2
    },
    {
      "handlerName" : "function_averagecolor",
      "message" : "NO valid Type: DEC or HEX",
      "timestamp" : "2021-01-18 12:07:32.883 -0700",
      "identifier" : "LogWarning",
      "scriptName" : "",
      "handlerLine" : 19
    },
    {
      "handlerName" : "on_index",
      "message" : "averageColorReturn",
      "timestamp" : "2021-01-18 12:07:32.886 -0700",
      "identifier" : "Log",
      "scriptName" : "index.script",
      "handlerLine" : 23
    },
    {
      "handlerName" : "function_pixelmatch",
      "message" : "Pixel Count is: 880",
      "timestamp" : "2021-01-18 12:07:32.894 -0700",
      "identifier" : "Log",
      "scriptName" : "",
      "handlerLine" : 9
    },
    {
      "handlerName" : "on_index",
      "message" : "0",
      "timestamp" : "2021-01-18 12:07:32.970 -0700",
      "identifier" : "Log",
      "scriptName" : "index.script",
      "handlerLine" : 26
    },
    {
      "identifier" : "EndTestCase",
      "message" : "(Duration:\"0.422386\", Errors:\"0\", Exceptions:\"0\", StartTime:\"2021-01-18 12:07:32 -0700\", Successes:\"1\", TestCase:\"index.script\", Warnings:\"1\")",
      "timestamp" : "2021-01-18 12:07:33.059 -0700"
    },
    {
      "identifier" : "SUCCESS",
      "message" : "Execution Time 0:00:00 index.script",
      "timestamp" : "2021-01-18 12:07:33.065 -0700"
    }
  ],
  "createdTimestamp" : "2021-01-18 12:07:32.636 -0700"
}