{
  "entries" : [
    {
      "identifier" : "START",
      "message" : "Running Main02.script",
      "timestamp" : "2021-04-09 09:11:12.833 -0600"
    },
    {
      "handlerName" : "on_definelocation",
      "message" : "Overwritting Folder",
      "timestamp" : "2021-04-09 09:11:12.918 -0600",
      "identifier" : "LogWarning",
      "scriptName" : "",
      "handlerLine" : 3
    },
    {
      "identifier" : "EndTestCase",
      "message" : "(Duration:\"0.298194\", Errors:\"1\", Exceptions:\"0\", StartTime:\"2021-04-09 09:11:12 -0600\", Successes:\"0\", TestCase:\"Main02.script\", Warnings:\"1\")",
      "timestamp" : "2021-04-09 09:11:13.132 -0600"
    },
    {
      "message" : "BadValue Bad value for Object expression.  Looking for an object or script identifier, got 'html'. -- Execution Time 0:00:00 Main02.script",
      "timestamp" : "2021-04-09 09:11:13.362 -0600",
      "identifier" : "FAILURE",
      "image" : "Screen_Error.png"
    }
  ],
  "createdTimestamp" : "2021-04-09 09:11:12.834 -0600"
}