{
  "entries" : [
    {
      "identifier" : "START",
      "message" : "Running Master.script",
      "timestamp" : "2018-11-29 13:58:15.270 -0700"
    },
    {
      "identifier" : "EndTestCase",
      "message" : "(Duration:\"0.469601\", Errors:\"1\", Exceptions:\"0\", StartTime:\"2018-11-29 13:58:15 -0700\", Successes:\"0\", TestCase:\"Master.script\", Warnings:\"0\")",
      "timestamp" : "2018-11-29 13:58:15.777 -0700"
    },
    {
      "message" : "Invalid Object These objects were not found: '\/Utilities\/Script1' -- Execution Time 0:00:00 Master.script",
      "timestamp" : "2018-11-29 13:58:16.936 -0700",
      "identifier" : "FAILURE",
      "image" : "Screen_Error.png"
    }
  ],
  "createdTimestamp" : "2018-11-29 13:58:15.307 -0700"
}