{
  "entries" : [
    {
      "identifier" : "START",
      "message" : "Running Master.script",
      "timestamp" : "2018-11-26 13:12:05.473 -0500"
    },
    {
      "handlerName" : "on_master",
      "timestamp" : "2018-11-26 13:12:05.579 -0500",
      "identifier" : "Log",
      "scriptName" : "Master.script",
      "handlerLine" : 31
    },
    {
      "identifier" : "EndTestCase",
      "message" : "(Duration:\"0.692775\", Errors:\"0\", Exceptions:\"0\", StartTime:\"2018-11-26 13:12:05 -0500\", Successes:\"1\", TestCase:\"Master.script\", Warnings:\"0\")",
      "timestamp" : "2018-11-26 13:12:06.197 -0500"
    },
    {
      "identifier" : "SUCCESS",
      "message" : "Execution Time 0:00:00 Master.script",
      "timestamp" : "2018-11-26 13:12:06.250 -0500"
    }
  ],
  "createdTimestamp" : "2018-11-26 13:12:05.504 -0500"
}