{
  "entries" : [
    {
      "identifier" : "START",
      "message" : "Running Untitled1.script",
      "timestamp" : "2018-11-29 13:37:42.880 -0700"
    },
    {
      "identifier" : "EndTestCase",
      "message" : "(Duration:\"0.708025\", Errors:\"0\", Exceptions:\"0\", StartTime:\"2018-11-29 13:37:42 -0700\", Successes:\"1\", TestCase:\"Untitled1.script\", Warnings:\"0\")",
      "timestamp" : "2018-11-29 13:37:43.630 -0700"
    },
    {
      "identifier" : "SUCCESS",
      "message" : "Execution Time 0:00:00 Untitled1.script",
      "timestamp" : "2018-11-29 13:37:43.701 -0700"
    }
  ],
  "createdTimestamp" : "2018-11-29 13:37:42.921 -0700"
}