{
  "entries" : [
    {
      "identifier" : "START",
      "message" : "Running Main02.script",
      "timestamp" : "2021-04-10 21:52:25.660 -0600"
    },
    {
      "identifier" : "EndTestCase",
      "message" : "(Duration:\"0.209193\", Errors:\"0\", Exceptions:\"0\", StartTime:\"2021-04-10 21:52:25 -0600\", Successes:\"1\", TestCase:\"Main02.script\", Warnings:\"0\")",
      "timestamp" : "2021-04-10 21:52:25.870 -0600"
    },
    {
      "identifier" : "SUCCESS",
      "message" : "Execution Time 0:00:00 Main02.script",
      "timestamp" : "2021-04-10 21:52:25.877 -0600"
    }
  ],
  "createdTimestamp" : "2021-04-10 21:52:25.660 -0600"
}