{
  "entries" : [
    {
      "identifier" : "START",
      "message" : "Running Example SuiteVariables.script",
      "timestamp" : "2020-08-05 10:49:38.787 -0600"
    },
    {
      "handlerName" : "on_example_suitevariables",
      "message" : "SUITEVARIABLES = {JSONData:@\"{\\n  \\\"hand\\\": \\\"wave\\\"\\n}\"}",
      "timestamp" : "2020-08-05 10:49:39.062 -0600",
      "identifier" : "set",
      "scriptName" : "Example SuiteVariables.script",
      "handlerLine" : 10
    },
    {
      "handlerName" : "on_example_suitevariables",
      "message" : "SUITEVARIABLES = {baseURL:\"https:\/\/postman-echo.com\/post\"}",
      "timestamp" : "2020-08-05 10:49:39.067 -0600",
      "identifier" : "set",
      "scriptName" : "Example SuiteVariables.script",
      "handlerLine" : 11
    },
    {
      "handlerName" : "on_example_suitevariables",
      "message" : "{\"args\":{},\"data\":{\"hand\":\"wave\"},\"files\":{},\"form\":{},\"headers\":{\"x-forwarded-proto\":\"https\",\"x-forwarded-port\":\"443\",\"host\":\"postman-echo.com\",\"x-amzn-trace-id\":\"Root=1-5f2ae323-50675ad533a28421d77b365d\",\"content-length\":\"15\",\"content-type\":\"application\/json\",\"accept\":\"*\/*\",\"user-agent\":\"Eggplant\/20.1.0 (Mac OS X Version 10.15.6 (Build 19G73))\",\"accept-language\":\"en-US;q=1, fr-US;q=0.9, de-US;q=0.8, zh-Hans-US;q=0.7, zh-Hant-US;q=0.6, ja-US;q=0.5\",\"accept-encoding\":\"gzip, deflate, br\"},\"json\":{\"hand\":\"wave\"},\"url\":\"https:\/\/postman-echo.com\/post\"}",
      "timestamp" : "2020-08-05 10:49:39.364 -0600",
      "identifier" : "Log",
      "scriptName" : "Example SuiteVariables.script",
      "handlerLine" : 20
    },
    {
      "identifier" : "EndTestCase",
      "message" : "(Duration:\"3.059882\", Errors:\"0\", Exceptions:\"0\", StartTime:\"2020-08-05 10:49:38 -0600\", Successes:\"1\", TestCase:\"Example SuiteVariables.script\", Warnings:\"0\")",
      "timestamp" : "2020-08-05 10:49:41.851 -0600"
    },
    {
      "identifier" : "SUCCESS",
      "message" : "Execution Time 0:00:03 Example SuiteVariables.script",
      "timestamp" : "2020-08-05 10:49:41.871 -0600"
    }
  ],
  "createdTimestamp" : "2020-08-05 10:49:38.790 -0600"
}