{
  "entries" : [
    {
      "identifier" : "START",
      "message" : "Running index.script",
      "timestamp" : "2021-01-18 13:30:47.404 -0700"
    },
    {
      "handlerName" : "on_definecolorarea",
      "message" : "calculating...",
      "timestamp" : "2021-01-18 13:30:47.614 -0700",
      "identifier" : "Log",
      "scriptName" : "",
      "handlerLine" : 27
    },
    {
      "handlerName" : "on_index",
      "message" : "806",
      "timestamp" : "2021-01-18 13:30:47.616 -0700",
      "identifier" : "Log",
      "scriptName" : "index.script",
      "handlerLine" : 8
    },
    {
      "handlerName" : "function_pixelmatch",
      "message" : "Finding the colors",
      "timestamp" : "2021-01-18 13:30:47.626 -0700",
      "identifier" : "Log",
      "scriptName" : "",
      "handlerLine" : 11
    },
    {
      "handlerName" : "on_index",
      "message" : "{Color1:310, Color2:496}",
      "timestamp" : "2021-01-18 13:30:52.881 -0700",
      "identifier" : "Log",
      "scriptName" : "index.script",
      "handlerLine" : 28
    },
    {
      "identifier" : "EndTestCase",
      "message" : "(Duration:\"5.562503\", Errors:\"0\", Exceptions:\"0\", StartTime:\"2021-01-18 13:30:47 -0700\", Successes:\"1\", TestCase:\"index.script\", Warnings:\"0\")",
      "timestamp" : "2021-01-18 13:30:52.968 -0700"
    },
    {
      "identifier" : "SUCCESS",
      "message" : "Execution Time 0:00:05 index.script",
      "timestamp" : "2021-01-18 13:30:52.975 -0700"
    }
  ],
  "createdTimestamp" : "2021-01-18 13:30:47.405 -0700"
}