{
  "entries" : [
    {
      "identifier" : "START",
      "message" : "Running AuthAPI2.apitest",
      "timestamp" : "2020-05-14 11:08:56.938 -0600"
    },
    {
      "identifier" : "EndTestCase",
      "message" : "(Duration:\"0.783954\", Errors:\"0\", Exceptions:\"0\", StartTime:\"2020-05-14 11:08:56 -0600\", Successes:\"1\", TestCase:\"AuthAPI2.apitest\", Warnings:\"0\")",
      "timestamp" : "2020-05-14 11:08:57.724 -0600"
    },
    {
      "identifier" : "SUCCESS",
      "message" : "Execution Time 0:00:00 AuthAPI2.apitest",
      "timestamp" : "2020-05-14 11:08:57.731 -0600"
    }
  ],
  "createdTimestamp" : "2020-05-14 11:08:56.939 -0600"
}