{
  "entries" : [
    {
      "handlerName" : "on_master",
      "message" : "Test End",
      "timestamp" : "2019-04-18 16:05:47.543 -0600",
      "identifier" : "Log",
      "scriptName" : "Master.script",
      "handlerLine" : 25
    },
    {
      "identifier" : "EndTestCase",
      "message" : "(Duration:\"0.457797\", Errors:\"0\", Exceptions:\"0\", StartTime:\"2019-04-18 16:05:47 -0600\", Successes:\"3\", TestCase:\"Master.script\", Warnings:\"0\")",
      "timestamp" : "2019-04-18 16:05:47.803 -0600"
    },
    {
      "identifier" : "SUCCESS",
      "message" : "Execution Time 0:00:00 Master.script",
      "timestamp" : "2019-04-18 16:05:47.822 -0600"
    }
  ],
  "createdTimestamp" : "2019-04-18 16:05:47.546 -0600"
}