{
  "entries" : [
    {
      "identifier" : "START",
      "message" : "Running Example Get Response Headers.apitest",
      "timestamp" : "2020-07-13 10:03:43.733 -0600"
    },
    {
      "identifier" : "EndTestCase",
      "message" : "(Duration:\"1.013928\", Errors:\"0\", Exceptions:\"0\", StartTime:\"2020-07-13 10:03:43 -0600\", Successes:\"1\", TestCase:\"Example Get Response Headers.apitest\", Warnings:\"0\")",
      "timestamp" : "2020-07-13 10:03:44.748 -0600"
    },
    {
      "identifier" : "SUCCESS",
      "message" : "Execution Time 0:00:01 Example Get Response Headers.apitest",
      "timestamp" : "2020-07-13 10:03:44.768 -0600"
    }
  ],
  "createdTimestamp" : "2020-07-13 10:03:43.734 -0600"
}