{
  "entries" : [
    {
      "identifier" : "START",
      "message" : "Running Script1.script",
      "timestamp" : "2020-05-14 10:42:29.868 -0600"
    },
    {
      "handlerName" : "on_script1",
      "message" : "[return][return]put \"https:\/\/eval.ai.eggplant.cloud\/ai\/auth\" into URL[return][return]put \"randy.hesse@eggplant.io\" into username[return]put \"Spr1ng2016\" into password[return]put (username:username,password:password) into requestbody[return][return][return]COW2(httpMethod:\"POST\",url:URL,requestBody:requestbody)[return][return]log api()",
      "timestamp" : "2020-05-14 10:42:33.289 -0600",
      "identifier" : "typetext",
      "scriptName" : "Script1.script",
      "handlerLine" : 3
    },
    {
      "identifier" : "EndTestCase",
      "message" : "(Duration:\"3.876104\", Errors:\"0\", Exceptions:\"0\", StartTime:\"2020-05-14 10:42:29 -0600\", Successes:\"1\", TestCase:\"Script1.script\", Warnings:\"0\")",
      "timestamp" : "2020-05-14 10:42:33.745 -0600"
    },
    {
      "identifier" : "SUCCESS",
      "message" : "Execution Time 0:00:03 Script1.script",
      "timestamp" : "2020-05-14 10:42:33.758 -0600"
    }
  ],
  "createdTimestamp" : "2020-05-14 10:42:29.869 -0600"
}