{
  "entries" : [
    {
      "identifier" : "START",
      "message" : "Running GetAuthAPI.apitest",
      "timestamp" : "2020-05-14 09:14:05.592 -0600"
    },
    {
      "identifier" : "EndTestCase",
      "message" : "(Duration:\"1.067337\", Errors:\"0\", Exceptions:\"0\", StartTime:\"2020-05-14 09:14:05 -0600\", Successes:\"1\", TestCase:\"GetAuthAPI.apitest\", Warnings:\"0\")",
      "timestamp" : "2020-05-14 09:14:06.661 -0600"
    },
    {
      "identifier" : "SUCCESS",
      "message" : "Execution Time 0:00:01 GetAuthAPI.apitest",
      "timestamp" : "2020-05-14 09:14:06.675 -0600"
    }
  ],
  "createdTimestamp" : "2020-05-14 09:14:05.593 -0600"
}