{
  "entries" : [
    {
      "identifier" : "START",
      "message" : "Running Master.script",
      "timestamp" : "2018-11-26 12:41:49.412 -0500"
    },
    {
      "handlerName" : "on_master",
      "message" : "()",
      "timestamp" : "2018-11-26 12:41:49.529 -0500",
      "identifier" : "Log",
      "scriptName" : "Master.script",
      "handlerLine" : 11
    },
    {
      "identifier" : "EndTestCase",
      "message" : "(Duration:\"0.758421\", Errors:\"0\", Exceptions:\"0\", StartTime:\"2018-11-26 12:41:49 -0500\", Successes:\"1\", TestCase:\"Master.script\", Warnings:\"0\")",
      "timestamp" : "2018-11-26 12:41:50.202 -0500"
    },
    {
      "identifier" : "SUCCESS",
      "message" : "Execution Time 0:00:00 Master.script",
      "timestamp" : "2018-11-26 12:41:50.248 -0500"
    }
  ],
  "createdTimestamp" : "2018-11-26 12:41:49.443 -0500"
}