{
  "entries" : [
    {
      "identifier" : "START",
      "message" : "Running Example OverLoad API.script",
      "timestamp" : "2020-08-11 10:39:14.173 -0600"
    },
    {
      "handlerName" : "on_example_overload_api",
      "message" : "{authenticationtype:\"\", httpmethod:\"POST\", mimeType:\"application\/json\", oauthToken:\"\", password:\"*********\", requestbody:@\"{\\n  \\\"Foot\\\": \\\"shake\\\"\\n}\", requestbodyformat:\"JSON (application\/json)\", requestheaders:\"\", responseBody:@\"{\\\"args\\\":{},\\\"data\\\":{\\\"Foot\\\":\\\"shake\\\"},\\\"files\\\":{},\\\"form\\\":{},\\\"headers\\\":{\\\"x-forwarded-proto\\\":\\\"https\\\",\\\"x-forwarded-port\\\":\\\"443\\\",\\\"host\\\":\\\"postman-echo.com\\\",\\\"x-amzn-trace-id\\\":\\\"Root=1-5f32c9b2-2fce2418be8648106b438680\\\",\\\"content-length\\\":\\\"16\\\",\\\"content-type\\\":\\\"application\/json\\\",\\\"accept\\\":\\\"*\/*\\\",\\\"user-agent\\\":\\\"Eggplant\/20.1.0 (Mac OS X Version 10.15.6 (Build 19G73))\\\",\\\"accept-language\\\":\\\"en-US;q=1, fr-US;q=0.9, de-US;q=0.8, zh-Hans-US;q=0.7, zh-Hant-US;q=0.6, ja-US;q=0.5\\\",\\\"accept-encoding\\\":\\\"gzip, deflate, br\\\"},\\\"json\\\":{\\\"Foot\\\":\\\"shake\\\"},\\\"url\\\":\\\"https:\/\/postman-echo.com\/post\\\"}\", responseCookies:{@\"sails.sid\":{Created:618856754, Discard:\"TRUE\", Domain:\"testplant.com\", HttpOnly:\"TRUE\", Name:\"sails.sid\", Path:\"\/\", Value:\"s%3A62aabucIZoK6ushF9k8K7AhdgeBwq0s_.bagOOvgh3eGfn4H0Fiur34CJyUE3fv5Y5SThgPU0GPI\"}}, responseHeaders:{Connection:\"keep-alive\", @\"Content-Length\":\"556\", @\"Content-Type\":\"application\/json; charset=utf-8\", Date:\"Tue, 11 Aug 2020 16:39:14 GMT\", Etag:@\"W\/\\\"22c-Pr78uxfqc\/\/3IlHL6C8dNSeP5T0\\\"\", @\"Set-Cookie\":\"sails.sid=s%3A62aabucIZoK6ushF9k8K7AhdgeBwq0s_.bagOOvgh3eGfn4H0Fiur34CJyUE3fv5Y5SThgPU0GPI; Path=\/; HttpOnly\", Vary:\"Accept-Encoding\"}, responseTime:0.050011, statusCode:200, url:\"https:\/\/postman-echo.com\/post\", username:\"\"}",
      "timestamp" : "2020-08-11 10:39:14.367 -0600",
      "identifier" : "Log",
      "scriptName" : "Example OverLoad API.script",
      "handlerLine" : 17
    },
    {
      "handlerName" : "on_example_overload_api",
      "message" : "{Foot:\"shake\"}",
      "timestamp" : "2020-08-11 10:39:14.371 -0600",
      "identifier" : "Log",
      "scriptName" : "Example OverLoad API.script",
      "handlerLine" : 18
    },
    {
      "identifier" : "EndTestCase",
      "message" : "(Duration:\"0.768063\", Errors:\"0\", Exceptions:\"0\", StartTime:\"2020-08-11 10:39:14 -0600\", Successes:\"1\", TestCase:\"Example OverLoad API.script\", Warnings:\"0\")",
      "timestamp" : "2020-08-11 10:39:14.943 -0600"
    },
    {
      "identifier" : "SUCCESS",
      "message" : "Execution Time 0:00:00 Example OverLoad API.script",
      "timestamp" : "2020-08-11 10:39:14.961 -0600"
    }
  ],
  "createdTimestamp" : "2020-08-11 10:39:14.174 -0600"
}