{
  "entries" : [
    {
      "identifier" : "START",
      "message" : "Running Example Post.apitest",
      "timestamp" : "2020-07-13 09:39:15.405 -0600"
    },
    {
      "identifier" : "EndTestCase",
      "message" : "(Duration:\"0.602565\", Errors:\"0\", Exceptions:\"0\", StartTime:\"2020-07-13 09:39:15 -0600\", Successes:\"1\", TestCase:\"Example Post.apitest\", Warnings:\"0\")",
      "timestamp" : "2020-07-13 09:39:16.009 -0600"
    },
    {
      "identifier" : "SUCCESS",
      "message" : "Execution Time 0:00:00 Example Post.apitest",
      "timestamp" : "2020-07-13 09:39:16.020 -0600"
    }
  ],
  "createdTimestamp" : "2020-07-13 09:39:15.406 -0600"
}