{
  "entries" : [
    {
      "identifier" : "START",
      "message" : "Running Index.script",
      "timestamp" : "2019-02-15 20:52:12.789 -0700"
    },
    {
      "handlerName" : "on_index",
      "message" : "[windowsKey]r",
      "timestamp" : "2019-02-15 20:52:12.922 -0700",
      "identifier" : "typetext",
      "scriptName" : "Index.script",
      "handlerLine" : 3
    },
    {
      "handlerName" : "on_index",
      "message" : "putty.exe[returnKey]",
      "timestamp" : "2019-02-15 20:52:13.832 -0700",
      "identifier" : "typetext",
      "scriptName" : "Index.script",
      "handlerLine" : 4
    },
    {
      "handlerName" : "on_index",
      "message" : "found at (811, 330)",
      "identifier" : "waitfor",
      "image" : "PuTTY Window",
      "handlerLine" : 5,
      "timestamp" : "2019-02-15 20:52:14.406 -0700",
      "scriptName" : "Index.script"
    },
    {
      "handlerName" : "on_index",
      "message" : "at (940, 435)",
      "identifier" : "click",
      "image" : "HostName",
      "handlerLine" : 7,
      "timestamp" : "2019-02-15 20:52:14.781 -0700",
      "scriptName" : "Index.script"
    },
    {
      "handlerName" : "on_index",
      "message" : "test.rebex.net:22",
      "timestamp" : "2019-02-15 20:52:15.684 -0700",
      "identifier" : "typetext",
      "scriptName" : "Index.script",
      "handlerLine" : 8
    },
    {
      "handlerName" : "on_index",
      "message" : "at (1068, 471)",
      "identifier" : "click",
      "image" : "SSH",
      "handlerLine" : 9,
      "timestamp" : "2019-02-15 20:52:16.804 -0700",
      "scriptName" : "Index.script"
    },
    {
      "handlerName" : "on_index",
      "message" : "Unable To Find Any Image On Screen \"Putty Command Window\" within 8.00 seconds",
      "identifier" : "Exception",
      "image" : "Putty Command Window",
      "handlerLine" : 10,
      "timestamp" : "2019-02-15 20:52:30.920 -0700",
      "scriptName" : "Index.script"
    },
    {
      "identifier" : "EndTestCase",
      "message" : "(Duration:\"18.717232\", Errors:\"1\", Exceptions:\"1\", StartTime:\"2019-02-15 20:52:12 -0700\", Successes:\"0\", TestCase:\"Index.script\", Warnings:\"0\")",
      "timestamp" : "2019-02-15 20:52:31.543 -0700"
    },
    {
      "identifier" : "ABORTED",
      "message" : "Execution Time 0:00:18 Index.script",
      "timestamp" : "2019-02-15 20:52:31.603 -0700"
    }
  ],
  "createdTimestamp" : "2019-02-15 20:52:12.826 -0700"
}