{
  "entries" : [
    {
      "identifier" : "START",
      "message" : "Running Index.script",
      "timestamp" : "2018-11-20 20:55:55.753 -0500"
    },
    {
      "handlerName" : "on_processingmain",
      "message" : "Todays Date is 11.20.2018",
      "timestamp" : "2018-11-20 20:55:56.228 -0500",
      "identifier" : "Log",
      "scriptName" : "ProcessingMain.script",
      "handlerLine" : 13
    },
    {
      "identifier" : "EndTestCase",
      "message" : "(Duration:\"1.523509\", Errors:\"0\", Exceptions:\"0\", StartTime:\"2018-11-20 20:55:55 -0500\", Successes:\"1\", TestCase:\"Index.script\", Warnings:\"0\")",
      "timestamp" : "2018-11-20 20:55:57.307 -0500"
    },
    {
      "identifier" : "SUCCESS",
      "message" : "Execution Time 0:00:01 Index.script",
      "timestamp" : "2018-11-20 20:55:57.371 -0500"
    }
  ],
  "createdTimestamp" : "2018-11-20 20:55:55.783 -0500"
}