{
  "entries" : [
    {
      "identifier" : "START",
      "message" : "Running GeneratePatient.script",
      "timestamp" : "2018-11-20 20:16:06.372 -0500"
    },
    {
      "identifier" : "EndTestCase",
      "message" : "(Duration:\"0.5362\", Errors:\"0\", Exceptions:\"0\", StartTime:\"2018-11-20 20:16:06 -0500\", Successes:\"1\", TestCase:\"GeneratePatient.script\", Warnings:\"0\")",
      "timestamp" : "2018-11-20 20:16:06.932 -0500"
    },
    {
      "identifier" : "SUCCESS",
      "message" : "Execution Time 0:00:00 GeneratePatient.script",
      "timestamp" : "2018-11-20 20:16:06.982 -0500"
    }
  ],
  "createdTimestamp" : "2018-11-20 20:16:06.395 -0500"
}