{
  "entries" : [
    {
      "identifier" : "START",
      "message" : "Running Master.script",
      "timestamp" : "2018-11-26 13:13:14.693 -0500"
    },
    {
      "handlerName" : "on_one",
      "message" : "one",
      "timestamp" : "2018-11-26 13:13:14.895 -0500",
      "identifier" : "Log",
      "scriptName" : "",
      "handlerLine" : 3
    },
    {
      "identifier" : "EndTestCase",
      "message" : "(Duration:\"1.704271\", Errors:\"0\", Exceptions:\"0\", StartTime:\"2018-11-26 13:13:14 -0500\", Successes:\"1\", TestCase:\"Master.script\", Warnings:\"0\")",
      "timestamp" : "2018-11-26 13:13:16.445 -0500"
    },
    {
      "identifier" : "SUCCESS",
      "message" : "Execution Time 0:00:01 Master.script",
      "timestamp" : "2018-11-26 13:13:16.582 -0500"
    }
  ],
  "createdTimestamp" : "2018-11-26 13:13:14.731 -0500"
}