{
  "entries" : [
    {
      "identifier" : "START",
      "message" : "Running ReadOutPut.script",
      "timestamp" : "2019-03-18 09:39:40.987 -0600"
    },
    {
      "handlerName" : "on_readoutput",
      "message" : "at (196,186,218,207)",
      "identifier" : "imagerectangle",
      "image" : "Putty Command Window",
      "handlerLine" : 6,
      "timestamp" : "2019-03-18 09:39:41.940 -0600",
      "scriptName" : "ReadOutPut.script"
    },
    {
      "handlerName" : "on_readoutput",
      "message" : "found 2 images",
      "identifier" : "everyimagerectangle",
      "image" : "(TEXT:\"demo@\")",
      "handlerLine" : 7,
      "timestamp" : "2019-03-18 09:39:43.610 -0600",
      "scriptName" : "ReadOutPut.script"
    },
    {
      "identifier" : "readtext",
      "message" : "(192,369,591,460)",
      "timestamp" : "2019-03-18 09:39:43.759 -0600"
    },
    {
      "handlerName" : "on_readoutput",
      "message" : "aspnet_client\\npub\\nreadme.txt",
      "timestamp" : "2019-03-18 09:39:43.760 -0600",
      "identifier" : "Log",
      "scriptName" : "ReadOutPut.script",
      "handlerLine" : 16
    },
    {
      "identifier" : "EndTestCase",
      "message" : "(Duration:\"3.221059\", Errors:\"0\", Exceptions:\"0\", StartTime:\"2019-03-18 09:39:40 -0600\", Successes:\"1\", TestCase:\"ReadOutPut.script\", Warnings:\"0\")",
      "timestamp" : "2019-03-18 09:39:44.210 -0600"
    },
    {
      "identifier" : "SUCCESS",
      "message" : "Execution Time 0:00:03 ReadOutPut.script",
      "timestamp" : "2019-03-18 09:39:44.226 -0600"
    }
  ],
  "createdTimestamp" : "2019-03-18 09:39:40.988 -0600"
}