{
  "entries" : [
    {
      "identifier" : "START",
      "message" : "Running Example Post URL.apitest",
      "timestamp" : "2020-07-13 09:52:34.940 -0600"
    },
    {
      "identifier" : "EndTestCase",
      "message" : "(Duration:\"0.776276\", Errors:\"0\", Exceptions:\"0\", StartTime:\"2020-07-13 09:52:34 -0600\", Successes:\"1\", TestCase:\"Example Post URL.apitest\", Warnings:\"0\")",
      "timestamp" : "2020-07-13 09:52:35.719 -0600"
    },
    {
      "identifier" : "SUCCESS",
      "message" : "Execution Time 0:00:00 Example Post URL.apitest",
      "timestamp" : "2020-07-13 09:52:35.884 -0600"
    }
  ],
  "createdTimestamp" : "2020-07-13 09:52:34.942 -0600"
}