{
  "entries" : [
    {
      "identifier" : "START",
      "message" : "Running Untitled1.script",
      "timestamp" : "2021-01-18 14:11:52.759 -0700"
    },
    {
      "handlerName" : "on_untitled1",
      "message" : "0XFFAECE",
      "timestamp" : "2021-01-18 14:11:52.808 -0700",
      "identifier" : "Log",
      "scriptName" : "Untitled1.script",
      "handlerLine" : 16
    },
    {
      "handlerName" : "on_untitled1",
      "message" : "0XFFAECE",
      "timestamp" : "2021-01-18 14:11:52.809 -0700",
      "identifier" : "Log",
      "scriptName" : "Untitled1.script",
      "handlerLine" : 16
    },
    {
      "handlerName" : "on_untitled1",
      "message" : "0XFFAECE",
      "timestamp" : "2021-01-18 14:11:52.811 -0700",
      "identifier" : "Log",
      "scriptName" : "Untitled1.script",
      "handlerLine" : 16
    },
    {
      "handlerName" : "on_untitled1",
      "message" : "0XFFAECE",
      "timestamp" : "2021-01-18 14:11:52.813 -0700",
      "identifier" : "Log",
      "scriptName" : "Untitled1.script",
      "handlerLine" : 16
    },
    {
      "handlerName" : "on_untitled1",
      "message" : "0XFFAECE",
      "timestamp" : "2021-01-18 14:11:52.815 -0700",
      "identifier" : "Log",
      "scriptName" : "Untitled1.script",
      "handlerLine" : 16
    },
    {
      "handlerName" : "on_untitled1",
      "message" : "0XFFAECE",
      "timestamp" : "2021-01-18 14:11:52.817 -0700",
      "identifier" : "Log",
      "scriptName" : "Untitled1.script",
      "handlerLine" : 16
    },
    {
      "handlerName" : "on_untitled1",
      "message" : "0XFFAECE",
      "timestamp" : "2021-01-18 14:11:52.819 -0700",
      "identifier" : "Log",
      "scriptName" : "Untitled1.script",
      "handlerLine" : 16
    },
    {
      "handlerName" : "on_untitled1",
      "message" : "0XFFAECE",
      "timestamp" : "2021-01-18 14:11:52.820 -0700",
      "identifier" : "Log",
      "scriptName" : "Untitled1.script",
      "handlerLine" : 16
    },
    {
      "handlerName" : "on_untitled1",
      "message" : "0XFFAECE",
      "timestamp" : "2021-01-18 14:11:52.822 -0700",
      "identifier" : "Log",
      "scriptName" : "Untitled1.script",
      "handlerLine" : 16
    },
    {
      "handlerName" : "on_untitled1",
      "message" : "0XFFAECE",
      "timestamp" : "2021-01-18 14:11:52.823 -0700",
      "identifier" : "Log",
      "scriptName" : "Untitled1.script",
      "handlerLine" : 16
    },
    {
      "handlerName" : "on_untitled1",
      "message" : "0XFFAECE",
      "timestamp" : "2021-01-18 14:11:52.824 -0700",
      "identifier" : "Log",
      "scriptName" : "Untitled1.script",
      "handlerLine" : 16
    },
    {
      "handlerName" : "on_untitled1",
      "message" : "0XFFAECE",
      "timestamp" : "2021-01-18 14:11:52.825 -0700",
      "identifier" : "Log",
      "scriptName" : "Untitled1.script",
      "handlerLine" : 16
    },
    {
      "handlerName" : "on_untitled1",
      "message" : "0XFFAECE",
      "timestamp" : "2021-01-18 14:11:52.826 -0700",
      "identifier" : "Log",
      "scriptName" : "Untitled1.script",
      "handlerLine" : 16
    },
    {
      "handlerName" : "on_untitled1",
      "message" : "0XFFAECE",
      "timestamp" : "2021-01-18 14:11:52.827 -0700",
      "identifier" : "Log",
      "scriptName" : "Untitled1.script",
      "handlerLine" : 16
    },
    {
      "handlerName" : "on_untitled1",
      "message" : "0XFFAECE",
      "timestamp" : "2021-01-18 14:11:52.828 -0700",
      "identifier" : "Log",
      "scriptName" : "Untitled1.script",
      "handlerLine" : 16
    },
    {
      "handlerName" : "on_untitled1",
      "message" : "0XFFAECE",
      "timestamp" : "2021-01-18 14:11:52.829 -0700",
      "identifier" : "Log",
      "scriptName" : "Untitled1.script",
      "handlerLine" : 16
    },
    {
      "handlerName" : "on_untitled1",
      "message" : "0XFFCB8",
      "timestamp" : "2021-01-18 14:11:52.831 -0700",
      "identifier" : "Log",
      "scriptName" : "Untitled1.script",
      "handlerLine" : 16
    },
    {
      "handlerName" : "on_untitled1",
      "message" : "0XFFCB8",
      "timestamp" : "2021-01-18 14:11:52.832 -0700",
      "identifier" : "Log",
      "scriptName" : "Untitled1.script",
      "handlerLine" : 16
    },
    {
      "handlerName" : "on_untitled1",
      "message" : "0XFFCB8",
      "timestamp" : "2021-01-18 14:11:52.833 -0700",
      "identifier" : "Log",
      "scriptName" : "Untitled1.script",
      "handlerLine" : 16
    },
    {
      "handlerName" : "on_untitled1",
      "message" : "0XFFCB8",
      "timestamp" : "2021-01-18 14:11:52.834 -0700",
      "identifier" : "Log",
      "scriptName" : "Untitled1.script",
      "handlerLine" : 16
    },
    {
      "handlerName" : "on_untitled1",
      "message" : "0XFFCB8",
      "timestamp" : "2021-01-18 14:11:52.835 -0700",
      "identifier" : "Log",
      "scriptName" : "Untitled1.script",
      "handlerLine" : 16
    },
    {
      "identifier" : "EndTestCase",
      "message" : "(Duration:\"0.193091\", Errors:\"0\", Exceptions:\"0\", StartTime:\"2021-01-18 14:11:52 -0700\", Successes:\"1\", TestCase:\"Untitled1.script\", Warnings:\"0\")",
      "timestamp" : "2021-01-18 14:11:52.954 -0700"
    },
    {
      "identifier" : "SUCCESS",
      "message" : "Execution Time 0:00:00 Untitled1.script",
      "timestamp" : "2021-01-18 14:11:52.961 -0700"
    }
  ],
  "createdTimestamp" : "2021-01-18 14:11:52.760 -0700"
}