﻿<?xml version="1.0"?>
<runHistory script="Untitled">
 <run>
  <RunDate>2018-11-29 13:34:48.160 -0700</RunDate>
  <Status>Success</Status>
  <Duration>0.489522</Duration>
  <Errors>0</Errors>
  <Warnings>0</Warnings>
  <Exceptions>0</Exceptions>
  <Successes>1</Successes>
  <LogFile>20181129_133448.160/LogFile.txt</LogFile>
  <ReturnValue></ReturnValue>
  <ErrorMessage></ErrorMessage>
 </run>
 <run>
  <RunDate>2018-11-29 13:34:55.709 -0700</RunDate>
  <Status>Success</Status>
  <Duration>0.419972</Duration>
  <Errors>0</Errors>
  <Warnings>0</Warnings>
  <Exceptions>0</Exceptions>
  <Successes>1</Successes>
  <LogFile>20181129_133455.709/LogFile.txt</LogFile>
  <ReturnValue></ReturnValue>
  <ErrorMessage></ErrorMessage>
 </run>
 <run>
  <RunDate>2018-11-29 13:35:23.350 -0700</RunDate>
  <Status>Failure</Status>
  <Duration>0.386848</Duration>
  <Errors>1</Errors>
  <Warnings>0</Warnings>
  <Exceptions>0</Exceptions>
  <Successes>0</Successes>
  <LogFile>20181129_133523.350/LogFile.txt</LogFile>
  <ReturnValue></ReturnValue>
  <ErrorMessage>SRUN_BadValue -- Bad value for Object expression.  Looking for an object or script identifier, got &#x27;(Utilities/Script3,Utilities/Script2)&#x27;.</ErrorMessage>
 </run>
 <run>
  <RunDate>2018-11-29 14:00:15.384 -0700</RunDate>
  <Status>Failure</Status>
  <Duration>0.539549</Duration>
  <Errors>1</Errors>
  <Warnings>0</Warnings>
  <Exceptions>0</Exceptions>
  <Successes>0</Successes>
  <LogFile>20181129_140015.384/LogFile.txt</LogFile>
  <ReturnValue></ReturnValue>
  <ErrorMessage>STUnknownMessage -- ERROR: No Such Command: &#x27;five&#x27;</ErrorMessage>
 </run>
 <run>
  <RunDate>2018-11-29 14:00:22.312 -0700</RunDate>
  <Status>Success</Status>
  <Duration>0.586944</Duration>
  <Errors>0</Errors>
  <Warnings>0</Warnings>
  <Exceptions>0</Exceptions>
  <Successes>1</Successes>
  <LogFile>20181129_140022.312/LogFile.txt</LogFile>
  <ReturnValue></ReturnValue>
  <ErrorMessage></ErrorMessage>
 </run>
 <run>
  <RunDate>2018-11-29 14:00:34.199 -0700</RunDate>
  <Status>Success</Status>
  <Duration>0.573780</Duration>
  <Errors>0</Errors>
  <Warnings>0</Warnings>
  <Exceptions>0</Exceptions>
  <Successes>1</Successes>
  <LogFile>20181129_140034.199/LogFile.txt</LogFile>
  <ReturnValue></ReturnValue>
  <ErrorMessage></ErrorMessage>
 </run>
 <run>
  <RunDate>2018-11-29 14:02:21.919 -0700</RunDate>
  <Status>Success</Status>
  <Duration>0.607986</Duration>
  <Errors>0</Errors>
  <Warnings>0</Warnings>
  <Exceptions>0</Exceptions>
  <Successes>1</Successes>
  <LogFile>20181129_140221.919/LogFile.txt</LogFile>
  <ReturnValue></ReturnValue>
  <ErrorMessage></ErrorMessage>
 </run>
 <run>
  <RunDate>2018-11-29 14:03:52.555 -0700</RunDate>
  <Status>Success</Status>
  <Duration>0.629015</Duration>
  <Errors>0</Errors>
  <Warnings>0</Warnings>
  <Exceptions>0</Exceptions>
  <Successes>1</Successes>
  <LogFile>20181129_140352.555/LogFile.txt</LogFile>
  <ReturnValue></ReturnValue>
  <ErrorMessage></ErrorMessage>
 </run>
 <run>
  <RunDate>2018-11-29 14:19:45.603 -0700</RunDate>
  <Status>Success</Status>
  <Duration>0.726471</Duration>
  <Errors>0</Errors>
  <Warnings>0</Warnings>
  <Exceptions>0</Exceptions>
  <Successes>1</Successes>
  <LogFile>20181129_141945.603/LogFile.txt</LogFile>
  <ReturnValue></ReturnValue>
  <ErrorMessage></ErrorMessage>
 </run>
 <run>
  <RunDate>2018-11-29 14:21:57.739 -0700</RunDate>
  <Status>Success</Status>
  <Duration>0.572763</Duration>
  <Errors>0</Errors>
  <Warnings>0</Warnings>
  <Exceptions>0</Exceptions>
  <Successes>1</Successes>
  <LogFile>20181129_142157.739/LogFile.txt</LogFile>
  <ReturnValue></ReturnValue>
  <ErrorMessage></ErrorMessage>
 </run>
 <run>
  <RunDate>2018-11-29 14:22:09.260 -0700</RunDate>
  <Status>Success</Status>
  <Duration>0.750258</Duration>
  <Errors>0</Errors>
  <Warnings>0</Warnings>
  <Exceptions>0</Exceptions>
  <Successes>1</Successes>
  <LogFile>20181129_142209.260/LogFile.txt</LogFile>
  <ReturnValue></ReturnValue>
  <ErrorMessage></ErrorMessage>
 </run>
 <run>
  <RunDate>2018-11-29 14:24:08.592 -0700</RunDate>
  <Status>Failure</Status>
  <Duration>0.556450</Duration>
  <Errors>1</Errors>
  <Warnings>0</Warnings>
  <Exceptions>0</Exceptions>
  <Successes>0</Successes>
  <LogFile>20181129_142408.592/LogFile.txt</LogFile>
  <ReturnValue></ReturnValue>
  <ErrorMessage>Invalid Object -- These objects were not found: &#x27;Utilities/ScriptList&#x27;</ErrorMessage>
 </run>
 <run>
  <RunDate>2018-11-29 14:24:29.151 -0700</RunDate>
  <Status>Failure</Status>
  <Duration>0.672091</Duration>
  <Errors>1</Errors>
  <Warnings>0</Warnings>
  <Exceptions>0</Exceptions>
  <Successes>0</Successes>
  <LogFile>20181129_142429.151/LogFile.txt</LogFile>
  <ReturnValue></ReturnValue>
  <ErrorMessage>SRUN_BadValue -- Bad value for Object expression.  Looking for an object or script identifier, got &#x27;HLO&#x27;.</ErrorMessage>
 </run>
 <run>
  <RunDate>2018-11-29 14:24:50.963 -0700</RunDate>
  <Status>Success</Status>
  <Duration>0.723196</Duration>
  <Errors>0</Errors>
  <Warnings>0</Warnings>
  <Exceptions>0</Exceptions>
  <Successes>1</Successes>
  <LogFile>20181129_142450.963/LogFile.txt</LogFile>
  <ReturnValue></ReturnValue>
  <ErrorMessage></ErrorMessage>
 </run>
 <run>
  <RunDate>2018-11-29 14:24:58.414 -0700</RunDate>
  <Status>Success</Status>
  <Duration>0.692963</Duration>
  <Errors>0</Errors>
  <Warnings>0</Warnings>
  <Exceptions>0</Exceptions>
  <Successes>1</Successes>
  <LogFile>20181129_142458.414/LogFile.txt</LogFile>
  <ReturnValue></ReturnValue>
  <ErrorMessage></ErrorMessage>
 </run>
 <run>
  <RunDate>2018-11-29 14:25:09.325 -0700</RunDate>
  <Status>Success</Status>
  <Duration>0.771138</Duration>
  <Errors>0</Errors>
  <Warnings>0</Warnings>
  <Exceptions>0</Exceptions>
  <Successes>1</Successes>
  <LogFile>20181129_142509.325/LogFile.txt</LogFile>
  <ReturnValue></ReturnValue>
  <ErrorMessage></ErrorMessage>
 </run>
 <run>
  <RunDate>2018-11-29 14:25:32.416 -0700</RunDate>
  <Status>Success</Status>
  <Duration>0.826221</Duration>
  <Errors>0</Errors>
  <Warnings>0</Warnings>
  <Exceptions>0</Exceptions>
  <Successes>1</Successes>
  <LogFile>20181129_142532.416/LogFile.txt</LogFile>
  <ReturnValue></ReturnValue>
  <ErrorMessage></ErrorMessage>
 </run>
 <run>
  <RunDate>2018-11-29 14:26:30.616 -0700</RunDate>
  <Status>Failure</Status>
  <Duration>0.649638</Duration>
  <Errors>1</Errors>
  <Warnings>0</Warnings>
  <Exceptions>0</Exceptions>
  <Successes>0</Successes>
  <LogFile>20181129_142630.616/LogFile.txt</LogFile>
  <ReturnValue></ReturnValue>
  <ErrorMessage>SRUN_BadValue -- Bad value for Object expression.  Looking for an object or script identifier, got &#x27;()&#x27;.</ErrorMessage>
 </run>
 <run>
  <RunDate>2018-11-29 14:26:53.913 -0700</RunDate>
  <Status>Success</Status>
  <Duration>0.542678</Duration>
  <Errors>0</Errors>
  <Warnings>0</Warnings>
  <Exceptions>0</Exceptions>
  <Successes>1</Successes>
  <LogFile>20181129_142653.913/LogFile.txt</LogFile>
  <ReturnValue></ReturnValue>
  <ErrorMessage></ErrorMessage>
 </run>
 <run>
  <RunDate>2018-11-29 14:27:07.029 -0700</RunDate>
  <Status>Success</Status>
  <Duration>0.671837</Duration>
  <Errors>0</Errors>
  <Warnings>0</Warnings>
  <Exceptions>0</Exceptions>
  <Successes>1</Successes>
  <LogFile>20181129_142707.029/LogFile.txt</LogFile>
  <ReturnValue></ReturnValue>
  <ErrorMessage></ErrorMessage>
 </run>
</runHistory>
