﻿Date Run,Status,Time,# of Errors,# of Warnings,# of Exceptions,Log File,Return Value,Error Message,# of Successes
2018-11-29 13:34:48.160 -0700,"Success",0:00:00,0,0,0,"20181129_133448.160/LogFile.txt","","",1
2018-11-29 13:34:55.709 -0700,"Success",0:00:00,0,0,0,"20181129_133455.709/LogFile.txt","","",1
2018-11-29 13:35:23.350 -0700,"Failure",0:00:00,1,0,0,"20181129_133523.350/LogFile.txt","","SRUN_BadValue -- Bad value for Object expression.  Looking for an object or script identifier, got '(Utilities/Script3,Utilities/Script2)'.",0
2018-11-29 14:00:15.384 -0700,"Failure",0:00:00,1,0,0,"20181129_140015.384/LogFile.txt","","STUnknownMessage -- ERROR: No Such Command: 'five'",0
2018-11-29 14:00:22.312 -0700,"Success",0:00:00,0,0,0,"20181129_140022.312/LogFile.txt","","",1
2018-11-29 14:00:34.199 -0700,"Success",0:00:00,0,0,0,"20181129_140034.199/LogFile.txt","","",1
2018-11-29 14:02:21.919 -0700,"Success",0:00:00,0,0,0,"20181129_140221.919/LogFile.txt","","",1
2018-11-29 14:03:52.555 -0700,"Success",0:00:00,0,0,0,"20181129_140352.555/LogFile.txt","","",1
2018-11-29 14:19:45.603 -0700,"Success",0:00:00,0,0,0,"20181129_141945.603/LogFile.txt","","",1
2018-11-29 14:21:57.739 -0700,"Success",0:00:00,0,0,0,"20181129_142157.739/LogFile.txt","","",1
2018-11-29 14:22:09.260 -0700,"Success",0:00:00,0,0,0,"20181129_142209.260/LogFile.txt","","",1
2018-11-29 14:24:08.592 -0700,"Failure",0:00:00,1,0,0,"20181129_142408.592/LogFile.txt","","Invalid Object -- These objects were not found: 'Utilities/ScriptList'",0
2018-11-29 14:24:29.151 -0700,"Failure",0:00:00,1,0,0,"20181129_142429.151/LogFile.txt","","SRUN_BadValue -- Bad value for Object expression.  Looking for an object or script identifier, got 'HLO'.",0
2018-11-29 14:24:50.963 -0700,"Success",0:00:00,0,0,0,"20181129_142450.963/LogFile.txt","","",1
2018-11-29 14:24:58.414 -0700,"Success",0:00:00,0,0,0,"20181129_142458.414/LogFile.txt","","",1
2018-11-29 14:25:09.325 -0700,"Success",0:00:00,0,0,0,"20181129_142509.325/LogFile.txt","","",1
2018-11-29 14:25:32.416 -0700,"Success",0:00:00,0,0,0,"20181129_142532.416/LogFile.txt","","",1
2018-11-29 14:26:30.616 -0700,"Failure",0:00:00,1,0,0,"20181129_142630.616/LogFile.txt","","SRUN_BadValue -- Bad value for Object expression.  Looking for an object or script identifier, got '()'.",0
2018-11-29 14:26:53.913 -0700,"Success",0:00:00,0,0,0,"20181129_142653.913/LogFile.txt","","",1
2018-11-29 14:27:07.029 -0700,"Success",0:00:00,0,0,0,"20181129_142707.029/LogFile.txt","","",1
