{
  "entries" : [
    {
      "identifier" : "START",
      "message" : "Running MainFromSuite.script",
      "timestamp" : "2021-04-10 22:44:00.992 -0600"
    },
    {
      "handlerName" : "on_definelocation",
      "message" : "Overwritting Folder",
      "timestamp" : "2021-04-10 22:44:01.079 -0600",
      "identifier" : "LogWarning",
      "scriptName" : "",
      "handlerLine" : 3
    },
    {
      "identifier" : "EndTestCase",
      "message" : "(Duration:\"0.350654\", Errors:\"0\", Exceptions:\"0\", StartTime:\"2021-04-10 22:44:00 -0600\", Successes:\"1\", TestCase:\"MainFromSuite.script\", Warnings:\"1\")",
      "timestamp" : "2021-04-10 22:44:01.344 -0600"
    },
    {
      "identifier" : "SUCCESS",
      "message" : "Execution Time 0:00:00 MainFromSuite.script",
      "timestamp" : "2021-04-10 22:44:01.353 -0600"
    }
  ],
  "createdTimestamp" : "2021-04-10 22:44:00.993 -0600"
}