{
  "entries" : [
    {
      "identifier" : "START",
      "message" : "Running GeneratePatientAPI.script",
      "timestamp" : "2018-11-26 17:15:59.521 -0500"
    },
    {
      "handlerName" : "on_generatepatientapi",
      "message" : "((gender:\"female\", name:\"Carol\", region:\"United States\", surname:\"Jensen\"),(gender:\"female\", name:\"Jacqueline\", region:\"United States\", surname:\"McDonald\"),(@\"First Name\":\"Carol\", gender:\"female\", @\"Last Name\":\"Jensen\"),(@\"First Name\":\"Jacqueline\", gender:\"female\", @\"Last Name\":\"McDonald\"))",
      "timestamp" : "2018-11-26 17:16:00.115 -0500",
      "identifier" : "Log",
      "scriptName" : "GeneratePatientAPI.script",
      "handlerLine" : 29
    },
    {
      "identifier" : "EndTestCase",
      "message" : "(Duration:\"0.869943\", Errors:\"0\", Exceptions:\"0\", StartTime:\"2018-11-26 17:15:59 -0500\", Successes:\"1\", TestCase:\"GeneratePatientAPI.script\", Warnings:\"0\")",
      "timestamp" : "2018-11-26 17:16:00.415 -0500"
    },
    {
      "identifier" : "SUCCESS",
      "message" : "Execution Time 0:00:00 GeneratePatientAPI.script",
      "timestamp" : "2018-11-26 17:16:00.470 -0500"
    }
  ],
  "createdTimestamp" : "2018-11-26 17:15:59.545 -0500"
}