{
  "entries" : [
    {
      "identifier" : "START",
      "message" : "Running index.script",
      "timestamp" : "2021-01-18 15:05:03.017 -0700"
    },
    {
      "handlerName" : "on_definecolorarea",
      "message" : "calculating...",
      "timestamp" : "2021-01-18 15:05:03.268 -0700",
      "identifier" : "Log",
      "scriptName" : "",
      "handlerLine" : 27
    },
    {
      "handlerName" : "on_index",
      "message" : "{C6C3C6:24, D6D7D6:168, E7CBD6:156, FFFFFF:240}",
      "timestamp" : "2021-01-18 15:05:03.576 -0700",
      "identifier" : "Log",
      "scriptName" : "index.script",
      "handlerLine" : 11
    },
    {
      "handlerName" : "function_pixelmatch",
      "message" : "Finding the colors",
      "timestamp" : "2021-01-18 15:05:03.589 -0700",
      "identifier" : "Log",
      "scriptName" : "",
      "handlerLine" : 11
    },
    {
      "handlerName" : "on_index",
      "message" : "0",
      "timestamp" : "2021-01-18 15:05:06.202 -0700",
      "identifier" : "Log",
      "scriptName" : "index.script",
      "handlerLine" : 28
    },
    {
      "identifier" : "EndTestCase",
      "message" : "(Duration:\"3.301231\", Errors:\"0\", Exceptions:\"0\", StartTime:\"2021-01-18 15:05:03 -0700\", Successes:\"1\", TestCase:\"index.script\", Warnings:\"0\")",
      "timestamp" : "2021-01-18 15:05:06.320 -0700"
    },
    {
      "identifier" : "SUCCESS",
      "message" : "Execution Time 0:00:03 index.script",
      "timestamp" : "2021-01-18 15:05:06.329 -0700"
    }
  ],
  "createdTimestamp" : "2021-01-18 15:05:03.018 -0700"
}