{
  "entries" : [
    {
      "identifier" : "START",
      "message" : "Running Index.script",
      "timestamp" : "2018-11-21 17:18:51.952 -0500"
    },
    {
      "handlerName" : "on_processingmain",
      "message" : "Todays Date is 11.21.2018",
      "timestamp" : "2018-11-21 17:18:52.268 -0500",
      "identifier" : "Log",
      "scriptName" : "ProcessingMain.script",
      "handlerLine" : 13
    },
    {
      "identifier" : "EndTestCase",
      "message" : "(Duration:\"0.69876\", Errors:\"0\", Exceptions:\"0\", StartTime:\"2018-11-21 17:18:51 -0500\", Successes:\"1\", TestCase:\"Index.script\", Warnings:\"0\")",
      "timestamp" : "2018-11-21 17:18:52.673 -0500"
    },
    {
      "identifier" : "SUCCESS",
      "message" : "Execution Time 0:00:00 Index.script",
      "timestamp" : "2018-11-21 17:18:52.726 -0500"
    }
  ],
  "createdTimestamp" : "2018-11-21 17:18:51.975 -0500"
}