{
  "entries" : [
    {
      "identifier" : "START",
      "message" : "Running Main02.script",
      "timestamp" : "2021-04-10 21:49:33.305 -0600"
    },
    {
      "identifier" : "EndTestCase",
      "message" : "(Duration:\"0.248027\", Errors:\"0\", Exceptions:\"0\", StartTime:\"2021-04-10 21:49:33 -0600\", Successes:\"1\", TestCase:\"Main02.script\", Warnings:\"0\")",
      "timestamp" : "2021-04-10 21:49:33.554 -0600"
    },
    {
      "identifier" : "SUCCESS",
      "message" : "Execution Time 0:00:00 Main02.script",
      "timestamp" : "2021-04-10 21:49:33.561 -0600"
    }
  ],
  "createdTimestamp" : "2021-04-10 21:49:33.306 -0600"
}