{
  "entries" : [
    {
      "identifier" : "START",
      "message" : "Running Untitled.script",
      "timestamp" : "2018-11-29 13:35:23.351 -0700"
    },
    {
      "identifier" : "EndTestCase",
      "message" : "(Duration:\"0.358331\", Errors:\"1\", Exceptions:\"0\", StartTime:\"2018-11-29 13:35:23 -0700\", Successes:\"0\", TestCase:\"Untitled.script\", Warnings:\"0\")",
      "timestamp" : "2018-11-29 13:35:23.737 -0700"
    },
    {
      "message" : "SRUN_BadValue Bad value for Object expression.  Looking for an object or script identifier, got '(Utilities\/Script3,Utilities\/Script2)'. -- Execution Time 0:00:00 Untitled.script",
      "timestamp" : "2018-11-29 13:35:24.891 -0700",
      "identifier" : "FAILURE",
      "image" : "Screen_Error.png"
    }
  ],
  "createdTimestamp" : "2018-11-29 13:35:23.379 -0700"
}