{
  "entries" : [
    {
      "identifier" : "START",
      "message" : "Running Untitled.script",
      "timestamp" : "2020-03-12 16:20:31.979 -0500"
    },
    {
      "handlerName" : "on_initialize",
      "message" : "Finding all the color",
      "timestamp" : "2020-03-12 16:20:32.089 -0500",
      "identifier" : "Log",
      "scriptName" : "",
      "handlerLine" : 2
    },
    {
      "handlerName" : "on_initialize",
      "message" : "calculating...",
      "timestamp" : "2020-03-12 16:20:32.801 -0500",
      "identifier" : "Log",
      "scriptName" : "",
      "handlerLine" : 31
    },
    {
      "handlerName" : "function_pixelmatch",
      "message" : "Pixel Count is: 2250",
      "timestamp" : "2020-03-12 16:20:32.835 -0500",
      "identifier" : "Log",
      "scriptName" : "",
      "handlerLine" : 9
    },
    {
      "handlerName" : "function_pixelmatch",
      "message" : "Still working on it...",
      "timestamp" : "2020-03-12 16:20:37.163 -0500",
      "identifier" : "Log",
      "scriptName" : "",
      "handlerLine" : 39
    },
    {
      "handlerName" : "function_pixelmatch",
      "message" : "Still working on it...",
      "timestamp" : "2020-03-12 16:20:40.522 -0500",
      "identifier" : "Log",
      "scriptName" : "",
      "handlerLine" : 39
    },
    {
      "handlerName" : "on_untitled",
      "message" : "(Defined_Blue:\"56\")",
      "timestamp" : "2020-03-12 16:20:41.278 -0500",
      "identifier" : "Log",
      "scriptName" : "Untitled.script",
      "handlerLine" : 13
    },
    {
      "identifier" : "EndTestCase",
      "message" : "(Duration:\"10.189397\", Errors:\"0\", Exceptions:\"0\", StartTime:\"2020-03-12 16:20:31 -0500\", Successes:\"1\", TestCase:\"Untitled.script\", Warnings:\"0\")",
      "timestamp" : "2020-03-12 16:20:42.171 -0500"
    },
    {
      "identifier" : "SUCCESS",
      "message" : "Execution Time 0:00:10 Untitled.script",
      "timestamp" : "2020-03-12 16:20:42.187 -0500"
    }
  ],
  "createdTimestamp" : "2020-03-12 16:20:31.981 -0500"
}