{
  "entries" : [
    {
      "identifier" : "START",
      "message" : "Running VerifyResponse.script",
      "timestamp" : "2020-08-05 10:28:54.327 -0600"
    },
    {
      "identifier" : "EndTestCase",
      "message" : "(Duration:\"1.851507\", Errors:\"0\", Exceptions:\"0\", StartTime:\"2020-08-05 10:28:54 -0600\", Successes:\"1\", TestCase:\"VerifyResponse.script\", Warnings:\"0\")",
      "timestamp" : "2020-08-05 10:28:56.181 -0600"
    },
    {
      "identifier" : "SUCCESS",
      "message" : "Execution Time 0:00:01 VerifyResponse.script",
      "timestamp" : "2020-08-05 10:28:56.195 -0600"
    }
  ],
  "createdTimestamp" : "2020-08-05 10:28:54.329 -0600"
}