{
  "entries" : [
    {
      "identifier" : "START",
      "message" : "Running Untitled1.script",
      "timestamp" : "2021-01-18 13:57:57.899 -0700"
    },
    {
      "handlerName" : "on_untitled1",
      "message" : "[255,174,206]",
      "timestamp" : "2021-01-18 13:57:57.951 -0700",
      "identifier" : "Log",
      "scriptName" : "Untitled1.script",
      "handlerLine" : 12
    },
    {
      "handlerName" : "on_untitled1",
      "message" : "[255,174,206]",
      "timestamp" : "2021-01-18 13:57:57.953 -0700",
      "identifier" : "Log",
      "scriptName" : "Untitled1.script",
      "handlerLine" : 12
    },
    {
      "handlerName" : "on_untitled1",
      "message" : "[255,174,206]",
      "timestamp" : "2021-01-18 13:57:57.954 -0700",
      "identifier" : "Log",
      "scriptName" : "Untitled1.script",
      "handlerLine" : 12
    },
    {
      "handlerName" : "on_untitled1",
      "message" : "[255,174,206]",
      "timestamp" : "2021-01-18 13:57:57.955 -0700",
      "identifier" : "Log",
      "scriptName" : "Untitled1.script",
      "handlerLine" : 12
    },
    {
      "handlerName" : "on_untitled1",
      "message" : "[255,174,206]",
      "timestamp" : "2021-01-18 13:57:57.957 -0700",
      "identifier" : "Log",
      "scriptName" : "Untitled1.script",
      "handlerLine" : 12
    },
    {
      "handlerName" : "on_untitled1",
      "message" : "[255,174,206]",
      "timestamp" : "2021-01-18 13:57:57.958 -0700",
      "identifier" : "Log",
      "scriptName" : "Untitled1.script",
      "handlerLine" : 12
    },
    {
      "handlerName" : "on_untitled1",
      "message" : "[255,174,206]",
      "timestamp" : "2021-01-18 13:57:57.959 -0700",
      "identifier" : "Log",
      "scriptName" : "Untitled1.script",
      "handlerLine" : 12
    },
    {
      "handlerName" : "on_untitled1",
      "message" : "[255,174,206]",
      "timestamp" : "2021-01-18 13:57:57.961 -0700",
      "identifier" : "Log",
      "scriptName" : "Untitled1.script",
      "handlerLine" : 12
    },
    {
      "handlerName" : "on_untitled1",
      "message" : "[255,174,206]",
      "timestamp" : "2021-01-18 13:57:57.962 -0700",
      "identifier" : "Log",
      "scriptName" : "Untitled1.script",
      "handlerLine" : 12
    },
    {
      "handlerName" : "on_untitled1",
      "message" : "[255,174,206]",
      "timestamp" : "2021-01-18 13:57:57.963 -0700",
      "identifier" : "Log",
      "scriptName" : "Untitled1.script",
      "handlerLine" : 12
    },
    {
      "handlerName" : "on_untitled1",
      "message" : "[255,174,206]",
      "timestamp" : "2021-01-18 13:57:57.965 -0700",
      "identifier" : "Log",
      "scriptName" : "Untitled1.script",
      "handlerLine" : 12
    },
    {
      "handlerName" : "on_untitled1",
      "message" : "[255,174,206]",
      "timestamp" : "2021-01-18 13:57:57.966 -0700",
      "identifier" : "Log",
      "scriptName" : "Untitled1.script",
      "handlerLine" : 12
    },
    {
      "handlerName" : "on_untitled1",
      "message" : "[255,174,206]",
      "timestamp" : "2021-01-18 13:57:57.967 -0700",
      "identifier" : "Log",
      "scriptName" : "Untitled1.script",
      "handlerLine" : 12
    },
    {
      "handlerName" : "on_untitled1",
      "message" : "[255,174,206]",
      "timestamp" : "2021-01-18 13:57:57.969 -0700",
      "identifier" : "Log",
      "scriptName" : "Untitled1.script",
      "handlerLine" : 12
    },
    {
      "handlerName" : "on_untitled1",
      "message" : "[255,174,206]",
      "timestamp" : "2021-01-18 13:57:57.970 -0700",
      "identifier" : "Log",
      "scriptName" : "Untitled1.script",
      "handlerLine" : 12
    },
    {
      "handlerName" : "on_untitled1",
      "message" : "[255,174,206]",
      "timestamp" : "2021-01-18 13:57:57.971 -0700",
      "identifier" : "Log",
      "scriptName" : "Untitled1.script",
      "handlerLine" : 12
    },
    {
      "handlerName" : "on_untitled1",
      "message" : "[255,203,8]",
      "timestamp" : "2021-01-18 13:57:57.972 -0700",
      "identifier" : "Log",
      "scriptName" : "Untitled1.script",
      "handlerLine" : 12
    },
    {
      "handlerName" : "on_untitled1",
      "message" : "[255,203,8]",
      "timestamp" : "2021-01-18 13:57:57.973 -0700",
      "identifier" : "Log",
      "scriptName" : "Untitled1.script",
      "handlerLine" : 12
    },
    {
      "handlerName" : "on_untitled1",
      "message" : "[255,203,8]",
      "timestamp" : "2021-01-18 13:57:57.974 -0700",
      "identifier" : "Log",
      "scriptName" : "Untitled1.script",
      "handlerLine" : 12
    },
    {
      "handlerName" : "on_untitled1",
      "message" : "[255,203,8]",
      "timestamp" : "2021-01-18 13:57:57.976 -0700",
      "identifier" : "Log",
      "scriptName" : "Untitled1.script",
      "handlerLine" : 12
    },
    {
      "handlerName" : "on_untitled1",
      "message" : "[255,203,8]",
      "timestamp" : "2021-01-18 13:57:57.977 -0700",
      "identifier" : "Log",
      "scriptName" : "Untitled1.script",
      "handlerLine" : 12
    },
    {
      "identifier" : "EndTestCase",
      "message" : "(Duration:\"0.188088\", Errors:\"0\", Exceptions:\"0\", StartTime:\"2021-01-18 13:57:57 -0700\", Successes:\"1\", TestCase:\"Untitled1.script\", Warnings:\"0\")",
      "timestamp" : "2021-01-18 13:57:58.088 -0700"
    },
    {
      "identifier" : "SUCCESS",
      "message" : "Execution Time 0:00:00 Untitled1.script",
      "timestamp" : "2021-01-18 13:57:58.096 -0700"
    }
  ],
  "createdTimestamp" : "2021-01-18 13:57:57.900 -0700"
}