{
  "entries" : [
    {
      "identifier" : "START",
      "message" : "Running MainFromSuite.script",
      "timestamp" : "2021-04-10 22:34:12.103 -0600"
    },
    {
      "handlerName" : "on_mainfromsuite",
      "message" : "\/Users\/ranhesse\/Documents\/Simple_Examples\/Customer HTML Reports\/Sample Suite.suite\/Results\/Workflow01\/20210301_194448.575",
      "timestamp" : "2021-04-10 22:34:12.159 -0600",
      "identifier" : "Log",
      "scriptName" : "MainFromSuite.script",
      "handlerLine" : 22
    },
    {
      "handlerName" : "on_mainfromsuite",
      "message" : "\/Users\/ranhesse\/Documents\/Simple_Examples\/Customer HTML Reports\/Sample Suite.suite\/Results\/Workflow01\/20210301_194416.595",
      "timestamp" : "2021-04-10 22:34:12.161 -0600",
      "identifier" : "Log",
      "scriptName" : "MainFromSuite.script",
      "handlerLine" : 22
    },
    {
      "handlerName" : "on_mainfromsuite",
      "message" : "\/Users\/ranhesse\/Documents\/Simple_Examples\/Customer HTML Reports\/Sample Suite.suite\/Results\/Workflow02\/20210301_201248.921",
      "timestamp" : "2021-04-10 22:34:12.164 -0600",
      "identifier" : "Log",
      "scriptName" : "MainFromSuite.script",
      "handlerLine" : 22
    },
    {
      "handlerName" : "on_mainfromsuite",
      "message" : "\/Users\/ranhesse\/Documents\/Simple_Examples\/Customer HTML Reports\/Sample Suite.suite\/Results\/Workflow02\/20210301_201300.294",
      "timestamp" : "2021-04-10 22:34:12.165 -0600",
      "identifier" : "Log",
      "scriptName" : "MainFromSuite.script",
      "handlerLine" : 22
    },
    {
      "handlerName" : "on_mainfromsuite",
      "message" : "\/Users\/ranhesse\/Documents\/Simple_Examples\/Customer HTML Reports\/Sample Suite.suite\/Results\/Workflow02\/20210301_201241.059",
      "timestamp" : "2021-04-10 22:34:12.166 -0600",
      "identifier" : "Log",
      "scriptName" : "MainFromSuite.script",
      "handlerLine" : 22
    },
    {
      "identifier" : "EndTestCase",
      "message" : "(Duration:\"0.169274\", Errors:\"0\", Exceptions:\"0\", StartTime:\"2021-04-10 22:34:12 -0600\", Successes:\"1\", TestCase:\"MainFromSuite.script\", Warnings:\"0\")",
      "timestamp" : "2021-04-10 22:34:12.274 -0600"
    },
    {
      "identifier" : "SUCCESS",
      "message" : "Execution Time 0:00:00 MainFromSuite.script",
      "timestamp" : "2021-04-10 22:34:12.283 -0600"
    }
  ],
  "createdTimestamp" : "2021-04-10 22:34:12.104 -0600"
}