{
  "entries" : [
    {
      "identifier" : "START",
      "message" : "Running AdvanceDates.script",
      "timestamp" : "2018-11-26 16:49:49.777 -0500"
    },
    {
      "handlerName" : "on_advancedates",
      "message" : "(2018-11-26,hello,2018-11-30,2018-12-02,2018-12-03,2018-12-06)",
      "timestamp" : "2018-11-26 16:49:49.826 -0500",
      "identifier" : "Log",
      "scriptName" : "AdvanceDates.script",
      "handlerLine" : 15
    },
    {
      "identifier" : "EndTestCase",
      "message" : "(Duration:\"0.325402\", Errors:\"0\", Exceptions:\"0\", StartTime:\"2018-11-26 16:49:49 -0500\", Successes:\"1\", TestCase:\"AdvanceDates.script\", Warnings:\"0\")",
      "timestamp" : "2018-11-26 16:49:50.123 -0500"
    },
    {
      "identifier" : "SUCCESS",
      "message" : "Execution Time 0:00:00 AdvanceDates.script",
      "timestamp" : "2018-11-26 16:49:50.178 -0500"
    }
  ],
  "createdTimestamp" : "2018-11-26 16:49:49.798 -0500"
}