{
  "entries" : [
    {
      "identifier" : "START",
      "message" : "Running AdvanceDates.script",
      "timestamp" : "2018-11-26 16:51:47.862 -0500"
    },
    {
      "handlerName" : "on_advancedates",
      "message" : "1",
      "timestamp" : "2018-11-26 16:51:47.953 -0500",
      "identifier" : "Log",
      "scriptName" : "AdvanceDates.script",
      "handlerLine" : 10
    },
    {
      "handlerName" : "on_advancedates",
      "message" : "(2018-11-26,hello,2018-11-30,2018-12-01,2018-12-04,2018-12-04)",
      "timestamp" : "2018-11-26 16:51:47.999 -0500",
      "identifier" : "Log",
      "scriptName" : "AdvanceDates.script",
      "handlerLine" : 14
    },
    {
      "identifier" : "EndTestCase",
      "message" : "(Duration:\"0.399225\", Errors:\"0\", Exceptions:\"0\", StartTime:\"2018-11-26 16:51:47 -0500\", Successes:\"1\", TestCase:\"AdvanceDates.script\", Warnings:\"0\")",
      "timestamp" : "2018-11-26 16:51:48.284 -0500"
    },
    {
      "identifier" : "SUCCESS",
      "message" : "Execution Time 0:00:00 AdvanceDates.script",
      "timestamp" : "2018-11-26 16:51:48.336 -0500"
    }
  ],
  "createdTimestamp" : "2018-11-26 16:51:47.885 -0500"
}