{
  "entries" : [
    {
      "identifier" : "START",
      "message" : "Running LocateObject.script",
      "timestamp" : "2020-04-27 15:57:23.667 -0600"
    },
    {
      "handlerName" : "on_locateobject",
      "message" : "(0,0,1920,964)",
      "identifier" : "capturescreen",
      "image" : "\/Users\/randyhesse\/Documents\/Simple_Examples\/facial_recognition.suite\/Resources\/InputPicture.png",
      "handlerLine" : 3,
      "timestamp" : "2020-04-27 15:57:24.219 -0600",
      "scriptName" : "LocateObject.script"
    },
    {
      "handlerName" : "on_locateobject",
      "message" : "Input Full Path InputPicture.png\\nOutput Full Path OutputPicture.png\\ndetected (940,347)-(1200,607)\\ndetected (1534,270)-(1640,376)\\ndetected (1298,224)-(1561,487)\\ndetected (346,243)-(646,543)\\n",
      "timestamp" : "2020-04-27 15:57:28.021 -0600",
      "identifier" : "Log",
      "scriptName" : "LocateObject.script",
      "handlerLine" : 22
    },
    {
      "handlerName" : "on_locateobject",
      "message" : "Could not Capture",
      "timestamp" : "2020-04-27 15:57:28.039 -0600",
      "identifier" : "Log",
      "scriptName" : "LocateObject.script",
      "handlerLine" : 36
    },
    {
      "handlerName" : "on_locateobject",
      "message" : "Could not Capture",
      "timestamp" : "2020-04-27 15:57:28.095 -0600",
      "identifier" : "Log",
      "scriptName" : "LocateObject.script",
      "handlerLine" : 36
    },
    {
      "handlerName" : "on_locateobject",
      "message" : "Could not Capture",
      "timestamp" : "2020-04-27 15:57:28.146 -0600",
      "identifier" : "Log",
      "scriptName" : "LocateObject.script",
      "handlerLine" : 36
    },
    {
      "handlerName" : "on_locateobject",
      "message" : "Could not Capture",
      "timestamp" : "2020-04-27 15:57:28.199 -0600",
      "identifier" : "Log",
      "scriptName" : "LocateObject.script",
      "handlerLine" : 36
    },
    {
      "identifier" : "EndTestCase",
      "message" : "(Duration:\"5.498509\", Errors:\"0\", Exceptions:\"0\", StartTime:\"2020-04-27 15:57:23 -0600\", Successes:\"1\", TestCase:\"LocateObject.script\", Warnings:\"0\")",
      "timestamp" : "2020-04-27 15:57:29.169 -0600"
    },
    {
      "identifier" : "SUCCESS",
      "message" : "Execution Time 0:00:05 LocateObject.script",
      "timestamp" : "2020-04-27 15:57:29.206 -0600"
    }
  ],
  "createdTimestamp" : "2020-04-27 15:57:23.669 -0600"
}