{
  "entries" : [
    {
      "identifier" : "START",
      "message" : "Running GeneratePatientAPI.script",
      "timestamp" : "2018-11-26 17:17:53.444 -0500"
    },
    {
      "handlerName" : "on_generatepatientapi",
      "message" : "PatientList",
      "timestamp" : "2018-11-26 17:17:54.024 -0500",
      "identifier" : "Log",
      "scriptName" : "GeneratePatientAPI.script",
      "handlerLine" : 21
    },
    {
      "handlerName" : "on_generatepatientapi",
      "message" : "PatientList",
      "timestamp" : "2018-11-26 17:17:54.065 -0500",
      "identifier" : "Log",
      "scriptName" : "GeneratePatientAPI.script",
      "handlerLine" : 21
    },
    {
      "identifier" : "EndTestCase",
      "message" : "(Duration:\"0.893781\", Errors:\"0\", Exceptions:\"0\", StartTime:\"2018-11-26 17:17:53 -0500\", Successes:\"1\", TestCase:\"GeneratePatientAPI.script\", Warnings:\"0\")",
      "timestamp" : "2018-11-26 17:17:54.359 -0500"
    },
    {
      "identifier" : "SUCCESS",
      "message" : "Execution Time 0:00:00 GeneratePatientAPI.script",
      "timestamp" : "2018-11-26 17:17:54.411 -0500"
    }
  ],
  "createdTimestamp" : "2018-11-26 17:17:53.465 -0500"
}