﻿<?xml version="1.0"?>
<runHistory script="CarQuoteWebDriver">
 <run>
  <RunDate>2018-11-08 09:40:43.264 -0700</RunDate>
  <Status>Success</Status>
  <Duration>8.944404</Duration>
  <Errors>0</Errors>
  <Warnings>0</Warnings>
  <Exceptions>0</Exceptions>
  <Successes>1</Successes>
  <LogFile>20181108_094043.264/LogFile.txt</LogFile>
  <ReturnValue></ReturnValue>
  <ErrorMessage></ErrorMessage>
 </run>
 <run>
  <RunDate>2018-11-08 10:18:45.524 -0700</RunDate>
  <Status>Success</Status>
  <Duration>8.383647</Duration>
  <Errors>0</Errors>
  <Warnings>0</Warnings>
  <Exceptions>0</Exceptions>
  <Successes>1</Successes>
  <LogFile>20181108_101845.524/LogFile.txt</LogFile>
  <ReturnValue></ReturnValue>
  <ErrorMessage></ErrorMessage>
 </run>
 <run>
  <RunDate>2019-05-08 15:17:51.161 -0600</RunDate>
  <Status>Failure</Status>
  <Duration>0.580514</Duration>
  <Errors>1</Errors>
  <Warnings>0</Warnings>
  <Exceptions>0</Exceptions>
  <Successes>0</Successes>
  <LogFile>20190508_151751.161/LogFile.txt</LogFile>
  <ReturnValue></ReturnValue>
  <ErrorMessage>WebDriverNotFound -- There is No Active WebDriver</ErrorMessage>
 </run>
 <run>
  <RunDate>2019-05-08 15:18:41.282 -0600</RunDate>
  <Status>Failure</Status>
  <Duration>6.852025</Duration>
  <Errors>1</Errors>
  <Warnings>0</Warnings>
  <Exceptions>1</Exceptions>
  <Successes>0</Successes>
  <LogFile>20190508_151841.282/LogFile.txt</LogFile>
  <ReturnValue></ReturnValue>
  <ErrorMessage>WebElement Not Found -- click Error - 
Unable to find the WebElement &#x27;&lt;WebElement identified by (webXPath:@&quot;//*[@id=\&quot;primary\&quot;]/div/ul[1]/li[2]/span[1]/small&quot;) – not resolved yet&gt;&#x27; on the page.</ErrorMessage>
 </run>
</runHistory>
