﻿<?xml version="1.0"?>
<runHistory script="CarQuoteWebDriver">
 <run>
  <RunDate>2018-11-08 09:40:43.264 -0700</RunDate>
  <Status>Success</Status>
  <Duration>8.944404</Duration>
  <Errors>0</Errors>
  <Warnings>0</Warnings>
  <Exceptions>0</Exceptions>
  <Successes>1</Successes>
  <LogFile>20181108_094043.264/LogFile.txt</LogFile>
  <ReturnValue></ReturnValue>
  <ErrorMessage></ErrorMessage>
 </run>
 <run>
  <RunDate>2018-11-08 10:18:45.524 -0700</RunDate>
  <Status>Success</Status>
  <Duration>8.383647</Duration>
  <Errors>0</Errors>
  <Warnings>0</Warnings>
  <Exceptions>0</Exceptions>
  <Successes>1</Successes>
  <LogFile>20181108_101845.524/LogFile.txt</LogFile>
  <ReturnValue></ReturnValue>
  <ErrorMessage></ErrorMessage>
 </run>
</runHistory>
