{
  "entries" : [
    {
      "identifier" : "START",
      "message" : "Running QA_Script.script",
      "timestamp" : "2019-04-18 16:03:24.159 -0600"
    },
    {
      "handlerName" : "on_qa_script",
      "message" : " From the QA Script",
      "timestamp" : "2019-04-18 16:03:24.264 -0600",
      "identifier" : "Log",
      "scriptName" : "QA_Script.script",
      "handlerLine" : 4
    },
    {
      "handlerName" : "on_somethinghandler",
      "message" : "Some Handler from Bacground Classes",
      "timestamp" : "2019-04-18 16:03:24.267 -0600",
      "identifier" : "Log",
      "scriptName" : "Classes\/Background_Classes.script",
      "handlerLine" : 3
    },
    {
      "handlerName" : "on_somethingotherhandler",
      "message" : "Some Handler from Eggplant Classes",
      "timestamp" : "2019-04-18 16:03:24.273 -0600",
      "identifier" : "Log",
      "scriptName" : "Classes\/Eggplant_Classes.script",
      "handlerLine" : 3
    },
    {
      "identifier" : "EndTestCase",
      "message" : "(Duration:\"0.38022\", Errors:\"0\", Exceptions:\"0\", StartTime:\"2019-04-18 16:03:24 -0600\", Successes:\"1\", TestCase:\"QA_Script.script\", Warnings:\"0\")",
      "timestamp" : "2019-04-18 16:03:24.540 -0600"
    },
    {
      "identifier" : "SUCCESS",
      "message" : "Execution Time 0:00:00 QA_Script.script",
      "timestamp" : "2019-04-18 16:03:24.556 -0600"
    }
  ],
  "createdTimestamp" : "2019-04-18 16:03:24.160 -0600"
}