{
  "entries" : [
    {
      "identifier" : "START",
      "message" : "Running Example Post.apitest",
      "timestamp" : "2020-07-13 09:37:09.774 -0600"
    },
    {
      "identifier" : "LogWarning",
      "message" : "Validation Warning: Empty request body.",
      "timestamp" : "2020-07-13 09:37:09.786 -0600"
    },
    {
      "identifier" : "EndTestCase",
      "message" : "(Duration:\"0.482891\", Errors:\"0\", Exceptions:\"0\", StartTime:\"2020-07-13 09:37:09 -0600\", Successes:\"1\", TestCase:\"Example Post.apitest\", Warnings:\"1\")",
      "timestamp" : "2020-07-13 09:37:10.258 -0600"
    },
    {
      "identifier" : "SUCCESS",
      "message" : "Execution Time 0:00:00 Example Post.apitest",
      "timestamp" : "2020-07-13 09:37:10.267 -0600"
    }
  ],
  "createdTimestamp" : "2020-07-13 09:37:09.775 -0600"
}