{
  "entries" : [
    {
      "identifier" : "START",
      "message" : "Running Script1.script",
      "timestamp" : "2020-05-14 09:18:09.364 -0600"
    },
    {
      "handlerName" : "on_script1",
      "message" : "Validation Warning: Empty request body.",
      "timestamp" : "2020-05-14 09:18:09.473 -0600",
      "identifier" : "LogWarning",
      "scriptName" : "Script1.script",
      "handlerLine" : 17
    },
    {
      "identifier" : "EndTestCase",
      "message" : "(Duration:\"11.156368\", Errors:\"1\", Exceptions:\"0\", StartTime:\"2020-05-14 09:18:09 -0600\", Successes:\"0\", TestCase:\"Script1.script\", Warnings:\"1\")",
      "timestamp" : "2020-05-14 09:18:20.522 -0600"
    },
    {
      "identifier" : "ABORTED",
      "message" : "Execution Time 0:00:11 Script1.script",
      "timestamp" : "2020-05-14 09:18:20.524 -0600"
    }
  ],
  "createdTimestamp" : "2020-05-14 09:18:09.365 -0600"
}