{
  "entries" : [
    {
      "identifier" : "START",
      "message" : "Running AdvanceDates.script",
      "timestamp" : "2018-11-26 16:47:47.052 -0500"
    },
    {
      "handlerName" : "on_advancedates",
      "message" : "1",
      "timestamp" : "2018-11-26 16:47:47.133 -0500",
      "identifier" : "Log",
      "scriptName" : "AdvanceDates.script",
      "handlerLine" : 11
    },
    {
      "handlerName" : "on_advancedates",
      "message" : "(2018-11-27,2018-11-28,2018-12-01,2018-12-01,2018-12-04)",
      "timestamp" : "2018-11-26 16:47:47.180 -0500",
      "identifier" : "Log",
      "scriptName" : "AdvanceDates.script",
      "handlerLine" : 12
    },
    {
      "identifier" : "EndTestCase",
      "message" : "(Duration:\"0.413197\", Errors:\"0\", Exceptions:\"0\", StartTime:\"2018-11-26 16:47:47 -0500\", Successes:\"1\", TestCase:\"AdvanceDates.script\", Warnings:\"0\")",
      "timestamp" : "2018-11-26 16:47:47.490 -0500"
    },
    {
      "identifier" : "SUCCESS",
      "message" : "Execution Time 0:00:00 AdvanceDates.script",
      "timestamp" : "2018-11-26 16:47:47.543 -0500"
    }
  ],
  "createdTimestamp" : "2018-11-26 16:47:47.077 -0500"
}