{
  "entries" : [
    {
      "identifier" : "START",
      "message" : "Running Example VerifyResponse.script",
      "timestamp" : "2020-08-05 10:33:55.695 -0600"
    },
    {
      "handlerName" : "on_example_verifyresponse",
      "message" : "Data from response body: {hand:\"wave\"}",
      "timestamp" : "2020-08-05 10:33:56.123 -0600",
      "identifier" : "Log",
      "scriptName" : "Example VerifyResponse.script",
      "handlerLine" : 6
    },
    {
      "handlerName" : "on_example_verifyresponse",
      "message" : "Hand was able to wave",
      "timestamp" : "2020-08-05 10:33:56.126 -0600",
      "identifier" : "LogSuccess",
      "scriptName" : "Example VerifyResponse.script",
      "handlerLine" : 11
    },
    {
      "handlerName" : "on_example_verifyresponse",
      "message" : "Assertion Succeeded: True (assertion: responseData.\"data\".\"hand\" = \"wave\"; true: wave IS equal to wave)",
      "timestamp" : "2020-08-05 10:33:56.131 -0600",
      "identifier" : "LogSuccess",
      "scriptName" : "Example VerifyResponse.script",
      "handlerLine" : 16
    },
    {
      "identifier" : "EndTestCase",
      "message" : "(Duration:\"1.642785\", Errors:\"0\", Exceptions:\"0\", StartTime:\"2020-08-05 10:33:55 -0600\", Successes:\"2\", TestCase:\"Example VerifyResponse.script\", Warnings:\"0\")",
      "timestamp" : "2020-08-05 10:33:57.340 -0600"
    },
    {
      "identifier" : "SUCCESS",
      "message" : "Execution Time 0:00:01 Example VerifyResponse.script",
      "timestamp" : "2020-08-05 10:33:57.357 -0600"
    }
  ],
  "createdTimestamp" : "2020-08-05 10:33:55.697 -0600"
}