{
  "entries" : [
    {
      "identifier" : "START",
      "message" : "Running Master.script",
      "timestamp" : "2018-11-26 12:45:15.752 -0500"
    },
    {
      "handlerName" : "on_master",
      "message" : "(Script1.script,Script2.script)",
      "timestamp" : "2018-11-26 12:45:15.863 -0500",
      "identifier" : "Log",
      "scriptName" : "Master.script",
      "handlerLine" : 8
    },
    {
      "identifier" : "EndTestCase",
      "message" : "(Duration:\"0.719063\", Errors:\"0\", Exceptions:\"0\", StartTime:\"2018-11-26 12:45:15 -0500\", Successes:\"1\", TestCase:\"Master.script\", Warnings:\"0\")",
      "timestamp" : "2018-11-26 12:45:16.493 -0500"
    },
    {
      "identifier" : "SUCCESS",
      "message" : "Execution Time 0:00:00 Master.script",
      "timestamp" : "2018-11-26 12:45:16.547 -0500"
    }
  ],
  "createdTimestamp" : "2018-11-26 12:45:15.774 -0500"
}