{
  "entries" : [
    {
      "identifier" : "START",
      "message" : "Running index Second.script",
      "timestamp" : "2018-11-28 14:34:50.783 -0500"
    },
    {
      "identifier" : "EndTestCase",
      "message" : "(Duration:\"0.734368\", Errors:\"0\", Exceptions:\"0\", StartTime:\"2018-11-28 14:34:50 -0500\", Successes:\"1\", TestCase:\"index Second.script\", Warnings:\"0\")",
      "timestamp" : "2018-11-28 14:34:51.546 -0500"
    },
    {
      "identifier" : "SUCCESS",
      "message" : "Execution Time 0:00:00 index Second.script",
      "timestamp" : "2018-11-28 14:34:51.603 -0500"
    }
  ],
  "createdTimestamp" : "2018-11-28 14:34:50.811 -0500"
}