{
  "entries" : [
    {
      "identifier" : "START",
      "message" : "Running Main02.script",
      "timestamp" : "2021-04-10 23:37:08.396 -0600"
    },
    {
      "handlerName" : "on_definelocation",
      "message" : "Overwritting Folder",
      "timestamp" : "2021-04-10 23:37:08.488 -0600",
      "identifier" : "LogWarning",
      "scriptName" : "",
      "handlerLine" : 3
    },
    {
      "handlerName" : "on_htmlreport",
      "message" : "[{Author:\"Randy Hesse\", CompanyName:\"Eggplant\", email:\"Randy.hesse@keysight.com\", Location:\"Boulder, CO\", TelephoneNumber:\"(303) 555-0614\"},{date:\"2021-03-01\", ReportStats:{capturescreen:1, click:2, endtestcase:1, log:1, start:1, success:1, typetext:6, waitfor:3}, scriptname:\"Workflow01.script\", Suitename:\"Sample Suite.suite\", time:\"19:44:16.599 -0700\", TotalSteps:16}]",
      "timestamp" : "2021-04-10 23:37:08.610 -0600",
      "identifier" : "Log",
      "scriptName" : "",
      "handlerLine" : 4
    },
    {
      "identifier" : "EndTestCase",
      "message" : "(Duration:\"0.354959\", Errors:\"1\", Exceptions:\"0\", StartTime:\"2021-04-10 23:37:08 -0600\", Successes:\"0\", TestCase:\"Main02.script\", Warnings:\"1\")",
      "timestamp" : "2021-04-10 23:37:08.752 -0600"
    },
    {
      "identifier" : "FAILURE",
      "message" : "STInvalidDate Value is not a date: '[{Author:\"Randy Hesse\", Com...' -- Execution Time 0:00:00 Main02.script",
      "timestamp" : "2021-04-10 23:37:08.762 -0600"
    }
  ],
  "createdTimestamp" : "2021-04-10 23:37:08.397 -0600"
}