{
  "entries" : [
    {
      "identifier" : "START",
      "message" : "Running Example Basic OAuth.apitest",
      "timestamp" : "2020-07-15 10:45:21.223 -0600"
    },
    {
      "identifier" : "EndTestCase",
      "message" : "(Duration:\"1.324526\", Errors:\"0\", Exceptions:\"0\", StartTime:\"2020-07-15 10:45:21 -0600\", Successes:\"1\", TestCase:\"Example Basic OAuth.apitest\", Warnings:\"0\")",
      "timestamp" : "2020-07-15 10:45:22.549 -0600"
    },
    {
      "identifier" : "SUCCESS",
      "message" : "Execution Time 0:00:01 Example Basic OAuth.apitest",
      "timestamp" : "2020-07-15 10:45:22.584 -0600"
    }
  ],
  "createdTimestamp" : "2020-07-15 10:45:21.224 -0600"
}