{
  "entries" : [
    {
      "identifier" : "START",
      "message" : "Running Master1.script",
      "timestamp" : "2018-11-29 13:56:42.751 -0700"
    },
    {
      "handlerName" : "on_five",
      "message" : "the five",
      "timestamp" : "2018-11-29 13:56:43.036 -0700",
      "identifier" : "Log",
      "scriptName" : "",
      "handlerLine" : 3
    },
    {
      "identifier" : "EndTestCase",
      "message" : "(Duration:\"0.709324\", Errors:\"0\", Exceptions:\"0\", StartTime:\"2018-11-29 13:56:42 -0700\", Successes:\"1\", TestCase:\"Master1.script\", Warnings:\"0\")",
      "timestamp" : "2018-11-29 13:56:43.503 -0700"
    },
    {
      "identifier" : "SUCCESS",
      "message" : "Execution Time 0:00:00 Master1.script",
      "timestamp" : "2018-11-29 13:56:43.573 -0700"
    }
  ],
  "createdTimestamp" : "2018-11-29 13:56:42.793 -0700"
}