﻿<?xml version="1.0" encoding="UTF-8" ?>
<runHistory script="Untitled">
 <run>
  <RunDate>2020-11-12 12:14:17.921 -0700</RunDate>
  <Status>Success</Status>
  <Duration>1.021612</Duration>
  <Errors>0</Errors>
  <Warnings>0</Warnings>
  <Exceptions>0</Exceptions>
  <Successes>1</Successes>
  <LogFile>20201112_121417.921/LogFile.txt</LogFile>
  <ReturnValue></ReturnValue>
  <ErrorMessage></ErrorMessage>
 </run>
 <run>
  <RunDate>2020-11-12 12:14:27.935 -0700</RunDate>
  <Status>Success</Status>
  <Duration>0.918186</Duration>
  <Errors>0</Errors>
  <Warnings>0</Warnings>
  <Exceptions>0</Exceptions>
  <Successes>1</Successes>
  <LogFile>20201112_121427.935/LogFile.txt</LogFile>
  <ReturnValue></ReturnValue>
  <ErrorMessage></ErrorMessage>
 </run>
</runHistory>
