{
  "entries" : [
    {
      "identifier" : "START",
      "message" : "Running Script1.script",
      "timestamp" : "2020-05-14 09:52:30.835 -0600"
    },
    {
      "identifier" : "EndTestCase",
      "message" : "(Duration:\"6.106059\", Errors:\"1\", Exceptions:\"0\", StartTime:\"2020-05-14 09:52:30 -0600\", Successes:\"0\", TestCase:\"Script1.script\", Warnings:\"0\")",
      "timestamp" : "2020-05-14 09:52:36.943 -0600"
    },
    {
      "identifier" : "ABORTED",
      "message" : "Execution Time 0:00:06 Script1.script",
      "timestamp" : "2020-05-14 09:52:36.945 -0600"
    }
  ],
  "createdTimestamp" : "2020-05-14 09:52:30.836 -0600"
}