{
  "entries" : [
    {
      "identifier" : "START",
      "message" : "Running AdvanceDates.script",
      "timestamp" : "2018-11-26 16:57:48.654 -0500"
    },
    {
      "handlerName" : "on_advancedates",
      "message" : "(2018-11-27,2018-11-29,2018-12-01,2018-12-04,2018-12-06)",
      "timestamp" : "2018-11-26 16:57:48.737 -0500",
      "identifier" : "Log",
      "scriptName" : "AdvanceDates.script",
      "handlerLine" : 18
    },
    {
      "identifier" : "EndTestCase",
      "message" : "(Duration:\"0.351434\", Errors:\"0\", Exceptions:\"0\", StartTime:\"2018-11-26 16:57:48 -0500\", Successes:\"1\", TestCase:\"AdvanceDates.script\", Warnings:\"0\")",
      "timestamp" : "2018-11-26 16:57:49.032 -0500"
    },
    {
      "identifier" : "SUCCESS",
      "message" : "Execution Time 0:00:00 AdvanceDates.script",
      "timestamp" : "2018-11-26 16:57:49.085 -0500"
    }
  ],
  "createdTimestamp" : "2018-11-26 16:57:48.680 -0500"
}