{
  "entries" : [
    {
      "identifier" : "START",
      "message" : "Running Untitled1.script",
      "timestamp" : "2018-11-29 13:42:26.127 -0700"
    },
    {
      "identifier" : "EndTestCase",
      "message" : "(Duration:\"0.581124\", Errors:\"1\", Exceptions:\"0\", StartTime:\"2018-11-29 13:42:26 -0700\", Successes:\"0\", TestCase:\"Untitled1.script\", Warnings:\"0\")",
      "timestamp" : "2018-11-29 13:42:26.745 -0700"
    },
    {
      "message" : "STUnknownMessage ERROR: No Such Command: 'five' -- Execution Time 0:00:00 Untitled1.script",
      "timestamp" : "2018-11-29 13:42:27.914 -0700",
      "identifier" : "FAILURE",
      "image" : "Screen_Error.png"
    }
  ],
  "createdTimestamp" : "2018-11-29 13:42:26.163 -0700"
}