{
  "entries" : [
    {
      "identifier" : "START",
      "message" : "Running Untitled.script",
      "timestamp" : "2018-11-29 14:24:58.416 -0700"
    },
    {
      "handlerName" : "on_untitled",
      "message" : "Script1",
      "timestamp" : "2018-11-29 14:24:58.496 -0700",
      "identifier" : "Log",
      "scriptName" : "Untitled.script",
      "handlerLine" : 12
    },
    {
      "handlerName" : "on_untitled",
      "message" : "Script3",
      "timestamp" : "2018-11-29 14:24:58.556 -0700",
      "identifier" : "Log",
      "scriptName" : "Untitled.script",
      "handlerLine" : 12
    },
    {
      "handlerName" : "on_untitled",
      "message" : "Script2",
      "timestamp" : "2018-11-29 14:24:58.622 -0700",
      "identifier" : "Log",
      "scriptName" : "Untitled.script",
      "handlerLine" : 12
    },
    {
      "identifier" : "EndTestCase",
      "message" : "(Duration:\"0.661195\", Errors:\"0\", Exceptions:\"0\", StartTime:\"2018-11-29 14:24:58 -0700\", Successes:\"1\", TestCase:\"Untitled.script\", Warnings:\"0\")",
      "timestamp" : "2018-11-29 14:24:59.107 -0700"
    },
    {
      "identifier" : "SUCCESS",
      "message" : "Execution Time 0:00:00 Untitled.script",
      "timestamp" : "2018-11-29 14:24:59.170 -0700"
    }
  ],
  "createdTimestamp" : "2018-11-29 14:24:58.446 -0700"
}