{
  "entries" : [
    {
      "identifier" : "START",
      "message" : "Running All.script",
      "timestamp" : "2018-11-20 20:51:12.625 -0500"
    },
    {
      "handlerName" : "on_index3",
      "message" : "Todays Date is 11.20.2018",
      "timestamp" : "2018-11-20 20:51:13.120 -0500",
      "identifier" : "Log",
      "scriptName" : "index3.script",
      "handlerLine" : 13
    },
    {
      "identifier" : "EndTestCase",
      "message" : "(Duration:\"1.421426\", Errors:\"0\", Exceptions:\"0\", StartTime:\"2018-11-20 20:51:12 -0500\", Successes:\"1\", TestCase:\"All.script\", Warnings:\"0\")",
      "timestamp" : "2018-11-20 20:51:14.091 -0500"
    },
    {
      "identifier" : "SUCCESS",
      "message" : "Execution Time 0:00:01 All.script",
      "timestamp" : "2018-11-20 20:51:14.156 -0500"
    }
  ],
  "createdTimestamp" : "2018-11-20 20:51:12.670 -0500"
}