﻿<?xml version="1.0"?>
<statistics>
 <script name="Read1">
  <LastStatus>Success</LastStatus>
  <NumberOfRuns>32</NumberOfRuns>
  <NumberOfFails>0</NumberOfFails>
  <FirstRun>2016-09-20 10:12:18 -0600</FirstRun>
  <LastRun>2016-11-09 16:10:00 -0700</LastRun>
  <TotalTimeOnSuccess>85.413503</TotalTimeOnSuccess>
 </script>
 <script name="Read3">
  <LastStatus>Success</LastStatus>
  <NumberOfRuns>35</NumberOfRuns>
  <NumberOfFails>5</NumberOfFails>
  <FirstRun>2016-09-20 12:29:53 -0600</FirstRun>
  <LastRun>2016-11-09 16:29:56 -0700</LastRun>
  <TotalTimeOnSuccess>98.472568</TotalTimeOnSuccess>
 </script>
 <script name="Index">
  <LastStatus>Failure</LastStatus>
  <NumberOfRuns>1</NumberOfRuns>
  <NumberOfFails>1</NumberOfFails>
  <FirstRun>2016-09-21 15:15:09 -0700</FirstRun>
  <LastRun>2016-09-21 15:15:09 -0700</LastRun>
  <TotalTimeOnSuccess>0.000000</TotalTimeOnSuccess>
 </script>
 <script name="Read5">
  <LastStatus>Success</LastStatus>
  <NumberOfRuns>2</NumberOfRuns>
  <NumberOfFails>0</NumberOfFails>
  <FirstRun>2016-11-09 16:29:22 -0700</FirstRun>
  <LastRun>2016-11-09 16:29:33 -0700</LastRun>
  <TotalTimeOnSuccess>5.406984</TotalTimeOnSuccess>
 </script>
 <script name="Read2">
  <LastStatus>Failure</LastStatus>
  <NumberOfRuns>51</NumberOfRuns>
  <NumberOfFails>18</NumberOfFails>
  <FirstRun>2016-09-20 10:21:25 -0600</FirstRun>
  <LastRun>2016-11-09 16:30:05 -0700</LastRun>
  <TotalTimeOnSuccess>162.870129</TotalTimeOnSuccess>
 </script>
 <script name="Read4">
  <LastStatus>Success</LastStatus>
  <NumberOfRuns>7</NumberOfRuns>
  <NumberOfFails>2</NumberOfFails>
  <FirstRun>2016-11-09 16:16:17 -0700</FirstRun>
  <LastRun>2016-11-09 16:29:00 -0700</LastRun>
  <TotalTimeOnSuccess>57.955653</TotalTimeOnSuccess>
 </script>
</statistics>
