{
  "entries" : [
    {
      "identifier" : "START",
      "message" : "Running Master.script",
      "timestamp" : "2018-11-26 14:25:24.713 -0500"
    },
    {
      "handlerName" : "on_three",
      "message" : "three",
      "timestamp" : "2018-11-26 14:25:24.826 -0500",
      "identifier" : "Log",
      "scriptName" : "",
      "handlerLine" : 3
    },
    {
      "identifier" : "EndTestCase",
      "message" : "(Duration:\"0.353316\", Errors:\"0\", Exceptions:\"0\", StartTime:\"2018-11-26 14:25:24 -0500\", Successes:\"1\", TestCase:\"Master.script\", Warnings:\"0\")",
      "timestamp" : "2018-11-26 14:25:25.088 -0500"
    },
    {
      "identifier" : "SUCCESS",
      "message" : "Execution Time 0:00:00 Master.script",
      "timestamp" : "2018-11-26 14:25:25.139 -0500"
    }
  ],
  "createdTimestamp" : "2018-11-26 14:25:24.735 -0500"
}