{
  "entries" : [
    {
      "identifier" : "START",
      "message" : "Running Script1.script",
      "timestamp" : "2020-05-14 09:47:00.795 -0600"
    },
    {
      "handlerName" : "on_script1",
      "message" : "{\"message\": \"Username or password incorrect\"}\\n",
      "timestamp" : "2020-05-14 09:47:01.377 -0600",
      "identifier" : "Log",
      "scriptName" : "Script1.script",
      "handlerLine" : 15
    },
    {
      "identifier" : "EndTestCase",
      "message" : "(Duration:\"0.938531\", Errors:\"0\", Exceptions:\"0\", StartTime:\"2020-05-14 09:47:00 -0600\", Successes:\"1\", TestCase:\"Script1.script\", Warnings:\"0\")",
      "timestamp" : "2020-05-14 09:47:01.736 -0600"
    },
    {
      "identifier" : "SUCCESS",
      "message" : "Execution Time 0:00:00 Script1.script",
      "timestamp" : "2020-05-14 09:47:01.742 -0600"
    }
  ],
  "createdTimestamp" : "2020-05-14 09:47:00.797 -0600"
}