{
  "entries" : [
    {
      "identifier" : "START",
      "message" : "Running Main.script",
      "timestamp" : "2020-05-29 11:15:51.625 -0600"
    },
    {
      "handlerName" : "function_locaterrectangle",
      "message" : "(1054,111,1850,549)",
      "identifier" : "capturescreen",
      "image" : "\/Users\/randyhesse\/Documents\/Simple_Examples\/AI Modeling\/facial_recognition_v2.suite\/Resources\/InputPicture.png",
      "handlerLine" : 5,
      "timestamp" : "2020-05-29 11:15:52.610 -0600",
      "scriptName" : ""
    },
    {
      "handlerName" : "on_main",
      "message" : "[[1221,154,1350,283],[1504,138,1612,246],[1571,486,1633,548],[1668,211,1782,325],[1389,320,1513,444],[1148,344,1298,494],[1522,362,1648,488],[1621,342,1768,489],[1126,405,1271,549],[1470,255,1578,363],[1143,252,1271,380]]",
      "timestamp" : "2020-05-29 11:15:57.175 -0600",
      "identifier" : "Log",
      "scriptName" : "Main.script",
      "handlerLine" : 17
    },
    {
      "handlerName" : "on_main",
      "message" : "(1221,154,1350,283)",
      "identifier" : "capturescreen",
      "image" : "1.png",
      "handlerLine" : 24,
      "timestamp" : "2020-05-29 11:15:57.674 -0600",
      "scriptName" : "Main.script"
    },
    {
      "handlerName" : "on_main",
      "message" : "(1504,138,1612,246)",
      "identifier" : "capturescreen",
      "image" : "2.png",
      "handlerLine" : 24,
      "timestamp" : "2020-05-29 11:15:58.194 -0600",
      "scriptName" : "Main.script"
    },
    {
      "handlerName" : "on_main",
      "message" : "(1571,486,1633,548)",
      "identifier" : "capturescreen",
      "image" : "3.png",
      "handlerLine" : 24,
      "timestamp" : "2020-05-29 11:15:58.717 -0600",
      "scriptName" : "Main.script"
    },
    {
      "handlerName" : "on_main",
      "message" : "(1668,211,1782,325)",
      "identifier" : "capturescreen",
      "image" : "4.png",
      "handlerLine" : 24,
      "timestamp" : "2020-05-29 11:15:59.236 -0600",
      "scriptName" : "Main.script"
    },
    {
      "handlerName" : "on_main",
      "message" : "(1389,320,1513,444)",
      "identifier" : "capturescreen",
      "image" : "5.png",
      "handlerLine" : 24,
      "timestamp" : "2020-05-29 11:15:59.755 -0600",
      "scriptName" : "Main.script"
    },
    {
      "handlerName" : "on_main",
      "message" : "(1148,344,1298,494)",
      "identifier" : "capturescreen",
      "image" : "6.png",
      "handlerLine" : 24,
      "timestamp" : "2020-05-29 11:16:00.275 -0600",
      "scriptName" : "Main.script"
    },
    {
      "handlerName" : "on_main",
      "message" : "(1522,362,1648,488)",
      "identifier" : "capturescreen",
      "image" : "7.png",
      "handlerLine" : 24,
      "timestamp" : "2020-05-29 11:16:00.804 -0600",
      "scriptName" : "Main.script"
    },
    {
      "handlerName" : "on_main",
      "message" : "(1621,342,1768,489)",
      "identifier" : "capturescreen",
      "image" : "8.png",
      "handlerLine" : 24,
      "timestamp" : "2020-05-29 11:16:00.918 -0600",
      "scriptName" : "Main.script"
    },
    {
      "handlerName" : "on_main",
      "message" : "(1126,405,1271,549)",
      "identifier" : "capturescreen",
      "image" : "9.png",
      "handlerLine" : 24,
      "timestamp" : "2020-05-29 11:16:01.433 -0600",
      "scriptName" : "Main.script"
    },
    {
      "handlerName" : "on_main",
      "message" : "(1470,255,1578,363)",
      "identifier" : "capturescreen",
      "image" : "10.png",
      "handlerLine" : 24,
      "timestamp" : "2020-05-29 11:16:01.953 -0600",
      "scriptName" : "Main.script"
    },
    {
      "handlerName" : "on_main",
      "message" : "(1143,252,1271,380)",
      "identifier" : "capturescreen",
      "image" : "11.png",
      "handlerLine" : 24,
      "timestamp" : "2020-05-29 11:16:02.475 -0600",
      "scriptName" : "Main.script"
    },
    {
      "identifier" : "EndTestCase",
      "message" : "(Duration:\"13.529909\", Errors:\"0\", Exceptions:\"0\", StartTime:\"2020-05-29 11:15:51 -0600\", Successes:\"1\", TestCase:\"Main.script\", Warnings:\"0\")",
      "timestamp" : "2020-05-29 11:16:05.158 -0600"
    },
    {
      "identifier" : "SUCCESS",
      "message" : "Execution Time 0:00:13 Main.script",
      "timestamp" : "2020-05-29 11:16:05.223 -0600"
    }
  ],
  "createdTimestamp" : "2020-05-29 11:15:51.627 -0600"
}