{
  "entries" : [
    {
      "identifier" : "START",
      "message" : "Running AmazonApp.script",
      "timestamp" : "2018-12-19 11:59:35.357 -0500"
    },
    {
      "identifier" : "EndTestCase",
      "message" : "(Duration:\"0.408435\", Errors:\"0\", Exceptions:\"0\", StartTime:\"2018-12-19 11:59:35 -0500\", Successes:\"1\", TestCase:\"AmazonApp.script\", Warnings:\"0\")",
      "timestamp" : "2018-12-19 11:59:35.798 -0500"
    },
    {
      "identifier" : "SUCCESS",
      "message" : "Execution Time 0:00:00 AmazonApp.script",
      "timestamp" : "2018-12-19 11:59:35.850 -0500"
    }
  ],
  "createdTimestamp" : "2018-12-19 11:59:35.382 -0500"
}