{
  "entries" : [
    {
      "identifier" : "START",
      "message" : "Running index.script",
      "timestamp" : "2020-03-04 15:14:44.929 -0700"
    },
    {
      "handlerName" : "on_initialize",
      "message" : "Finding all the color",
      "timestamp" : "2020-03-04 15:14:45.103 -0700",
      "identifier" : "Log",
      "scriptName" : "",
      "handlerLine" : 2
    },
    {
      "handlerName" : "on_initialize",
      "message" : "calculating...",
      "timestamp" : "2020-03-04 15:14:50.854 -0700",
      "identifier" : "Log",
      "scriptName" : "",
      "handlerLine" : 31
    },
    {
      "handlerName" : "function_pixelmatch",
      "message" : "Pixel Count is: 16641",
      "timestamp" : "2020-03-04 15:14:50.977 -0700",
      "identifier" : "Log",
      "scriptName" : "",
      "handlerLine" : 9
    },
    {
      "handlerName" : "function_pixelmatch",
      "message" : "Still working on it...",
      "timestamp" : "2020-03-04 15:14:59.925 -0700",
      "identifier" : "Log",
      "scriptName" : "",
      "handlerLine" : 37
    },
    {
      "handlerName" : "function_pixelmatch",
      "message" : "Still working on it...",
      "timestamp" : "2020-03-04 15:15:10.954 -0700",
      "identifier" : "Log",
      "scriptName" : "",
      "handlerLine" : 37
    },
    {
      "handlerName" : "function_pixelmatch",
      "message" : "Still working on it...",
      "timestamp" : "2020-03-04 15:15:20.064 -0700",
      "identifier" : "Log",
      "scriptName" : "",
      "handlerLine" : 37
    },
    {
      "handlerName" : "function_pixelmatch",
      "message" : "Still working on it...",
      "timestamp" : "2020-03-04 15:15:29.048 -0700",
      "identifier" : "Log",
      "scriptName" : "",
      "handlerLine" : 37
    },
    {
      "handlerName" : "function_pixelmatch",
      "message" : "Still working on it...",
      "timestamp" : "2020-03-04 15:15:37.957 -0700",
      "identifier" : "Log",
      "scriptName" : "",
      "handlerLine" : 37
    },
    {
      "handlerName" : "function_pixelmatch",
      "message" : "Still working on it...",
      "timestamp" : "2020-03-04 15:15:47.114 -0700",
      "identifier" : "Log",
      "scriptName" : "",
      "handlerLine" : 37
    },
    {
      "handlerName" : "function_pixelmatch",
      "message" : "Still working on it...",
      "timestamp" : "2020-03-04 15:15:57.001 -0700",
      "identifier" : "Log",
      "scriptName" : "",
      "handlerLine" : 37
    },
    {
      "handlerName" : "function_pixelmatch",
      "message" : "Still working on it...",
      "timestamp" : "2020-03-04 15:16:05.410 -0700",
      "identifier" : "Log",
      "scriptName" : "",
      "handlerLine" : 37
    },
    {
      "handlerName" : "function_pixelmatch",
      "message" : "Still working on it...",
      "timestamp" : "2020-03-04 15:16:13.702 -0700",
      "identifier" : "Log",
      "scriptName" : "",
      "handlerLine" : 37
    },
    {
      "handlerName" : "function_pixelmatch",
      "message" : "Still working on it...",
      "timestamp" : "2020-03-04 15:16:24.983 -0700",
      "identifier" : "Log",
      "scriptName" : "",
      "handlerLine" : 37
    },
    {
      "handlerName" : "function_pixelmatch",
      "message" : "Still working on it...",
      "timestamp" : "2020-03-04 15:16:34.868 -0700",
      "identifier" : "Log",
      "scriptName" : "",
      "handlerLine" : 37
    },
    {
      "handlerName" : "function_pixelmatch",
      "message" : "Still working on it...",
      "timestamp" : "2020-03-04 15:16:43.692 -0700",
      "identifier" : "Log",
      "scriptName" : "",
      "handlerLine" : 37
    },
    {
      "handlerName" : "function_pixelmatch",
      "message" : "Still working on it...",
      "timestamp" : "2020-03-04 15:16:53.407 -0700",
      "identifier" : "Log",
      "scriptName" : "",
      "handlerLine" : 37
    },
    {
      "handlerName" : "function_pixelmatch",
      "message" : "Still working on it...",
      "timestamp" : "2020-03-04 15:17:05.640 -0700",
      "identifier" : "Log",
      "scriptName" : "",
      "handlerLine" : 37
    },
    {
      "handlerName" : "function_pixelmatch",
      "message" : "Still working on it...",
      "timestamp" : "2020-03-04 15:17:17.081 -0700",
      "identifier" : "Log",
      "scriptName" : "",
      "handlerLine" : 37
    },
    {
      "handlerName" : "function_pixelmatch",
      "message" : "Still working on it...",
      "timestamp" : "2020-03-04 15:17:27.036 -0700",
      "identifier" : "Log",
      "scriptName" : "",
      "handlerLine" : 37
    },
    {
      "handlerName" : "on_index",
      "message" : "(Defined_Green:\"1233\", Defined_Orange:\"2787\", Defined_Red:\"4495\", Defined_Yellow:\"158\")",
      "timestamp" : "2020-03-04 15:17:33.244 -0700",
      "identifier" : "Log",
      "scriptName" : "index.script",
      "handlerLine" : 17
    },
    {
      "handlerName" : "on_index",
      "message" : "16641",
      "timestamp" : "2020-03-04 15:17:33.248 -0700",
      "identifier" : "Log",
      "scriptName" : "index.script",
      "handlerLine" : 20
    },
    {
      "identifier" : "EndTestCase",
      "message" : "(Duration:\"169.825791\", Errors:\"0\", Exceptions:\"0\", StartTime:\"2020-03-04 15:14:44 -0700\", Successes:\"1\", TestCase:\"index.script\", Warnings:\"0\")",
      "timestamp" : "2020-03-04 15:17:34.757 -0700"
    },
    {
      "identifier" : "SUCCESS",
      "message" : "Execution Time 0:02:49 index.script",
      "timestamp" : "2020-03-04 15:17:34.770 -0700"
    }
  ],
  "createdTimestamp" : "2020-03-04 15:14:44.930 -0700"
}