{
  "entries" : [
    {
      "identifier" : "START",
      "message" : "Running GetAuthAPI.apitest",
      "timestamp" : "2020-05-14 09:35:51.245 -0600"
    },
    {
      "identifier" : "LogWarning",
      "message" : "Validation Warning: Empty request body.",
      "timestamp" : "2020-05-14 09:35:51.256 -0600"
    },
    {
      "identifier" : "EndTestCase",
      "message" : "(Duration:\"0.575187\", Errors:\"0\", Exceptions:\"0\", StartTime:\"2020-05-14 09:35:51 -0600\", Successes:\"1\", TestCase:\"GetAuthAPI.apitest\", Warnings:\"1\")",
      "timestamp" : "2020-05-14 09:35:51.822 -0600"
    },
    {
      "identifier" : "SUCCESS",
      "message" : "Execution Time 0:00:00 GetAuthAPI.apitest",
      "timestamp" : "2020-05-14 09:35:51.830 -0600"
    }
  ],
  "createdTimestamp" : "2020-05-14 09:35:51.246 -0600"
}