{
  "entries" : [
    {
      "identifier" : "START",
      "message" : "Running MainFromSuite.script",
      "timestamp" : "2021-04-10 22:40:05.348 -0600"
    },
    {
      "handlerName" : "on_mainfromsuite",
      "message" : "\/Users\/ranhesse\/Documents\/Simple_Examples\/Customer HTML Reports\/Sample Suite.suite\/Results\/Workflow01\/20210301_194448.575\/LogFile.json",
      "timestamp" : "2021-04-10 22:40:05.406 -0600",
      "identifier" : "Log",
      "scriptName" : "MainFromSuite.script",
      "handlerLine" : 17
    },
    {
      "identifier" : "EndTestCase",
      "message" : "(Duration:\"0.178816\", Errors:\"0\", Exceptions:\"0\", StartTime:\"2021-04-10 22:40:05 -0600\", Successes:\"1\", TestCase:\"MainFromSuite.script\", Warnings:\"0\")",
      "timestamp" : "2021-04-10 22:40:05.528 -0600"
    },
    {
      "identifier" : "SUCCESS",
      "message" : "Execution Time 0:00:00 MainFromSuite.script",
      "timestamp" : "2021-04-10 22:40:05.537 -0600"
    }
  ],
  "createdTimestamp" : "2021-04-10 22:40:05.349 -0600"
}