{
  "entries" : [
    {
      "identifier" : "START",
      "message" : "Running Index.script",
      "timestamp" : "2019-02-25 11:09:15.755 -0700"
    },
    {
      "handlerName" : "on_index",
      "message" : "[windowsKey]r",
      "timestamp" : "2019-02-25 11:09:15.867 -0700",
      "identifier" : "typetext",
      "scriptName" : "Index.script",
      "handlerLine" : 3
    },
    {
      "handlerName" : "on_index",
      "message" : "putty.exe[returnKey]",
      "timestamp" : "2019-02-25 11:09:16.759 -0700",
      "identifier" : "typetext",
      "scriptName" : "Index.script",
      "handlerLine" : 4
    },
    {
      "handlerName" : "on_index",
      "message" : "found at (811, 330)",
      "identifier" : "waitfor",
      "image" : "PuTTY Window",
      "handlerLine" : 5,
      "timestamp" : "2019-02-25 11:09:17.374 -0700",
      "scriptName" : "Index.script"
    },
    {
      "handlerName" : "on_index",
      "message" : "at (940, 435)",
      "identifier" : "click",
      "image" : "HostName",
      "handlerLine" : 7,
      "timestamp" : "2019-02-25 11:09:17.944 -0700",
      "scriptName" : "Index.script"
    },
    {
      "handlerName" : "on_index",
      "message" : "test.rebex.net:22",
      "timestamp" : "2019-02-25 11:09:18.862 -0700",
      "identifier" : "typetext",
      "scriptName" : "Index.script",
      "handlerLine" : 8
    },
    {
      "handlerName" : "on_index",
      "message" : "at (1068, 471)",
      "identifier" : "click",
      "image" : "SSH",
      "handlerLine" : 9,
      "timestamp" : "2019-02-25 11:09:20.173 -0700",
      "scriptName" : "Index.script"
    },
    {
      "handlerName" : "on_index",
      "message" : "at (1042, 738)",
      "identifier" : "click",
      "image" : "Open",
      "handlerLine" : 11,
      "timestamp" : "2019-02-25 11:09:21.420 -0700",
      "scriptName" : "Index.script"
    },
    {
      "handlerName" : "on_index",
      "message" : "found at (75, 63)",
      "identifier" : "waitfor",
      "image" : "Putty Command Window",
      "handlerLine" : 13,
      "timestamp" : "2019-02-25 11:09:22.292 -0700",
      "scriptName" : "Index.script"
    },
    {
      "handlerName" : "on_index",
      "message" : "demo[returnKey]",
      "timestamp" : "2019-02-25 11:09:25.411 -0700",
      "identifier" : "typetext",
      "scriptName" : "Index.script",
      "handlerLine" : 15
    },
    {
      "handlerName" : "on_index",
      "message" : "password[returnKey]",
      "timestamp" : "2019-02-25 11:09:26.277 -0700",
      "identifier" : "typetext",
      "scriptName" : "Index.script",
      "handlerLine" : 16
    },
    {
      "handlerName" : "on_changecolors",
      "message" : "at (75, 63)",
      "identifier" : "rightclick",
      "image" : "Putty Command Window",
      "handlerLine" : 1,
      "timestamp" : "2019-02-25 11:09:28.976 -0700",
      "scriptName" : "ChangeColors.script"
    },
    {
      "handlerName" : "on_changecolors",
      "message" : "at (160, 347)",
      "identifier" : "click",
      "image" : "ChangeSettings",
      "handlerLine" : 2,
      "timestamp" : "2019-02-25 11:09:30.333 -0700",
      "scriptName" : "ChangeColors.script"
    },
    {
      "handlerName" : "on_changecolors",
      "message" : "at (796, 553)",
      "identifier" : "click",
      "image" : "Colours",
      "handlerLine" : 6,
      "timestamp" : "2019-02-25 11:09:31.600 -0700",
      "scriptName" : "ChangeColors.script"
    },
    {
      "handlerName" : "on_changecolors",
      "message" : "at (953, 596)",
      "identifier" : "click",
      "image" : "DefaultForeground",
      "handlerLine" : 7,
      "timestamp" : "2019-02-25 11:09:33.103 -0700",
      "scriptName" : "ChangeColors.script"
    },
    {
      "handlerName" : "on_changecolors",
      "message" : "at (1120, 674)",
      "identifier" : "click",
      "image" : "Modify",
      "handlerLine" : 8,
      "timestamp" : "2019-02-25 11:09:34.571 -0700",
      "scriptName" : "ChangeColors.script"
    },
    {
      "handlerName" : "on_changecolors",
      "message" : "at (760, 518)",
      "identifier" : "click",
      "image" : "Black",
      "handlerLine" : 9,
      "timestamp" : "2019-02-25 11:09:36.049 -0700",
      "scriptName" : "ChangeColors.script"
    },
    {
      "handlerName" : "on_changecolors",
      "message" : "at (781, 653)",
      "identifier" : "click",
      "image" : "OK",
      "handlerLine" : 10,
      "timestamp" : "2019-02-25 11:09:37.514 -0700",
      "scriptName" : "ChangeColors.script"
    },
    {
      "handlerName" : "on_changecolors",
      "message" : "at (956, 623)",
      "identifier" : "click",
      "image" : "DefaultBackground",
      "handlerLine" : 13,
      "timestamp" : "2019-02-25 11:09:39.005 -0700",
      "scriptName" : "ChangeColors.script"
    },
    {
      "handlerName" : "on_changecolors",
      "message" : "at (1120, 674)",
      "identifier" : "click",
      "image" : "Modify",
      "handlerLine" : 14,
      "timestamp" : "2019-02-25 11:09:40.460 -0700",
      "scriptName" : "ChangeColors.script"
    },
    {
      "handlerName" : "on_changecolors",
      "message" : "at (941, 516)",
      "identifier" : "click",
      "image" : "White",
      "handlerLine" : 15,
      "timestamp" : "2019-02-25 11:09:41.984 -0700",
      "scriptName" : "ChangeColors.script"
    },
    {
      "handlerName" : "on_changecolors",
      "message" : "at (781, 653)",
      "identifier" : "click",
      "image" : "OK",
      "handlerLine" : 16,
      "timestamp" : "2019-02-25 11:09:43.472 -0700",
      "scriptName" : "ChangeColors.script"
    },
    {
      "handlerName" : "on_changecolors",
      "message" : "at (814, 489)",
      "identifier" : "click",
      "image" : "Appearance",
      "handlerLine" : 19,
      "timestamp" : "2019-02-25 11:09:44.936 -0700",
      "scriptName" : "ChangeColors.script"
    },
    {
      "handlerName" : "on_changecolors",
      "message" : "at (1135, 519)",
      "identifier" : "click",
      "image" : "Change",
      "handlerLine" : 20,
      "timestamp" : "2019-02-25 11:09:46.412 -0700",
      "scriptName" : "ChangeColors.script"
    },
    {
      "handlerName" : "on_changecolors",
      "message" : "at (1136, 513)",
      "identifier" : "click",
      "image" : "Size",
      "handlerLine" : 21,
      "timestamp" : "2019-02-25 11:09:47.750 -0700",
      "scriptName" : "ChangeColors.script"
    },
    {
      "handlerName" : "on_changecolors",
      "message" : "18",
      "timestamp" : "2019-02-25 11:09:48.480 -0700",
      "identifier" : "typetext",
      "scriptName" : "ChangeColors.script",
      "handlerLine" : 22
    },
    {
      "handlerName" : "on_changecolors",
      "message" : "at (1049, 888)",
      "identifier" : "click",
      "image" : "OK",
      "handlerLine" : 23,
      "timestamp" : "2019-02-25 11:09:49.631 -0700",
      "scriptName" : "ChangeColors.script"
    },
    {
      "handlerName" : "on_changecolors",
      "message" : "at (1046, 740)",
      "identifier" : "click",
      "image" : "Apply",
      "handlerLine" : 27,
      "timestamp" : "2019-02-25 11:09:51.108 -0700",
      "scriptName" : "ChangeColors.script"
    },
    {
      "handlerName" : "on_readoutput",
      "message" : "at (66,56,88,77)",
      "identifier" : "imagerectangle",
      "image" : "Putty Command Window",
      "handlerLine" : 6,
      "timestamp" : "2019-02-25 11:09:52.417 -0700",
      "scriptName" : "ReadOutPut.script"
    },
    {
      "handlerName" : "on_readoutput",
      "message" : "found 1 images",
      "identifier" : "everyimagerectangle",
      "image" : "(TEXT:\"demo@\")",
      "handlerLine" : 7,
      "timestamp" : "2019-02-25 11:09:53.732 -0700",
      "scriptName" : "ReadOutPut.script"
    },
    {
      "handlerName" : "on_readoutput",
      "message" : "Could Not Open Image: (empty)",
      "timestamp" : "2019-02-25 11:09:53.785 -0700",
      "identifier" : "Exception",
      "scriptName" : "ReadOutPut.script",
      "handlerLine" : 16
    },
    {
      "identifier" : "EndTestCase",
      "message" : "(Duration:\"38.299037\", Errors:\"1\", Exceptions:\"1\", StartTime:\"2019-02-25 11:09:15 -0700\", Successes:\"0\", TestCase:\"Index.script\", Warnings:\"0\")",
      "timestamp" : "2019-02-25 11:09:54.088 -0700"
    },
    {
      "message" : "File Not Found readtext Error - Could Not Open Image: (empty) -- Execution Time 0:00:38 Index.script",
      "timestamp" : "2019-02-25 11:09:54.858 -0700",
      "identifier" : "FAILURE",
      "image" : "Screen_Error.png"
    }
  ],
  "createdTimestamp" : "2019-02-25 11:09:15.789 -0700"
}