﻿<?xml version="1.0"?>
<runHistory script="Example Get Response Headers-API">
 <run>
  <RunDate>2020-07-13 10:03:43.730 -0600</RunDate>
  <Status>Success</Status>
  <Duration>1.017691</Duration>
  <Errors>0</Errors>
  <Warnings>0</Warnings>
  <Exceptions>0</Exceptions>
  <Successes>1</Successes>
  <LogFile>20200713_100343.730/LogFile.txt</LogFile>
  <ReturnValue></ReturnValue>
  <ErrorMessage></ErrorMessage>
 </run>
 <run>
  <RunDate>2020-07-13 10:04:08.350 -0600</RunDate>
  <Status>Success</Status>
  <Duration>0.810888</Duration>
  <Errors>0</Errors>
  <Warnings>0</Warnings>
  <Exceptions>0</Exceptions>
  <Successes>1</Successes>
  <LogFile>20200713_100408.350/LogFile.txt</LogFile>
  <ReturnValue></ReturnValue>
  <ErrorMessage></ErrorMessage>
 </run>
</runHistory>
