﻿<?xml version="1.0"?>
<runHistory script="Master2">
 <run>
  <RunDate>2018-11-29 13:56:20.072 -0700</RunDate>
  <Status>Success</Status>
  <Duration>0.768086</Duration>
  <Errors>0</Errors>
  <Warnings>0</Warnings>
  <Exceptions>0</Exceptions>
  <Successes>1</Successes>
  <LogFile>20181129_135620.072/LogFile.txt</LogFile>
  <ReturnValue></ReturnValue>
  <ErrorMessage></ErrorMessage>
 </run>
 <run>
  <RunDate>2018-11-29 13:56:26.230 -0700</RunDate>
  <Status>Success</Status>
  <Duration>0.863441</Duration>
  <Errors>0</Errors>
  <Warnings>0</Warnings>
  <Exceptions>0</Exceptions>
  <Successes>1</Successes>
  <LogFile>20181129_135626.230/LogFile.txt</LogFile>
  <ReturnValue></ReturnValue>
  <ErrorMessage></ErrorMessage>
 </run>
</runHistory>
