{
  "entries" : [
    {
      "identifier" : "START",
      "message" : "Running AuthAPI2.apitest",
      "timestamp" : "2020-05-14 11:05:13.651 -0600"
    },
    {
      "identifier" : "EndTestCase",
      "message" : "(Duration:\"0.714378\", Errors:\"0\", Exceptions:\"0\", StartTime:\"2020-05-14 11:05:13 -0600\", Successes:\"1\", TestCase:\"AuthAPI2.apitest\", Warnings:\"0\")",
      "timestamp" : "2020-05-14 11:05:14.367 -0600"
    },
    {
      "identifier" : "SUCCESS",
      "message" : "Execution Time 0:00:00 AuthAPI2.apitest",
      "timestamp" : "2020-05-14 11:05:14.373 -0600"
    }
  ],
  "createdTimestamp" : "2020-05-14 11:05:13.652 -0600"
}