﻿<?xml version="1.0"?>
<runHistory script="MainSingleData">
 <run>
  <RunDate>2020-07-30 13:56:30.358 -0600</RunDate>
  <Status>Success</Status>
  <Duration>0.713001</Duration>
  <Errors>0</Errors>
  <Warnings>0</Warnings>
  <Exceptions>0</Exceptions>
  <Successes>1</Successes>
  <LogFile>20200730_135630.358/LogFile.txt</LogFile>
  <ReturnValue></ReturnValue>
  <ErrorMessage></ErrorMessage>
 </run>
 <run>
  <RunDate>2020-07-30 13:56:35.635 -0600</RunDate>
  <Status>Success</Status>
  <Duration>0.682522</Duration>
  <Errors>0</Errors>
  <Warnings>0</Warnings>
  <Exceptions>0</Exceptions>
  <Successes>1</Successes>
  <LogFile>20200730_135635.635/LogFile.txt</LogFile>
  <ReturnValue></ReturnValue>
  <ErrorMessage></ErrorMessage>
 </run>
</runHistory>
