{
  "entries" : [
    {
      "identifier" : "START",
      "message" : "Running Main.script",
      "timestamp" : "2020-04-29 15:14:24.285 -0600"
    },
    {
      "handlerName" : "function_locaterrectangle",
      "message" : "(0,0,1431,723)",
      "identifier" : "capturescreen",
      "image" : "\/Users\/randyhesse\/Documents\/Simple_Examples\/AI Modeling\/facial_recognition_v2.suite\/Resources\/InputPicture.png",
      "handlerLine" : 5,
      "timestamp" : "2020-04-29 15:14:24.942 -0600",
      "scriptName" : ""
    },
    {
      "handlerName" : "on_main",
      "message" : "[[898,200,929,231],[376,570,399,593],[608,592,641,625],[406,589,442,625],[969,422,993,446],[1001,421,1024,444],[951,421,977,447],[1306,600,1327,621],[423,239,447,263],[1129,366,1191,428],[213,266,236,289],[805,633,827,655],[793,587,874,668],[808,640,853,685]]",
      "timestamp" : "2020-04-29 15:14:34.197 -0600",
      "identifier" : "Log",
      "scriptName" : "Main.script",
      "handlerLine" : 17
    },
    {
      "handlerName" : "on_main",
      "message" : "(898,200,929,231)",
      "identifier" : "capturescreen",
      "image" : "1.png",
      "handlerLine" : 24,
      "timestamp" : "2020-04-29 15:14:34.217 -0600",
      "scriptName" : "Main.script"
    },
    {
      "handlerName" : "on_main",
      "message" : "(376,570,399,593)",
      "identifier" : "capturescreen",
      "image" : "2.png",
      "handlerLine" : 24,
      "timestamp" : "2020-04-29 15:14:34.524 -0600",
      "scriptName" : "Main.script"
    },
    {
      "handlerName" : "on_main",
      "message" : "(608,592,641,625)",
      "identifier" : "capturescreen",
      "image" : "3.png",
      "handlerLine" : 24,
      "timestamp" : "2020-04-29 15:14:34.796 -0600",
      "scriptName" : "Main.script"
    },
    {
      "handlerName" : "on_main",
      "message" : "(406,589,442,625)",
      "identifier" : "capturescreen",
      "image" : "4.png",
      "handlerLine" : 24,
      "timestamp" : "2020-04-29 15:14:35.079 -0600",
      "scriptName" : "Main.script"
    },
    {
      "handlerName" : "on_main",
      "message" : "(969,422,993,446)",
      "identifier" : "capturescreen",
      "image" : "5.png",
      "handlerLine" : 24,
      "timestamp" : "2020-04-29 15:14:35.357 -0600",
      "scriptName" : "Main.script"
    },
    {
      "handlerName" : "on_main",
      "message" : "(1001,421,1024,444)",
      "identifier" : "capturescreen",
      "image" : "6.png",
      "handlerLine" : 24,
      "timestamp" : "2020-04-29 15:14:35.635 -0600",
      "scriptName" : "Main.script"
    },
    {
      "handlerName" : "on_main",
      "message" : "(951,421,977,447)",
      "identifier" : "capturescreen",
      "image" : "7.png",
      "handlerLine" : 24,
      "timestamp" : "2020-04-29 15:14:35.925 -0600",
      "scriptName" : "Main.script"
    },
    {
      "handlerName" : "on_main",
      "message" : "(1306,600,1327,621)",
      "identifier" : "capturescreen",
      "image" : "8.png",
      "handlerLine" : 24,
      "timestamp" : "2020-04-29 15:14:36.212 -0600",
      "scriptName" : "Main.script"
    },
    {
      "handlerName" : "on_main",
      "message" : "(423,239,447,263)",
      "identifier" : "capturescreen",
      "image" : "9.png",
      "handlerLine" : 24,
      "timestamp" : "2020-04-29 15:14:36.491 -0600",
      "scriptName" : "Main.script"
    },
    {
      "handlerName" : "on_main",
      "message" : "(1129,366,1191,428)",
      "identifier" : "capturescreen",
      "image" : "10.png",
      "handlerLine" : 24,
      "timestamp" : "2020-04-29 15:14:36.779 -0600",
      "scriptName" : "Main.script"
    },
    {
      "handlerName" : "on_main",
      "message" : "(213,266,236,289)",
      "identifier" : "capturescreen",
      "image" : "11.png",
      "handlerLine" : 24,
      "timestamp" : "2020-04-29 15:14:37.075 -0600",
      "scriptName" : "Main.script"
    },
    {
      "handlerName" : "on_main",
      "message" : "(805,633,827,655)",
      "identifier" : "capturescreen",
      "image" : "12.png",
      "handlerLine" : 24,
      "timestamp" : "2020-04-29 15:14:37.356 -0600",
      "scriptName" : "Main.script"
    },
    {
      "handlerName" : "on_main",
      "message" : "(793,587,874,668)",
      "identifier" : "capturescreen",
      "image" : "13.png",
      "handlerLine" : 24,
      "timestamp" : "2020-04-29 15:14:37.637 -0600",
      "scriptName" : "Main.script"
    },
    {
      "handlerName" : "on_main",
      "message" : "(808,640,853,685)",
      "identifier" : "capturescreen",
      "image" : "14.png",
      "handlerLine" : 24,
      "timestamp" : "2020-04-29 15:14:37.950 -0600",
      "scriptName" : "Main.script"
    },
    {
      "identifier" : "EndTestCase",
      "message" : "(Duration:\"15.092617\", Errors:\"0\", Exceptions:\"0\", StartTime:\"2020-04-29 15:14:24 -0600\", Successes:\"1\", TestCase:\"Main.script\", Warnings:\"0\")",
      "timestamp" : "2020-04-29 15:14:39.380 -0600"
    },
    {
      "identifier" : "SUCCESS",
      "message" : "Execution Time 0:00:15 Main.script",
      "timestamp" : "2020-04-29 15:14:39.435 -0600"
    }
  ],
  "createdTimestamp" : "2020-04-29 15:14:24.286 -0600"
}