{
  "entries" : [
    {
      "identifier" : "START",
      "message" : "Running Example Basic OAuth.apitest",
      "timestamp" : "2020-07-13 10:27:12.995 -0600"
    },
    {
      "identifier" : "EndTestCase",
      "message" : "(Duration:\"0.950558\", Errors:\"0\", Exceptions:\"0\", StartTime:\"2020-07-13 10:27:12 -0600\", Successes:\"1\", TestCase:\"Example Basic OAuth.apitest\", Warnings:\"0\")",
      "timestamp" : "2020-07-13 10:27:13.948 -0600"
    },
    {
      "identifier" : "SUCCESS",
      "message" : "Execution Time 0:00:00 Example Basic OAuth.apitest",
      "timestamp" : "2020-07-13 10:27:13.976 -0600"
    }
  ],
  "createdTimestamp" : "2020-07-13 10:27:12.997 -0600"
}