{
  "entries" : [
    {
      "identifier" : "START",
      "message" : "Running Master2.script",
      "timestamp" : "2018-11-29 13:56:26.231 -0700"
    },
    {
      "handlerName" : "on_five",
      "message" : "the five",
      "timestamp" : "2018-11-29 13:56:26.608 -0700",
      "identifier" : "Log",
      "scriptName" : "Utilities\/Script3.script",
      "handlerLine" : 3
    },
    {
      "identifier" : "EndTestCase",
      "message" : "(Duration:\"0.815171\", Errors:\"0\", Exceptions:\"0\", StartTime:\"2018-11-29 13:56:26 -0700\", Successes:\"1\", TestCase:\"Master2.script\", Warnings:\"0\")",
      "timestamp" : "2018-11-29 13:56:27.094 -0700"
    },
    {
      "identifier" : "SUCCESS",
      "message" : "Execution Time 0:00:00 Master2.script",
      "timestamp" : "2018-11-29 13:56:27.157 -0700"
    }
  ],
  "createdTimestamp" : "2018-11-29 13:56:26.278 -0700"
}