{
  "entries" : [
    {
      "identifier" : "START",
      "message" : "Running Script1.script",
      "timestamp" : "2020-05-14 09:34:27.827 -0600"
    },
    {
      "handlerName" : "on_script1",
      "message" : "A valid token must be passed.",
      "timestamp" : "2020-05-14 09:34:28.064 -0600",
      "identifier" : "Log",
      "scriptName" : "Script1.script",
      "handlerLine" : 16
    },
    {
      "identifier" : "EndTestCase",
      "message" : "(Duration:\"0.538846\", Errors:\"0\", Exceptions:\"0\", StartTime:\"2020-05-14 09:34:27 -0600\", Successes:\"1\", TestCase:\"Script1.script\", Warnings:\"0\")",
      "timestamp" : "2020-05-14 09:34:28.367 -0600"
    },
    {
      "identifier" : "SUCCESS",
      "message" : "Execution Time 0:00:00 Script1.script",
      "timestamp" : "2020-05-14 09:34:28.378 -0600"
    }
  ],
  "createdTimestamp" : "2020-05-14 09:34:27.828 -0600"
}