{
  "entries" : [
    {
      "identifier" : "START",
      "message" : "Running Untitled1.script",
      "timestamp" : "2020-04-27 14:51:28.741 -0600"
    },
    {
      "handlerName" : "on_untitled1",
      "message" : "cd \/Users\/randyhesse\/Documents\/Simple_Examples\/facial_recognition.suite\/Resources\/ && \/usr\/local\/bin\/go run \/Users\/randyhesse\/Documents\/Simple_Examples\/facial_recognition.suite\/Resources\/FaceR.go",
      "timestamp" : "2020-04-27 14:51:28.820 -0600",
      "identifier" : "Log",
      "scriptName" : "Untitled1.script",
      "handlerLine" : 15
    },
    {
      "handlerName" : "on_untitled1",
      "timestamp" : "2020-04-27 14:51:29.250 -0600",
      "identifier" : "Log",
      "scriptName" : "Untitled1.script",
      "handlerLine" : 18
    },
    {
      "identifier" : "EndTestCase",
      "message" : "(Duration:\"0.99053\", Errors:\"0\", Exceptions:\"0\", StartTime:\"2020-04-27 14:51:28 -0600\", Successes:\"1\", TestCase:\"Untitled1.script\", Warnings:\"0\")",
      "timestamp" : "2020-04-27 14:51:29.734 -0600"
    },
    {
      "identifier" : "SUCCESS",
      "message" : "Execution Time 0:00:00 Untitled1.script",
      "timestamp" : "2020-04-27 14:51:29.749 -0600"
    }
  ],
  "createdTimestamp" : "2020-04-27 14:51:28.743 -0600"
}