{
  "entries" : [
    {
      "identifier" : "START",
      "message" : "Running GeneratePatientAPI.script",
      "timestamp" : "2018-11-26 17:15:41.590 -0500"
    },
    {
      "handlerName" : "on_generatepatientapi",
      "message" : "(@\"First Name\":\"Scott\", gender:\"male\", @\"Last Name\":\"Rivera\")",
      "timestamp" : "2018-11-26 17:15:42.812 -0500",
      "identifier" : "Log",
      "scriptName" : "GeneratePatientAPI.script",
      "handlerLine" : 28
    },
    {
      "identifier" : "EndTestCase",
      "message" : "(Duration:\"1.472565\", Errors:\"0\", Exceptions:\"0\", StartTime:\"2018-11-26 17:15:41 -0500\", Successes:\"1\", TestCase:\"GeneratePatientAPI.script\", Warnings:\"0\")",
      "timestamp" : "2018-11-26 17:15:43.086 -0500"
    },
    {
      "identifier" : "SUCCESS",
      "message" : "Execution Time 0:00:01 GeneratePatientAPI.script",
      "timestamp" : "2018-11-26 17:15:43.140 -0500"
    }
  ],
  "createdTimestamp" : "2018-11-26 17:15:41.613 -0500"
}