﻿<?xml version="1.0"?>
<runHistory script="index3">
 <run>
  <RunDate>2018-11-20 20:51:32.046 -0500</RunDate>
  <Status>Failure</Status>
  <Duration>0.537041</Duration>
  <Errors>1</Errors>
  <Warnings>0</Warnings>
  <Exceptions>0</Exceptions>
  <Successes>0</Successes>
  <LogFile>20181120_205132.046/LogFile.txt</LogFile>
  <ReturnValue></ReturnValue>
  <ErrorMessage>STCSVConnectionError -- File not found: /Users/randyhesse/Documents/Simple Examples/PatientHolding.suite/Resources/.csv</ErrorMessage>
 </run>
</runHistory>
