﻿<?xml version="1.0"?>
<runHistory script="Example4">
 <run>
  <RunDate>2017-07-05 13:11:45.648 -0600</RunDate>
  <Status>Success</Status>
  <Duration>0.746270</Duration>
  <Errors>0</Errors>
  <Warnings>0</Warnings>
  <Exceptions>0</Exceptions>
  <Successes>1</Successes>
  <LogFile>20170705_131145.648/LogFile.txt</LogFile>
  <ReturnValue></ReturnValue>
  <ErrorMessage></ErrorMessage>
 </run>
 <run>
  <RunDate>2017-07-05 13:12:17.205 -0600</RunDate>
  <Status>Success</Status>
  <Duration>0.702214</Duration>
  <Errors>0</Errors>
  <Warnings>0</Warnings>
  <Exceptions>0</Exceptions>
  <Successes>1</Successes>
  <LogFile>20170705_131217.205/LogFile.txt</LogFile>
  <ReturnValue></ReturnValue>
  <ErrorMessage></ErrorMessage>
 </run>
</runHistory>
