{
  "entries" : [
    {
      "identifier" : "START",
      "message" : "Running Script1.script",
      "timestamp" : "2020-05-14 10:13:29.189 -0600"
    },
    {
      "identifier" : "EndTestCase",
      "message" : "(Duration:\"8.100178\", Errors:\"1\", Exceptions:\"0\", StartTime:\"2020-05-14 10:13:29 -0600\", Successes:\"0\", TestCase:\"Script1.script\", Warnings:\"0\")",
      "timestamp" : "2020-05-14 10:13:37.291 -0600"
    },
    {
      "identifier" : "ABORTED",
      "message" : "Execution Time 0:00:08 Script1.script",
      "timestamp" : "2020-05-14 10:13:37.293 -0600"
    }
  ],
  "createdTimestamp" : "2020-05-14 10:13:29.190 -0600"
}