{
  "entries" : [
    {
      "identifier" : "START",
      "message" : "Running GeneratingHolds.script",
      "timestamp" : "2018-11-20 21:00:24.693 -0500"
    },
    {
      "handlerName" : "on_generatingholds",
      "message" : "2018-12-26",
      "timestamp" : "2018-11-20 21:00:24.832 -0500",
      "identifier" : "Log",
      "scriptName" : "GeneratingHolds.script",
      "handlerLine" : 13
    },
    {
      "identifier" : "EndTestCase",
      "message" : "(Duration:\"0.598154\", Errors:\"0\", Exceptions:\"0\", StartTime:\"2018-11-20 21:00:24 -0500\", Successes:\"1\", TestCase:\"GeneratingHolds.script\", Warnings:\"0\")",
      "timestamp" : "2018-11-20 21:00:25.317 -0500"
    },
    {
      "identifier" : "SUCCESS",
      "message" : "Execution Time 0:00:00 GeneratingHolds.script",
      "timestamp" : "2018-11-20 21:00:25.372 -0500"
    }
  ],
  "createdTimestamp" : "2018-11-20 21:00:24.719 -0500"
}