{
  "entries" : [
    {
      "identifier" : "START",
      "message" : "Running Example Basic OAuth.apitest",
      "timestamp" : "2020-07-13 10:24:01.601 -0600"
    },
    {
      "identifier" : "LogWarning",
      "message" : "Validation Warning: Extra HTTP: https:\/\/postman-echo.com\/oauth1 ?code=xWnkliVQJURqB2x1&grant_type=authorization_code&redirect_uri=https:\/\/www.getpostman.com\/oauth2\/callback&client_id=abc123&client_secret=ssh-secret",
      "timestamp" : "2020-07-13 10:24:01.623 -0600"
    },
    {
      "identifier" : "EndTestCase",
      "message" : "(Duration:\"1.341496\", Errors:\"0\", Exceptions:\"0\", StartTime:\"2020-07-13 10:24:01 -0600\", Successes:\"1\", TestCase:\"Example Basic OAuth.apitest\", Warnings:\"1\")",
      "timestamp" : "2020-07-13 10:24:02.945 -0600"
    },
    {
      "identifier" : "SUCCESS",
      "message" : "Execution Time 0:00:01 Example Basic OAuth.apitest",
      "timestamp" : "2020-07-13 10:24:02.970 -0600"
    }
  ],
  "createdTimestamp" : "2020-07-13 10:24:01.603 -0600"
}