{
  "entries" : [
    {
      "identifier" : "START",
      "message" : "Running Main01.script",
      "timestamp" : "2021-04-10 21:54:30.647 -0600"
    },
    {
      "handlerName" : "on_main01",
      "message" : "{ReportStats:{_capturescreen:1, _click:2, _endtestcase:1, _log:1, _start:1, _success:1, _typetext:6, _waitfor:3}, TotalSteps:16}",
      "timestamp" : "2021-04-10 21:54:30.804 -0600",
      "identifier" : "Log",
      "scriptName" : "Main01.script",
      "handlerLine" : 19
    },
    {
      "identifier" : "EndTestCase",
      "message" : "(Duration:\"0.222666\", Errors:\"0\", Exceptions:\"0\", StartTime:\"2021-04-10 21:54:30 -0600\", Successes:\"1\", TestCase:\"Main01.script\", Warnings:\"0\")",
      "timestamp" : "2021-04-10 21:54:30.870 -0600"
    },
    {
      "identifier" : "SUCCESS",
      "message" : "Execution Time 0:00:00 Main01.script",
      "timestamp" : "2021-04-10 21:54:30.878 -0600"
    }
  ],
  "createdTimestamp" : "2021-04-10 21:54:30.647 -0600"
}