﻿<?xml version="1.0"?>
<runHistory script="ePM_GetSUT-API">
 <run>
  <RunDate>2018-04-06 09:48:36.491 -0600</RunDate>
  <Status>Success</Status>
  <Duration>0.733177</Duration>
  <Errors>0</Errors>
  <Warnings>0</Warnings>
  <Exceptions>0</Exceptions>
  <Successes>1</Successes>
  <LogFile>20180406_094836.491/LogFile.txt</LogFile>
  <ReturnValue></ReturnValue>
  <ErrorMessage></ErrorMessage>
 </run>
 <run>
  <RunDate>2018-04-06 09:48:45.640 -0600</RunDate>
  <Status>Success</Status>
  <Duration>0.585886</Duration>
  <Errors>0</Errors>
  <Warnings>0</Warnings>
  <Exceptions>0</Exceptions>
  <Successes>1</Successes>
  <LogFile>20180406_094845.640/LogFile.txt</LogFile>
  <ReturnValue></ReturnValue>
  <ErrorMessage></ErrorMessage>
 </run>
</runHistory>
