{
  "entries" : [
    {
      "identifier" : "START",
      "message" : "Running Untitled.script",
      "timestamp" : "2021-04-08 13:08:34.516 -0600"
    },
    {
      "handlerName" : "on_untitled",
      "message" : "var how are you",
      "timestamp" : "2021-04-08 13:08:34.571 -0600",
      "identifier" : "Log",
      "scriptName" : "Untitled.script",
      "handlerLine" : 10
    },
    {
      "identifier" : "EndTestCase",
      "message" : "(Duration:\"0.213575\", Errors:\"0\", Exceptions:\"0\", StartTime:\"2021-04-08 13:08:34 -0600\", Successes:\"1\", TestCase:\"Untitled.script\", Warnings:\"0\")",
      "timestamp" : "2021-04-08 13:08:34.730 -0600"
    },
    {
      "identifier" : "SUCCESS",
      "message" : "Execution Time 0:00:00 Untitled.script",
      "timestamp" : "2021-04-08 13:08:34.738 -0600"
    }
  ],
  "createdTimestamp" : "2021-04-08 13:08:34.516 -0600"
}