{
  "entries" : [
    {
      "identifier" : "START",
      "message" : "Running Untitled.script",
      "timestamp" : "2020-05-14 10:38:58.810 -0600"
    },
    {
      "handlerName" : "on_untitled",
      "message" : "{description:\"\", helperSuites:[], imagesFolder:\"\/Users\/randyhesse\/Documents\/Simple_Examples\/APIExamples.suite\/Images\", name:\"APIExamples.suite\", path:\"\/Users\/randyhesse\/Documents\/Simple_Examples\/APIExamples.suite\", resultsFolder:\"\/Users\/randyhesse\/Documents\/Simple_Examples\/APIExamples.suite\/Results\", scriptsFolder:\"\/Users\/randyhesse\/Documents\/Simple_Examples\/APIExamples.suite\/Scripts\", version:2004021851}",
      "timestamp" : "2020-05-14 10:38:58.885 -0600",
      "identifier" : "Log",
      "scriptName" : "Untitled.script",
      "handlerLine" : 3
    },
    {
      "identifier" : "EndTestCase",
      "message" : "(Duration:\"0.541777\", Errors:\"0\", Exceptions:\"0\", StartTime:\"2020-05-14 10:38:58 -0600\", Successes:\"1\", TestCase:\"Untitled.script\", Warnings:\"0\")",
      "timestamp" : "2020-05-14 10:38:59.353 -0600"
    },
    {
      "identifier" : "ABORTED",
      "message" : "Execution Time 0:00:00 Untitled.script",
      "timestamp" : "2020-05-14 10:38:59.360 -0600"
    }
  ],
  "createdTimestamp" : "2020-05-14 10:38:58.811 -0600"
}