{
  "entries" : [
    {
      "identifier" : "START",
      "message" : "Running Example OverLoad API.script",
      "timestamp" : "2020-10-20 14:23:36.056 -0600"
    },
    {
      "handlerName" : "on_example_overload_api",
      "message" : "200",
      "timestamp" : "2020-10-20 14:23:36.543 -0600",
      "identifier" : "Log",
      "scriptName" : "Example OverLoad API.script",
      "handlerLine" : 17
    },
    {
      "handlerName" : "on_example_overload_api",
      "message" : "{Foot:\"shake\"}",
      "timestamp" : "2020-10-20 14:23:36.547 -0600",
      "identifier" : "Log",
      "scriptName" : "Example OverLoad API.script",
      "handlerLine" : 18
    },
    {
      "identifier" : "EndTestCase",
      "message" : "(Duration:\"1.117651\", Errors:\"0\", Exceptions:\"0\", StartTime:\"2020-10-20 14:23:36 -0600\", Successes:\"1\", TestCase:\"Example OverLoad API.script\", Warnings:\"0\")",
      "timestamp" : "2020-10-20 14:23:37.175 -0600"
    },
    {
      "identifier" : "SUCCESS",
      "message" : "Execution Time 0:00:01 Example OverLoad API.script",
      "timestamp" : "2020-10-20 14:23:37.202 -0600"
    }
  ],
  "createdTimestamp" : "2020-10-20 14:23:36.057 -0600"
}