{
  "entries" : [
    {
      "identifier" : "START",
      "message" : "Running Script1.script",
      "timestamp" : "2020-05-14 10:09:17.187 -0600"
    },
    {
      "handlerName" : "on_script1",
      "message" : "{authenticationtype:\"None\", httpmethod:\"POST\", mimeType:\"application\/json\", oauthToken:\"\", password:\"*********\", requestbody:{password:\"Spr1ng2016\", username:\"randy.hesse@eggplant.io\"}, requestbodyformat:\"Form Url Encoded\", requestheaders:\"\", responseBody:@\"{\\\"expires_in\\\": 604800, \\\"user_id\\\": \\\"d268ad02-b300-49c7-9a22-bbbc2cb75e1b\\\", \\\"token_type\\\": \\\"bearer\\\", \\\"access_token\\\": \\\"eyJ0eXAiOiJKV1QiLCJhbGciOiJIUzI1NiJ9.eyJyYW5kIjo4Njg1OTQ5NjA1MzY0NSwiaWF0IjoxNTg5NDcyNTU3LCJpc3MiOiJlZ2dwbGFudGFpLmNvbSIsInVzZXIiOnsidXNlcm5hbWUiOiJyYW5keS5oZXNzZUBlZ2dwbGFudC5pbyJ9LCJleHAiOjE1OTAwNzczNTd9.oV2qz6y_1H7127f0o_7XEwBptbWCNRgWjRub3qxp3jw\\\"}\\n\", responseCookies:{:}, responseHeaders:{@\"Access-Control-Allow-Origin\":\"*\", Connection:\"keep-alive\", @\"Content-Encoding\":\"gzip\", @\"Content-Type\":\"application\/json\", Date:\"Thu, 14 May 2020 16:09:17 GMT\", Server:\"openresty\/1.15.8.2\", @\"Strict-Transport-Security\":\"max-age=15724800; includeSubDomains\", @\"Transfer-Encoding\":\"Identity\", Vary:\"Accept-Encoding\"}, responseTime:0.21604, statusCode:200, url:\"https:\/\/eval.ai.eggplant.cloud\/ai\/auth\", username:\"\"}",
      "timestamp" : "2020-05-14 10:09:17.506 -0600",
      "identifier" : "Log",
      "scriptName" : "Script1.script",
      "handlerLine" : 14
    },
    {
      "identifier" : "EndTestCase",
      "message" : "(Duration:\"0.756194\", Errors:\"0\", Exceptions:\"0\", StartTime:\"2020-05-14 10:09:17 -0600\", Successes:\"1\", TestCase:\"Script1.script\", Warnings:\"0\")",
      "timestamp" : "2020-05-14 10:09:17.945 -0600"
    },
    {
      "identifier" : "SUCCESS",
      "message" : "Execution Time 0:00:00 Script1.script",
      "timestamp" : "2020-05-14 10:09:17.952 -0600"
    }
  ],
  "createdTimestamp" : "2020-05-14 10:09:17.188 -0600"
}