{
  "entries" : [
    {
      "identifier" : "START",
      "message" : "Running Master.script",
      "timestamp" : "2018-11-26 13:13:41.415 -0500"
    },
    {
      "identifier" : "EndTestCase",
      "message" : "(Duration:\"0.778231\", Errors:\"1\", Exceptions:\"0\", StartTime:\"2018-11-26 13:13:41 -0500\", Successes:\"0\", TestCase:\"Master.script\", Warnings:\"0\")",
      "timestamp" : "2018-11-26 13:13:42.220 -0500"
    },
    {
      "message" : "STUnknownMessage ERROR: No Such Command: 'five' -- Execution Time 0:00:00 Master.script",
      "timestamp" : "2018-11-26 13:13:43.674 -0500",
      "identifier" : "FAILURE",
      "image" : "Screen_Error.png"
    }
  ],
  "createdTimestamp" : "2018-11-26 13:13:41.441 -0500"
}