{
  "entries" : [
    {
      "identifier" : "START",
      "message" : "Running Example Basic OAuth.apitest",
      "timestamp" : "2020-07-13 10:19:04.571 -0600"
    },
    {
      "identifier" : "EndTestCase",
      "message" : "(Duration:\"1.066249\", Errors:\"0\", Exceptions:\"0\", StartTime:\"2020-07-13 10:19:04 -0600\", Successes:\"1\", TestCase:\"Example Basic OAuth.apitest\", Warnings:\"0\")",
      "timestamp" : "2020-07-13 10:19:05.639 -0600"
    },
    {
      "identifier" : "SUCCESS",
      "message" : "Execution Time 0:00:01 Example Basic OAuth.apitest",
      "timestamp" : "2020-07-13 10:19:05.661 -0600"
    }
  ],
  "createdTimestamp" : "2020-07-13 10:19:04.572 -0600"
}