{
  "entries" : [
    {
      "identifier" : "START",
      "message" : "Running GeneratePatientAPI.script",
      "timestamp" : "2018-11-26 17:18:45.882 -0500"
    },
    {
      "handlerName" : "on_generatepatientapi",
      "message" : "((@\"Date of Birth\":\"1995-02-06\", @\"First Name\":\"Cynthia\", Gender:\"female\", @\"Last Name\":\"Chapman\", @\"Middle Name\":\"O\"),(@\"Date of Birth\":\"2007-04-11\", @\"First Name\":\"David\", Gender:\"male\", @\"Last Name\":\"Wheeler\", @\"Middle Name\":\"M\"))",
      "timestamp" : "2018-11-26 17:18:46.466 -0500",
      "identifier" : "Log",
      "scriptName" : "GeneratePatientAPI.script",
      "handlerLine" : 38
    },
    {
      "identifier" : "EndTestCase",
      "message" : "(Duration:\"0.882022\", Errors:\"0\", Exceptions:\"0\", StartTime:\"2018-11-26 17:18:45 -0500\", Successes:\"1\", TestCase:\"GeneratePatientAPI.script\", Warnings:\"0\")",
      "timestamp" : "2018-11-26 17:18:46.787 -0500"
    },
    {
      "identifier" : "SUCCESS",
      "message" : "Execution Time 0:00:00 GeneratePatientAPI.script",
      "timestamp" : "2018-11-26 17:18:46.841 -0500"
    }
  ],
  "createdTimestamp" : "2018-11-26 17:18:45.905 -0500"
}