{
  "entries" : [
    {
      "identifier" : "START",
      "message" : "Running Script1.script",
      "timestamp" : "2020-05-14 10:10:56.641 -0600"
    },
    {
      "identifier" : "EndTestCase",
      "message" : "(Duration:\"34.147385\", Errors:\"1\", Exceptions:\"0\", StartTime:\"2020-05-14 10:10:56 -0600\", Successes:\"0\", TestCase:\"Script1.script\", Warnings:\"0\")",
      "timestamp" : "2020-05-14 10:11:30.790 -0600"
    },
    {
      "identifier" : "ABORTED",
      "message" : "Execution Time 0:00:34 Script1.script",
      "timestamp" : "2020-05-14 10:11:30.792 -0600"
    }
  ],
  "createdTimestamp" : "2020-05-14 10:10:56.642 -0600"
}