{
  "entries" : [
    {
      "identifier" : "START",
      "message" : "Running GeneratingHolds.script",
      "timestamp" : "2018-11-20 21:01:10.056 -0500"
    },
    {
      "handlerName" : "on_generatingholds",
      "message" : "2018-11-26",
      "timestamp" : "2018-11-20 21:01:10.112 -0500",
      "identifier" : "Log",
      "scriptName" : "GeneratingHolds.script",
      "handlerLine" : 14
    },
    {
      "identifier" : "EndTestCase",
      "message" : "(Duration:\"0.542535\", Errors:\"0\", Exceptions:\"0\", StartTime:\"2018-11-20 21:01:10 -0500\", Successes:\"1\", TestCase:\"GeneratingHolds.script\", Warnings:\"0\")",
      "timestamp" : "2018-11-20 21:01:10.626 -0500"
    },
    {
      "identifier" : "SUCCESS",
      "message" : "Execution Time 0:00:00 GeneratingHolds.script",
      "timestamp" : "2018-11-20 21:01:10.687 -0500"
    }
  ],
  "createdTimestamp" : "2018-11-20 21:01:10.083 -0500"
}