{
  "entries" : [
    {
      "identifier" : "START",
      "message" : "Running GeneratingHolds.script",
      "timestamp" : "2018-11-20 21:00:54.798 -0500"
    },
    {
      "handlerName" : "on_generatingholds",
      "message" : "2018-11-30",
      "timestamp" : "2018-11-20 21:00:54.923 -0500",
      "identifier" : "Log",
      "scriptName" : "GeneratingHolds.script",
      "handlerLine" : 14
    },
    {
      "identifier" : "EndTestCase",
      "message" : "(Duration:\"0.63652\", Errors:\"0\", Exceptions:\"0\", StartTime:\"2018-11-20 21:00:54 -0500\", Successes:\"1\", TestCase:\"GeneratingHolds.script\", Warnings:\"0\")",
      "timestamp" : "2018-11-20 21:00:55.464 -0500"
    },
    {
      "identifier" : "SUCCESS",
      "message" : "Execution Time 0:00:00 GeneratingHolds.script",
      "timestamp" : "2018-11-20 21:00:55.522 -0500"
    }
  ],
  "createdTimestamp" : "2018-11-20 21:00:54.827 -0500"
}