{
  "entries" : [
    {
      "identifier" : "START",
      "message" : "Running Untitled.apitest",
      "timestamp" : "2020-05-14 15:50:11.378 -0600"
    },
    {
      "identifier" : "EndTestCase",
      "message" : "(Duration:\"1.036041\", Errors:\"0\", Exceptions:\"0\", StartTime:\"2020-05-14 15:50:11 -0600\", Successes:\"1\", TestCase:\"Untitled.apitest\", Warnings:\"0\")",
      "timestamp" : "2020-05-14 15:50:12.417 -0600"
    },
    {
      "identifier" : "SUCCESS",
      "message" : "Execution Time 0:00:01 Untitled.apitest",
      "timestamp" : "2020-05-14 15:50:12.571 -0600"
    }
  ],
  "createdTimestamp" : "2020-05-14 15:50:11.380 -0600"
}