{
  "entries" : [
    {
      "identifier" : "START",
      "message" : "Running index3.script",
      "timestamp" : "2018-11-20 20:46:57.267 -0500"
    },
    {
      "identifier" : "EndTestCase",
      "message" : "(Duration:\"0.714478\", Errors:\"0\", Exceptions:\"0\", StartTime:\"2018-11-20 20:46:57 -0500\", Successes:\"1\", TestCase:\"index3.script\", Warnings:\"0\")",
      "timestamp" : "2018-11-20 20:46:58.019 -0500"
    },
    {
      "identifier" : "SUCCESS",
      "message" : "Execution Time 0:00:00 index3.script",
      "timestamp" : "2018-11-20 20:46:58.076 -0500"
    }
  ],
  "createdTimestamp" : "2018-11-20 20:46:57.305 -0500"
}