{
  "entries" : [
    {
      "identifier" : "START",
      "message" : "Running AdvanceDates.script",
      "timestamp" : "2019-02-27 13:25:51.349 -0700"
    },
    {
      "handlerName" : "on_advancedates",
      "message" : "(2019-02-28,2019-02-28,,2019-03-08,)",
      "timestamp" : "2019-02-27 13:25:51.453 -0700",
      "identifier" : "Log",
      "scriptName" : "AdvanceDates.script",
      "handlerLine" : 18
    },
    {
      "identifier" : "EndTestCase",
      "message" : "(Duration:\"0.459454\", Errors:\"0\", Exceptions:\"0\", StartTime:\"2019-02-27 13:25:51 -0700\", Successes:\"1\", TestCase:\"AdvanceDates.script\", Warnings:\"0\")",
      "timestamp" : "2019-02-27 13:25:51.810 -0700"
    },
    {
      "identifier" : "SUCCESS",
      "message" : "Execution Time 0:00:00 AdvanceDates.script",
      "timestamp" : "2019-02-27 13:25:51.831 -0700"
    }
  ],
  "createdTimestamp" : "2019-02-27 13:25:51.350 -0700"
}