{
  "entries" : [
    {
      "identifier" : "START",
      "message" : "Running Main02.script",
      "timestamp" : "2021-04-09 14:15:23.343 -0600"
    },
    {
      "handlerName" : "on_definelocation",
      "message" : "Overwritting Folder",
      "timestamp" : "2021-04-09 14:15:23.505 -0600",
      "identifier" : "LogWarning",
      "scriptName" : "",
      "handlerLine" : 3
    },
    {
      "identifier" : "EndTestCase",
      "message" : "(Duration:\"0.251968\", Errors:\"0\", Exceptions:\"0\", StartTime:\"2021-04-09 14:15:23 -0600\", Successes:\"1\", TestCase:\"Main02.script\", Warnings:\"1\")",
      "timestamp" : "2021-04-09 14:15:23.596 -0600"
    },
    {
      "identifier" : "SUCCESS",
      "message" : "Execution Time 0:00:00 Main02.script",
      "timestamp" : "2021-04-09 14:15:23.604 -0600"
    }
  ],
  "createdTimestamp" : "2021-04-09 14:15:23.344 -0600"
}