{
  "entries" : [
    {
      "identifier" : "START",
      "message" : "Running Untitled.script",
      "timestamp" : "2018-11-29 14:02:21.921 -0700"
    },
    {
      "handlerName" : "on_one",
      "message" : " the one",
      "timestamp" : "2018-11-29 14:02:22.037 -0700",
      "identifier" : "Log",
      "scriptName" : "",
      "handlerLine" : 3
    },
    {
      "identifier" : "EndTestCase",
      "message" : "(Duration:\"0.561514\", Errors:\"0\", Exceptions:\"0\", StartTime:\"2018-11-29 14:02:21 -0700\", Successes:\"1\", TestCase:\"Untitled.script\", Warnings:\"0\")",
      "timestamp" : "2018-11-29 14:02:22.528 -0700"
    },
    {
      "identifier" : "SUCCESS",
      "message" : "Execution Time 0:00:00 Untitled.script",
      "timestamp" : "2018-11-29 14:02:22.603 -0700"
    }
  ],
  "createdTimestamp" : "2018-11-29 14:02:21.966 -0700"
}