{
  "entries" : [
    {
      "identifier" : "START",
      "message" : "Running Exampel Get Headers.apitest",
      "timestamp" : "2020-07-13 10:01:06.994 -0600"
    },
    {
      "identifier" : "EndTestCase",
      "message" : "(Duration:\"1.104504\", Errors:\"0\", Exceptions:\"0\", StartTime:\"2020-07-13 10:01:06 -0600\", Successes:\"1\", TestCase:\"Exampel Get Headers.apitest\", Warnings:\"0\")",
      "timestamp" : "2020-07-13 10:01:08.101 -0600"
    },
    {
      "identifier" : "SUCCESS",
      "message" : "Execution Time 0:00:01 Exampel Get Headers.apitest",
      "timestamp" : "2020-07-13 10:01:08.115 -0600"
    }
  ],
  "createdTimestamp" : "2020-07-13 10:01:06.996 -0600"
}