{
  "entries" : [
    {
      "identifier" : "START",
      "message" : "Running Master.script",
      "timestamp" : "2018-11-26 13:07:56.703 -0500"
    },
    {
      "identifier" : "EndTestCase",
      "message" : "(Duration:\"0.617173\", Errors:\"1\", Exceptions:\"0\", StartTime:\"2018-11-26 13:07:56 -0500\", Successes:\"0\", TestCase:\"Master.script\", Warnings:\"0\")",
      "timestamp" : "2018-11-26 13:07:57.347 -0500"
    },
    {
      "message" : "SRUN_BadValue Bad value for Object expression.  Looking for an object or script identifier, got '(Utilities\/Script1,Utilities\/Script3)'. -- Execution Time 0:00:00 Master.script",
      "timestamp" : "2018-11-26 13:07:58.804 -0500",
      "identifier" : "FAILURE",
      "image" : "Screen_Error.png"
    }
  ],
  "createdTimestamp" : "2018-11-26 13:07:56.729 -0500"
}