{
  "entries" : [
    {
      "handlerName" : "on_master",
      "message" : "Test End",
      "timestamp" : "2019-04-18 16:05:18.694 -0600",
      "identifier" : "Log",
      "scriptName" : "Master.script",
      "handlerLine" : 23
    },
    {
      "identifier" : "EndTestCase",
      "message" : "(Duration:\"0.454142\", Errors:\"0\", Exceptions:\"0\", StartTime:\"2019-04-18 16:05:18 -0600\", Successes:\"3\", TestCase:\"Master.script\", Warnings:\"0\")",
      "timestamp" : "2019-04-18 16:05:18.979 -0600"
    },
    {
      "identifier" : "SUCCESS",
      "message" : "Execution Time 0:00:00 Master.script",
      "timestamp" : "2019-04-18 16:05:18.995 -0600"
    }
  ],
  "createdTimestamp" : "2019-04-18 16:05:18.695 -0600"
}