{
  "entries" : [
    {
      "identifier" : "START",
      "message" : "Running Untitled.apitest",
      "timestamp" : "2020-05-14 15:53:52.368 -0600"
    },
    {
      "identifier" : "EndTestCase",
      "message" : "(Duration:\"1.192388\", Errors:\"0\", Exceptions:\"0\", StartTime:\"2020-05-14 15:53:52 -0600\", Successes:\"1\", TestCase:\"Untitled.apitest\", Warnings:\"0\")",
      "timestamp" : "2020-05-14 15:53:53.562 -0600"
    },
    {
      "identifier" : "SUCCESS",
      "message" : "Execution Time 0:00:01 Untitled.apitest",
      "timestamp" : "2020-05-14 15:53:53.583 -0600"
    }
  ],
  "createdTimestamp" : "2020-05-14 15:53:52.369 -0600"
}