{
  "entries" : [
    {
      "identifier" : "START",
      "message" : "Running Master.script",
      "timestamp" : "2018-11-26 13:13:36.089 -0500"
    },
    {
      "handlerName" : "on_two",
      "message" : "two",
      "timestamp" : "2018-11-26 13:13:36.229 -0500",
      "identifier" : "Log",
      "scriptName" : "",
      "handlerLine" : 3
    },
    {
      "identifier" : "EndTestCase",
      "message" : "(Duration:\"0.820007\", Errors:\"0\", Exceptions:\"0\", StartTime:\"2018-11-26 13:13:36 -0500\", Successes:\"1\", TestCase:\"Master.script\", Warnings:\"0\")",
      "timestamp" : "2018-11-26 13:13:36.937 -0500"
    },
    {
      "identifier" : "SUCCESS",
      "message" : "Execution Time 0:00:00 Master.script",
      "timestamp" : "2018-11-26 13:13:36.987 -0500"
    }
  ],
  "createdTimestamp" : "2018-11-26 13:13:36.117 -0500"
}