{
  "entries" : [
    {
      "identifier" : "START",
      "message" : "Running MainFromSuite.script",
      "timestamp" : "2021-04-10 22:32:44.590 -0600"
    },
    {
      "handlerName" : "on_mainfromsuite",
      "message" : "20210301_194448.575",
      "timestamp" : "2021-04-10 22:32:44.647 -0600",
      "identifier" : "Log",
      "scriptName" : "MainFromSuite.script",
      "handlerLine" : 22
    },
    {
      "handlerName" : "on_mainfromsuite",
      "message" : "20210301_194416.595",
      "timestamp" : "2021-04-10 22:32:44.648 -0600",
      "identifier" : "Log",
      "scriptName" : "MainFromSuite.script",
      "handlerLine" : 22
    },
    {
      "handlerName" : "on_mainfromsuite",
      "message" : "20210301_201248.921",
      "timestamp" : "2021-04-10 22:32:44.651 -0600",
      "identifier" : "Log",
      "scriptName" : "MainFromSuite.script",
      "handlerLine" : 22
    },
    {
      "handlerName" : "on_mainfromsuite",
      "message" : "20210301_201300.294",
      "timestamp" : "2021-04-10 22:32:44.652 -0600",
      "identifier" : "Log",
      "scriptName" : "MainFromSuite.script",
      "handlerLine" : 22
    },
    {
      "handlerName" : "on_mainfromsuite",
      "message" : "20210301_201241.059",
      "timestamp" : "2021-04-10 22:32:44.653 -0600",
      "identifier" : "Log",
      "scriptName" : "MainFromSuite.script",
      "handlerLine" : 22
    },
    {
      "identifier" : "EndTestCase",
      "message" : "(Duration:\"0.169079\", Errors:\"0\", Exceptions:\"0\", StartTime:\"2021-04-10 22:32:44 -0600\", Successes:\"1\", TestCase:\"MainFromSuite.script\", Warnings:\"0\")",
      "timestamp" : "2021-04-10 22:32:44.761 -0600"
    },
    {
      "identifier" : "SUCCESS",
      "message" : "Execution Time 0:00:00 MainFromSuite.script",
      "timestamp" : "2021-04-10 22:32:44.771 -0600"
    }
  ],
  "createdTimestamp" : "2021-04-10 22:32:44.591 -0600"
}