{
  "entries" : [
    {
      "identifier" : "START",
      "message" : "Running Master.script",
      "timestamp" : "2018-11-26 13:08:09.246 -0500"
    },
    {
      "identifier" : "EndTestCase",
      "message" : "(Duration:\"0.781817\", Errors:\"1\", Exceptions:\"0\", StartTime:\"2018-11-26 13:08:09 -0500\", Successes:\"0\", TestCase:\"Master.script\", Warnings:\"0\")",
      "timestamp" : "2018-11-26 13:08:10.063 -0500"
    },
    {
      "message" : "STUnknownMessage ERROR: No Such Command: 'one' -- Execution Time 0:00:00 Master.script",
      "timestamp" : "2018-11-26 13:08:11.545 -0500",
      "identifier" : "FAILURE",
      "image" : "Screen_Error.png"
    }
  ],
  "createdTimestamp" : "2018-11-26 13:08:09.281 -0500"
}