﻿<?xml version="1.0"?>
<runHistory script="ReadOutPut">
 <run>
  <RunDate>2019-03-18 09:39:31.021 -0600</RunDate>
  <Status>Failure</Status>
  <Duration>2.835429</Duration>
  <Errors>1</Errors>
  <Warnings>0</Warnings>
  <Exceptions>1</Exceptions>
  <Successes>0</Successes>
  <LogFile>20190318_093931.021/LogFile.txt</LogFile>
  <ReturnValue></ReturnValue>
  <ErrorMessage>File Not Found -- readtext Error - Could Not Open Image: (empty)</ErrorMessage>
 </run>
 <run>
  <RunDate>2019-03-18 09:39:40.984 -0600</RunDate>
  <Status>Success</Status>
  <Duration>3.224176</Duration>
  <Errors>0</Errors>
  <Warnings>0</Warnings>
  <Exceptions>0</Exceptions>
  <Successes>1</Successes>
  <LogFile>20190318_093940.984/LogFile.txt</LogFile>
  <ReturnValue></ReturnValue>
  <ErrorMessage></ErrorMessage>
 </run>
 <run>
  <RunDate>2019-03-18 09:40:01.897 -0600</RunDate>
  <Status>Success</Status>
  <Duration>4.250336</Duration>
  <Errors>0</Errors>
  <Warnings>0</Warnings>
  <Exceptions>0</Exceptions>
  <Successes>1</Successes>
  <LogFile>20190318_094001.897/LogFile.txt</LogFile>
  <ReturnValue></ReturnValue>
  <ErrorMessage></ErrorMessage>
 </run>
 <run>
  <RunDate>2019-03-18 09:40:15.765 -0600</RunDate>
  <Status>Success</Status>
  <Duration>4.212569</Duration>
  <Errors>0</Errors>
  <Warnings>0</Warnings>
  <Exceptions>0</Exceptions>
  <Successes>1</Successes>
  <LogFile>20190318_094015.765/LogFile.txt</LogFile>
  <ReturnValue></ReturnValue>
  <ErrorMessage></ErrorMessage>
 </run>
</runHistory>
