﻿Date Run,Status,Time,# of Errors,# of Warnings,# of Exceptions,Log File,Return Value,Error Message,# of Successes
2019-03-18 09:39:31.021 -0600,"Failure",0:00:02,1,0,1,"20190318_093931.021/LogFile.txt","","File Not Found -- readtext Error - Could Not Open Image: (empty)",0
2019-03-18 09:39:40.984 -0600,"Success",0:00:03,0,0,0,"20190318_093940.984/LogFile.txt","","",1
2019-03-18 09:40:01.897 -0600,"Success",0:00:04,0,0,0,"20190318_094001.897/LogFile.txt","","",1
2019-03-18 09:40:15.765 -0600,"Success",0:00:04,0,0,0,"20190318_094015.765/LogFile.txt","","",1
