﻿Date Run,Status,Time,# of Errors,# of Warnings,# of Exceptions,Log File,Return Value,Error Message,# of Successes
2018-11-29 13:37:42.879 -0700,"Success",0:00:00,0,0,0,"20181129_133742.879/LogFile.txt","","",1
2018-11-29 13:38:09.349 -0700,"Failure",0:00:00,1,0,0,"20181129_133809.349/LogFile.txt","","STUnknownMessage -- ERROR: No Such Command: 'five'",0
2018-11-29 13:39:11.877 -0700,"Failure",0:00:00,1,0,0,"20181129_133911.877/LogFile.txt","","STUnknownMessage -- ERROR: No Such Command: 'five'",0
2018-11-29 13:40:09.766 -0700,"Success",0:00:00,0,0,0,"20181129_134009.766/LogFile.txt","","",1
2018-11-29 13:42:26.126 -0700,"Failure",0:00:00,1,0,0,"20181129_134226.126/LogFile.txt","","STUnknownMessage -- ERROR: No Such Command: 'five'",0
2018-11-29 13:42:45.061 -0700,"Failure",0:00:00,1,0,0,"20181129_134245.061/LogFile.txt","","STUnknownMessage -- ERROR: No Such Command: 'five'",0
2018-11-29 13:42:55.153 -0700,"Success",0:00:00,0,0,0,"20181129_134255.153/LogFile.txt","","",1
2018-11-29 13:56:38.097 -0700,"Success",0:00:00,0,0,0,"20181129_135638.097/LogFile.txt","","",1
2018-11-29 13:56:42.749 -0700,"Success",0:00:00,0,0,0,"20181129_135642.749/LogFile.txt","","",1
