﻿<?xml version="1.0"?>
<runHistory script="Untitled1">
 <run>
  <RunDate>2018-11-29 13:37:42.879 -0700</RunDate>
  <Status>Success</Status>
  <Duration>0.750389</Duration>
  <Errors>0</Errors>
  <Warnings>0</Warnings>
  <Exceptions>0</Exceptions>
  <Successes>1</Successes>
  <LogFile>20181129_133742.879/LogFile.txt</LogFile>
  <ReturnValue></ReturnValue>
  <ErrorMessage></ErrorMessage>
 </run>
 <run>
  <RunDate>2018-11-29 13:38:09.349 -0700</RunDate>
  <Status>Failure</Status>
  <Duration>0.635392</Duration>
  <Errors>1</Errors>
  <Warnings>0</Warnings>
  <Exceptions>0</Exceptions>
  <Successes>0</Successes>
  <LogFile>20181129_133809.349/LogFile.txt</LogFile>
  <ReturnValue></ReturnValue>
  <ErrorMessage>STUnknownMessage -- ERROR: No Such Command: &#x27;five&#x27;</ErrorMessage>
 </run>
 <run>
  <RunDate>2018-11-29 13:39:11.877 -0700</RunDate>
  <Status>Failure</Status>
  <Duration>0.600947</Duration>
  <Errors>1</Errors>
  <Warnings>0</Warnings>
  <Exceptions>0</Exceptions>
  <Successes>0</Successes>
  <LogFile>20181129_133911.877/LogFile.txt</LogFile>
  <ReturnValue></ReturnValue>
  <ErrorMessage>STUnknownMessage -- ERROR: No Such Command: &#x27;five&#x27;</ErrorMessage>
 </run>
 <run>
  <RunDate>2018-11-29 13:40:09.766 -0700</RunDate>
  <Status>Success</Status>
  <Duration>0.756361</Duration>
  <Errors>0</Errors>
  <Warnings>0</Warnings>
  <Exceptions>0</Exceptions>
  <Successes>1</Successes>
  <LogFile>20181129_134009.766/LogFile.txt</LogFile>
  <ReturnValue></ReturnValue>
  <ErrorMessage></ErrorMessage>
 </run>
 <run>
  <RunDate>2018-11-29 13:42:26.126 -0700</RunDate>
  <Status>Failure</Status>
  <Duration>0.618272</Duration>
  <Errors>1</Errors>
  <Warnings>0</Warnings>
  <Exceptions>0</Exceptions>
  <Successes>0</Successes>
  <LogFile>20181129_134226.126/LogFile.txt</LogFile>
  <ReturnValue></ReturnValue>
  <ErrorMessage>STUnknownMessage -- ERROR: No Such Command: &#x27;five&#x27;</ErrorMessage>
 </run>
 <run>
  <RunDate>2018-11-29 13:42:45.061 -0700</RunDate>
  <Status>Failure</Status>
  <Duration>0.730895</Duration>
  <Errors>1</Errors>
  <Warnings>0</Warnings>
  <Exceptions>0</Exceptions>
  <Successes>0</Successes>
  <LogFile>20181129_134245.061/LogFile.txt</LogFile>
  <ReturnValue></ReturnValue>
  <ErrorMessage>STUnknownMessage -- ERROR: No Such Command: &#x27;five&#x27;</ErrorMessage>
 </run>
 <run>
  <RunDate>2018-11-29 13:42:55.153 -0700</RunDate>
  <Status>Success</Status>
  <Duration>0.911047</Duration>
  <Errors>0</Errors>
  <Warnings>0</Warnings>
  <Exceptions>0</Exceptions>
  <Successes>1</Successes>
  <LogFile>20181129_134255.153/LogFile.txt</LogFile>
  <ReturnValue></ReturnValue>
  <ErrorMessage></ErrorMessage>
 </run>
 <run>
  <RunDate>2018-11-29 13:56:38.097 -0700</RunDate>
  <Status>Success</Status>
  <Duration>0.845647</Duration>
  <Errors>0</Errors>
  <Warnings>0</Warnings>
  <Exceptions>0</Exceptions>
  <Successes>1</Successes>
  <LogFile>20181129_135638.097/LogFile.txt</LogFile>
  <ReturnValue></ReturnValue>
  <ErrorMessage></ErrorMessage>
 </run>
 <run>
  <RunDate>2018-11-29 13:56:42.749 -0700</RunDate>
  <Status>Success</Status>
  <Duration>0.752987</Duration>
  <Errors>0</Errors>
  <Warnings>0</Warnings>
  <Exceptions>0</Exceptions>
  <Successes>1</Successes>
  <LogFile>20181129_135642.749/LogFile.txt</LogFile>
  <ReturnValue></ReturnValue>
  <ErrorMessage></ErrorMessage>
 </run>
</runHistory>
