{
  "entries" : [
    {
      "identifier" : "START",
      "message" : "Running Main02.script",
      "timestamp" : "2021-04-08 13:25:39.548 -0600"
    },
    {
      "handlerName" : "on_definelocation",
      "message" : "Overwritting Folder",
      "timestamp" : "2021-04-08 13:25:39.623 -0600",
      "identifier" : "LogWarning",
      "scriptName" : "",
      "handlerLine" : 3
    },
    {
      "identifier" : "EndTestCase",
      "message" : "(Duration:\"0.247867\", Errors:\"1\", Exceptions:\"0\", StartTime:\"2021-04-08 13:25:39 -0600\", Successes:\"0\", TestCase:\"Main02.script\", Warnings:\"1\")",
      "timestamp" : "2021-04-08 13:25:39.797 -0600"
    },
    {
      "identifier" : "FAILURE",
      "message" : "STUnknownMessage ERROR: No Such Command: 'htmlreport' -- Execution Time 0:00:00 Main02.script",
      "timestamp" : "2021-04-08 13:25:39.806 -0600"
    }
  ],
  "createdTimestamp" : "2021-04-08 13:25:39.549 -0600"
}