{
  "entries" : [
    {
      "identifier" : "START",
      "message" : "Running Untitled3.script",
      "timestamp" : "2018-11-29 13:43:49.275 -0700"
    },
    {
      "handlerName" : "on_five",
      "message" : "the five",
      "timestamp" : "2018-11-29 13:43:49.419 -0700",
      "identifier" : "Log",
      "scriptName" : "",
      "handlerLine" : 3
    },
    {
      "identifier" : "EndTestCase",
      "message" : "(Duration:\"0.687304\", Errors:\"0\", Exceptions:\"0\", StartTime:\"2018-11-29 13:43:49 -0700\", Successes:\"1\", TestCase:\"Untitled3.script\", Warnings:\"0\")",
      "timestamp" : "2018-11-29 13:43:50.006 -0700"
    },
    {
      "identifier" : "SUCCESS",
      "message" : "Execution Time 0:00:00 Untitled3.script",
      "timestamp" : "2018-11-29 13:43:50.081 -0700"
    }
  ],
  "createdTimestamp" : "2018-11-29 13:43:49.318 -0700"
}