{
  "entries" : [
    {
      "identifier" : "START",
      "message" : "Running Master.script",
      "timestamp" : "2018-11-26 13:03:05.455 -0500"
    },
    {
      "identifier" : "EndTestCase",
      "message" : "(Duration:\"0.595744\", Errors:\"1\", Exceptions:\"0\", StartTime:\"2018-11-26 13:03:05 -0500\", Successes:\"0\", TestCase:\"Master.script\", Warnings:\"0\")",
      "timestamp" : "2018-11-26 13:03:06.075 -0500"
    },
    {
      "message" : "STInvalidBoolean Value 'Utilities\/Script3' is not TRUE, FALSE, YES, NO, ON, OFF or empty -- Execution Time 0:00:00 Master.script",
      "timestamp" : "2018-11-26 13:03:07.494 -0500",
      "identifier" : "FAILURE",
      "image" : "Screen_Error.png"
    }
  ],
  "createdTimestamp" : "2018-11-26 13:03:05.479 -0500"
}