{
  "entries" : [
    {
      "identifier" : "START",
      "message" : "Running Untitled1.script",
      "timestamp" : "2020-01-30 10:09:52.774 -0700"
    },
    {
      "identifier" : "EndTestCase",
      "message" : "(Duration:\"0.001023\", Errors:\"1\", Exceptions:\"0\", StartTime:\"2020-01-30 10:09:52 -0700\", Successes:\"0\", TestCase:\"Untitled1.script\", Warnings:\"0\")",
      "timestamp" : "2020-01-30 10:09:52.776 -0700"
    },
    {
      "message" : "SenseTalk Compiler Exception in untitled1:\\nSyntax Error at line 24: Syntax Error - can't understand \">\" at character 1 -- Execution Time 0:00:00 Untitled1.script",
      "timestamp" : "2020-01-30 10:09:52.984 -0700",
      "identifier" : "FAILURE",
      "image" : "Screen_Error.png"
    }
  ],
  "createdTimestamp" : "2020-01-30 10:09:52.775 -0700"
}