﻿<?xml version="1.0"?>
<runHistory script="Demo Index">
 <run>
  <RunDate>2016-12-08 09:32:05.182 -0500</RunDate>
  <Status>Failure</Status>
  <Duration>0.481114</Duration>
  <Errors>1</Errors>
  <Warnings>0</Warnings>
  <Exceptions>0</Exceptions>
  <Successes>0</Successes>
  <LogFile>20161208_093205.182/LogFile.txt</LogFile>
  <ReturnValue></ReturnValue>
  <ErrorMessage>STUnknownMessage -- ERROR: No Such Command: &#x27;findbedlist&#x27;</ErrorMessage>
 </run>
 <run>
  <RunDate>2016-12-08 09:32:12.179 -0500</RunDate>
  <Status>Success</Status>
  <Duration>4.692077</Duration>
  <Errors>0</Errors>
  <Warnings>0</Warnings>
  <Exceptions>0</Exceptions>
  <Successes>1</Successes>
  <LogFile>20161208_093212.179/LogFile.txt</LogFile>
  <ReturnValue></ReturnValue>
  <ErrorMessage></ErrorMessage>
 </run>
 <run>
  <RunDate>2016-12-08 09:32:56.991 -0500</RunDate>
  <Status>Success</Status>
  <Duration>3.771944</Duration>
  <Errors>0</Errors>
  <Warnings>0</Warnings>
  <Exceptions>0</Exceptions>
  <Successes>1</Successes>
  <LogFile>20161208_093256.991/LogFile.txt</LogFile>
  <ReturnValue></ReturnValue>
  <ErrorMessage></ErrorMessage>
 </run>
 <run>
  <RunDate>2016-12-08 09:33:19.640 -0500</RunDate>
  <Status>Success</Status>
  <Duration>29.525071</Duration>
  <Errors>0</Errors>
  <Warnings>0</Warnings>
  <Exceptions>0</Exceptions>
  <Successes>1</Successes>
  <LogFile>20161208_093319.640/LogFile.txt</LogFile>
  <ReturnValue></ReturnValue>
  <ErrorMessage></ErrorMessage>
 </run>
 <run>
  <RunDate>2016-12-08 09:34:10.656 -0500</RunDate>
  <Status>Success</Status>
  <Duration>0.513837</Duration>
  <Errors>0</Errors>
  <Warnings>0</Warnings>
  <Exceptions>0</Exceptions>
  <Successes>1</Successes>
  <LogFile>20161208_093410.656/LogFile.txt</LogFile>
  <ReturnValue></ReturnValue>
  <ErrorMessage></ErrorMessage>
 </run>
 <run>
  <RunDate>2016-12-08 09:36:21.023 -0500</RunDate>
  <Status>Success</Status>
  <Duration>0.692576</Duration>
  <Errors>0</Errors>
  <Warnings>0</Warnings>
  <Exceptions>0</Exceptions>
  <Successes>1</Successes>
  <LogFile>20161208_093621.023/LogFile.txt</LogFile>
  <ReturnValue></ReturnValue>
  <ErrorMessage></ErrorMessage>
 </run>
</runHistory>
