﻿<?xml version="1.0"?>
<runHistory script="Examples/Example3">
 <run>
  <RunDate>2017-01-06 15:37:08.600 -0700</RunDate>
  <Status>Failure</Status>
  <Duration>0.743362</Duration>
  <Errors>1</Errors>
  <Warnings>0</Warnings>
  <Exceptions>0</Exceptions>
  <Successes>0</Successes>
  <LogFile>20170106_153708.600/LogFile.txt</LogFile>
  <ReturnValue></ReturnValue>
  <ErrorMessage>STInvalidNumber -- Value is not a number: &#x27;LineStart&#x27;</ErrorMessage>
 </run>
 <run>
  <RunDate>2017-01-06 15:37:24.159 -0700</RunDate>
  <Status>Success</Status>
  <Duration>4.086454</Duration>
  <Errors>0</Errors>
  <Warnings>0</Warnings>
  <Exceptions>0</Exceptions>
  <Successes>1</Successes>
  <LogFile>20170106_153724.159/LogFile.txt</LogFile>
  <ReturnValue></ReturnValue>
  <ErrorMessage></ErrorMessage>
 </run>
 <run>
  <RunDate>2017-01-06 15:38:17.931 -0700</RunDate>
  <Status>Success</Status>
  <Duration>1.001406</Duration>
  <Errors>0</Errors>
  <Warnings>0</Warnings>
  <Exceptions>0</Exceptions>
  <Successes>1</Successes>
  <LogFile>20170106_153817.931/LogFile.txt</LogFile>
  <ReturnValue></ReturnValue>
  <ErrorMessage></ErrorMessage>
 </run>
 <run>
  <RunDate>2017-01-06 15:38:58.542 -0700</RunDate>
  <Status>Success</Status>
  <Duration>1.010188</Duration>
  <Errors>0</Errors>
  <Warnings>0</Warnings>
  <Exceptions>0</Exceptions>
  <Successes>1</Successes>
  <LogFile>20170106_153858.542/LogFile.txt</LogFile>
  <ReturnValue></ReturnValue>
  <ErrorMessage></ErrorMessage>
 </run>
 <run>
  <RunDate>2017-01-06 15:46:37.594 -0700</RunDate>
  <Status>Failure</Status>
  <Duration>0.572242</Duration>
  <Errors>1</Errors>
  <Warnings>0</Warnings>
  <Exceptions>0</Exceptions>
  <Successes>0</Successes>
  <LogFile>20170106_154637.594/LogFile.txt</LogFile>
  <ReturnValue></ReturnValue>
  <ErrorMessage>SRUN_ZeroChunkIndex -- Zero is not a valid chunk number</ErrorMessage>
 </run>
 <run>
  <RunDate>2017-01-06 15:48:12.717 -0700</RunDate>
  <Status>Failure</Status>
  <Duration>0.662705</Duration>
  <Errors>1</Errors>
  <Warnings>0</Warnings>
  <Exceptions>0</Exceptions>
  <Successes>0</Successes>
  <LogFile>20170106_154812.717/LogFile.txt</LogFile>
  <ReturnValue></ReturnValue>
  <ErrorMessage>SRUN_ZeroChunkIndex -- Zero is not a valid chunk number</ErrorMessage>
 </run>
</runHistory>
