﻿Date Run,Status,Time,# of Errors,# of Warnings,# of Exceptions,Log File,Return Value,Error Message,# of Successes
2017-01-06 15:37:08.600 -0700,"Failure",0:00:00,1,0,0,"20170106_153708.600/LogFile.txt","","STInvalidNumber -- Value is not a number: 'LineStart'",0
2017-01-06 15:37:24.159 -0700,"Success",0:00:04,0,0,0,"20170106_153724.159/LogFile.txt","","",1
2017-01-06 15:38:17.931 -0700,"Success",0:00:01,0,0,0,"20170106_153817.931/LogFile.txt","","",1
2017-01-06 15:38:58.542 -0700,"Success",0:00:01,0,0,0,"20170106_153858.542/LogFile.txt","","",1
2017-01-06 15:46:37.594 -0700,"Failure",0:00:00,1,0,0,"20170106_154637.594/LogFile.txt","","SRUN_ZeroChunkIndex -- Zero is not a valid chunk number",0
2017-01-06 15:48:12.717 -0700,"Failure",0:00:00,1,0,0,"20170106_154812.717/LogFile.txt","","SRUN_ZeroChunkIndex -- Zero is not a valid chunk number",0
