{
  "entries" : [
    {
      "identifier" : "START",
      "message" : "Running index.script",
      "timestamp" : "2021-01-18 13:31:06.710 -0700"
    },
    {
      "handlerName" : "on_definecolorarea",
      "message" : "calculating...",
      "timestamp" : "2021-01-18 13:31:06.925 -0700",
      "identifier" : "Log",
      "scriptName" : "",
      "handlerLine" : 27
    },
    {
      "handlerName" : "function_pixelmatch",
      "message" : "Finding the colors",
      "timestamp" : "2021-01-18 13:31:06.936 -0700",
      "identifier" : "Log",
      "scriptName" : "",
      "handlerLine" : 11
    },
    {
      "handlerName" : "on_index",
      "message" : "{Color1:310, Color2:496}",
      "timestamp" : "2021-01-18 13:31:12.308 -0700",
      "identifier" : "Log",
      "scriptName" : "index.script",
      "handlerLine" : 28
    },
    {
      "identifier" : "EndTestCase",
      "message" : "(Duration:\"5.678001\", Errors:\"0\", Exceptions:\"0\", StartTime:\"2021-01-18 13:31:06 -0700\", Successes:\"1\", TestCase:\"index.script\", Warnings:\"0\")",
      "timestamp" : "2021-01-18 13:31:12.389 -0700"
    },
    {
      "identifier" : "SUCCESS",
      "message" : "Execution Time 0:00:05 index.script",
      "timestamp" : "2021-01-18 13:31:12.395 -0700"
    }
  ],
  "createdTimestamp" : "2021-01-18 13:31:06.711 -0700"
}