{
  "entries" : [
    {
      "identifier" : "START",
      "message" : "Running Master.script",
      "timestamp" : "2018-11-26 13:12:58.380 -0500"
    },
    {
      "identifier" : "EndTestCase",
      "message" : "(Duration:\"0.794586\", Errors:\"1\", Exceptions:\"0\", StartTime:\"2018-11-26 13:12:58 -0500\", Successes:\"0\", TestCase:\"Master.script\", Warnings:\"0\")",
      "timestamp" : "2018-11-26 13:12:59.205 -0500"
    },
    {
      "message" : "STUnknownMessage ERROR: No Such Command: 'five' -- Execution Time 0:00:00 Master.script",
      "timestamp" : "2018-11-26 13:13:00.696 -0500",
      "identifier" : "FAILURE",
      "image" : "Screen_Error.png"
    }
  ],
  "createdTimestamp" : "2018-11-26 13:12:58.410 -0500"
}