{
  "entries" : [
    {
      "identifier" : "START",
      "message" : "Running AdvanceDates.script",
      "timestamp" : "2018-11-26 16:57:38.681 -0500"
    },
    {
      "handlerName" : "on_advancedates",
      "message" : "(,,2018-12-01,2018-12-02,2018-12-05)",
      "timestamp" : "2018-11-26 16:57:38.772 -0500",
      "identifier" : "Log",
      "scriptName" : "AdvanceDates.script",
      "handlerLine" : 18
    },
    {
      "identifier" : "EndTestCase",
      "message" : "(Duration:\"0.347431\", Errors:\"0\", Exceptions:\"0\", StartTime:\"2018-11-26 16:57:38 -0500\", Successes:\"1\", TestCase:\"AdvanceDates.script\", Warnings:\"0\")",
      "timestamp" : "2018-11-26 16:57:39.056 -0500"
    },
    {
      "identifier" : "SUCCESS",
      "message" : "Execution Time 0:00:00 AdvanceDates.script",
      "timestamp" : "2018-11-26 16:57:39.108 -0500"
    }
  ],
  "createdTimestamp" : "2018-11-26 16:57:38.709 -0500"
}