﻿<?xml version="1.0"?>
<statistics>
 <script name="OLD Files/LocateObject">
  <LastStatus>Success</LastStatus>
  <NumberOfRuns>2</NumberOfRuns>
  <NumberOfFails>0</NumberOfFails>
  <FirstRun>2020-04-27 15:54:51 -0600</FirstRun>
  <LastRun>2020-04-27 15:57:23 -0600</LastRun>
  <TotalTimeOnSuccess>10.000000</TotalTimeOnSuccess>
 </script>
 <script name="OLD Files/Untitled">
  <LastStatus>Success</LastStatus>
  <NumberOfRuns>1</NumberOfRuns>
  <NumberOfFails>0</NumberOfFails>
  <FirstRun>2020-04-27 14:39:39 -0600</FirstRun>
  <LastRun>2020-04-27 14:39:39 -0600</LastRun>
  <TotalTimeOnSuccess>1.000000</TotalTimeOnSuccess>
 </script>
 <script name="Main">
  <LastStatus>Success</LastStatus>
  <NumberOfRuns>111</NumberOfRuns>
  <NumberOfFails>20</NumberOfFails>
  <FirstRun>2020-04-24 10:05:39 -0600</FirstRun>
  <LastRun>2020-05-29 11:34:14 -0600</LastRun>
  <TotalTimeOnSuccess>526.643574</TotalTimeOnSuccess>
 </script>
 <script name="OLD Files/GoFind">
  <LastStatus>Success</LastStatus>
  <NumberOfRuns>7</NumberOfRuns>
  <NumberOfFails>0</NumberOfFails>
  <FirstRun>2020-04-27 15:21:26 -0600</FirstRun>
  <LastRun>2020-04-27 15:26:42 -0600</LastRun>
  <TotalTimeOnSuccess>14.000000</TotalTimeOnSuccess>
 </script>
</statistics>
