﻿<?xml version="1.0"?>
<statistics>
 <script name="GoFind">
  <LastStatus>Success</LastStatus>
  <NumberOfRuns>7</NumberOfRuns>
  <NumberOfFails>0</NumberOfFails>
  <FirstRun>2020-04-27 15:21:26 -0600</FirstRun>
  <LastRun>2020-04-27 15:26:42 -0600</LastRun>
  <TotalTimeOnSuccess>14.523526</TotalTimeOnSuccess>
 </script>
 <script name="Untitled">
  <LastStatus>Success</LastStatus>
  <NumberOfRuns>1</NumberOfRuns>
  <NumberOfFails>0</NumberOfFails>
  <FirstRun>2020-04-27 14:39:39 -0600</FirstRun>
  <LastRun>2020-04-27 14:39:39 -0600</LastRun>
  <TotalTimeOnSuccess>1.882909</TotalTimeOnSuccess>
 </script>
 <script name="LocateObject">
  <LastStatus>Success</LastStatus>
  <NumberOfRuns>2</NumberOfRuns>
  <NumberOfFails>0</NumberOfFails>
  <FirstRun>2020-04-27 15:54:51 -0600</FirstRun>
  <LastRun>2020-04-27 15:57:23 -0600</LastRun>
  <TotalTimeOnSuccess>10.956477</TotalTimeOnSuccess>
 </script>
 <script name="Main">
  <LastStatus>Success</LastStatus>
  <NumberOfRuns>45</NumberOfRuns>
  <NumberOfFails>5</NumberOfFails>
  <FirstRun>2020-04-24 10:05:39 -0600</FirstRun>
  <LastRun>2020-04-27 16:11:34 -0600</LastRun>
  <TotalTimeOnSuccess>132.373654</TotalTimeOnSuccess>
 </script>
 <script name="Untitled1">
  <LastStatus>Success</LastStatus>
  <NumberOfRuns>7</NumberOfRuns>
  <NumberOfFails>0</NumberOfFails>
  <FirstRun>2020-04-27 14:48:20 -0600</FirstRun>
  <LastRun>2020-04-27 14:53:27 -0600</LastRun>
  <TotalTimeOnSuccess>9.179001</TotalTimeOnSuccess>
 </script>
</statistics>
