﻿<?xml version="1.0" encoding="UTF-8" ?>
<runHistory script="Main02">
 <run>
  <RunDate>2021-03-31 13:56:30.920 -0600</RunDate>
  <Status>Success</Status>
  <Duration>0.179710</Duration>
  <Errors>0</Errors>
  <Warnings>1</Warnings>
  <Exceptions>0</Exceptions>
  <Successes>1</Successes>
  <LogFile>20210331_135630.920/LogFile.txt</LogFile>
  <ReturnValue></ReturnValue>
  <ErrorMessage></ErrorMessage>
 </run>
 <run>
  <RunDate>2021-03-31 13:56:42.228 -0600</RunDate>
  <Status>Success</Status>
  <Duration>0.166129</Duration>
  <Errors>0</Errors>
  <Warnings>0</Warnings>
  <Exceptions>0</Exceptions>
  <Successes>1</Successes>
  <LogFile>20210331_135642.228/LogFile.txt</LogFile>
  <ReturnValue></ReturnValue>
  <ErrorMessage></ErrorMessage>
 </run>
 <run>
  <RunDate>2021-03-31 13:57:34.069 -0600</RunDate>
  <Status>Success</Status>
  <Duration>0.193597</Duration>
  <Errors>0</Errors>
  <Warnings>1</Warnings>
  <Exceptions>0</Exceptions>
  <Successes>1</Successes>
  <LogFile>20210331_135734.069/LogFile.txt</LogFile>
  <ReturnValue></ReturnValue>
  <ErrorMessage></ErrorMessage>
 </run>
 <run>
  <RunDate>2021-03-31 13:58:40.096 -0600</RunDate>
  <Status>Failure</Status>
  <Duration>0.183036</Duration>
  <Errors>1</Errors>
  <Warnings>1</Warnings>
  <Exceptions>0</Exceptions>
  <Successes>0</Successes>
  <LogFile>20210331_135840.096/LogFile.txt</LogFile>
  <ReturnValue></ReturnValue>
  <ErrorMessage>SenseTalk Compiler Exception -- in htmlbody:
Warning at line 33: Warning - Non-matching handler name: HTMLTableBody</ErrorMessage>
 </run>
 <run>
  <RunDate>2021-03-31 13:58:47.988 -0600</RunDate>
  <Status>Failure</Status>
  <Duration>0.176441</Duration>
  <Errors>1</Errors>
  <Warnings>1</Warnings>
  <Exceptions>0</Exceptions>
  <Successes>0</Successes>
  <LogFile>20210331_135847.988/LogFile.txt</LogFile>
  <ReturnValue></ReturnValue>
  <ErrorMessage>SenseTalk Compiler Exception -- in htmlbody:
Warning at line 33: Warning - Non-matching handler name: HTMLTableBody</ErrorMessage>
 </run>
 <run>
  <RunDate>2021-03-31 13:59:04.442 -0600</RunDate>
  <Status>Success</Status>
  <Duration>0.202410</Duration>
  <Errors>0</Errors>
  <Warnings>1</Warnings>
  <Exceptions>0</Exceptions>
  <Successes>1</Successes>
  <LogFile>20210331_135904.442/LogFile.txt</LogFile>
  <ReturnValue></ReturnValue>
  <ErrorMessage></ErrorMessage>
 </run>
 <run>
  <RunDate>2021-03-31 13:59:56.410 -0600</RunDate>
  <Status>Success</Status>
  <Duration>0.184868</Duration>
  <Errors>0</Errors>
  <Warnings>1</Warnings>
  <Exceptions>0</Exceptions>
  <Successes>1</Successes>
  <LogFile>20210331_135956.410/LogFile.txt</LogFile>
  <ReturnValue></ReturnValue>
  <ErrorMessage></ErrorMessage>
 </run>
 <run>
  <RunDate>2021-03-31 14:00:33.082 -0600</RunDate>
  <Status>Success</Status>
  <Duration>0.193422</Duration>
  <Errors>0</Errors>
  <Warnings>1</Warnings>
  <Exceptions>0</Exceptions>
  <Successes>1</Successes>
  <LogFile>20210331_140033.082/LogFile.txt</LogFile>
  <ReturnValue></ReturnValue>
  <ErrorMessage></ErrorMessage>
 </run>
 <run>
  <RunDate>2021-03-31 14:01:08.299 -0600</RunDate>
  <Status>Success</Status>
  <Duration>1.861380</Duration>
  <Errors>0</Errors>
  <Warnings>1</Warnings>
  <Exceptions>0</Exceptions>
  <Successes>1</Successes>
  <LogFile>20210331_140108.299/LogFile.txt</LogFile>
  <ReturnValue></ReturnValue>
  <ErrorMessage></ErrorMessage>
 </run>
 <run>
  <RunDate>2021-03-31 14:01:29.909 -0600</RunDate>
  <Status>Success</Status>
  <Duration>0.240439</Duration>
  <Errors>0</Errors>
  <Warnings>1</Warnings>
  <Exceptions>0</Exceptions>
  <Successes>1</Successes>
  <LogFile>20210331_140129.909/LogFile.txt</LogFile>
  <ReturnValue></ReturnValue>
  <ErrorMessage></ErrorMessage>
 </run>
 <run>
  <RunDate>2021-03-31 14:02:13.715 -0600</RunDate>
  <Status>Success</Status>
  <Duration>0.218794</Duration>
  <Errors>0</Errors>
  <Warnings>1</Warnings>
  <Exceptions>0</Exceptions>
  <Successes>1</Successes>
  <LogFile>20210331_140213.715/LogFile.txt</LogFile>
  <ReturnValue></ReturnValue>
  <ErrorMessage></ErrorMessage>
 </run>
 <run>
  <RunDate>2021-04-08 13:06:51.620 -0600</RunDate>
  <Status>Success</Status>
  <Duration>0.257431</Duration>
  <Errors>0</Errors>
  <Warnings>0</Warnings>
  <Exceptions>0</Exceptions>
  <Successes>1</Successes>
  <LogFile>20210408_130651.620/LogFile.txt</LogFile>
  <ReturnValue></ReturnValue>
  <ErrorMessage></ErrorMessage>
 </run>
 <run>
  <RunDate>2021-04-08 13:07:04.378 -0600</RunDate>
  <Status>Failure</Status>
  <Duration>0.246336</Duration>
  <Errors>1</Errors>
  <Warnings>1</Warnings>
  <Exceptions>0</Exceptions>
  <Successes>0</Successes>
  <LogFile>20210408_130704.378/LogFile.txt</LogFile>
  <ReturnValue></ReturnValue>
  <ErrorMessage>STUnknownMessage -- ERROR: No Such Command: &#x27;htmlreport&#x27;</ErrorMessage>
 </run>
 <run>
  <RunDate>2021-04-08 13:25:39.546 -0600</RunDate>
  <Status>Failure</Status>
  <Duration>0.250817</Duration>
  <Errors>1</Errors>
  <Warnings>1</Warnings>
  <Exceptions>0</Exceptions>
  <Successes>0</Successes>
  <LogFile>20210408_132539.546/LogFile.txt</LogFile>
  <ReturnValue></ReturnValue>
  <ErrorMessage>STUnknownMessage -- ERROR: No Such Command: &#x27;htmlreport&#x27;</ErrorMessage>
 </run>
 <run>
  <RunDate>2021-04-08 13:26:00.468 -0600</RunDate>
  <Status>Failure</Status>
  <Duration>0.246379</Duration>
  <Errors>1</Errors>
  <Warnings>1</Warnings>
  <Exceptions>0</Exceptions>
  <Successes>0</Successes>
  <LogFile>20210408_132600.468/LogFile.txt</LogFile>
  <ReturnValue></ReturnValue>
  <ErrorMessage>STUnknownMessage -- ERROR: No Such Command: &#x27;htmlreport&#x27;</ErrorMessage>
 </run>
 <run>
  <RunDate>2021-04-08 13:26:18.839 -0600</RunDate>
  <Status>Success</Status>
  <Duration>0.246268</Duration>
  <Errors>0</Errors>
  <Warnings>1</Warnings>
  <Exceptions>0</Exceptions>
  <Successes>1</Successes>
  <LogFile>20210408_132618.839/LogFile.txt</LogFile>
  <ReturnValue></ReturnValue>
  <ErrorMessage></ErrorMessage>
 </run>
 <run>
  <RunDate>2021-04-08 13:26:49.238 -0600</RunDate>
  <Status>Success</Status>
  <Duration>0.246068</Duration>
  <Errors>0</Errors>
  <Warnings>1</Warnings>
  <Exceptions>0</Exceptions>
  <Successes>1</Successes>
  <LogFile>20210408_132649.238/LogFile.txt</LogFile>
  <ReturnValue></ReturnValue>
  <ErrorMessage></ErrorMessage>
 </run>
 <run>
  <RunDate>2021-04-08 13:27:11.975 -0600</RunDate>
  <Status>Success</Status>
  <Duration>0.253886</Duration>
  <Errors>0</Errors>
  <Warnings>1</Warnings>
  <Exceptions>0</Exceptions>
  <Successes>1</Successes>
  <LogFile>20210408_132711.975/LogFile.txt</LogFile>
  <ReturnValue></ReturnValue>
  <ErrorMessage></ErrorMessage>
 </run>
 <run>
  <RunDate>2021-04-08 13:29:43.911 -0600</RunDate>
  <Status>Failure</Status>
  <Duration>0.239300</Duration>
  <Errors>1</Errors>
  <Warnings>1</Warnings>
  <Exceptions>0</Exceptions>
  <Successes>0</Successes>
  <LogFile>20210408_132943.911/LogFile.txt</LogFile>
  <ReturnValue></ReturnValue>
  <ErrorMessage>STFileSystemException -- Failed to copy file or folder /Users/ranhesse/Documents/Simple_Examples/Customer HTML Reports/CustomHTMLReport_V2.suite/Resources/CompanyLogo.jpg (Error: The file “CompanyLogo.jpg” couldn’t be opened because there is no such file.)</ErrorMessage>
 </run>
 <run>
  <RunDate>2021-04-08 13:30:04.108 -0600</RunDate>
  <Status>Success</Status>
  <Duration>0.250850</Duration>
  <Errors>0</Errors>
  <Warnings>1</Warnings>
  <Exceptions>0</Exceptions>
  <Successes>1</Successes>
  <LogFile>20210408_133004.108/LogFile.txt</LogFile>
  <ReturnValue></ReturnValue>
  <ErrorMessage></ErrorMessage>
 </run>
</runHistory>
