﻿Date Run,Status,Time,# of Errors,# of Warnings,# of Exceptions,Log File,Return Value,Error Message,# of Successes
2021-03-31 13:56:30.920 -0600,"Success",0:00:00,0,1,0,"20210331_135630.920/LogFile.txt","","",1
2021-03-31 13:56:42.228 -0600,"Success",0:00:00,0,0,0,"20210331_135642.228/LogFile.txt","","",1
2021-03-31 13:57:34.069 -0600,"Success",0:00:00,0,1,0,"20210331_135734.069/LogFile.txt","","",1
2021-03-31 13:58:40.096 -0600,"Failure",0:00:00,1,1,0,"20210331_135840.096/LogFile.txt","","SenseTalk Compiler Exception -- in htmlbody:\nWarning at line 33: Warning - Non-matching handler name: HTMLTableBody",0
2021-03-31 13:58:47.988 -0600,"Failure",0:00:00,1,1,0,"20210331_135847.988/LogFile.txt","","SenseTalk Compiler Exception -- in htmlbody:\nWarning at line 33: Warning - Non-matching handler name: HTMLTableBody",0
2021-03-31 13:59:04.442 -0600,"Success",0:00:00,0,1,0,"20210331_135904.442/LogFile.txt","","",1
2021-03-31 13:59:56.410 -0600,"Success",0:00:00,0,1,0,"20210331_135956.410/LogFile.txt","","",1
2021-03-31 14:00:33.082 -0600,"Success",0:00:00,0,1,0,"20210331_140033.082/LogFile.txt","","",1
2021-03-31 14:01:08.299 -0600,"Success",0:00:01,0,1,0,"20210331_140108.299/LogFile.txt","","",1
2021-03-31 14:01:29.909 -0600,"Success",0:00:00,0,1,0,"20210331_140129.909/LogFile.txt","","",1
2021-03-31 14:02:13.715 -0600,"Success",0:00:00,0,1,0,"20210331_140213.715/LogFile.txt","","",1
2021-04-08 13:06:51.620 -0600,"Success",0:00:00,0,0,0,"20210408_130651.620/LogFile.txt","","",1
2021-04-08 13:07:04.378 -0600,"Failure",0:00:00,1,1,0,"20210408_130704.378/LogFile.txt","","STUnknownMessage -- ERROR: No Such Command: 'htmlreport'",0
2021-04-08 13:25:39.546 -0600,"Failure",0:00:00,1,1,0,"20210408_132539.546/LogFile.txt","","STUnknownMessage -- ERROR: No Such Command: 'htmlreport'",0
2021-04-08 13:26:00.468 -0600,"Failure",0:00:00,1,1,0,"20210408_132600.468/LogFile.txt","","STUnknownMessage -- ERROR: No Such Command: 'htmlreport'",0
2021-04-08 13:26:18.839 -0600,"Success",0:00:00,0,1,0,"20210408_132618.839/LogFile.txt","","",1
2021-04-08 13:26:49.238 -0600,"Success",0:00:00,0,1,0,"20210408_132649.238/LogFile.txt","","",1
2021-04-08 13:27:11.975 -0600,"Success",0:00:00,0,1,0,"20210408_132711.975/LogFile.txt","","",1
2021-04-08 13:29:43.911 -0600,"Failure",0:00:00,1,1,0,"20210408_132943.911/LogFile.txt","","STFileSystemException -- Failed to copy file or folder /Users/ranhesse/Documents/Simple_Examples/Customer HTML Reports/CustomHTMLReport_V2.suite/Resources/CompanyLogo.jpg (Error: The file “CompanyLogo.jpg” couldn’t be opened because there is no such file.)",0
2021-04-08 13:30:04.108 -0600,"Success",0:00:00,0,1,0,"20210408_133004.108/LogFile.txt","","",1
