﻿<?xml version="1.0"?>
<runHistory script="Example Basic Authentication-API">
 <run>
  <RunDate>2020-07-13 10:08:50.912 -0600</RunDate>
  <Status>Success</Status>
  <Duration>1.288958</Duration>
  <Errors>0</Errors>
  <Warnings>0</Warnings>
  <Exceptions>0</Exceptions>
  <Successes>1</Successes>
  <LogFile>20200713_100850.912/LogFile.txt</LogFile>
  <ReturnValue></ReturnValue>
  <ErrorMessage></ErrorMessage>
 </run>
 <run>
  <RunDate>2020-07-15 10:25:48.209 -0600</RunDate>
  <Status>Success</Status>
  <Duration>1.432891</Duration>
  <Errors>0</Errors>
  <Warnings>0</Warnings>
  <Exceptions>0</Exceptions>
  <Successes>1</Successes>
  <LogFile>20200715_102548.209/LogFile.txt</LogFile>
  <ReturnValue></ReturnValue>
  <ErrorMessage></ErrorMessage>
 </run>
</runHistory>
