{
  "entries" : [
    {
      "identifier" : "START",
      "message" : "Running QA_Script.script",
      "timestamp" : "2019-04-18 16:03:04.066 -0600"
    },
    {
      "handlerName" : "on_qa_script",
      "message" : " From the QA Script",
      "timestamp" : "2019-04-18 16:03:04.155 -0600",
      "identifier" : "Log",
      "scriptName" : "QA_Script.script",
      "handlerLine" : 4
    },
    {
      "handlerName" : "on_somethinghandler",
      "message" : "Some Handler from Bacground Classes",
      "timestamp" : "2019-04-18 16:03:04.197 -0600",
      "identifier" : "Log",
      "scriptName" : "Classes\/Background_Classes.script",
      "handlerLine" : 3
    },
    {
      "identifier" : "EndTestCase",
      "message" : "(Duration:\"0.371761\", Errors:\"1\", Exceptions:\"0\", StartTime:\"2019-04-18 16:03:04 -0600\", Successes:\"0\", TestCase:\"QA_Script.script\", Warnings:\"0\")",
      "timestamp" : "2019-04-18 16:03:04.439 -0600"
    },
    {
      "identifier" : "FAILURE",
      "message" : "SRUN_BadValue Bad value for Object expression.  Looking for an object or script identifier, got 'Classes\/Background_Eggplant'. -- Execution Time 0:00:00 QA_Script.script",
      "timestamp" : "2019-04-18 16:03:04.455 -0600"
    }
  ],
  "createdTimestamp" : "2019-04-18 16:03:04.067 -0600"
}