{
  "entries" : [
    {
      "identifier" : "START",
      "message" : "Running AdvanceDates.script",
      "timestamp" : "2018-11-26 16:57:42.932 -0500"
    },
    {
      "handlerName" : "on_advancedates",
      "message" : "(2018-11-26,,2018-11-30,2018-12-03,2018-12-03)",
      "timestamp" : "2018-11-26 16:57:43.022 -0500",
      "identifier" : "Log",
      "scriptName" : "AdvanceDates.script",
      "handlerLine" : 18
    },
    {
      "identifier" : "EndTestCase",
      "message" : "(Duration:\"0.417832\", Errors:\"0\", Exceptions:\"0\", StartTime:\"2018-11-26 16:57:42 -0500\", Successes:\"1\", TestCase:\"AdvanceDates.script\", Warnings:\"0\")",
      "timestamp" : "2018-11-26 16:57:43.379 -0500"
    },
    {
      "identifier" : "SUCCESS",
      "message" : "Execution Time 0:00:00 AdvanceDates.script",
      "timestamp" : "2018-11-26 16:57:43.430 -0500"
    }
  ],
  "createdTimestamp" : "2018-11-26 16:57:42.961 -0500"
}