﻿<?xml version="1.0"?>
<runHistory script="DeleteCSV">
 <run>
  <RunDate>2018-11-20 20:53:56.363 -0500</RunDate>
  <Status>Failure</Status>
  <Duration>0.646979</Duration>
  <Errors>1</Errors>
  <Warnings>0</Warnings>
  <Exceptions>0</Exceptions>
  <Successes>0</Successes>
  <LogFile>20181120_205356.363/LogFile.txt</LogFile>
  <ReturnValue></ReturnValue>
  <ErrorMessage>STFileSystemException -- Failed to delete file or folder /Users/randyhesse/Documents/Simple Examples/PatientHolding.suite/Resources/CSVName.csv (Error: “CSVName.csv” couldn’t be removed.)</ErrorMessage>
 </run>
</runHistory>
