{
  "entries" : [
    {
      "identifier" : "START",
      "message" : "Running Main02.script",
      "timestamp" : "2021-04-09 14:11:49.783 -0600"
    },
    {
      "identifier" : "EndTestCase",
      "message" : "(Duration:\"0.272059\", Errors:\"0\", Exceptions:\"0\", StartTime:\"2021-04-09 14:11:49 -0600\", Successes:\"1\", TestCase:\"Main02.script\", Warnings:\"0\")",
      "timestamp" : "2021-04-09 14:11:50.060 -0600"
    },
    {
      "identifier" : "SUCCESS",
      "message" : "Execution Time 0:00:00 Main02.script",
      "timestamp" : "2021-04-09 14:11:50.066 -0600"
    }
  ],
  "createdTimestamp" : "2021-04-09 14:11:49.787 -0600"
}