{
  "entries" : [
    {
      "identifier" : "START",
      "message" : "Running Script1.script",
      "timestamp" : "2020-05-14 09:51:04.265 -0600"
    },
    {
      "identifier" : "EndTestCase",
      "message" : "(Duration:\"11.052548\", Errors:\"1\", Exceptions:\"0\", StartTime:\"2020-05-14 09:51:04 -0600\", Successes:\"0\", TestCase:\"Script1.script\", Warnings:\"0\")",
      "timestamp" : "2020-05-14 09:51:15.319 -0600"
    },
    {
      "identifier" : "ABORTED",
      "message" : "Execution Time 0:00:11 Script1.script",
      "timestamp" : "2020-05-14 09:51:15.322 -0600"
    }
  ],
  "createdTimestamp" : "2020-05-14 09:51:04.266 -0600"
}