{
  "entries" : [
    {
      "identifier" : "START",
      "message" : "Running Example SuiteVariables.script",
      "timestamp" : "2020-08-05 10:44:29.568 -0600"
    },
    {
      "handlerName" : "on_example_suitevariables",
      "message" : "SUITEVARIABLES = {baseURL:\"https:\/\/postman-echo.com\/post\"}",
      "timestamp" : "2020-08-05 10:44:29.811 -0600",
      "identifier" : "set",
      "scriptName" : "Example SuiteVariables.script",
      "handlerLine" : 3
    },
    {
      "handlerName" : "on_example_suitevariables",
      "message" : "Validation Warning: Empty request body.",
      "timestamp" : "2020-08-05 10:44:29.847 -0600",
      "identifier" : "LogWarning",
      "scriptName" : "Example SuiteVariables.script",
      "handlerLine" : 8
    },
    {
      "handlerName" : "on_example_suitevariables",
      "message" : "Validation Warning: Missing HTTP.",
      "timestamp" : "2020-08-05 10:44:29.849 -0600",
      "identifier" : "LogWarning",
      "scriptName" : "Example SuiteVariables.script",
      "handlerLine" : 8
    },
    {
      "identifier" : "LogError",
      "message" : "A server with the specified hostname could not be found.",
      "timestamp" : "2020-08-05 10:44:29.916 -0600"
    },
    {
      "handlerName" : "on_example_suitevariables",
      "message" : "{authenticationtype:\"None\", httpmethod:\"POST\", mimeType:\"\", oauthToken:\"\", password:\"*********\", requestbody:\"\", requestbodyformat:\"Form Url Encoded\", requestheaders:\"\", responseBody:\"\", responseCookies:{:}, responseHeaders:{:}, responseTime:0.050407, statusCode:0, url:\"[baseURL]\", username:\"\"}",
      "timestamp" : "2020-08-05 10:44:29.946 -0600",
      "identifier" : "Log",
      "scriptName" : "Example SuiteVariables.script",
      "handlerLine" : 11
    },
    {
      "identifier" : "EndTestCase",
      "message" : "(Duration:\"2.194057\", Errors:\"1\", Exceptions:\"0\", StartTime:\"2020-08-05 10:44:29 -0600\", Successes:\"0\", TestCase:\"Example SuiteVariables.script\", Warnings:\"2\")",
      "timestamp" : "2020-08-05 10:44:31.766 -0600"
    },
    {
      "message" : "Script Error Number of Errors logged: 1 -- Execution Time 0:00:02 Example SuiteVariables.script",
      "timestamp" : "2020-08-05 10:44:35.783 -0600",
      "identifier" : "FAILURE",
      "image" : "Screen_Error.png"
    }
  ],
  "createdTimestamp" : "2020-08-05 10:44:29.570 -0600"
}