{
  "entries" : [
    {
      "identifier" : "START",
      "message" : "Running Index.script",
      "timestamp" : "2019-02-15 20:56:17.966 -0700"
    },
    {
      "handlerName" : "on_index",
      "message" : "[windowsKey]r",
      "timestamp" : "2019-02-15 20:56:18.103 -0700",
      "identifier" : "typetext",
      "scriptName" : "Index.script",
      "handlerLine" : 3
    },
    {
      "handlerName" : "on_index",
      "message" : "putty.exe[returnKey]",
      "timestamp" : "2019-02-15 20:56:18.980 -0700",
      "identifier" : "typetext",
      "scriptName" : "Index.script",
      "handlerLine" : 4
    },
    {
      "handlerName" : "on_index",
      "message" : "found at (811, 330)",
      "identifier" : "waitfor",
      "image" : "PuTTY Window",
      "handlerLine" : 5,
      "timestamp" : "2019-02-15 20:56:19.532 -0700",
      "scriptName" : "Index.script"
    },
    {
      "handlerName" : "on_index",
      "message" : "at (940, 435)",
      "identifier" : "click",
      "image" : "HostName",
      "handlerLine" : 7,
      "timestamp" : "2019-02-15 20:56:19.907 -0700",
      "scriptName" : "Index.script"
    },
    {
      "handlerName" : "on_index",
      "message" : "test.rebex.net:22",
      "timestamp" : "2019-02-15 20:56:20.818 -0700",
      "identifier" : "typetext",
      "scriptName" : "Index.script",
      "handlerLine" : 8
    },
    {
      "handlerName" : "on_index",
      "message" : "at (1068, 471)",
      "identifier" : "click",
      "image" : "SSH",
      "handlerLine" : 9,
      "timestamp" : "2019-02-15 20:56:21.996 -0700",
      "scriptName" : "Index.script"
    },
    {
      "handlerName" : "on_index",
      "message" : "at (1042, 738)",
      "identifier" : "click",
      "image" : "Open",
      "handlerLine" : 11,
      "timestamp" : "2019-02-15 20:56:23.180 -0700",
      "scriptName" : "Index.script"
    },
    {
      "handlerName" : "on_index",
      "message" : "found at (153, 141)",
      "identifier" : "waitfor",
      "image" : "Putty Command Window",
      "handlerLine" : 13,
      "timestamp" : "2019-02-15 20:56:23.830 -0700",
      "scriptName" : "Index.script"
    },
    {
      "handlerName" : "on_index",
      "message" : "demo[returnKey]",
      "timestamp" : "2019-02-15 20:56:26.950 -0700",
      "identifier" : "typetext",
      "scriptName" : "Index.script",
      "handlerLine" : 15
    },
    {
      "handlerName" : "on_index",
      "message" : "password[returnKey]",
      "timestamp" : "2019-02-15 20:56:27.829 -0700",
      "identifier" : "typetext",
      "scriptName" : "Index.script",
      "handlerLine" : 16
    },
    {
      "identifier" : "EndTestCase",
      "message" : "(Duration:\"10.274188\", Errors:\"0\", Exceptions:\"0\", StartTime:\"2019-02-15 20:56:18 -0700\", Successes:\"1\", TestCase:\"Index.script\", Warnings:\"0\")",
      "timestamp" : "2019-02-15 20:56:28.280 -0700"
    },
    {
      "identifier" : "SUCCESS",
      "message" : "Execution Time 0:00:10 Index.script",
      "timestamp" : "2019-02-15 20:56:28.341 -0700"
    }
  ],
  "createdTimestamp" : "2019-02-15 20:56:18.006 -0700"
}