{
  "entries" : [
    {
      "identifier" : "START",
      "message" : "Running Index.script",
      "timestamp" : "2019-03-18 09:21:30.217 -0600"
    },
    {
      "handlerName" : "on_index",
      "message" : "[windowsKey]r",
      "timestamp" : "2019-03-18 09:21:30.494 -0600",
      "identifier" : "typetext",
      "scriptName" : "Index.script",
      "handlerLine" : 3
    },
    {
      "handlerName" : "on_index",
      "message" : "putty.exe[returnKey]",
      "timestamp" : "2019-03-18 09:21:31.333 -0600",
      "identifier" : "typetext",
      "scriptName" : "Index.script",
      "handlerLine" : 4
    },
    {
      "handlerName" : "on_index",
      "message" : "found at (811, 330)",
      "identifier" : "waitfor",
      "image" : "PuTTY Window",
      "handlerLine" : 5,
      "timestamp" : "2019-03-18 09:21:33.164 -0600",
      "scriptName" : "Index.script"
    },
    {
      "handlerName" : "on_index",
      "message" : "at (940, 435)",
      "identifier" : "click",
      "image" : "HostName",
      "handlerLine" : 7,
      "timestamp" : "2019-03-18 09:21:33.690 -0600",
      "scriptName" : "Index.script"
    },
    {
      "handlerName" : "on_index",
      "message" : "test.rebex.net:22",
      "timestamp" : "2019-03-18 09:21:34.621 -0600",
      "identifier" : "typetext",
      "scriptName" : "Index.script",
      "handlerLine" : 8
    },
    {
      "handlerName" : "on_index",
      "message" : "at (1068, 471)",
      "identifier" : "click",
      "image" : "SSH",
      "handlerLine" : 9,
      "timestamp" : "2019-03-18 09:21:35.890 -0600",
      "scriptName" : "Index.script"
    },
    {
      "handlerName" : "on_index",
      "message" : "at (1042, 738)",
      "identifier" : "click",
      "image" : "Open",
      "handlerLine" : 11,
      "timestamp" : "2019-03-18 09:21:37.555 -0600",
      "scriptName" : "Index.script"
    },
    {
      "handlerName" : "on_index",
      "message" : "found at (153, 141)",
      "identifier" : "waitfor",
      "image" : "Putty Command Window",
      "handlerLine" : 13,
      "timestamp" : "2019-03-18 09:21:38.306 -0600",
      "scriptName" : "Index.script"
    },
    {
      "handlerName" : "on_index",
      "message" : "demo[returnKey]",
      "timestamp" : "2019-03-18 09:21:41.375 -0600",
      "identifier" : "typetext",
      "scriptName" : "Index.script",
      "handlerLine" : 15
    },
    {
      "handlerName" : "on_index",
      "message" : "password[returnKey]",
      "timestamp" : "2019-03-18 09:21:42.194 -0600",
      "identifier" : "typetext",
      "scriptName" : "Index.script",
      "handlerLine" : 16
    },
    {
      "handlerName" : "on_changecolors",
      "message" : "at (153, 141)",
      "identifier" : "rightclick",
      "image" : "Putty Command Window",
      "handlerLine" : 1,
      "timestamp" : "2019-03-18 09:21:45.116 -0600",
      "scriptName" : "ChangeColors.script"
    },
    {
      "handlerName" : "on_changecolors",
      "message" : "at (238, 425)",
      "identifier" : "click",
      "image" : "ChangeSettings",
      "handlerLine" : 2,
      "timestamp" : "2019-03-18 09:21:46.721 -0600",
      "scriptName" : "ChangeColors.script"
    },
    {
      "handlerName" : "on_changecolors",
      "message" : "at (796, 553)",
      "identifier" : "click",
      "image" : "Colours",
      "handlerLine" : 6,
      "timestamp" : "2019-03-18 09:21:48.069 -0600",
      "scriptName" : "ChangeColors.script"
    },
    {
      "handlerName" : "on_changecolors",
      "message" : "at (953, 596)",
      "identifier" : "click",
      "image" : "DefaultForeground",
      "handlerLine" : 7,
      "timestamp" : "2019-03-18 09:21:49.718 -0600",
      "scriptName" : "ChangeColors.script"
    },
    {
      "handlerName" : "on_changecolors",
      "message" : "at (1120, 674)",
      "identifier" : "click",
      "image" : "Modify",
      "handlerLine" : 8,
      "timestamp" : "2019-03-18 09:21:51.366 -0600",
      "scriptName" : "ChangeColors.script"
    },
    {
      "handlerName" : "on_changecolors",
      "message" : "at (760, 518)",
      "identifier" : "click",
      "image" : "Black",
      "handlerLine" : 9,
      "timestamp" : "2019-03-18 09:21:53.063 -0600",
      "scriptName" : "ChangeColors.script"
    },
    {
      "handlerName" : "on_changecolors",
      "message" : "at (781, 653)",
      "identifier" : "click",
      "image" : "OK",
      "handlerLine" : 10,
      "timestamp" : "2019-03-18 09:21:54.712 -0600",
      "scriptName" : "ChangeColors.script"
    },
    {
      "handlerName" : "on_changecolors",
      "message" : "at (956, 623)",
      "identifier" : "click",
      "image" : "DefaultBackground",
      "handlerLine" : 13,
      "timestamp" : "2019-03-18 09:21:56.356 -0600",
      "scriptName" : "ChangeColors.script"
    },
    {
      "handlerName" : "on_changecolors",
      "message" : "at (1120, 674)",
      "identifier" : "click",
      "image" : "Modify",
      "handlerLine" : 14,
      "timestamp" : "2019-03-18 09:21:58.011 -0600",
      "scriptName" : "ChangeColors.script"
    },
    {
      "handlerName" : "on_changecolors",
      "message" : "at (941, 516)",
      "identifier" : "click",
      "image" : "White",
      "handlerLine" : 15,
      "timestamp" : "2019-03-18 09:21:59.653 -0600",
      "scriptName" : "ChangeColors.script"
    },
    {
      "handlerName" : "on_changecolors",
      "message" : "at (781, 653)",
      "identifier" : "click",
      "image" : "OK",
      "handlerLine" : 16,
      "timestamp" : "2019-03-18 09:22:01.084 -0600",
      "scriptName" : "ChangeColors.script"
    },
    {
      "handlerName" : "on_changecolors",
      "message" : "at (814, 489)",
      "identifier" : "click",
      "image" : "Appearance",
      "handlerLine" : 19,
      "timestamp" : "2019-03-18 09:22:02.827 -0600",
      "scriptName" : "ChangeColors.script"
    },
    {
      "handlerName" : "on_changecolors",
      "message" : "at (1135, 519)",
      "identifier" : "click",
      "image" : "Change",
      "handlerLine" : 20,
      "timestamp" : "2019-03-18 09:22:04.605 -0600",
      "scriptName" : "ChangeColors.script"
    },
    {
      "handlerName" : "on_changecolors",
      "message" : "at (1136, 513)",
      "identifier" : "click",
      "image" : "Size",
      "handlerLine" : 21,
      "timestamp" : "2019-03-18 09:22:06.846 -0600",
      "scriptName" : "ChangeColors.script"
    },
    {
      "handlerName" : "on_changecolors",
      "message" : "18",
      "timestamp" : "2019-03-18 09:22:07.575 -0600",
      "identifier" : "typetext",
      "scriptName" : "ChangeColors.script",
      "handlerLine" : 22
    },
    {
      "handlerName" : "on_changecolors",
      "message" : "at (1049, 888)",
      "identifier" : "click",
      "image" : "OK",
      "handlerLine" : 23,
      "timestamp" : "2019-03-18 09:22:08.727 -0600",
      "scriptName" : "ChangeColors.script"
    },
    {
      "handlerName" : "on_changecolors",
      "message" : "at (1046, 740)",
      "identifier" : "click",
      "image" : "Apply",
      "handlerLine" : 27,
      "timestamp" : "2019-03-18 09:22:10.480 -0600",
      "scriptName" : "ChangeColors.script"
    },
    {
      "handlerName" : "on_index",
      "message" : "ls[returnKey]",
      "timestamp" : "2019-03-18 09:22:12.529 -0600",
      "identifier" : "typetext",
      "scriptName" : "Index.script",
      "handlerLine" : 23
    },
    {
      "handlerName" : "on_readoutput",
      "message" : "at (144,134,166,155)",
      "identifier" : "imagerectangle",
      "image" : "Putty Command Window",
      "handlerLine" : 6,
      "timestamp" : "2019-03-18 09:22:14.200 -0600",
      "scriptName" : "ReadOutPut.script"
    },
    {
      "handlerName" : "on_readoutput",
      "message" : "found 2 images",
      "identifier" : "everyimagerectangle",
      "image" : "(TEXT:\"demo@\")",
      "handlerLine" : 7,
      "timestamp" : "2019-03-18 09:22:16.204 -0600",
      "scriptName" : "ReadOutPut.script"
    },
    {
      "identifier" : "readtext",
      "message" : "(140,317,539,408)",
      "timestamp" : "2019-03-18 09:22:16.352 -0600"
    },
    {
      "handlerName" : "on_readoutput",
      "message" : "aspnet_client\\npub\\nreadme.txt",
      "timestamp" : "2019-03-18 09:22:16.353 -0600",
      "identifier" : "Log",
      "scriptName" : "ReadOutPut.script",
      "handlerLine" : 16
    },
    {
      "identifier" : "EndTestCase",
      "message" : "(Duration:\"46.518039\", Errors:\"0\", Exceptions:\"0\", StartTime:\"2019-03-18 09:21:30 -0600\", Successes:\"1\", TestCase:\"Index.script\", Warnings:\"0\")",
      "timestamp" : "2019-03-18 09:22:16.743 -0600"
    },
    {
      "identifier" : "SUCCESS",
      "message" : "Execution Time 0:00:46 Index.script",
      "timestamp" : "2019-03-18 09:22:16.775 -0600"
    }
  ],
  "createdTimestamp" : "2019-03-18 09:21:30.225 -0600"
}