{
  "entries" : [
    {
      "identifier" : "START",
      "message" : "Running GeneratePatientAPI.script",
      "timestamp" : "2018-11-26 17:13:26.703 -0500"
    },
    {
      "handlerName" : "on_generatepatientapi",
      "message" : "(gender:\"male\", name:\"Joshua\", region:\"United States\", surname:\"West\")",
      "timestamp" : "2018-11-26 17:13:27.258 -0500",
      "identifier" : "Log",
      "scriptName" : "GeneratePatientAPI.script",
      "handlerLine" : 16
    },
    {
      "handlerName" : "on_generatepatientapi",
      "message" : "(gender:\"female\", name:\"Danielle\", region:\"United States\", surname:\"Pierce\")",
      "timestamp" : "2018-11-26 17:13:27.306 -0500",
      "identifier" : "Log",
      "scriptName" : "GeneratePatientAPI.script",
      "handlerLine" : 16
    },
    {
      "identifier" : "EndTestCase",
      "message" : "(Duration:\"0.880944\", Errors:\"0\", Exceptions:\"0\", StartTime:\"2018-11-26 17:13:26 -0500\", Successes:\"1\", TestCase:\"GeneratePatientAPI.script\", Warnings:\"0\")",
      "timestamp" : "2018-11-26 17:13:27.610 -0500"
    },
    {
      "identifier" : "SUCCESS",
      "message" : "Execution Time 0:00:00 GeneratePatientAPI.script",
      "timestamp" : "2018-11-26 17:13:27.669 -0500"
    }
  ],
  "createdTimestamp" : "2018-11-26 17:13:26.729 -0500"
}