{
  "entries" : [
    {
      "identifier" : "START",
      "message" : "Running index Second.script",
      "timestamp" : "2018-11-28 15:32:21.663 -0500"
    },
    {
      "identifier" : "EndTestCase",
      "message" : "(Duration:\"0.91361\", Errors:\"0\", Exceptions:\"0\", StartTime:\"2018-11-28 15:32:21 -0500\", Successes:\"1\", TestCase:\"index Second.script\", Warnings:\"0\")",
      "timestamp" : "2018-11-28 15:32:22.609 -0500"
    },
    {
      "identifier" : "SUCCESS",
      "message" : "Execution Time 0:00:00 index Second.script",
      "timestamp" : "2018-11-28 15:32:22.671 -0500"
    }
  ],
  "createdTimestamp" : "2018-11-28 15:32:21.695 -0500"
}