{
  "entries" : [
    {
      "identifier" : "START",
      "message" : "Running Main.script",
      "timestamp" : "2020-04-28 11:30:40.787 -0600"
    },
    {
      "handlerName" : "function_locaterrectangle",
      "message" : "(290,244,1341,750)",
      "identifier" : "capturescreen",
      "image" : "\/Users\/randyhesse\/Documents\/Simple_Examples\/AI Modeling\/facial_recognition_v2.suite\/Resources\/InputPicture.png",
      "handlerLine" : 5,
      "timestamp" : "2020-04-28 11:30:41.303 -0600",
      "scriptName" : ""
    },
    {
      "handlerName" : "on_main",
      "message" : "[[1162,313,1249,400],[993,308,1088,403],[678,261,848,431],[997,665,1020,688],[1015,546,1088,619],[551,543,643,635],[723,544,819,640],[899,550,966,617],[312,540,442,670],[1142,514,1322,694],[1194,631,1243,680],[359,320,436,397],[499,324,572,397]]",
      "timestamp" : "2020-04-28 11:30:43.831 -0600",
      "identifier" : "Log",
      "scriptName" : "Main.script",
      "handlerLine" : 17
    },
    {
      "handlerName" : "on_main",
      "message" : "(1162,313,1249,400)",
      "identifier" : "capturescreen",
      "image" : "1.png",
      "handlerLine" : 24,
      "timestamp" : "2020-04-28 11:30:44.337 -0600",
      "scriptName" : "Main.script"
    },
    {
      "handlerName" : "on_main",
      "message" : "(993,308,1088,403)",
      "identifier" : "capturescreen",
      "image" : "2.png",
      "handlerLine" : 24,
      "timestamp" : "2020-04-28 11:30:44.854 -0600",
      "scriptName" : "Main.script"
    },
    {
      "handlerName" : "on_main",
      "message" : "(678,261,848,431)",
      "identifier" : "capturescreen",
      "image" : "3.png",
      "handlerLine" : 24,
      "timestamp" : "2020-04-28 11:30:45.380 -0600",
      "scriptName" : "Main.script"
    },
    {
      "handlerName" : "on_main",
      "message" : "(997,665,1020,688)",
      "identifier" : "capturescreen",
      "image" : "4.png",
      "handlerLine" : 24,
      "timestamp" : "2020-04-28 11:30:45.893 -0600",
      "scriptName" : "Main.script"
    },
    {
      "handlerName" : "on_main",
      "message" : "(1015,546,1088,619)",
      "identifier" : "capturescreen",
      "image" : "5.png",
      "handlerLine" : 24,
      "timestamp" : "2020-04-28 11:30:46.409 -0600",
      "scriptName" : "Main.script"
    },
    {
      "handlerName" : "on_main",
      "message" : "(551,543,643,635)",
      "identifier" : "capturescreen",
      "image" : "6.png",
      "handlerLine" : 24,
      "timestamp" : "2020-04-28 11:30:46.923 -0600",
      "scriptName" : "Main.script"
    },
    {
      "handlerName" : "on_main",
      "message" : "(723,544,819,640)",
      "identifier" : "capturescreen",
      "image" : "7.png",
      "handlerLine" : 24,
      "timestamp" : "2020-04-28 11:30:47.438 -0600",
      "scriptName" : "Main.script"
    },
    {
      "handlerName" : "on_main",
      "message" : "(899,550,966,617)",
      "identifier" : "capturescreen",
      "image" : "8.png",
      "handlerLine" : 24,
      "timestamp" : "2020-04-28 11:30:47.950 -0600",
      "scriptName" : "Main.script"
    },
    {
      "handlerName" : "on_main",
      "message" : "(312,540,442,670)",
      "identifier" : "capturescreen",
      "image" : "9.png",
      "handlerLine" : 24,
      "timestamp" : "2020-04-28 11:30:48.464 -0600",
      "scriptName" : "Main.script"
    },
    {
      "handlerName" : "on_main",
      "message" : "(1142,514,1322,694)",
      "identifier" : "capturescreen",
      "image" : "10.png",
      "handlerLine" : 24,
      "timestamp" : "2020-04-28 11:30:48.983 -0600",
      "scriptName" : "Main.script"
    },
    {
      "handlerName" : "on_main",
      "message" : "(1194,631,1243,680)",
      "identifier" : "capturescreen",
      "image" : "11.png",
      "handlerLine" : 24,
      "timestamp" : "2020-04-28 11:30:49.496 -0600",
      "scriptName" : "Main.script"
    },
    {
      "handlerName" : "on_main",
      "message" : "(359,320,436,397)",
      "identifier" : "capturescreen",
      "image" : "12.png",
      "handlerLine" : 24,
      "timestamp" : "2020-04-28 11:30:50.008 -0600",
      "scriptName" : "Main.script"
    },
    {
      "handlerName" : "on_main",
      "message" : "(499,324,572,397)",
      "identifier" : "capturescreen",
      "image" : "13.png",
      "handlerLine" : 24,
      "timestamp" : "2020-04-28 11:30:50.521 -0600",
      "scriptName" : "Main.script"
    },
    {
      "identifier" : "EndTestCase",
      "message" : "(Duration:\"11.305442\", Errors:\"0\", Exceptions:\"0\", StartTime:\"2020-04-28 11:30:40 -0600\", Successes:\"1\", TestCase:\"Main.script\", Warnings:\"0\")",
      "timestamp" : "2020-04-28 11:30:52.095 -0600"
    },
    {
      "identifier" : "SUCCESS",
      "message" : "Execution Time 0:00:11 Main.script",
      "timestamp" : "2020-04-28 11:30:52.115 -0600"
    }
  ],
  "createdTimestamp" : "2020-04-28 11:30:40.788 -0600"
}