{
  "entries" : [
    {
      "handlerName" : "on_master",
      "message" : "Test End",
      "timestamp" : "2019-04-18 17:06:11.319 -0600",
      "identifier" : "Log",
      "scriptName" : "Master.script",
      "handlerLine" : 19
    },
    {
      "identifier" : "EndTestCase",
      "message" : "(Duration:\"0.393758\", Errors:\"0\", Exceptions:\"0\", StartTime:\"2019-04-18 17:06:11 -0600\", Successes:\"2\", TestCase:\"Master.script\", Warnings:\"0\")",
      "timestamp" : "2019-04-18 17:06:11.531 -0600"
    },
    {
      "identifier" : "SUCCESS",
      "message" : "Execution Time 0:00:00 Master.script",
      "timestamp" : "2019-04-18 17:06:11.552 -0600"
    }
  ],
  "createdTimestamp" : "2019-04-18 17:06:11.320 -0600"
}