{
  "entries" : [
    {
      "identifier" : "START",
      "message" : "Running Main01.script",
      "timestamp" : "2021-04-10 22:03:52.880 -0600"
    },
    {
      "handlerName" : "on_main01",
      "message" : "{ReportStats:{capturescreen:1, click:2, endtestcase:1, log:1, start:1, success:1, typetext:6, waitfor:3}, TotalSteps:16}",
      "timestamp" : "2021-04-10 22:03:53.007 -0600",
      "identifier" : "Log",
      "scriptName" : "Main01.script",
      "handlerLine" : 19
    },
    {
      "identifier" : "EndTestCase",
      "message" : "(Duration:\"0.188979\", Errors:\"0\", Exceptions:\"0\", StartTime:\"2021-04-10 22:03:52 -0600\", Successes:\"1\", TestCase:\"Main01.script\", Warnings:\"0\")",
      "timestamp" : "2021-04-10 22:03:53.070 -0600"
    },
    {
      "identifier" : "SUCCESS",
      "message" : "Execution Time 0:00:00 Main01.script",
      "timestamp" : "2021-04-10 22:03:53.077 -0600"
    }
  ],
  "createdTimestamp" : "2021-04-10 22:03:52.880 -0600"
}