{
  "entries" : [
    {
      "identifier" : "START",
      "message" : "Running index.script",
      "timestamp" : "2021-01-18 12:01:30.647 -0700"
    },
    {
      "handlerName" : "on_definecolorarea",
      "message" : "calculating...",
      "timestamp" : "2021-01-18 12:01:30.896 -0700",
      "identifier" : "Log",
      "scriptName" : "",
      "handlerLine" : 27
    },
    {
      "handlerName" : "on_index",
      "message" : "[[\"239\",\"93\",\"66\"],[\"239\",\"93\",\"66\"],[\"239\",\"93\",\"66\"],[\"239\",\"93\",\"66\"],[\"239\",\"93\",\"66\"],[\"239\",\"93\",\"66\"],[\"239\",\"93\",\"66\"],[\"239\",\"93\",\"66\"],[\"239\",\"93\",\"66\"],[\"239\",\"93\",\"66\"],[\"239\",\"93\",\"66\"],[\"239\",\"93\",\"66\"],[\"239\",\"93\",\"66\"],[\"239\",\"93\",\"66\"],[\"239\",\"93\",\"66\"],[\"239\",\"93\",\"66\"],[\"239\",\"93\",\"66\"],[\"239\",\"93\",\"66\"],[\"239\",\"93\",\"66\"],[\"239\",\"93\",\"66\"],[\"239\",\"93\",\"66\"],[\"239\",\"93\",\"66\"],[\"239\",\"93\",\"66\"],[\"239\",\"93\",\"66\"],[\"239\",\"93\",\"66\"],[\"239\",\"93\",\"66\"],[\"239\",\"93\",\"66\"],[\"239\",\"93\",\"66\"],[\"239\",\"93\",\"66\"],[\"239\",\"93\",\"66\"],[\"239\",\"93\",\"66\"],[\"239\",\"93\",\"66\"],[\"239\",\"93\",\"66\"],[\"239\",\"93\",\"66\"],[\"239\",\"93\",\"66\"],[\"239\",\"93\",\"66\"],[\"239\",\"93\",\"66\"],[\"239\",\"93\",\"66\"],[\"239\",\"93\",\"66\"],[\"239\",\"93\",\"66\"],[\"239\",\"93\",\"66\"],[\"239\",\"93\",\"66\"],[\"239\",\"93\",\"66\"],[\"239\",\"93\",\"66\"],[\"239\",\"93\",\"66\"],[\"239\",\"93\",\"66\"],[\"239\",\"93\",\"66\"],[\"239\",\"93\",\"66\"],[\"239\",\"93\",\"66\"],[\"239\",\"93\",\"66\"],[\"239\",\"93\",\"66\"],[\"239\",\"93\",\"66\"],[\"239\",\"93\",\"66\"],[\"239\",\"93\",\"66\"],[\"239\",\"93\",\"66\"],[\"239\",\"93\",\"66\"],[\"239\",\"93\",\"66\"],[\"239\",\"93\",\"66\"],[\"239\",\"93\",\"66\"],[\"239\",\"93\",\"66\"],[\"239\",\"93\",\"66\"],[\"239\",\"93\",\"66\"],[\"239\",\"93\",\"66\"],[\"239\",\"93\",\"66\"],[\"239\",\"93\",\"66\"],[\"239\",\"93\",\"66\"],[\"239\",\"93\",\"66\"],[\"239\",\"93\",\"66\"],[\"239\",\"93\",\"66\"],[\"239\",\"93\",\"66\"],[\"239\",\"93\",\"66\"],[\"239\",\"93\",\"66\"],[\"239\",\"93\",\"66\"],[\"239\",\"93\",\"66\"],[\"239\",\"93\",\"66\"],[\"239\",\"93\",\"66\"],[\"239\",\"93\",\"66\"],[\"239\",\"93\",\"66\"],[\"239\",\"93\",\"66\"],[\"239\",\"93\",\"66\"],[\"239\",\"93\",\"66\"],[\"239\",\"93\",\"66\"],[\"239\",\"93\",\"66\"],[\"239\",\"93\",\"66\"],[\"239\",\"93\",\"66\"],[\"239\",\"93\",\"66\"],[\"239\",\"93\",\"66\"],[\"239\",\"93\",\"66\"],[\"239\",\"93\",\"66\"],[\"239\",\"93\",\"66\"],[\"239\",\"93\",\"66\"],[\"239\",\"93\",\"66\"],[\"239\",\"93\",\"66\"],[\"239\",\"93\",\"66\"],[\"239\",\"93\",\"66\"],[\"239\",\"93\",\"66\"],[\"239\",\"93\",\"66\"],[\"239\",\"93\",\"66\"],[\"239\",\"93\",\"66\"],[\"239\",\"93\",\"66\"],[\"239\",\"93\",\"66\"],[\"239\",\"93\",\"66\"],[\"239\",\"93\",\"66\"],[\"239\",\"93\",\"66\"],[\"239\",\"93\",\"66\"],[\"239\",\"93\",\"66\"],[\"239\",\"93\",\"66\"],[\"239\",\"93\",\"66\"],[\"239\",\"93\",\"66\"],[\"239\",\"93\",\"66\"],[\"239\",\"93\",\"66\"],[\"239\",\"93\",\"66\"],[\"239\",\"93\",\"66\"],[\"239\",\"93\",\"66\"],[\"239\",\"93\",\"66\"],[\"239\",\"93\",\"66\"],[\"239\",\"93\",\"66\"],[\"239\",\"93\",\"66\"],[\"239\",\"93\",\"66\"],[\"239\",\"93\",\"66\"],[\"239\",\"93\",\"66\"],[\"239\",\"93\",\"66\"],[\"239\",\"93\",\"66\"],[\"239\",\"93\",\"66\"],[\"239\",\"93\",\"66\"],[\"239\",\"93\",\"66\"],[\"239\",\"93\",\"66\"],[\"239\",\"93\",\"66\"],[\"239\",\"93\",\"66\"],[\"239\",\"93\",\"66\"],[\"239\",\"93\",\"66\"],[\"239\",\"93\",\"66\"],[\"239\",\"93\",\"66\"],[\"239\",\"93\",\"66\"],[\"239\",\"93\",\"66\"],[\"239\",\"93\",\"66\"],[\"239\",\"93\",\"66\"],[\"239\",\"93\",\"66\"],[\"239\",\"93\",\"66\"],[\"239\",\"93\",\"66\"],[\"239\",\"93\",\"66\"],[\"239\",\"93\",\"66\"],[\"239\",\"93\",\"66\"],[\"239\",\"93\",\"66\"],[\"239\",\"93\",\"66\"],[\"239\",\"93\",\"66\"],[\"239\",\"93\",\"66\"],[\"239\",\"93\",\"66\"],[\"239\",\"93\",\"66\"],[\"239\",\"93\",\"66\"],[\"239\",\"93\",\"66\"],[\"239\",\"93\",\"66\"],[\"239\",\"93\",\"66\"],[\"239\",\"93\",\"66\"],[\"239\",\"93\",\"66\"],[\"239\",\"93\",\"66\"],[\"239\",\"93\",\"66\"],[\"239\",\"93\",\"66\"],[\"239\",\"93\",\"66\"],[\"239\",\"93\",\"66\"],[\"239\",\"93\",\"66\"],[\"239\",\"93\",\"66\"],[\"239\",\"93\",\"66\"],[\"239\",\"93\",\"66\"],[\"239\",\"93\",\"66\"],[\"239\",\"93\",\"66\"],[\"239\",\"93\",\"66\"],[\"239\",\"93\",\"66\"],[\"239\",\"93\",\"66\"],[\"239\",\"93\",\"66\"],[\"239\",\"93\",\"66\"],[\"239\",\"93\",\"66\"],[\"239\",\"93\",\"66\"],[\"239\",\"93\",\"66\"],[\"239\",\"93\",\"66\"],[\"239\",\"93\",\"66\"],[\"239\",\"93\",\"66\"],[\"239\",\"93\",\"66\"],[\"239\",\"93\",\"66\"],[\"239\",\"93\",\"66\"],[\"239\",\"93\",\"66\"],[\"239\",\"93\",\"66\"],[\"239\",\"93\",\"66\"],[\"239\",\"93\",\"66\"],[\"239\",\"93\",\"66\"],[\"239\",\"93\",\"66\"],[\"239\",\"93\",\"66\"],[\"239\",\"93\",\"66\"],[\"239\",\"93\",\"66\"],[\"239\",\"93\",\"66\"],[\"239\",\"93\",\"66\"],[\"239\",\"93\",\"66\"],[\"239\",\"93\",\"66\"],[\"239\",\"93\",\"66\"],[\"239\",\"93\",\"66\"],[\"239\",\"93\",\"66\"],[\"239\",\"93\",\"66\"],[\"239\",\"93\",\"66\"],[\"239\",\"93\",\"66\"],[\"239\",\"93\",\"66\"],[\"239\",\"93\",\"66\"],[\"239\",\"93\",\"66\"],[\"239\",\"93\",\"66\"],[\"239\",\"93\",\"66\"],[\"239\",\"93\",\"66\"],[\"239\",\"93\",\"66\"],[\"239\",\"93\",\"66\"],[\"239\",\"93\",\"66\"],[\"239\",\"93\",\"66\"],[\"239\",\"93\",\"66\"],[\"239\",\"93\",\"66\"],[\"239\",\"93\",\"66\"],[\"239\",\"93\",\"66\"],[\"239\",\"93\",\"66\"],[\"239\",\"93\",\"66\"],[\"239\",\"93\",\"66\"],[\"239\",\"93\",\"66\"],[\"239\",\"93\",\"66\"],[\"239\",\"93\",\"66\"],[\"239\",\"93\",\"66\"],[\"239\",\"93\",\"66\"],[\"239\",\"93\",\"66\"],[\"239\",\"93\",\"66\"],[\"239\",\"93\",\"66\"],[\"239\",\"93\",\"66\"],[\"239\",\"93\",\"66\"],[\"239\",\"93\",\"66\"],[\"239\",\"93\",\"66\"],[\"239\",\"93\",\"66\"],[\"239\",\"93\",\"66\"],[\"239\",\"93\",\"66\"],[\"239\",\"93\",\"66\"],[\"239\",\"93\",\"66\"],[\"239\",\"93\",\"66\"],[\"239\",\"93\",\"66\"],[\"239\",\"93\",\"66\"],[\"239\",\"93\",\"66\"],[\"239\",\"93\",\"66\"],[\"239\",\"93\",\"66\"],[\"239\",\"93\",\"66\"],[\"239\",\"93\",\"66\"],[\"239\",\"93\",\"66\"],[\"239\",\"93\",\"66\"],[\"239\",\"93\",\"66\"],[\"239\",\"93\",\"66\"],[\"239\",\"93\",\"66\"],[\"239\",\"93\",\"66\"],[\"239\",\"93\",\"66\"],[\"239\",\"93\",\"66\"],[\"239\",\"93\",\"66\"],[\"239\",\"93\",\"66\"],[\"239\",\"93\",\"66\"],[\"239\",\"93\",\"66\"],[\"239\",\"93\",\"66\"],[\"239\",\"93\",\"66\"],[\"239\",\"93\",\"66\"],[\"239\",\"93\",\"66\"],[\"239\",\"93\",\"66\"],[\"239\",\"93\",\"66\"],[\"239\",\"93\",\"66\"],[\"239\",\"93\",\"66\"],[\"239\",\"93\",\"66\"],[\"239\",\"93\",\"66\"],[\"239\",\"93\",\"66\"],[\"239\",\"93\",\"66\"],[\"239\",\"93\",\"66\"],[\"239\",\"93\",\"66\"],[\"239\",\"93\",\"66\"],[\"239\",\"93\",\"66\"],[\"239\",\"93\",\"66\"],[\"239\",\"93\",\"66\"],[\"239\",\"93\",\"66\"],[\"239\",\"93\",\"66\"],[\"239\",\"93\",\"66\"],[\"239\",\"93\",\"66\"],[\"239\",\"93\",\"66\"],[\"239\",\"93\",\"66\"],[\"239\",\"93\",\"66\"],[\"239\",\"93\",\"66\"],[\"239\",\"93\",\"66\"],[\"239\",\"93\",\"66\"],[\"239\",\"93\",\"66\"],[\"239\",\"93\",\"66\"],[\"239\",\"93\",\"66\"],[\"239\",\"93\",\"66\"],[\"239\",\"93\",\"66\"],[\"239\",\"93\",\"66\"],[\"239\",\"93\",\"66\"],[\"239\",\"93\",\"66\"],[\"239\",\"93\",\"66\"],[\"239\",\"93\",\"66\"],[\"239\",\"93\",\"66\"],[\"239\",\"93\",\"66\"],[\"239\",\"93\",\"66\"],[\"239\",\"93\",\"66\"],[\"239\",\"93\",\"66\"],[\"239\",\"93\",\"66\"],[\"239\",\"93\",\"66\"],[\"239\",\"93\",\"66\"],[\"239\",\"93\",\"66\"],[\"239\",\"93\",\"66\"],[\"239\",\"93\",\"66\"],[\"239\",\"93\",\"66\"],[\"239\",\"93\",\"66\"],[\"239\",\"93\",\"66\"],[\"239\",\"93\",\"66\"],[\"239\",\"93\",\"66\"],[\"239\",\"93\",\"66\"],[\"239\",\"93\",\"66\"],[\"239\",\"93\",\"66\"],[\"239\",\"93\",\"66\"],[\"239\",\"93\",\"66\"],[\"239\",\"93\",\"66\"],[\"239\",\"93\",\"66\"],[\"239\",\"93\",\"66\"],[\"239\",\"93\",\"66\"],[\"239\",\"93\",\"66\"],[\"239\",\"93\",\"66\"],[\"239\",\"93\",\"66\"],[\"239\",\"93\",\"66\"],[\"239\",\"93\",\"66\"],[\"239\",\"93\",\"66\"],[\"239\",\"93\",\"66\"],[\"239\",\"93\",\"66\"],[\"239\",\"93\",\"66\"],[\"239\",\"93\",\"66\"],[\"239\",\"93\",\"66\"],[\"239\",\"93\",\"66\"],[\"239\",\"93\",\"66\"],[\"239\",\"93\",\"66\"],[\"239\",\"93\",\"66\"],[\"239\",\"93\",\"66\"],[\"239\",\"93\",\"66\"],[\"239\",\"93\",\"66\"],[\"239\",\"93\",\"66\"],[\"239\",\"93\",\"66\"],[\"239\",\"93\",\"66\"],[\"239\",\"93\",\"66\"],[\"239\",\"93\",\"66\"],[\"239\",\"93\",\"66\"],[\"239\",\"93\",\"66\"],[\"239\",\"93\",\"66\"],[\"239\",\"93\",\"66\"],[\"239\",\"93\",\"66\"],[\"239\",\"93\",\"66\"],[\"239\",\"93\",\"66\"],[\"239\",\"93\",\"66\"],[\"239\",\"93\",\"66\"],[\"239\",\"93\",\"66\"],[\"239\",\"93\",\"66\"],[\"239\",\"93\",\"66\"],[\"239\",\"93\",\"66\"],[\"239\",\"93\",\"66\"],[\"239\",\"93\",\"66\"],[\"239\",\"93\",\"66\"],[\"239\",\"93\",\"66\"],[\"239\",\"93\",\"66\"],[\"239\",\"93\",\"66\"],[\"239\",\"93\",\"66\"],[\"239\",\"93\",\"66\"],[\"239\",\"93\",\"66\"],[\"239\",\"93\",\"66\"],[\"239\",\"93\",\"66\"],[\"239\",\"93\",\"66\"],[\"239\",\"93\",\"66\"],[\"239\",\"93\",\"66\"],[\"239\",\"93\",\"66\"],[\"239\",\"93\",\"66\"],[\"239\",\"93\",\"66\"],[\"239\",\"93\",\"66\"],[\"239\",\"93\",\"66\"],[\"239\",\"93\",\"66\"],[\"239\",\"93\",\"66\"],[\"239\",\"93\",\"66\"],[\"239\",\"93\",\"66\"],[\"239\",\"93\",\"66\"],[\"239\",\"93\",\"66\"],[\"239\",\"93\",\"66\"],[\"239\",\"93\",\"66\"],[\"239\",\"93\",\"66\"],[\"239\",\"93\",\"66\"],[\"239\",\"93\",\"66\"],[\"239\",\"93\",\"66\"],[\"239\",\"93\",\"66\"],[\"239\",\"93\",\"66\"],[\"239\",\"93\",\"66\"],[\"239\",\"93\",\"66\"],[\"239\",\"93\",\"66\"],[\"239\",\"93\",\"66\"],[\"239\",\"93\",\"66\"],[\"239\",\"93\",\"66\"],[\"239\",\"93\",\"66\"],[\"239\",\"93\",\"66\"],[\"239\",\"93\",\"66\"],[\"239\",\"93\",\"66\"],[\"239\",\"93\",\"66\"],[\"239\",\"93\",\"66\"],[\"239\",\"93\",\"66\"],[\"239\",\"93\",\"66\"],[\"239\",\"93\",\"66\"],[\"239\",\"93\",\"66\"],[\"239\",\"93\",\"66\"],[\"239\",\"93\",\"66\"],[\"239\",\"93\",\"66\"],[\"239\",\"93\",\"66\"],[\"239\",\"93\",\"66\"],[\"239\",\"93\",\"66\"],[\"239\",\"93\",\"66\"],[\"239\",\"93\",\"66\"],[\"239\",\"93\",\"66\"],[\"239\",\"93\",\"66\"],[\"239\",\"93\",\"66\"],[\"239\",\"93\",\"66\"],[\"239\",\"93\",\"66\"],[\"239\",\"93\",\"66\"],[\"239\",\"93\",\"66\"],[\"239\",\"93\",\"66\"],[\"239\",\"93\",\"66\"],[\"239\",\"93\",\"66\"],[\"239\",\"93\",\"66\"],[\"239\",\"93\",\"66\"],[\"239\",\"93\",\"66\"],[\"239\",\"93\",\"66\"],[\"239\",\"93\",\"66\"],[\"239\",\"93\",\"66\"],[\"239\",\"93\",\"66\"],[\"239\",\"93\",\"66\"],[\"239\",\"93\",\"66\"],[\"239\",\"93\",\"66\"],[\"239\",\"93\",\"66\"],[\"239\",\"93\",\"66\"],[\"239\",\"93\",\"66\"],[\"239\",\"93\",\"66\"],[\"239\",\"93\",\"66\"],[\"239\",\"93\",\"66\"],[\"239\",\"93\",\"66\"],[\"239\",\"93\",\"66\"],[\"239\",\"93\",\"66\"],[\"239\",\"93\",\"66\"],[\"239\",\"93\",\"66\"],[\"239\",\"93\",\"66\"],[\"239\",\"93\",\"66\"],[\"239\",\"93\",\"66\"],[\"239\",\"93\",\"66\"],[\"239\",\"93\",\"66\"],[\"239\",\"93\",\"66\"],[\"239\",\"93\",\"66\"],[\"239\",\"93\",\"66\"],[\"239\",\"93\",\"66\"],[\"239\",\"93\",\"66\"],[\"239\",\"93\",\"66\"],[\"239\",\"93\",\"66\"],[\"239\",\"93\",\"66\"],[\"239\",\"93\",\"66\"],[\"239\",\"93\",\"66\"],[\"239\",\"93\",\"66\"],[\"239\",\"93\",\"66\"],[\"239\",\"93\",\"66\"],[\"239\",\"93\",\"66\"],[\"239\",\"93\",\"66\"],[\"239\",\"93\",\"66\"],[\"239\",\"93\",\"66\"],[\"239\",\"93\",\"66\"],[\"239\",\"93\",\"66\"],[\"239\",\"93\",\"66\"],[\"239\",\"93\",\"66\"],[\"239\",\"93\",\"66\"],[\"239\",\"93\",\"66\"],[\"239\",\"93\",\"66\"],[\"239\",\"93\",\"66\"],[\"239\",\"93\",\"66\"],[\"239\",\"93\",\"66\"],[\"239\",\"93\",\"66\"],[\"239\",\"93\",\"66\"],[\"239\",\"93\",\"66\"],[\"239\",\"93\",\"66\"],[\"239\",\"93\",\"66\"],[\"239\",\"93\",\"66\"],[\"239\",\"93\",\"66\"],[\"239\",\"93\",\"66\"],[\"239\",\"93\",\"66\"],[\"239\",\"93\",\"66\"],[\"239\",\"93\",\"66\"],[\"239\",\"93\",\"66\"],[\"239\",\"93\",\"66\"],[\"239\",\"93\",\"66\"],[\"239\",\"93\",\"66\"],[\"239\",\"93\",\"66\"],[\"239\",\"93\",\"66\"],[\"239\",\"93\",\"66\"],[\"239\",\"93\",\"66\"],[\"239\",\"93\",\"66\"],[\"239\",\"93\",\"66\"],[\"239\",\"93\",\"66\"],[\"239\",\"93\",\"66\"],[\"239\",\"93\",\"66\"],[\"239\",\"93\",\"66\"],[\"239\",\"93\",\"66\"],[\"239\",\"93\",\"66\"],[\"239\",\"93\",\"66\"],[\"239\",\"93\",\"66\"],[\"239\",\"93\",\"66\"],[\"239\",\"93\",\"66\"],[\"239\",\"93\",\"66\"],[\"239\",\"93\",\"66\"],[\"239\",\"93\",\"66\"],[\"239\",\"93\",\"66\"],[\"239\",\"93\",\"66\"],[\"239\",\"93\",\"66\"],[\"239\",\"93\",\"66\"],[\"239\",\"93\",\"66\"],[\"239\",\"93\",\"66\"],[\"239\",\"93\",\"66\"],[\"239\",\"93\",\"66\"],[\"239\",\"93\",\"66\"],[\"239\",\"93\",\"66\"],[\"239\",\"93\",\"66\"],[\"239\",\"93\",\"66\"],[\"239\",\"93\",\"66\"],[\"239\",\"93\",\"66\"],[\"239\",\"93\",\"66\"],[\"239\",\"93\",\"66\"],[\"239\",\"93\",\"66\"],[\"239\",\"93\",\"66\"],[\"239\",\"93\",\"66\"],[\"239\",\"93\",\"66\"],[\"239\",\"93\",\"66\"],[\"239\",\"93\",\"66\"],[\"239\",\"93\",\"66\"],[\"239\",\"93\",\"66\"],[\"239\",\"93\",\"66\"],[\"239\",\"93\",\"66\"],[\"239\",\"93\",\"66\"],[\"239\",\"93\",\"66\"],[\"239\",\"93\",\"66\"],[\"239\",\"93\",\"66\"],[\"239\",\"93\",\"66\"],[\"239\",\"93\",\"66\"],[\"239\",\"93\",\"66\"],[\"239\",\"93\",\"66\"],[\"239\",\"93\",\"66\"],[\"239\",\"93\",\"66\"],[\"239\",\"93\",\"66\"],[\"239\",\"93\",\"66\"],[\"239\",\"93\",\"66\"],[\"239\",\"93\",\"66\"],[\"239\",\"93\",\"66\"],[\"239\",\"93\",\"66\"],[\"239\",\"93\",\"66\"],[\"239\",\"93\",\"66\"],[\"239\",\"93\",\"66\"],[\"239\",\"93\",\"66\"],[\"239\",\"93\",\"66\"],[\"239\",\"93\",\"66\"],[\"239\",\"93\",\"66\"],[\"239\",\"93\",\"66\"],[\"239\",\"93\",\"66\"],[\"239\",\"93\",\"66\"],[\"239\",\"93\",\"66\"],[\"239\",\"93\",\"66\"],[\"239\",\"93\",\"66\"],[\"239\",\"93\",\"66\"],[\"239\",\"93\",\"66\"],[\"239\",\"93\",\"66\"],[\"239\",\"93\",\"66\"],[\"239\",\"93\",\"66\"],[\"239\",\"93\",\"66\"],[\"239\",\"93\",\"66\"],[\"239\",\"93\",\"66\"],[\"239\",\"93\",\"66\"],[\"239\",\"93\",\"66\"],[\"239\",\"93\",\"66\"],[\"239\",\"93\",\"66\"],[\"239\",\"93\",\"66\"],[\"239\",\"93\",\"66\"],[\"239\",\"93\",\"66\"],[\"239\",\"93\",\"66\"],[\"239\",\"93\",\"66\"],[\"239\",\"93\",\"66\"],[\"239\",\"93\",\"66\"],[\"239\",\"93\",\"66\"],[\"239\",\"93\",\"66\"],[\"239\",\"93\",\"66\"],[\"239\",\"93\",\"66\"],[\"239\",\"93\",\"66\"],[\"239\",\"93\",\"66\"],[\"239\",\"93\",\"66\"],[\"239\",\"93\",\"66\"],[\"239\",\"93\",\"66\"],[\"239\",\"93\",\"66\"],[\"239\",\"93\",\"66\"],[\"239\",\"93\",\"66\"],[\"239\",\"93\",\"66\"],[\"239\",\"93\",\"66\"],[\"239\",\"93\",\"66\"],[\"239\",\"93\",\"66\"],[\"239\",\"93\",\"66\"],[\"239\",\"93\",\"66\"],[\"239\",\"93\",\"66\"],[\"239\",\"93\",\"66\"],[\"239\",\"93\",\"66\"],[\"239\",\"93\",\"66\"],[\"239\",\"93\",\"66\"],[\"239\",\"93\",\"66\"],[\"239\",\"93\",\"66\"],[\"239\",\"93\",\"66\"],[\"239\",\"93\",\"66\"],[\"239\",\"93\",\"66\"],[\"239\",\"93\",\"66\"],[\"239\",\"93\",\"66\"],[\"239\",\"93\",\"66\"],[\"239\",\"93\",\"66\"],[\"239\",\"93\",\"66\"],[\"239\",\"93\",\"66\"],[\"239\",\"93\",\"66\"],[\"239\",\"93\",\"66\"],[\"239\",\"93\",\"66\"],[\"239\",\"93\",\"66\"],[\"239\",\"93\",\"66\"],[\"239\",\"93\",\"66\"],[\"239\",\"93\",\"66\"],[\"239\",\"93\",\"66\"],[\"239\",\"93\",\"66\"],[\"239\",\"93\",\"66\"],[\"239\",\"93\",\"66\"],[\"239\",\"93\",\"66\"],[\"239\",\"93\",\"66\"],[\"239\",\"93\",\"66\"],[\"239\",\"93\",\"66\"],[\"239\",\"93\",\"66\"],[\"239\",\"93\",\"66\"],[\"239\",\"93\",\"66\"],[\"239\",\"93\",\"66\"],[\"239\",\"93\",\"66\"],[\"239\",\"93\",\"66\"],[\"239\",\"93\",\"66\"],[\"239\",\"93\",\"66\"],[\"239\",\"93\",\"66\"],[\"239\",\"93\",\"66\"],[\"239\",\"93\",\"66\"],[\"239\",\"93\",\"66\"],[\"239\",\"93\",\"66\"],[\"239\",\"93\",\"66\"],[\"239\",\"93\",\"66\"],[\"239\",\"93\",\"66\"],[\"239\",\"93\",\"66\"],[\"239\",\"93\",\"66\"],[\"239\",\"93\",\"66\"],[\"239\",\"93\",\"66\"],[\"239\",\"93\",\"66\"],[\"239\",\"93\",\"66\"],[\"239\",\"93\",\"66\"],[\"239\",\"93\",\"66\"],[\"239\",\"93\",\"66\"],[\"239\",\"93\",\"66\"],[\"239\",\"93\",\"66\"],[\"239\",\"93\",\"66\"],[\"239\",\"93\",\"66\"],[\"239\",\"93\",\"66\"],[\"239\",\"93\",\"66\"],[\"239\",\"93\",\"66\"],[\"239\",\"93\",\"66\"],[\"239\",\"93\",\"66\"],[\"239\",\"93\",\"66\"],[\"239\",\"93\",\"66\"],[\"239\",\"93\",\"66\"],[\"239\",\"93\",\"66\"],[\"239\",\"93\",\"66\"],[\"239\",\"93\",\"66\"],[\"239\",\"93\",\"66\"],[\"239\",\"93\",\"66\"],[\"239\",\"93\",\"66\"],[\"239\",\"93\",\"66\"],[\"239\",\"93\",\"66\"],[\"239\",\"93\",\"66\"],[\"239\",\"93\",\"66\"],[\"239\",\"93\",\"66\"],[\"239\",\"93\",\"66\"],[\"239\",\"93\",\"66\"],[\"239\",\"93\",\"66\"],[\"239\",\"93\",\"66\"],[\"239\",\"93\",\"66\"],[\"239\",\"93\",\"66\"],[\"239\",\"93\",\"66\"],[\"239\",\"93\",\"66\"],[\"239\",\"93\",\"66\"],[\"239\",\"93\",\"66\"],[\"239\",\"93\",\"66\"],[\"239\",\"93\",\"66\"],[\"239\",\"93\",\"66\"],[\"239\",\"93\",\"66\"],[\"239\",\"93\",\"66\"],[\"239\",\"93\",\"66\"],[\"239\",\"93\",\"66\"],[\"239\",\"93\",\"66\"],[\"239\",\"93\",\"66\"],[\"239\",\"93\",\"66\"],[\"239\",\"93\",\"66\"],[\"239\",\"93\",\"66\"],[\"239\",\"93\",\"66\"],[\"239\",\"93\",\"66\"],[\"239\",\"93\",\"66\"],[\"239\",\"93\",\"66\"],[\"239\",\"93\",\"66\"],[\"239\",\"93\",\"66\"],[\"239\",\"93\",\"66\"],[\"239\",\"93\",\"66\"],[\"239\",\"93\",\"66\"],[\"239\",\"93\",\"66\"],[\"239\",\"93\",\"66\"],[\"239\",\"93\",\"66\"],[\"239\",\"93\",\"66\"],[\"239\",\"93\",\"66\"],[\"239\",\"93\",\"66\"],[\"239\",\"93\",\"66\"],[\"239\",\"93\",\"66\"],[\"239\",\"93\",\"66\"],[\"239\",\"93\",\"66\"],[\"239\",\"93\",\"66\"],[\"239\",\"93\",\"66\"],[\"239\",\"93\",\"66\"],[\"239\",\"93\",\"66\"],[\"239\",\"93\",\"66\"],[\"239\",\"93\",\"66\"],[\"239\",\"93\",\"66\"],[\"239\",\"93\",\"66\"],[\"239\",\"93\",\"66\"],[\"239\",\"93\",\"66\"],[\"239\",\"93\",\"66\"],[\"239\",\"93\",\"66\"],[\"239\",\"93\",\"66\"],[\"239\",\"93\",\"66\"],[\"239\",\"93\",\"66\"],[\"239\",\"93\",\"66\"],[\"239\",\"93\",\"66\"],[\"239\",\"93\",\"66\"],[\"239\",\"93\",\"66\"],[\"239\",\"93\",\"66\"],[\"239\",\"93\",\"66\"],[\"239\",\"93\",\"66\"],[\"239\",\"93\",\"66\"],[\"239\",\"93\",\"66\"],[\"239\",\"93\",\"66\"],[\"239\",\"93\",\"66\"],[\"239\",\"93\",\"66\"],[\"239\",\"93\",\"66\"],[\"239\",\"93\",\"66\"],[\"239\",\"93\",\"66\"],[\"239\",\"97\",\"57\"],[\"239\",\"97\",\"57\"],[\"239\",\"97\",\"57\"],[\"239\",\"97\",\"57\"],[\"239\",\"97\",\"57\"],[\"239\",\"97\",\"57\"],[\"239\",\"97\",\"57\"],[\"239\",\"97\",\"57\"],[\"239\",\"97\",\"57\"],[\"239\",\"97\",\"57\"],[\"239\",\"97\",\"57\"],[\"239\",\"97\",\"57\"],[\"239\",\"97\",\"57\"],[\"239\",\"97\",\"57\"],[\"239\",\"97\",\"57\"],[\"239\",\"97\",\"57\"],[\"239\",\"97\",\"57\"],[\"239\",\"97\",\"57\"],[\"239\",\"97\",\"57\"],[\"239\",\"97\",\"57\"],[\"239\",\"97\",\"57\"],[\"239\",\"97\",\"57\"],[\"239\",\"97\",\"57\"],[\"239\",\"97\",\"57\"],[\"239\",\"97\",\"57\"],[\"239\",\"97\",\"57\"],[\"239\",\"97\",\"57\"],[\"239\",\"97\",\"57\"],[\"239\",\"97\",\"57\"],[\"239\",\"97\",\"57\"],[\"239\",\"97\",\"57\"],[\"239\",\"97\",\"57\"],[\"239\",\"97\",\"57\"],[\"239\",\"97\",\"57\"],[\"239\",\"97\",\"57\"],[\"239\",\"97\",\"57\"],[\"239\",\"97\",\"57\"],[\"239\",\"97\",\"57\"],[\"239\",\"97\",\"57\"],[\"239\",\"97\",\"57\"],[\"239\",\"97\",\"57\"],[\"239\",\"97\",\"57\"],[\"239\",\"97\",\"57\"],[\"239\",\"97\",\"57\"],[\"239\",\"93\",\"66\"],[\"239\",\"93\",\"66\"],[\"239\",\"93\",\"66\"],[\"239\",\"93\",\"66\"],[\"239\",\"93\",\"66\"],[\"239\",\"93\",\"66\"],[\"239\",\"93\",\"66\"],[\"239\",\"93\",\"66\"],[\"239\",\"93\",\"66\"],[\"239\",\"93\",\"66\"],[\"239\",\"93\",\"66\"],[\"239\",\"93\",\"66\"],[\"239\",\"93\",\"66\"],[\"239\",\"93\",\"66\"],[\"239\",\"93\",\"66\"],[\"239\",\"93\",\"66\"],[\"239\",\"93\",\"66\"],[\"239\",\"93\",\"66\"],[\"239\",\"93\",\"66\"],[\"239\",\"93\",\"66\"],[\"239\",\"93\",\"66\"],[\"239\",\"93\",\"66\"],[\"239\",\"93\",\"66\"],[\"239\",\"93\",\"66\"],[\"239\",\"93\",\"66\"],[\"239\",\"93\",\"66\"],[\"239\",\"93\",\"66\"],[\"239\",\"93\",\"66\"],[\"239\",\"93\",\"66\"],[\"239\",\"93\",\"66\"],[\"239\",\"93\",\"66\"],[\"239\",\"93\",\"66\"],[\"239\",\"93\",\"66\"],[\"239\",\"93\",\"66\"],[\"239\",\"93\",\"66\"],[\"239\",\"93\",\"66\"],[\"239\",\"93\",\"66\"],[\"239\",\"93\",\"66\"],[\"239\",\"93\",\"66\"],[\"239\",\"93\",\"66\"],[\"239\",\"93\",\"66\"],[\"239\",\"93\",\"66\"],[\"239\",\"93\",\"66\"],[\"239\",\"93\",\"66\"],[\"247\",\"89\",\"66\"],[\"247\",\"89\",\"66\"],[\"247\",\"89\",\"66\"],[\"247\",\"89\",\"66\"],[\"247\",\"89\",\"66\"],[\"247\",\"89\",\"66\"],[\"247\",\"89\",\"66\"],[\"247\",\"89\",\"66\"],[\"247\",\"89\",\"66\"],[\"247\",\"89\",\"66\"],[\"247\",\"89\",\"66\"],[\"247\",\"89\",\"66\"],[\"247\",\"89\",\"66\"],[\"247\",\"89\",\"66\"],[\"247\",\"89\",\"66\"],[\"247\",\"89\",\"66\"],[\"247\",\"89\",\"66\"],[\"247\",\"89\",\"66\"],[\"247\",\"89\",\"66\"],[\"247\",\"89\",\"66\"],[\"247\",\"89\",\"66\"],[\"247\",\"89\",\"66\"],[\"247\",\"89\",\"66\"],[\"247\",\"89\",\"66\"],[\"247\",\"89\",\"66\"],[\"247\",\"89\",\"66\"],[\"247\",\"89\",\"66\"],[\"247\",\"89\",\"66\"],[\"247\",\"89\",\"66\"],[\"247\",\"89\",\"66\"],[\"247\",\"89\",\"66\"],[\"247\",\"89\",\"66\"],[\"247\",\"89\",\"66\"],[\"247\",\"89\",\"66\"],[\"247\",\"89\",\"66\"],[\"247\",\"89\",\"66\"],[\"247\",\"89\",\"66\"],[\"247\",\"89\",\"66\"],[\"247\",\"89\",\"66\"],[\"247\",\"89\",\"66\"],[\"247\",\"89\",\"66\"],[\"247\",\"89\",\"66\"],[\"247\",\"89\",\"66\"],[\"247\",\"89\",\"66\"]]",
      "timestamp" : "2021-01-18 12:01:30.909 -0700",
      "identifier" : "Log",
      "scriptName" : "index.script",
      "handlerLine" : 7
    },
    {
      "handlerName" : "on_index",
      "message" : "880",
      "timestamp" : "2021-01-18 12:01:30.912 -0700",
      "identifier" : "Log",
      "scriptName" : "index.script",
      "handlerLine" : 8
    },
    {
      "handlerName" : "function_averagecolor",
      "message" : "NO valid Type: DEC or HEX",
      "timestamp" : "2021-01-18 12:01:30.974 -0700",
      "identifier" : "LogWarning",
      "scriptName" : "",
      "handlerLine" : 18
    },
    {
      "handlerName" : "on_index",
      "message" : "averageColorReturn",
      "timestamp" : "2021-01-18 12:01:30.978 -0700",
      "identifier" : "Log",
      "scriptName" : "index.script",
      "handlerLine" : 23
    },
    {
      "handlerName" : "function_pixelmatch",
      "message" : "Pixel Count is: 880",
      "timestamp" : "2021-01-18 12:01:31.003 -0700",
      "identifier" : "Log",
      "scriptName" : "",
      "handlerLine" : 9
    },
    {
      "handlerName" : "on_index",
      "message" : "0",
      "timestamp" : "2021-01-18 12:01:31.097 -0700",
      "identifier" : "Log",
      "scriptName" : "index.script",
      "handlerLine" : 26
    },
    {
      "identifier" : "EndTestCase",
      "message" : "(Duration:\"0.588384\", Errors:\"0\", Exceptions:\"0\", StartTime:\"2021-01-18 12:01:30 -0700\", Successes:\"1\", TestCase:\"index.script\", Warnings:\"1\")",
      "timestamp" : "2021-01-18 12:01:31.237 -0700"
    },
    {
      "identifier" : "SUCCESS",
      "message" : "Execution Time 0:00:00 index.script",
      "timestamp" : "2021-01-18 12:01:31.245 -0700"
    }
  ],
  "createdTimestamp" : "2021-01-18 12:01:30.648 -0700"
}