﻿<?xml version="1.0"?>
<runHistory script="Untitled1">
 <run>
  <RunDate>2020-01-30 17:09:52 +0000</RunDate>
  <Status>Failure</Status>
  <Duration>0.004832</Duration>
  <Errors>1</Errors>
  <Warnings>0</Warnings>
  <Exceptions>0</Exceptions>
  <Successes>0</Successes>
  <LogFile>20200130_100952.771/LogFile.txt</LogFile>
  <ReturnValue></ReturnValue>
  <ErrorMessage>SenseTalk Compiler Exception -- in untitled1:
Syntax Error at line 24: Syntax Error - can&#x27;t understand &quot;&gt;&quot; at character 1</ErrorMessage>
 </run>
 <run>
  <RunDate>2020-01-30 17:10:06 +0000</RunDate>
  <Status>Failure</Status>
  <Duration>0.003786</Duration>
  <Errors>1</Errors>
  <Warnings>0</Warnings>
  <Exceptions>0</Exceptions>
  <Successes>0</Successes>
  <LogFile>20200130_101006.715/LogFile.txt</LogFile>
  <ReturnValue></ReturnValue>
  <ErrorMessage>SenseTalk Compiler Exception -- in untitled1:
Syntax Error at line 3: Syntax Error - can&#x27;t understand &quot;/&quot; at character 1</ErrorMessage>
 </run>
 <run>
  <RunDate>2020-01-30 17:10:45 +0000</RunDate>
  <Status>Success</Status>
  <Duration>14.562641</Duration>
  <Errors>0</Errors>
  <Warnings>0</Warnings>
  <Exceptions>0</Exceptions>
  <Successes>1</Successes>
  <LogFile>20200130_101045.671/LogFile.txt</LogFile>
  <ReturnValue></ReturnValue>
  <ErrorMessage></ErrorMessage>
 </run>
</runHistory>
