{
  "entries" : [
    {
      "identifier" : "START",
      "message" : "Running Example Post Form Data.apitest",
      "timestamp" : "2020-07-13 09:54:27.374 -0600"
    },
    {
      "identifier" : "LogWarning",
      "message" : "Validation Warning: Empty request body.",
      "timestamp" : "2020-07-13 09:54:27.388 -0600"
    },
    {
      "identifier" : "EndTestCase",
      "message" : "(Duration:\"0.691298\", Errors:\"0\", Exceptions:\"0\", StartTime:\"2020-07-13 09:54:27 -0600\", Successes:\"1\", TestCase:\"Example Post Form Data.apitest\", Warnings:\"1\")",
      "timestamp" : "2020-07-13 09:54:28.067 -0600"
    },
    {
      "identifier" : "SUCCESS",
      "message" : "Execution Time 0:00:00 Example Post Form Data.apitest",
      "timestamp" : "2020-07-13 09:54:28.081 -0600"
    }
  ],
  "createdTimestamp" : "2020-07-13 09:54:27.375 -0600"
}