{
  "entries" : [
    {
      "identifier" : "START",
      "message" : "Running MainFromSuite.script",
      "timestamp" : "2021-04-10 22:26:06.363 -0600"
    },
    {
      "handlerName" : "on_mainfromsuite",
      "message" : "[Workflow01,Workflow02]",
      "timestamp" : "2021-04-10 22:26:06.417 -0600",
      "identifier" : "Log",
      "scriptName" : "MainFromSuite.script",
      "handlerLine" : 8
    },
    {
      "identifier" : "EndTestCase",
      "message" : "(Duration:\"0.1709\", Errors:\"0\", Exceptions:\"0\", StartTime:\"2021-04-10 22:26:06 -0600\", Successes:\"1\", TestCase:\"MainFromSuite.script\", Warnings:\"0\")",
      "timestamp" : "2021-04-10 22:26:06.535 -0600"
    },
    {
      "identifier" : "SUCCESS",
      "message" : "Execution Time 0:00:00 MainFromSuite.script",
      "timestamp" : "2021-04-10 22:26:06.544 -0600"
    }
  ],
  "createdTimestamp" : "2021-04-10 22:26:06.364 -0600"
}