{
  "entries" : [
    {
      "identifier" : "START",
      "message" : "Running GeneratingHolds.script",
      "timestamp" : "2018-11-20 21:00:53.315 -0500"
    },
    {
      "handlerName" : "on_generatingholds",
      "message" : "2018-11-30",
      "timestamp" : "2018-11-20 21:00:53.450 -0500",
      "identifier" : "Log",
      "scriptName" : "GeneratingHolds.script",
      "handlerLine" : 14
    },
    {
      "identifier" : "EndTestCase",
      "message" : "(Duration:\"0.650417\", Errors:\"0\", Exceptions:\"0\", StartTime:\"2018-11-20 21:00:53 -0500\", Successes:\"1\", TestCase:\"GeneratingHolds.script\", Warnings:\"0\")",
      "timestamp" : "2018-11-20 21:00:53.990 -0500"
    },
    {
      "identifier" : "SUCCESS",
      "message" : "Execution Time 0:00:00 GeneratingHolds.script",
      "timestamp" : "2018-11-20 21:00:54.044 -0500"
    }
  ],
  "createdTimestamp" : "2018-11-20 21:00:53.340 -0500"
}