{
  "entries" : [
    {
      "identifier" : "START",
      "message" : "Running ChangeColors.script",
      "timestamp" : "2019-02-15 21:03:16.673 -0700"
    },
    {
      "handlerName" : "on_changecolors",
      "message" : "at (205, 193)",
      "identifier" : "rightclick",
      "image" : "Putty Command Window",
      "handlerLine" : 1,
      "timestamp" : "2019-02-15 21:03:17.271 -0700",
      "scriptName" : "ChangeColors.script"
    },
    {
      "handlerName" : "on_changecolors",
      "message" : "at (290, 477)",
      "identifier" : "click",
      "image" : "ChangeSettings",
      "handlerLine" : 4,
      "timestamp" : "2019-02-15 21:03:18.444 -0700",
      "scriptName" : "ChangeColors.script"
    },
    {
      "handlerName" : "on_changecolors",
      "message" : "at (796, 553)",
      "identifier" : "click",
      "image" : "Colours",
      "handlerLine" : 5,
      "timestamp" : "2019-02-15 21:03:19.578 -0700",
      "scriptName" : "ChangeColors.script"
    },
    {
      "handlerName" : "on_changecolors",
      "message" : "at (953, 596)",
      "identifier" : "click",
      "image" : "DefaultForeground",
      "handlerLine" : 6,
      "timestamp" : "2019-02-15 21:03:20.732 -0700",
      "scriptName" : "ChangeColors.script"
    },
    {
      "handlerName" : "on_changecolors",
      "message" : "at (1120, 674)",
      "identifier" : "click",
      "image" : "Modify",
      "handlerLine" : 7,
      "timestamp" : "2019-02-15 21:03:21.943 -0700",
      "scriptName" : "ChangeColors.script"
    },
    {
      "handlerName" : "on_changecolors",
      "message" : "at (760, 518)",
      "identifier" : "click",
      "image" : "Black",
      "handlerLine" : 8,
      "timestamp" : "2019-02-15 21:03:23.083 -0700",
      "scriptName" : "ChangeColors.script"
    },
    {
      "handlerName" : "on_changecolors",
      "message" : "at (781, 653)",
      "identifier" : "click",
      "image" : "OK",
      "handlerLine" : 9,
      "timestamp" : "2019-02-15 21:03:24.280 -0700",
      "scriptName" : "ChangeColors.script"
    },
    {
      "handlerName" : "on_changecolors",
      "message" : "at (956, 623)",
      "identifier" : "click",
      "image" : "DefaultBackground",
      "handlerLine" : 12,
      "timestamp" : "2019-02-15 21:03:25.470 -0700",
      "scriptName" : "ChangeColors.script"
    },
    {
      "handlerName" : "on_changecolors",
      "message" : "at (1120, 674)",
      "identifier" : "click",
      "image" : "Modify",
      "handlerLine" : 13,
      "timestamp" : "2019-02-15 21:03:26.681 -0700",
      "scriptName" : "ChangeColors.script"
    },
    {
      "handlerName" : "on_changecolors",
      "message" : "at (941, 516)",
      "identifier" : "click",
      "image" : "White",
      "handlerLine" : 14,
      "timestamp" : "2019-02-15 21:03:27.803 -0700",
      "scriptName" : "ChangeColors.script"
    },
    {
      "handlerName" : "on_changecolors",
      "message" : "at (781, 653)",
      "identifier" : "click",
      "image" : "OK",
      "handlerLine" : 15,
      "timestamp" : "2019-02-15 21:03:28.977 -0700",
      "scriptName" : "ChangeColors.script"
    },
    {
      "handlerName" : "on_changecolors",
      "message" : "at (1046, 740)",
      "identifier" : "click",
      "image" : "Apply",
      "handlerLine" : 16,
      "timestamp" : "2019-02-15 21:03:30.145 -0700",
      "scriptName" : "ChangeColors.script"
    },
    {
      "identifier" : "EndTestCase",
      "message" : "(Duration:\"13.904529\", Errors:\"0\", Exceptions:\"0\", StartTime:\"2019-02-15 21:03:16 -0700\", Successes:\"1\", TestCase:\"ChangeColors.script\", Warnings:\"0\")",
      "timestamp" : "2019-02-15 21:03:30.614 -0700"
    },
    {
      "identifier" : "SUCCESS",
      "message" : "Execution Time 0:00:13 ChangeColors.script",
      "timestamp" : "2019-02-15 21:03:30.987 -0700"
    }
  ],
  "createdTimestamp" : "2019-02-15 21:03:16.710 -0700"
}