﻿Date Run,Status,Time,# of Errors,# of Warnings,# of Exceptions,Log File,Return Value,Error Message,# of Successes
2020-07-13 09:57:15.020 -0600,"Success",0:00:00,0,1,0,"20200713_095715.020/LogFile.txt","","",1
2020-07-13 09:57:32.213 -0600,"Success",0:00:01,0,0,0,"20200713_095732.213/LogFile.txt","","",1
2020-07-15 11:00:40.138 -0600,"Success",0:00:01,0,0,0,"20200715_110040.138/LogFile.txt","","",1
2020-07-15 11:00:57.584 -0600,"Success",0:00:01,0,0,0,"20200715_110057.584/LogFile.txt","","",1
