{
  "entries" : [
    {
      "identifier" : "START",
      "message" : "Running Example OverLoad API.script",
      "timestamp" : "2020-08-11 10:34:29.838 -0600"
    },
    {
      "handlerName" : "on_example_overload_api",
      "message" : "Validation Warning: Empty request body.",
      "timestamp" : "2020-08-11 10:34:29.928 -0600",
      "identifier" : "LogWarning",
      "scriptName" : "Example OverLoad API.script",
      "handlerLine" : 10
    },
    {
      "handlerName" : "on_example_overload_api",
      "message" : "{authenticationtype:\"\", httpmethod:\"POST\", mimeType:\"application\/json\", oauthToken:\"\", password:\"*********\", requestbody:\"\", requestbodyformat:\"\", requestheaders:\"\", responseBody:@\"{\\\"args\\\":{},\\\"data\\\":{},\\\"files\\\":{},\\\"form\\\":{},\\\"headers\\\":{\\\"x-forwarded-proto\\\":\\\"https\\\",\\\"x-forwarded-port\\\":\\\"443\\\",\\\"host\\\":\\\"postman-echo.com\\\",\\\"x-amzn-trace-id\\\":\\\"Root=1-5f32c896-0eda15415981001dc0de3319\\\",\\\"content-length\\\":\\\"0\\\",\\\"content-type\\\":\\\"\\\",\\\"accept\\\":\\\"*\/*\\\",\\\"user-agent\\\":\\\"Eggplant\/20.1.0 (Mac OS X Version 10.15.6 (Build 19G73))\\\",\\\"accept-language\\\":\\\"en-US;q=1, fr-US;q=0.9, de-US;q=0.8, zh-Hans-US;q=0.7, zh-Hant-US;q=0.6, ja-US;q=0.5\\\",\\\"accept-encoding\\\":\\\"gzip, deflate, br\\\"},\\\"json\\\":null,\\\"url\\\":\\\"https:\/\/postman-echo.com\/post\\\"}\", responseCookies:{@\"sails.sid\":{Created:618856470, Discard:\"TRUE\", Domain:\"testplant.com\", HttpOnly:\"TRUE\", Name:\"sails.sid\", Path:\"\/\", Value:\"s%3AXHQnm0UJOlY-c-15Ahnah2sLhoyTczha.VVvpHsYgiOAMBETvnsfn9tUsF4hhdXBqNRfUopQ7440\"}}, responseHeaders:{Connection:\"keep-alive\", @\"Content-Length\":\"513\", @\"Content-Type\":\"application\/json; charset=utf-8\", Date:\"Tue, 11 Aug 2020 16:34:30 GMT\", Etag:@\"W\/\\\"201-ZhAcooScTx8cK+ADUE0kHn1dnUA\\\"\", @\"Set-Cookie\":\"sails.sid=s%3AXHQnm0UJOlY-c-15Ahnah2sLhoyTczha.VVvpHsYgiOAMBETvnsfn9tUsF4hhdXBqNRfUopQ7440; Path=\/; HttpOnly\", Vary:\"Accept-Encoding\"}, responseTime:0.217774, statusCode:200, url:\"https:\/\/postman-echo.com\/post\", username:\"\"}",
      "timestamp" : "2020-08-11 10:34:30.185 -0600",
      "identifier" : "Log",
      "scriptName" : "Example OverLoad API.script",
      "handlerLine" : 13
    },
    {
      "identifier" : "EndTestCase",
      "message" : "(Duration:\"0.743131\", Errors:\"0\", Exceptions:\"0\", StartTime:\"2020-08-11 10:34:29 -0600\", Successes:\"1\", TestCase:\"Example OverLoad API.script\", Warnings:\"1\")",
      "timestamp" : "2020-08-11 10:34:30.583 -0600"
    },
    {
      "identifier" : "SUCCESS",
      "message" : "Execution Time 0:00:00 Example OverLoad API.script",
      "timestamp" : "2020-08-11 10:34:30.601 -0600"
    }
  ],
  "createdTimestamp" : "2020-08-11 10:34:29.839 -0600"
}