{
  "entries" : [
    {
      "identifier" : "START",
      "message" : "Running Untitled1.script",
      "timestamp" : "2021-01-18 13:59:02.402 -0700"
    },
    {
      "handlerName" : "on_untitled1",
      "message" : "ColorCount",
      "timestamp" : "2021-01-18 13:59:02.452 -0700",
      "identifier" : "Log",
      "scriptName" : "Untitled1.script",
      "handlerLine" : 21
    },
    {
      "identifier" : "EndTestCase",
      "message" : "(Duration:\"0.182834\", Errors:\"0\", Exceptions:\"0\", StartTime:\"2021-01-18 13:59:02 -0700\", Successes:\"1\", TestCase:\"Untitled1.script\", Warnings:\"0\")",
      "timestamp" : "2021-01-18 13:59:02.586 -0700"
    },
    {
      "identifier" : "SUCCESS",
      "message" : "Execution Time 0:00:00 Untitled1.script",
      "timestamp" : "2021-01-18 13:59:02.593 -0700"
    }
  ],
  "createdTimestamp" : "2021-01-18 13:59:02.403 -0700"
}