{
  "entries" : [
    {
      "identifier" : "START",
      "message" : "Running Script1.script",
      "timestamp" : "2020-06-04 10:59:44.317 -0600"
    },
    {
      "handlerName" : "on_script1",
      "message" : "<!DOCTYPE html>\\n<html lang=\"en\">\\n\\n<head>\\n   <title>Eggplant AI<\/title>\\n   <meta charset=\"UTF-8\">\\n   <link rel=\"stylesheet\" href=\"dijit\/themes\/claro\/claro.css\">\\n   <link rel=\"stylesheet\" href=\"gridx\/resources\/claro\/Gridx.css\" \/>\\n   <link rel=\"stylesheet\" href=\"dgrid\/css\/dgrid.css\" \/>\\n   <link rel=\"stylesheet\" href=\"dgrid\/css\/skins\/claro.css\" \/>\\n   <link rel=\"stylesheet\" href=\"dojox\/widget\/Toaster\/Toaster.css\">\\n   <link rel=\"stylesheet\" href=\"app\/components\/widgets\/css\/widgets.css?build=svn145940357\">\\n   <link rel=\"stylesheet\" href=\"app\/css\/stylesheet.css?build=svn145940357\">\\n   <script>\\n      dojoConfig = {\\n         \/\/ Enable the AMD loader\\n         async: true,\\n         cacheBust: \"build=svn145940357\",\\n         \/\/ Define the base URL for all of our modules and packages\\n         baseUrl: '.',\\n         \/\/ Enable debugging\\n         \/\/isDebug: false,\\n         \/\/ Register the packages we are going to be using. These same packages should be defined in the\\n         \/\/ build profile in `app.profile.js`.\\n         packages: [\\n            \/\/ Using a string as a package is shorthand for `{ name: 'app', location: 'app' }`\\n            'app',\\n            'dijit',\\n            'dojo',\\n            'dojox',\\n            'gridx',\\n            'dgrid',\\n            'dstore',\\n            'moment',\\n            'chartjs'\\n         ],\\n         \/\/ Use the smaller, faster \"lite\" CSS selector engine, which works in all browsers IE8+\\n         selectorEngine: 'lite',\\n         \/\/ Fix the loader to use normal AMD resolution of unregistered module paths (relative to `baseUrl`)\\n         \/\/ instead of the legacy Dojo resolution method (relative to the parent directory of `baseUrl`)\\n         tlmSiblingOfDojo: false\\n      };\\n      turing = {\\n         release: \"4.0.1\",\\n         subversion: \"\",\\n         environment: \"production\"\\n      };\\n      var spinner = new Image();\\n      spinner.src = \"\/app\/images\/ajax-loader.gif\";\\n   <\/script>\\n<\/head>\\n\\n<body class=\"claro\">\\n   <div class=\"loading\">\\n      <img src=\"\/app\/images\/eggplantAI-logo-large.png\" srcset=\"\/app\/images\/eggplantAI-logo-large.png 1x, \/app\/images\/eggplantAI-logo-large-x2.png 2x\">\\n      <br> Loading\\n      <br>\\n      <img src=\"\/app\/images\/ajax-loader.gif\">\\n   <\/div>\\n   <div id=\"toast\"><\/div>\\n   <div id=\"appLayout\"><\/div>\\n   <script src='dojo\/dojo.js'><\/script>\\n   <script>\\n      require(['app\/main']);\\n   <\/script>\\n<\/body>\\n\\n<\/html>\\n",
      "timestamp" : "2020-06-04 10:59:44.826 -0600",
      "identifier" : "Log",
      "scriptName" : "Script1.script",
      "handlerLine" : 13
    },
    {
      "identifier" : "EndTestCase",
      "message" : "(Duration:\"4.06822\", Errors:\"0\", Exceptions:\"0\", StartTime:\"2020-06-04 10:59:44 -0600\", Successes:\"1\", TestCase:\"Script1.script\", Warnings:\"0\")",
      "timestamp" : "2020-06-04 10:59:48.387 -0600"
    },
    {
      "identifier" : "SUCCESS",
      "message" : "Execution Time 0:00:04 Script1.script",
      "timestamp" : "2020-06-04 10:59:48.422 -0600"
    }
  ],
  "createdTimestamp" : "2020-06-04 10:59:44.318 -0600"
}