{
  "entries" : [
    {
      "identifier" : "START",
      "message" : "Running Example Post URL Encode.apitest",
      "timestamp" : "2020-07-13 09:40:27.274 -0600"
    },
    {
      "identifier" : "LogWarning",
      "message" : "Validation Warning: Empty request body.",
      "timestamp" : "2020-07-13 09:40:27.289 -0600"
    },
    {
      "identifier" : "EndTestCase",
      "message" : "(Duration:\"0.763088\", Errors:\"0\", Exceptions:\"0\", StartTime:\"2020-07-13 09:40:27 -0600\", Successes:\"1\", TestCase:\"Example Post URL Encode.apitest\", Warnings:\"1\")",
      "timestamp" : "2020-07-13 09:40:28.040 -0600"
    },
    {
      "identifier" : "SUCCESS",
      "message" : "Execution Time 0:00:00 Example Post URL Encode.apitest",
      "timestamp" : "2020-07-13 09:40:28.056 -0600"
    }
  ],
  "createdTimestamp" : "2020-07-13 09:40:27.276 -0600"
}