{
  "entries" : [
    {
      "identifier" : "START",
      "message" : "Running Main02.script",
      "timestamp" : "2021-04-08 13:29:43.914 -0600"
    },
    {
      "handlerName" : "on_definelocation",
      "message" : "Overwritting Folder",
      "timestamp" : "2021-04-08 13:29:44.008 -0600",
      "identifier" : "LogWarning",
      "scriptName" : "",
      "handlerLine" : 3
    },
    {
      "identifier" : "EndTestCase",
      "message" : "(Duration:\"0.236322\", Errors:\"1\", Exceptions:\"0\", StartTime:\"2021-04-08 13:29:43 -0600\", Successes:\"0\", TestCase:\"Main02.script\", Warnings:\"1\")",
      "timestamp" : "2021-04-08 13:29:44.151 -0600"
    },
    {
      "identifier" : "FAILURE",
      "message" : "STFileSystemException Failed to copy file or folder \/Users\/ranhesse\/Documents\/Simple_Examples\/Customer HTML Reports\/CustomHTMLReport_V2.suite\/Resources\/CompanyLogo.jpg (Error: The file “CompanyLogo.jpg” couldn’t be opened because there is no such file.) -- Execution Time 0:00:00 Main02.script",
      "timestamp" : "2021-04-08 13:29:44.158 -0600"
    }
  ],
  "createdTimestamp" : "2021-04-08 13:29:43.914 -0600"
}