{
  "entries" : [
    {
      "identifier" : "START",
      "message" : "Running Main02.script",
      "timestamp" : "2021-03-31 13:56:42.230 -0600"
    },
    {
      "identifier" : "EndTestCase",
      "message" : "(Duration:\"0.16332\", Errors:\"0\", Exceptions:\"0\", StartTime:\"2021-03-31 13:56:42 -0600\", Successes:\"1\", TestCase:\"Main02.script\", Warnings:\"0\")",
      "timestamp" : "2021-03-31 13:56:42.394 -0600"
    },
    {
      "identifier" : "SUCCESS",
      "message" : "Execution Time 0:00:00 Main02.script",
      "timestamp" : "2021-03-31 13:56:42.402 -0600"
    }
  ],
  "createdTimestamp" : "2021-03-31 13:56:42.231 -0600"
}