{
  "entries" : [
    {
      "identifier" : "START",
      "message" : "Running GetAuthAPI.apitest",
      "timestamp" : "2020-05-14 09:51:38.927 -0600"
    },
    {
      "identifier" : "LogWarning",
      "message" : "Validation Warning: Empty request body.",
      "timestamp" : "2020-05-14 09:51:38.942 -0600"
    },
    {
      "identifier" : "EndTestCase",
      "message" : "(Duration:\"0.615939\", Errors:\"0\", Exceptions:\"0\", StartTime:\"2020-05-14 09:51:38 -0600\", Successes:\"1\", TestCase:\"GetAuthAPI.apitest\", Warnings:\"1\")",
      "timestamp" : "2020-05-14 09:51:39.545 -0600"
    },
    {
      "identifier" : "SUCCESS",
      "message" : "Execution Time 0:00:00 GetAuthAPI.apitest",
      "timestamp" : "2020-05-14 09:51:39.551 -0600"
    }
  ],
  "createdTimestamp" : "2020-05-14 09:51:38.928 -0600"
}