{
  "entries" : [
    {
      "identifier" : "START",
      "message" : "Running index.script",
      "timestamp" : "2020-03-04 15:32:35.962 -0700"
    },
    {
      "handlerName" : "on_initialize",
      "message" : "Finding all the color",
      "timestamp" : "2020-03-04 15:32:36.153 -0700",
      "identifier" : "Log",
      "scriptName" : "",
      "handlerLine" : 2
    },
    {
      "identifier" : "EndTestCase",
      "message" : "(Duration:\"1.264338\", Errors:\"1\", Exceptions:\"0\", StartTime:\"2020-03-04 15:32:35 -0700\", Successes:\"0\", TestCase:\"index.script\", Warnings:\"0\")",
      "timestamp" : "2020-03-04 15:32:37.228 -0700"
    },
    {
      "message" : "InvalidParameter Parameter(s) to coloratlocation() must specify a valid point or image (got (552,274)) -- Execution Time 0:00:01 index.script",
      "timestamp" : "2020-03-04 15:32:37.264 -0700",
      "identifier" : "FAILURE",
      "image" : "Screen_Error.png"
    }
  ],
  "createdTimestamp" : "2020-03-04 15:32:35.963 -0700"
}