﻿<?xml version="1.0"?>
<runHistory script="ChangeColors">
 <run>
  <RunDate>2019-02-15 20:59:04.543 -0700</RunDate>
  <Status>Success</Status>
  <Duration>1.146280</Duration>
  <Errors>0</Errors>
  <Warnings>0</Warnings>
  <Exceptions>0</Exceptions>
  <Successes>1</Successes>
  <LogFile>20190215_205904.543/LogFile.txt</LogFile>
  <ReturnValue></ReturnValue>
  <ErrorMessage></ErrorMessage>
 </run>
 <run>
  <RunDate>2019-02-15 21:03:16.671 -0700</RunDate>
  <Status>Success</Status>
  <Duration>13.942490</Duration>
  <Errors>0</Errors>
  <Warnings>0</Warnings>
  <Exceptions>0</Exceptions>
  <Successes>1</Successes>
  <LogFile>20190215_210316.671/LogFile.txt</LogFile>
  <ReturnValue></ReturnValue>
  <ErrorMessage></ErrorMessage>
 </run>
</runHistory>
