{
  "entries" : [
    {
      "identifier" : "START",
      "message" : "Running MainFromSuite.script",
      "timestamp" : "2021-04-13 09:34:40.901 -0600"
    },
    {
      "identifier" : "EndTestCase",
      "message" : "(Duration:\"5.050115\", Errors:\"0\", Exceptions:\"0\", StartTime:\"2021-04-13 09:34:40 -0600\", Successes:\"1\", TestCase:\"MainFromSuite.script\", Warnings:\"0\")",
      "timestamp" : "2021-04-13 09:34:45.953 -0600"
    },
    {
      "identifier" : "SUCCESS",
      "message" : "Execution Time 0:00:05 MainFromSuite.script",
      "timestamp" : "2021-04-13 09:34:45.970 -0600"
    }
  ],
  "createdTimestamp" : "2021-04-13 09:34:40.902 -0600"
}