{
  "entries" : [
    {
      "identifier" : "START",
      "message" : "Running Untitled.script",
      "timestamp" : "2018-11-29 13:34:48.162 -0700"
    },
    {
      "handlerName" : "on_five",
      "message" : "five",
      "timestamp" : "2018-11-29 13:34:48.269 -0700",
      "identifier" : "Log",
      "scriptName" : "Utilities\/Script3.script",
      "handlerLine" : 3
    },
    {
      "identifier" : "EndTestCase",
      "message" : "(Duration:\"0.456169\", Errors:\"0\", Exceptions:\"0\", StartTime:\"2018-11-29 13:34:48 -0700\", Successes:\"1\", TestCase:\"Untitled.script\", Warnings:\"0\")",
      "timestamp" : "2018-11-29 13:34:48.651 -0700"
    },
    {
      "identifier" : "SUCCESS",
      "message" : "Execution Time 0:00:00 Untitled.script",
      "timestamp" : "2018-11-29 13:34:48.712 -0700"
    }
  ],
  "createdTimestamp" : "2018-11-29 13:34:48.194 -0700"
}