{
  "entries" : [
    {
      "identifier" : "START",
      "message" : "Running AdvanceDates.script",
      "timestamp" : "2018-11-26 16:51:43.396 -0500"
    },
    {
      "handlerName" : "on_advancedates",
      "message" : "(2018-11-26,2018-11-27,hello,2018-12-03,2018-12-03,2018-12-06)",
      "timestamp" : "2018-11-26 16:51:43.508 -0500",
      "identifier" : "Log",
      "scriptName" : "AdvanceDates.script",
      "handlerLine" : 13
    },
    {
      "identifier" : "EndTestCase",
      "message" : "(Duration:\"0.476935\", Errors:\"0\", Exceptions:\"0\", StartTime:\"2018-11-26 16:51:43 -0500\", Successes:\"1\", TestCase:\"AdvanceDates.script\", Warnings:\"0\")",
      "timestamp" : "2018-11-26 16:51:43.903 -0500"
    },
    {
      "identifier" : "SUCCESS",
      "message" : "Execution Time 0:00:00 AdvanceDates.script",
      "timestamp" : "2018-11-26 16:51:43.965 -0500"
    }
  ],
  "createdTimestamp" : "2018-11-26 16:51:43.426 -0500"
}