{
  "entries" : [
    {
      "identifier" : "START",
      "message" : "Running index Second.script",
      "timestamp" : "2018-11-28 15:40:04.457 -0500"
    },
    {
      "identifier" : "EndTestCase",
      "message" : "(Duration:\"0.975091\", Errors:\"1\", Exceptions:\"0\", StartTime:\"2018-11-28 15:40:04 -0500\", Successes:\"0\", TestCase:\"index Second.script\", Warnings:\"0\")",
      "timestamp" : "2018-11-28 15:40:05.464 -0500"
    },
    {
      "identifier" : "FAILURE",
      "message" : "STUnknownMessage ERROR: No Such Command: 'directwrite' -- Execution Time 0:00:01 index Second.script",
      "timestamp" : "2018-11-28 15:40:05.523 -0500"
    }
  ],
  "createdTimestamp" : "2018-11-28 15:40:04.489 -0500"
}