{
  "entries" : [
    {
      "identifier" : "START",
      "message" : "Running AuthAPI2.apitest",
      "timestamp" : "2020-05-14 11:12:23.940 -0600"
    },
    {
      "identifier" : "EndTestCase",
      "message" : "(Duration:\"1.096457\", Errors:\"0\", Exceptions:\"0\", StartTime:\"2020-05-14 11:12:23 -0600\", Successes:\"1\", TestCase:\"AuthAPI2.apitest\", Warnings:\"0\")",
      "timestamp" : "2020-05-14 11:12:25.038 -0600"
    },
    {
      "identifier" : "SUCCESS",
      "message" : "Execution Time 0:00:01 AuthAPI2.apitest",
      "timestamp" : "2020-05-14 11:12:25.046 -0600"
    }
  ],
  "createdTimestamp" : "2020-05-14 11:12:23.941 -0600"
}