{
  "entries" : [
    {
      "identifier" : "START",
      "message" : "Running index.script",
      "timestamp" : "2021-01-18 12:24:04.090 -0700"
    },
    {
      "handlerName" : "on_definecolorarea",
      "message" : "calculating...",
      "timestamp" : "2021-01-18 12:24:04.191 -0700",
      "identifier" : "Log",
      "scriptName" : "",
      "handlerLine" : 27
    },
    {
      "handlerName" : "function_pixelmatch",
      "message" : "PixelCount: 121",
      "timestamp" : "2021-01-18 12:24:04.203 -0700",
      "identifier" : "Log",
      "scriptName" : "",
      "handlerLine" : 11
    },
    {
      "handlerName" : "on_index",
      "message" : "{Light_Red:121}",
      "timestamp" : "2021-01-18 12:24:05.050 -0700",
      "identifier" : "Log",
      "scriptName" : "index.script",
      "handlerLine" : 28
    },
    {
      "identifier" : "EndTestCase",
      "message" : "(Duration:\"1.047577\", Errors:\"0\", Exceptions:\"0\", StartTime:\"2021-01-18 12:24:04 -0700\", Successes:\"1\", TestCase:\"index.script\", Warnings:\"0\")",
      "timestamp" : "2021-01-18 12:24:05.139 -0700"
    },
    {
      "identifier" : "SUCCESS",
      "message" : "Execution Time 0:00:01 index.script",
      "timestamp" : "2021-01-18 12:24:05.146 -0700"
    }
  ],
  "createdTimestamp" : "2021-01-18 12:24:04.091 -0700"
}