{
  "entries" : [
    {
      "identifier" : "START",
      "message" : "Running Script1.script",
      "timestamp" : "2020-05-14 09:33:17.390 -0600"
    },
    {
      "identifier" : "EndTestCase",
      "message" : "(Duration:\"0.474702\", Errors:\"0\", Exceptions:\"0\", StartTime:\"2020-05-14 09:33:17 -0600\", Successes:\"1\", TestCase:\"Script1.script\", Warnings:\"0\")",
      "timestamp" : "2020-05-14 09:33:17.867 -0600"
    },
    {
      "identifier" : "SUCCESS",
      "message" : "Execution Time 0:00:00 Script1.script",
      "timestamp" : "2020-05-14 09:33:17.874 -0600"
    }
  ],
  "createdTimestamp" : "2020-05-14 09:33:17.391 -0600"
}