{
  "entries" : [
    {
      "identifier" : "START",
      "message" : "Running index.script",
      "timestamp" : "2021-01-18 12:17:03.591 -0700"
    },
    {
      "handlerName" : "on_definecolorarea",
      "message" : "calculating...",
      "timestamp" : "2021-01-18 12:17:03.693 -0700",
      "identifier" : "Log",
      "scriptName" : "",
      "handlerLine" : 27
    },
    {
      "handlerName" : "on_index",
      "message" : "[240,90,70]",
      "timestamp" : "2021-01-18 12:17:03.702 -0700",
      "identifier" : "Log",
      "scriptName" : "index.script",
      "handlerLine" : 9
    },
    {
      "handlerName" : "on_index",
      "message" : "[[247,146,57],[240,90,70],[239,199,0],[82,190,49]]",
      "timestamp" : "2021-01-18 12:17:03.708 -0700",
      "identifier" : "Log",
      "scriptName" : "index.script",
      "handlerLine" : 21
    },
    {
      "handlerName" : "function_pixelmatch",
      "message" : "Pixel Count is: 121",
      "timestamp" : "2021-01-18 12:17:03.715 -0700",
      "identifier" : "Log",
      "scriptName" : "",
      "handlerLine" : 9
    },
    {
      "handlerName" : "on_index",
      "message" : "0",
      "timestamp" : "2021-01-18 12:17:12.766 -0700",
      "identifier" : "Log",
      "scriptName" : "index.script",
      "handlerLine" : 28
    },
    {
      "identifier" : "EndTestCase",
      "message" : "(Duration:\"9.265023\", Errors:\"0\", Exceptions:\"0\", StartTime:\"2021-01-18 12:17:03 -0700\", Successes:\"1\", TestCase:\"index.script\", Warnings:\"0\")",
      "timestamp" : "2021-01-18 12:17:12.857 -0700"
    },
    {
      "identifier" : "SUCCESS",
      "message" : "Execution Time 0:00:09 index.script",
      "timestamp" : "2021-01-18 12:17:12.863 -0700"
    }
  ],
  "createdTimestamp" : "2021-01-18 12:17:03.592 -0700"
}