{
  "entries" : [
    {
      "identifier" : "START",
      "message" : "Running Main02.script",
      "timestamp" : "2021-04-09 09:36:58.106 -0600"
    },
    {
      "identifier" : "EndTestCase",
      "message" : "(Duration:\"0.294487\", Errors:\"1\", Exceptions:\"0\", StartTime:\"2021-04-09 09:36:58 -0600\", Successes:\"0\", TestCase:\"Main02.script\", Warnings:\"0\")",
      "timestamp" : "2021-04-09 09:36:58.402 -0600"
    },
    {
      "message" : "NSInvalidArgumentException data parameter is nil -- Execution Time 0:00:00 Main02.script",
      "timestamp" : "2021-04-09 09:36:58.753 -0600",
      "identifier" : "FAILURE",
      "image" : "Screen_Error.png"
    }
  ],
  "createdTimestamp" : "2021-04-09 09:36:58.107 -0600"
}