{
  "entries" : [
    {
      "identifier" : "START",
      "message" : "Running Example Basic OAuth.apitest",
      "timestamp" : "2020-07-13 10:15:30.459 -0600"
    },
    {
      "identifier" : "EndTestCase",
      "message" : "(Duration:\"1.153211\", Errors:\"0\", Exceptions:\"0\", StartTime:\"2020-07-13 10:15:30 -0600\", Successes:\"1\", TestCase:\"Example Basic OAuth.apitest\", Warnings:\"0\")",
      "timestamp" : "2020-07-13 10:15:31.615 -0600"
    },
    {
      "identifier" : "SUCCESS",
      "message" : "Execution Time 0:00:01 Example Basic OAuth.apitest",
      "timestamp" : "2020-07-13 10:15:31.640 -0600"
    }
  ],
  "createdTimestamp" : "2020-07-13 10:15:30.461 -0600"
}