﻿<?xml version="1.0"?>
<runHistory script="Read4">
 <run>
  <RunDate>2016-11-09 16:16:17.999 -0700</RunDate>
  <Status>Failure</Status>
  <Duration>3.436501</Duration>
  <Errors>1</Errors>
  <Warnings>0</Warnings>
  <Exceptions>0</Exceptions>
  <Successes>0</Successes>
  <LogFile>20161109_161617.999/LogFile.txt</LogFile>
  <ReturnValue></ReturnValue>
  <ErrorMessage>SenseTalk Runtime Exception -- Invalid operands for addition: expected numbers, dates and/or lists; got &#x27;(120,-10)&#x27; and &#x27;LineImage&#x27;</ErrorMessage>
 </run>
 <run>
  <RunDate>2016-11-09 16:18:28.561 -0700</RunDate>
  <Status>Success</Status>
  <Duration>4.492624</Duration>
  <Errors>0</Errors>
  <Warnings>0</Warnings>
  <Exceptions>0</Exceptions>
  <Successes>1</Successes>
  <LogFile>20161109_161828.561/LogFile.txt</LogFile>
  <ReturnValue></ReturnValue>
  <ErrorMessage></ErrorMessage>
 </run>
 <run>
  <RunDate>2016-11-09 16:19:03.134 -0700</RunDate>
  <Status>Failure</Status>
  <Duration>4.356020</Duration>
  <Errors>1</Errors>
  <Warnings>0</Warnings>
  <Exceptions>1</Exceptions>
  <Successes>0</Successes>
  <LogFile>20161109_161903.134/LogFile.txt</LogFile>
  <ReturnValue></ReturnValue>
  <ErrorMessage>Error Running Script Command -- imagelocation Error - Image Property List did not contain &quot;ImageName&quot; property</ErrorMessage>
 </run>
 <run>
  <RunDate>2016-11-09 16:19:28.163 -0700</RunDate>
  <Status>Success</Status>
  <Duration>15.170265</Duration>
  <Errors>0</Errors>
  <Warnings>0</Warnings>
  <Exceptions>0</Exceptions>
  <Successes>1</Successes>
  <LogFile>20161109_161928.163/LogFile.txt</LogFile>
  <ReturnValue></ReturnValue>
  <ErrorMessage></ErrorMessage>
 </run>
 <run>
  <RunDate>2016-11-09 16:19:57.001 -0700</RunDate>
  <Status>Running</Status>
  <Duration>0.000000</Duration>
  <Errors></Errors>
  <Warnings></Warnings>
  <Exceptions></Exceptions>
  <Successes></Successes>
  <LogFile>20161109_161957.001/LogFile.txt</LogFile>
  <ReturnValue></ReturnValue>
  <ErrorMessage></ErrorMessage>
 </run>
 <run>
  <RunDate>2016-11-09 16:20:14.660 -0700</RunDate>
  <Status>Success</Status>
  <Duration>15.113483</Duration>
  <Errors>0</Errors>
  <Warnings>0</Warnings>
  <Exceptions>0</Exceptions>
  <Successes>1</Successes>
  <LogFile>20161109_162014.660/LogFile.txt</LogFile>
  <ReturnValue></ReturnValue>
  <ErrorMessage></ErrorMessage>
 </run>
 <run>
  <RunDate>2016-11-09 16:25:44.434 -0700</RunDate>
  <Status>Success</Status>
  <Duration>11.957685</Duration>
  <Errors>0</Errors>
  <Warnings>0</Warnings>
  <Exceptions>0</Exceptions>
  <Successes>1</Successes>
  <LogFile>20161109_162544.434/LogFile.txt</LogFile>
  <ReturnValue></ReturnValue>
  <ErrorMessage></ErrorMessage>
 </run>
 <run>
  <RunDate>2016-11-09 16:29:00.775 -0700</RunDate>
  <Status>Success</Status>
  <Duration>11.221596</Duration>
  <Errors>0</Errors>
  <Warnings>0</Warnings>
  <Exceptions>0</Exceptions>
  <Successes>1</Successes>
  <LogFile>20161109_162900.775/LogFile.txt</LogFile>
  <ReturnValue></ReturnValue>
  <ErrorMessage></ErrorMessage>
 </run>
</runHistory>
