{
  "entries" : [
    {
      "identifier" : "START",
      "message" : "Running index Second.script",
      "timestamp" : "2018-11-28 15:39:01.049 -0500"
    },
    {
      "identifier" : "EndTestCase",
      "message" : "(Duration:\"1.184268\", Errors:\"0\", Exceptions:\"0\", StartTime:\"2018-11-28 15:39:01 -0500\", Successes:\"1\", TestCase:\"index Second.script\", Warnings:\"0\")",
      "timestamp" : "2018-11-28 15:39:02.263 -0500"
    },
    {
      "identifier" : "SUCCESS",
      "message" : "Execution Time 0:00:01 index Second.script",
      "timestamp" : "2018-11-28 15:39:02.322 -0500"
    }
  ],
  "createdTimestamp" : "2018-11-28 15:39:01.078 -0500"
}