{
  "entries" : [
    {
      "identifier" : "START",
      "message" : "Running index.script",
      "timestamp" : "2021-01-18 13:29:21.246 -0700"
    },
    {
      "handlerName" : "on_definecolorarea",
      "message" : "calculating...",
      "timestamp" : "2021-01-18 13:29:21.469 -0700",
      "identifier" : "Log",
      "scriptName" : "",
      "handlerLine" : 27
    },
    {
      "handlerName" : "on_index",
      "message" : "[[\"255\",\"174\",\"206\"],[\"255\",\"174\",\"206\"],[\"255\",\"174\",\"206\"],[\"255\",\"174\",\"206\"],[\"255\",\"174\",\"206\"],[\"255\",\"174\",\"206\"],[\"255\",\"174\",\"206\"],[\"255\",\"174\",\"206\"],[\"255\",\"174\",\"206\"],[\"255\",\"174\",\"206\"],[\"255\",\"174\",\"206\"],[\"255\",\"174\",\"206\"],[\"255\",\"174\",\"206\"],[\"255\",\"174\",\"206\"],[\"255\",\"174\",\"206\"],[\"255\",\"174\",\"206\"],[\"255\",\"174\",\"206\"],[\"255\",\"174\",\"206\"],[\"255\",\"174\",\"206\"],[\"255\",\"174\",\"206\"],[\"255\",\"174\",\"206\"],[\"255\",\"174\",\"206\"],[\"255\",\"174\",\"206\"],[\"255\",\"174\",\"206\"],[\"255\",\"174\",\"206\"],[\"255\",\"174\",\"206\"],[\"255\",\"174\",\"206\"],[\"255\",\"174\",\"206\"],[\"255\",\"174\",\"206\"],[\"255\",\"174\",\"206\"],[\"255\",\"174\",\"206\"],[\"255\",\"174\",\"206\"],[\"255\",\"174\",\"206\"],[\"255\",\"174\",\"206\"],[\"255\",\"174\",\"206\"],[\"255\",\"174\",\"206\"],[\"255\",\"174\",\"206\"],[\"255\",\"174\",\"206\"],[\"255\",\"174\",\"206\"],[\"255\",\"174\",\"206\"],[\"255\",\"174\",\"206\"],[\"255\",\"174\",\"206\"],[\"255\",\"174\",\"206\"],[\"255\",\"174\",\"206\"],[\"255\",\"174\",\"206\"],[\"255\",\"174\",\"206\"],[\"255\",\"174\",\"206\"],[\"255\",\"174\",\"206\"],[\"255\",\"174\",\"206\"],[\"255\",\"174\",\"206\"],[\"255\",\"174\",\"206\"],[\"255\",\"174\",\"206\"],[\"255\",\"174\",\"206\"],[\"255\",\"174\",\"206\"],[\"255\",\"174\",\"206\"],[\"255\",\"174\",\"206\"],[\"255\",\"174\",\"206\"],[\"255\",\"174\",\"206\"],[\"255\",\"174\",\"206\"],[\"255\",\"174\",\"206\"],[\"255\",\"174\",\"206\"],[\"255\",\"174\",\"206\"],[\"255\",\"174\",\"206\"],[\"255\",\"174\",\"206\"],[\"255\",\"174\",\"206\"],[\"255\",\"174\",\"206\"],[\"255\",\"174\",\"206\"],[\"255\",\"174\",\"206\"],[\"255\",\"174\",\"206\"],[\"255\",\"174\",\"206\"],[\"255\",\"174\",\"206\"],[\"255\",\"174\",\"206\"],[\"255\",\"174\",\"206\"],[\"255\",\"174\",\"206\"],[\"255\",\"174\",\"206\"],[\"255\",\"174\",\"206\"],[\"255\",\"174\",\"206\"],[\"255\",\"174\",\"206\"],[\"255\",\"174\",\"206\"],[\"255\",\"174\",\"206\"],[\"255\",\"174\",\"206\"],[\"255\",\"174\",\"206\"],[\"255\",\"174\",\"206\"],[\"255\",\"174\",\"206\"],[\"255\",\"174\",\"206\"],[\"255\",\"174\",\"206\"],[\"255\",\"174\",\"206\"],[\"255\",\"174\",\"206\"],[\"255\",\"174\",\"206\"],[\"255\",\"174\",\"206\"],[\"255\",\"174\",\"206\"],[\"255\",\"174\",\"206\"],[\"255\",\"174\",\"206\"],[\"255\",\"174\",\"206\"],[\"255\",\"174\",\"206\"],[\"255\",\"174\",\"206\"],[\"255\",\"174\",\"206\"],[\"255\",\"174\",\"206\"],[\"255\",\"174\",\"206\"],[\"255\",\"174\",\"206\"],[\"255\",\"174\",\"206\"],[\"255\",\"174\",\"206\"],[\"255\",\"174\",\"206\"],[\"255\",\"174\",\"206\"],[\"255\",\"174\",\"206\"],[\"255\",\"174\",\"206\"],[\"255\",\"174\",\"206\"],[\"255\",\"174\",\"206\"],[\"255\",\"174\",\"206\"],[\"255\",\"174\",\"206\"],[\"255\",\"174\",\"206\"],[\"255\",\"174\",\"206\"],[\"255\",\"174\",\"206\"],[\"255\",\"174\",\"206\"],[\"255\",\"174\",\"206\"],[\"255\",\"174\",\"206\"],[\"255\",\"174\",\"206\"],[\"255\",\"174\",\"206\"],[\"255\",\"174\",\"206\"],[\"255\",\"174\",\"206\"],[\"255\",\"174\",\"206\"],[\"255\",\"174\",\"206\"],[\"255\",\"174\",\"206\"],[\"255\",\"174\",\"206\"],[\"255\",\"174\",\"206\"],[\"255\",\"174\",\"206\"],[\"255\",\"174\",\"206\"],[\"255\",\"174\",\"206\"],[\"255\",\"174\",\"206\"],[\"255\",\"174\",\"206\"],[\"255\",\"174\",\"206\"],[\"255\",\"174\",\"206\"],[\"255\",\"174\",\"206\"],[\"255\",\"174\",\"206\"],[\"255\",\"174\",\"206\"],[\"255\",\"174\",\"206\"],[\"255\",\"174\",\"206\"],[\"255\",\"174\",\"206\"],[\"255\",\"174\",\"206\"],[\"255\",\"174\",\"206\"],[\"255\",\"174\",\"206\"],[\"255\",\"174\",\"206\"],[\"255\",\"174\",\"206\"],[\"255\",\"174\",\"206\"],[\"255\",\"174\",\"206\"],[\"255\",\"174\",\"206\"],[\"255\",\"174\",\"206\"],[\"255\",\"174\",\"206\"],[\"255\",\"174\",\"206\"],[\"255\",\"174\",\"206\"],[\"255\",\"174\",\"206\"],[\"255\",\"174\",\"206\"],[\"255\",\"174\",\"206\"],[\"255\",\"174\",\"206\"],[\"255\",\"174\",\"206\"],[\"255\",\"174\",\"206\"],[\"255\",\"174\",\"206\"],[\"255\",\"174\",\"206\"],[\"255\",\"174\",\"206\"],[\"255\",\"174\",\"206\"],[\"255\",\"174\",\"206\"],[\"255\",\"174\",\"206\"],[\"255\",\"174\",\"206\"],[\"255\",\"174\",\"206\"],[\"255\",\"174\",\"206\"],[\"255\",\"174\",\"206\"],[\"255\",\"174\",\"206\"],[\"255\",\"174\",\"206\"],[\"255\",\"174\",\"206\"],[\"255\",\"174\",\"206\"],[\"255\",\"174\",\"206\"],[\"255\",\"174\",\"206\"],[\"255\",\"174\",\"206\"],[\"255\",\"174\",\"206\"],[\"255\",\"174\",\"206\"],[\"255\",\"174\",\"206\"],[\"255\",\"174\",\"206\"],[\"255\",\"174\",\"206\"],[\"255\",\"174\",\"206\"],[\"255\",\"174\",\"206\"],[\"255\",\"174\",\"206\"],[\"255\",\"174\",\"206\"],[\"255\",\"174\",\"206\"],[\"255\",\"174\",\"206\"],[\"255\",\"174\",\"206\"],[\"255\",\"174\",\"206\"],[\"255\",\"174\",\"206\"],[\"255\",\"174\",\"206\"],[\"255\",\"174\",\"206\"],[\"255\",\"174\",\"206\"],[\"255\",\"174\",\"206\"],[\"255\",\"174\",\"206\"],[\"255\",\"174\",\"206\"],[\"255\",\"174\",\"206\"],[\"255\",\"174\",\"206\"],[\"255\",\"174\",\"206\"],[\"255\",\"174\",\"206\"],[\"255\",\"174\",\"206\"],[\"255\",\"174\",\"206\"],[\"255\",\"174\",\"206\"],[\"255\",\"174\",\"206\"],[\"255\",\"174\",\"206\"],[\"255\",\"174\",\"206\"],[\"255\",\"174\",\"206\"],[\"255\",\"174\",\"206\"],[\"255\",\"174\",\"206\"],[\"255\",\"174\",\"206\"],[\"255\",\"174\",\"206\"],[\"255\",\"174\",\"206\"],[\"255\",\"174\",\"206\"],[\"255\",\"174\",\"206\"],[\"255\",\"174\",\"206\"],[\"255\",\"174\",\"206\"],[\"255\",\"174\",\"206\"],[\"255\",\"174\",\"206\"],[\"255\",\"174\",\"206\"],[\"255\",\"174\",\"206\"],[\"255\",\"174\",\"206\"],[\"255\",\"174\",\"206\"],[\"255\",\"174\",\"206\"],[\"255\",\"174\",\"206\"],[\"255\",\"174\",\"206\"],[\"255\",\"174\",\"206\"],[\"255\",\"174\",\"206\"],[\"255\",\"174\",\"206\"],[\"255\",\"174\",\"206\"],[\"255\",\"174\",\"206\"],[\"255\",\"174\",\"206\"],[\"255\",\"174\",\"206\"],[\"255\",\"174\",\"206\"],[\"255\",\"174\",\"206\"],[\"255\",\"174\",\"206\"],[\"255\",\"174\",\"206\"],[\"255\",\"174\",\"206\"],[\"255\",\"174\",\"206\"],[\"255\",\"174\",\"206\"],[\"255\",\"174\",\"206\"],[\"255\",\"174\",\"206\"],[\"255\",\"174\",\"206\"],[\"255\",\"174\",\"206\"],[\"255\",\"174\",\"206\"],[\"255\",\"174\",\"206\"],[\"255\",\"174\",\"206\"],[\"255\",\"174\",\"206\"],[\"255\",\"174\",\"206\"],[\"255\",\"174\",\"206\"],[\"255\",\"174\",\"206\"],[\"255\",\"174\",\"206\"],[\"255\",\"174\",\"206\"],[\"255\",\"174\",\"206\"],[\"255\",\"174\",\"206\"],[\"255\",\"174\",\"206\"],[\"255\",\"174\",\"206\"],[\"255\",\"174\",\"206\"],[\"255\",\"174\",\"206\"],[\"255\",\"174\",\"206\"],[\"255\",\"174\",\"206\"],[\"255\",\"174\",\"206\"],[\"255\",\"174\",\"206\"],[\"255\",\"174\",\"206\"],[\"255\",\"174\",\"206\"],[\"255\",\"174\",\"206\"],[\"255\",\"174\",\"206\"],[\"255\",\"174\",\"206\"],[\"255\",\"174\",\"206\"],[\"255\",\"174\",\"206\"],[\"255\",\"174\",\"206\"],[\"255\",\"174\",\"206\"],[\"255\",\"174\",\"206\"],[\"255\",\"174\",\"206\"],[\"255\",\"174\",\"206\"],[\"255\",\"174\",\"206\"],[\"255\",\"174\",\"206\"],[\"255\",\"174\",\"206\"],[\"255\",\"174\",\"206\"],[\"255\",\"174\",\"206\"],[\"255\",\"174\",\"206\"],[\"255\",\"174\",\"206\"],[\"255\",\"174\",\"206\"],[\"255\",\"174\",\"206\"],[\"255\",\"174\",\"206\"],[\"255\",\"174\",\"206\"],[\"255\",\"174\",\"206\"],[\"255\",\"174\",\"206\"],[\"255\",\"174\",\"206\"],[\"255\",\"174\",\"206\"],[\"255\",\"174\",\"206\"],[\"255\",\"174\",\"206\"],[\"255\",\"174\",\"206\"],[\"255\",\"174\",\"206\"],[\"255\",\"174\",\"206\"],[\"255\",\"174\",\"206\"],[\"255\",\"174\",\"206\"],[\"255\",\"174\",\"206\"],[\"255\",\"174\",\"206\"],[\"255\",\"174\",\"206\"],[\"255\",\"174\",\"206\"],[\"255\",\"174\",\"206\"],[\"255\",\"174\",\"206\"],[\"255\",\"174\",\"206\"],[\"255\",\"174\",\"206\"],[\"255\",\"174\",\"206\"],[\"255\",\"174\",\"206\"],[\"255\",\"174\",\"206\"],[\"255\",\"174\",\"206\"],[\"255\",\"174\",\"206\"],[\"255\",\"174\",\"206\"],[\"255\",\"174\",\"206\"],[\"255\",\"174\",\"206\"],[\"255\",\"174\",\"206\"],[\"255\",\"174\",\"206\"],[\"255\",\"174\",\"206\"],[\"255\",\"174\",\"206\"],[\"255\",\"174\",\"206\"],[\"255\",\"174\",\"206\"],[\"255\",\"174\",\"206\"],[\"255\",\"174\",\"206\"],[\"255\",\"174\",\"206\"],[\"255\",\"174\",\"206\"],[\"255\",\"174\",\"206\"],[\"255\",\"174\",\"206\"],[\"255\",\"174\",\"206\"],[\"255\",\"174\",\"206\"],[\"255\",\"174\",\"206\"],[\"255\",\"174\",\"206\"],[\"255\",\"174\",\"206\"],[\"255\",\"174\",\"206\"],[\"255\",\"174\",\"206\"],[\"255\",\"174\",\"206\"],[\"255\",\"174\",\"206\"],[\"255\",\"174\",\"206\"],[\"255\",\"174\",\"206\"],[\"255\",\"174\",\"206\"],[\"255\",\"174\",\"206\"],[\"255\",\"174\",\"206\"],[\"255\",\"174\",\"206\"],[\"255\",\"174\",\"206\"],[\"255\",\"174\",\"206\"],[\"255\",\"174\",\"206\"],[\"255\",\"174\",\"206\"],[\"255\",\"174\",\"206\"],[\"255\",\"174\",\"206\"],[\"255\",\"174\",\"206\"],[\"255\",\"174\",\"206\"],[\"255\",\"174\",\"206\"],[\"255\",\"174\",\"206\"],[\"255\",\"174\",\"206\"],[\"255\",\"174\",\"206\"],[\"255\",\"174\",\"206\"],[\"255\",\"174\",\"206\"],[\"255\",\"174\",\"206\"],[\"255\",\"174\",\"206\"],[\"255\",\"174\",\"206\"],[\"255\",\"174\",\"206\"],[\"255\",\"174\",\"206\"],[\"255\",\"174\",\"206\"],[\"255\",\"174\",\"206\"],[\"255\",\"174\",\"206\"],[\"255\",\"174\",\"206\"],[\"255\",\"174\",\"206\"],[\"255\",\"174\",\"206\"],[\"255\",\"174\",\"206\"],[\"255\",\"174\",\"206\"],[\"255\",\"174\",\"206\"],[\"255\",\"174\",\"206\"],[\"255\",\"174\",\"206\"],[\"255\",\"174\",\"206\"],[\"255\",\"174\",\"206\"],[\"255\",\"174\",\"206\"],[\"255\",\"174\",\"206\"],[\"255\",\"174\",\"206\"],[\"255\",\"174\",\"206\"],[\"255\",\"174\",\"206\"],[\"255\",\"174\",\"206\"],[\"255\",\"174\",\"206\"],[\"255\",\"174\",\"206\"],[\"255\",\"174\",\"206\"],[\"255\",\"174\",\"206\"],[\"255\",\"174\",\"206\"],[\"255\",\"174\",\"206\"],[\"255\",\"174\",\"206\"],[\"255\",\"174\",\"206\"],[\"255\",\"174\",\"206\"],[\"255\",\"174\",\"206\"],[\"255\",\"174\",\"206\"],[\"255\",\"174\",\"206\"],[\"255\",\"174\",\"206\"],[\"255\",\"174\",\"206\"],[\"255\",\"174\",\"206\"],[\"255\",\"174\",\"206\"],[\"255\",\"174\",\"206\"],[\"255\",\"174\",\"206\"],[\"255\",\"174\",\"206\"],[\"255\",\"174\",\"206\"],[\"255\",\"174\",\"206\"],[\"255\",\"174\",\"206\"],[\"255\",\"174\",\"206\"],[\"255\",\"174\",\"206\"],[\"255\",\"174\",\"206\"],[\"255\",\"174\",\"206\"],[\"255\",\"174\",\"206\"],[\"255\",\"174\",\"206\"],[\"255\",\"174\",\"206\"],[\"255\",\"174\",\"206\"],[\"255\",\"174\",\"206\"],[\"255\",\"174\",\"206\"],[\"255\",\"174\",\"206\"],[\"255\",\"174\",\"206\"],[\"255\",\"174\",\"206\"],[\"255\",\"174\",\"206\"],[\"255\",\"174\",\"206\"],[\"255\",\"174\",\"206\"],[\"255\",\"174\",\"206\"],[\"255\",\"174\",\"206\"],[\"255\",\"174\",\"206\"],[\"255\",\"174\",\"206\"],[\"255\",\"174\",\"206\"],[\"255\",\"174\",\"206\"],[\"255\",\"174\",\"206\"],[\"255\",\"174\",\"206\"],[\"255\",\"174\",\"206\"],[\"255\",\"174\",\"206\"],[\"255\",\"174\",\"206\"],[\"255\",\"174\",\"206\"],[\"255\",\"174\",\"206\"],[\"255\",\"174\",\"206\"],[\"255\",\"174\",\"206\"],[\"255\",\"174\",\"206\"],[\"255\",\"174\",\"206\"],[\"255\",\"174\",\"206\"],[\"255\",\"174\",\"206\"],[\"255\",\"174\",\"206\"],[\"255\",\"174\",\"206\"],[\"255\",\"174\",\"206\"],[\"255\",\"174\",\"206\"],[\"255\",\"174\",\"206\"],[\"255\",\"174\",\"206\"],[\"255\",\"174\",\"206\"],[\"255\",\"174\",\"206\"],[\"255\",\"174\",\"206\"],[\"255\",\"174\",\"206\"],[\"255\",\"174\",\"206\"],[\"255\",\"174\",\"206\"],[\"255\",\"174\",\"206\"],[\"255\",\"174\",\"206\"],[\"255\",\"174\",\"206\"],[\"255\",\"174\",\"206\"],[\"255\",\"174\",\"206\"],[\"255\",\"174\",\"206\"],[\"255\",\"174\",\"206\"],[\"255\",\"174\",\"206\"],[\"255\",\"174\",\"206\"],[\"255\",\"174\",\"206\"],[\"255\",\"174\",\"206\"],[\"255\",\"174\",\"206\"],[\"255\",\"174\",\"206\"],[\"255\",\"174\",\"206\"],[\"255\",\"174\",\"206\"],[\"255\",\"174\",\"206\"],[\"255\",\"174\",\"206\"],[\"255\",\"174\",\"206\"],[\"255\",\"174\",\"206\"],[\"255\",\"174\",\"206\"],[\"255\",\"174\",\"206\"],[\"255\",\"174\",\"206\"],[\"255\",\"174\",\"206\"],[\"255\",\"174\",\"206\"],[\"255\",\"174\",\"206\"],[\"255\",\"174\",\"206\"],[\"255\",\"174\",\"206\"],[\"255\",\"174\",\"206\"],[\"255\",\"174\",\"206\"],[\"255\",\"174\",\"206\"],[\"255\",\"174\",\"206\"],[\"255\",\"174\",\"206\"],[\"255\",\"174\",\"206\"],[\"255\",\"174\",\"206\"],[\"255\",\"174\",\"206\"],[\"255\",\"174\",\"206\"],[\"255\",\"174\",\"206\"],[\"255\",\"174\",\"206\"],[\"255\",\"174\",\"206\"],[\"255\",\"174\",\"206\"],[\"255\",\"174\",\"206\"],[\"255\",\"174\",\"206\"],[\"255\",\"174\",\"206\"],[\"255\",\"174\",\"206\"],[\"255\",\"174\",\"206\"],[\"255\",\"174\",\"206\"],[\"255\",\"174\",\"206\"],[\"255\",\"174\",\"206\"],[\"255\",\"174\",\"206\"],[\"255\",\"174\",\"206\"],[\"255\",\"174\",\"206\"],[\"255\",\"174\",\"206\"],[\"255\",\"174\",\"206\"],[\"255\",\"203\",\"8\"],[\"255\",\"203\",\"8\"],[\"255\",\"203\",\"8\"],[\"255\",\"203\",\"8\"],[\"255\",\"203\",\"8\"],[\"255\",\"203\",\"8\"],[\"255\",\"203\",\"8\"],[\"255\",\"203\",\"8\"],[\"255\",\"203\",\"8\"],[\"255\",\"203\",\"8\"],[\"255\",\"203\",\"8\"],[\"255\",\"203\",\"8\"],[\"255\",\"203\",\"8\"],[\"255\",\"203\",\"8\"],[\"255\",\"203\",\"8\"],[\"255\",\"203\",\"8\"],[\"255\",\"203\",\"8\"],[\"255\",\"203\",\"8\"],[\"255\",\"203\",\"8\"],[\"255\",\"203\",\"8\"],[\"255\",\"203\",\"8\"],[\"255\",\"203\",\"8\"],[\"255\",\"203\",\"8\"],[\"255\",\"203\",\"8\"],[\"255\",\"203\",\"8\"],[\"255\",\"203\",\"8\"],[\"255\",\"203\",\"8\"],[\"255\",\"203\",\"8\"],[\"255\",\"203\",\"8\"],[\"255\",\"203\",\"8\"],[\"255\",\"203\",\"8\"],[\"255\",\"203\",\"8\"],[\"255\",\"203\",\"8\"],[\"255\",\"203\",\"8\"],[\"255\",\"203\",\"8\"],[\"255\",\"203\",\"8\"],[\"255\",\"203\",\"8\"],[\"255\",\"203\",\"8\"],[\"255\",\"203\",\"8\"],[\"255\",\"203\",\"8\"],[\"255\",\"203\",\"8\"],[\"255\",\"203\",\"8\"],[\"255\",\"203\",\"8\"],[\"255\",\"203\",\"8\"],[\"255\",\"203\",\"8\"],[\"255\",\"203\",\"8\"],[\"255\",\"203\",\"8\"],[\"255\",\"203\",\"8\"],[\"255\",\"203\",\"8\"],[\"255\",\"203\",\"8\"],[\"255\",\"203\",\"8\"],[\"255\",\"203\",\"8\"],[\"255\",\"203\",\"8\"],[\"255\",\"203\",\"8\"],[\"255\",\"203\",\"8\"],[\"255\",\"203\",\"8\"],[\"255\",\"203\",\"8\"],[\"255\",\"203\",\"8\"],[\"255\",\"203\",\"8\"],[\"255\",\"203\",\"8\"],[\"255\",\"203\",\"8\"],[\"255\",\"203\",\"8\"],[\"255\",\"203\",\"8\"],[\"255\",\"203\",\"8\"],[\"255\",\"203\",\"8\"],[\"255\",\"203\",\"8\"],[\"255\",\"203\",\"8\"],[\"255\",\"203\",\"8\"],[\"255\",\"203\",\"8\"],[\"255\",\"203\",\"8\"],[\"255\",\"203\",\"8\"],[\"255\",\"203\",\"8\"],[\"255\",\"203\",\"8\"],[\"255\",\"203\",\"8\"],[\"255\",\"203\",\"8\"],[\"255\",\"203\",\"8\"],[\"255\",\"203\",\"8\"],[\"255\",\"203\",\"8\"],[\"255\",\"203\",\"8\"],[\"255\",\"203\",\"8\"],[\"255\",\"203\",\"8\"],[\"255\",\"203\",\"8\"],[\"255\",\"203\",\"8\"],[\"255\",\"203\",\"8\"],[\"255\",\"203\",\"8\"],[\"255\",\"203\",\"8\"],[\"255\",\"203\",\"8\"],[\"255\",\"203\",\"8\"],[\"255\",\"203\",\"8\"],[\"255\",\"203\",\"8\"],[\"255\",\"203\",\"8\"],[\"255\",\"203\",\"8\"],[\"255\",\"203\",\"8\"],[\"255\",\"203\",\"8\"],[\"255\",\"203\",\"8\"],[\"255\",\"203\",\"8\"],[\"255\",\"203\",\"8\"],[\"255\",\"203\",\"8\"],[\"255\",\"203\",\"8\"],[\"255\",\"203\",\"8\"],[\"255\",\"203\",\"8\"],[\"255\",\"203\",\"8\"],[\"255\",\"203\",\"8\"],[\"255\",\"203\",\"8\"],[\"255\",\"203\",\"8\"],[\"255\",\"203\",\"8\"],[\"255\",\"203\",\"8\"],[\"255\",\"203\",\"8\"],[\"255\",\"203\",\"8\"],[\"255\",\"203\",\"8\"],[\"255\",\"203\",\"8\"],[\"255\",\"203\",\"8\"],[\"255\",\"203\",\"8\"],[\"255\",\"203\",\"8\"],[\"255\",\"203\",\"8\"],[\"255\",\"203\",\"8\"],[\"255\",\"203\",\"8\"],[\"255\",\"203\",\"8\"],[\"255\",\"203\",\"8\"],[\"255\",\"203\",\"8\"],[\"255\",\"203\",\"8\"],[\"255\",\"203\",\"8\"],[\"255\",\"203\",\"8\"],[\"255\",\"203\",\"8\"],[\"255\",\"203\",\"8\"],[\"255\",\"203\",\"8\"],[\"255\",\"203\",\"8\"],[\"255\",\"203\",\"8\"],[\"255\",\"203\",\"8\"],[\"255\",\"203\",\"8\"],[\"255\",\"203\",\"8\"],[\"255\",\"203\",\"8\"],[\"255\",\"203\",\"8\"],[\"255\",\"203\",\"8\"],[\"255\",\"203\",\"8\"],[\"255\",\"203\",\"8\"],[\"255\",\"203\",\"8\"],[\"255\",\"203\",\"8\"],[\"255\",\"203\",\"8\"],[\"255\",\"203\",\"8\"],[\"255\",\"203\",\"8\"],[\"255\",\"203\",\"8\"],[\"255\",\"203\",\"8\"],[\"255\",\"203\",\"8\"],[\"255\",\"203\",\"8\"],[\"255\",\"203\",\"8\"],[\"255\",\"203\",\"8\"],[\"255\",\"203\",\"8\"],[\"255\",\"203\",\"8\"],[\"255\",\"203\",\"8\"],[\"255\",\"203\",\"8\"],[\"255\",\"203\",\"8\"],[\"255\",\"203\",\"8\"],[\"255\",\"203\",\"8\"],[\"255\",\"203\",\"8\"],[\"255\",\"203\",\"8\"],[\"255\",\"203\",\"8\"],[\"255\",\"203\",\"8\"],[\"255\",\"203\",\"8\"],[\"255\",\"203\",\"8\"],[\"255\",\"203\",\"8\"],[\"255\",\"203\",\"8\"],[\"255\",\"203\",\"8\"],[\"255\",\"203\",\"8\"],[\"255\",\"203\",\"8\"],[\"255\",\"203\",\"8\"],[\"255\",\"203\",\"8\"],[\"255\",\"203\",\"8\"],[\"255\",\"203\",\"8\"],[\"255\",\"203\",\"8\"],[\"255\",\"203\",\"8\"],[\"255\",\"203\",\"8\"],[\"255\",\"203\",\"8\"],[\"255\",\"203\",\"8\"],[\"255\",\"203\",\"8\"],[\"255\",\"203\",\"8\"],[\"255\",\"203\",\"8\"],[\"255\",\"203\",\"8\"],[\"255\",\"203\",\"8\"],[\"255\",\"203\",\"8\"],[\"255\",\"203\",\"8\"],[\"255\",\"203\",\"8\"],[\"255\",\"203\",\"8\"],[\"255\",\"203\",\"8\"],[\"255\",\"203\",\"8\"],[\"255\",\"203\",\"8\"],[\"255\",\"203\",\"8\"],[\"255\",\"203\",\"8\"],[\"255\",\"203\",\"8\"],[\"255\",\"203\",\"8\"],[\"255\",\"203\",\"8\"],[\"255\",\"203\",\"8\"],[\"255\",\"203\",\"8\"],[\"255\",\"203\",\"8\"],[\"255\",\"203\",\"8\"],[\"255\",\"203\",\"8\"],[\"255\",\"203\",\"8\"],[\"255\",\"203\",\"8\"],[\"255\",\"203\",\"8\"],[\"255\",\"203\",\"8\"],[\"255\",\"203\",\"8\"],[\"255\",\"203\",\"8\"],[\"255\",\"203\",\"8\"],[\"255\",\"203\",\"8\"],[\"255\",\"203\",\"8\"],[\"255\",\"203\",\"8\"],[\"255\",\"203\",\"8\"],[\"255\",\"203\",\"8\"],[\"255\",\"203\",\"8\"],[\"255\",\"203\",\"8\"],[\"255\",\"203\",\"8\"],[\"255\",\"203\",\"8\"],[\"255\",\"203\",\"8\"],[\"255\",\"203\",\"8\"],[\"255\",\"203\",\"8\"],[\"255\",\"203\",\"8\"],[\"255\",\"203\",\"8\"],[\"255\",\"203\",\"8\"],[\"255\",\"203\",\"8\"],[\"255\",\"203\",\"8\"],[\"255\",\"203\",\"8\"],[\"255\",\"203\",\"8\"],[\"255\",\"203\",\"8\"],[\"255\",\"203\",\"8\"],[\"255\",\"203\",\"8\"],[\"255\",\"203\",\"8\"],[\"255\",\"203\",\"8\"],[\"255\",\"203\",\"8\"],[\"255\",\"203\",\"8\"],[\"255\",\"203\",\"8\"],[\"255\",\"203\",\"8\"],[\"255\",\"203\",\"8\"],[\"255\",\"203\",\"8\"],[\"255\",\"203\",\"8\"],[\"255\",\"203\",\"8\"],[\"255\",\"203\",\"8\"],[\"255\",\"203\",\"8\"],[\"255\",\"203\",\"8\"],[\"255\",\"203\",\"8\"],[\"255\",\"203\",\"8\"],[\"255\",\"203\",\"8\"],[\"255\",\"203\",\"8\"],[\"255\",\"203\",\"8\"],[\"255\",\"203\",\"8\"],[\"255\",\"203\",\"8\"],[\"255\",\"203\",\"8\"],[\"255\",\"203\",\"8\"],[\"255\",\"203\",\"8\"],[\"255\",\"203\",\"8\"],[\"255\",\"203\",\"8\"],[\"255\",\"203\",\"8\"],[\"255\",\"203\",\"8\"],[\"255\",\"203\",\"8\"],[\"255\",\"203\",\"8\"],[\"255\",\"203\",\"8\"],[\"255\",\"203\",\"8\"],[\"255\",\"203\",\"8\"],[\"255\",\"203\",\"8\"],[\"255\",\"203\",\"8\"],[\"255\",\"203\",\"8\"],[\"255\",\"203\",\"8\"],[\"255\",\"203\",\"8\"],[\"255\",\"203\",\"8\"],[\"255\",\"203\",\"8\"],[\"255\",\"203\",\"8\"],[\"255\",\"203\",\"8\"],[\"255\",\"203\",\"8\"],[\"255\",\"203\",\"8\"],[\"255\",\"203\",\"8\"],[\"255\",\"203\",\"8\"],[\"255\",\"203\",\"8\"],[\"255\",\"203\",\"8\"],[\"255\",\"203\",\"8\"],[\"255\",\"203\",\"8\"],[\"255\",\"203\",\"8\"],[\"255\",\"203\",\"8\"],[\"255\",\"203\",\"8\"],[\"255\",\"203\",\"8\"],[\"255\",\"203\",\"8\"],[\"255\",\"203\",\"8\"],[\"255\",\"203\",\"8\"],[\"255\",\"203\",\"8\"],[\"255\",\"203\",\"8\"],[\"255\",\"203\",\"8\"],[\"255\",\"203\",\"8\"],[\"255\",\"203\",\"8\"],[\"255\",\"203\",\"8\"],[\"255\",\"203\",\"8\"],[\"255\",\"203\",\"8\"],[\"255\",\"203\",\"8\"],[\"255\",\"203\",\"8\"],[\"255\",\"203\",\"8\"],[\"255\",\"203\",\"8\"],[\"255\",\"203\",\"8\"],[\"255\",\"203\",\"8\"],[\"255\",\"203\",\"8\"],[\"255\",\"203\",\"8\"],[\"255\",\"203\",\"8\"],[\"255\",\"203\",\"8\"],[\"255\",\"203\",\"8\"],[\"255\",\"203\",\"8\"],[\"255\",\"203\",\"8\"],[\"255\",\"203\",\"8\"],[\"255\",\"203\",\"8\"],[\"255\",\"203\",\"8\"],[\"255\",\"203\",\"8\"],[\"255\",\"203\",\"8\"],[\"255\",\"203\",\"8\"],[\"255\",\"203\",\"8\"],[\"255\",\"203\",\"8\"]]",
      "timestamp" : "2021-01-18 13:29:21.480 -0700",
      "identifier" : "Log",
      "scriptName" : "index.script",
      "handlerLine" : 7
    },
    {
      "handlerName" : "function_pixelmatch",
      "message" : "PixelCount: 806",
      "timestamp" : "2021-01-18 13:29:21.537 -0700",
      "identifier" : "Log",
      "scriptName" : "",
      "handlerLine" : 11
    },
    {
      "handlerName" : "on_index",
      "message" : "{Color1:310, Color2:496}",
      "timestamp" : "2021-01-18 13:29:27.094 -0700",
      "identifier" : "Log",
      "scriptName" : "index.script",
      "handlerLine" : 28
    },
    {
      "identifier" : "EndTestCase",
      "message" : "(Duration:\"5.960876\", Errors:\"0\", Exceptions:\"0\", StartTime:\"2021-01-18 13:29:21 -0700\", Successes:\"1\", TestCase:\"index.script\", Warnings:\"0\")",
      "timestamp" : "2021-01-18 13:29:27.208 -0700"
    },
    {
      "identifier" : "SUCCESS",
      "message" : "Execution Time 0:00:05 index.script",
      "timestamp" : "2021-01-18 13:29:27.215 -0700"
    }
  ],
  "createdTimestamp" : "2021-01-18 13:29:21.246 -0700"
}