{
  "entries" : [
    {
      "identifier" : "START",
      "message" : "Running VerifyResponse.script",
      "timestamp" : "2020-08-05 10:30:21.389 -0600"
    },
    {
      "handlerName" : "on_verifyresponse",
      "message" : "Data from response body: {hand:\"wave\"}",
      "timestamp" : "2020-08-05 10:30:21.659 -0600",
      "identifier" : "Log",
      "scriptName" : "VerifyResponse.script",
      "handlerLine" : 6
    },
    {
      "identifier" : "EndTestCase",
      "message" : "(Duration:\"1.656902\", Errors:\"0\", Exceptions:\"0\", StartTime:\"2020-08-05 10:30:21 -0600\", Successes:\"1\", TestCase:\"VerifyResponse.script\", Warnings:\"0\")",
      "timestamp" : "2020-08-05 10:30:23.049 -0600"
    },
    {
      "identifier" : "SUCCESS",
      "message" : "Execution Time 0:00:01 VerifyResponse.script",
      "timestamp" : "2020-08-05 10:30:23.066 -0600"
    }
  ],
  "createdTimestamp" : "2020-08-05 10:30:21.392 -0600"
}