{
  "entries" : [
    {
      "identifier" : "START",
      "message" : "Running Example Get.apitest",
      "timestamp" : "2020-11-12 12:13:43.857 -0700"
    },
    {
      "identifier" : "EndTestCase",
      "message" : "(Duration:\"0.896757\", Errors:\"0\", Exceptions:\"0\", StartTime:\"2020-11-12 12:13:43 -0700\", Successes:\"1\", TestCase:\"Example Get.apitest\", Warnings:\"0\")",
      "timestamp" : "2020-11-12 12:13:44.756 -0700"
    },
    {
      "identifier" : "SUCCESS",
      "message" : "Execution Time 0:00:00 Example Get.apitest",
      "timestamp" : "2020-11-12 12:13:44.780 -0700"
    }
  ],
  "createdTimestamp" : "2020-11-12 12:13:43.858 -0700"
}