{
  "entries" : [
    {
      "handlerName" : "on_processing_patientmark",
      "message" : "from PatientMark",
      "timestamp" : "2018-11-21 17:39:15.337 -0500",
      "identifier" : "Log",
      "scriptName" : "Processing\/PatientMark.script",
      "handlerLine" : 5
    },
    {
      "handlerName" : "on_processing_patientmark",
      "message" : "(@\"billing date\":\"2018-11-25\", @\"charge capture date\":\"2018-11-30\", @\"claims date\":\"2018-11-30\", @\"coding date\":\"2018-11-23\", @\"created date\":\"2018-11-21\", @\"date of birth\":\"2018-08-29\", @\"first name\":\"Wonder\", gender:\"Female\", @\"last name\":\"Vader\", @\"marital status\":\"Separated\", @\"medical record number\":\"097825\", @\"middle name\":\"K\", @\"social security number\":\"180-29-6164\", suffix:\"Dr\")",
      "timestamp" : "2018-11-21 17:39:15.376 -0500",
      "identifier" : "Log",
      "scriptName" : "Processing\/PatientMark.script",
      "handlerLine" : 8
    },
    {
      "handlerName" : "on_processing_patientmark",
      "message" : "created date",
      "timestamp" : "2018-11-21 17:39:15.413 -0500",
      "identifier" : "Log",
      "scriptName" : "Processing\/PatientMark.script",
      "handlerLine" : 9
    },
    {
      "handlerName" : "on_processing_patientmark",
      "message" : "Completed",
      "timestamp" : "2018-11-21 17:39:15.447 -0500",
      "identifier" : "Log",
      "scriptName" : "Processing\/PatientMark.script",
      "handlerLine" : 10
    },
    {
      "identifier" : "EndTestCase",
      "message" : "(Duration:\"6.79492\", Errors:\"3\", Exceptions:\"0\", StartTime:\"2018-11-21 17:39:09 -0500\", Successes:\"5\", TestCase:\"Index.script\", Warnings:\"0\")",
      "timestamp" : "2018-11-21 17:39:15.871 -0500"
    },
    {
      "identifier" : "SUCCESS",
      "message" : "Execution Time 0:00:06 Index.script",
      "timestamp" : "2018-11-21 17:39:15.922 -0500"
    }
  ],
  "createdTimestamp" : "2018-11-21 17:39:15.374 -0500"
}