{
  "entries" : [
    {
      "identifier" : "START",
      "message" : "Running AuthAPI2.apitest",
      "timestamp" : "2020-05-14 11:05:49.949 -0600"
    },
    {
      "identifier" : "LogError",
      "message" : "Validation Error: The XML is not valid.",
      "timestamp" : "2020-05-14 11:05:49.964 -0600"
    },
    {
      "identifier" : "EndTestCase",
      "message" : "(Duration:\"0.534842\", Errors:\"1\", Exceptions:\"0\", StartTime:\"2020-05-14 11:05:49 -0600\", Successes:\"0\", TestCase:\"AuthAPI2.apitest\", Warnings:\"0\")",
      "timestamp" : "2020-05-14 11:05:50.486 -0600"
    },
    {
      "message" : "Script Error Number of Errors logged: 1 -- Execution Time 0:00:00 AuthAPI2.apitest",
      "timestamp" : "2020-05-14 11:05:50.998 -0600",
      "identifier" : "FAILURE",
      "image" : "Screen_Error.png"
    }
  ],
  "createdTimestamp" : "2020-05-14 11:05:49.950 -0600"
}