﻿Date Run,Status,Time,# of Errors,# of Warnings,# of Exceptions,Log File,Return Value,Error Message,# of Successes
2019-04-18 15:09:03.074 -0600,"Success",0:00:00,0,2,0,"20190418_150903.074/LogFile.txt","","",13
2019-04-18 15:09:06.938 -0600,"Success",0:00:00,0,2,0,"20190418_150906.938/LogFile.txt","","",13
2019-04-18 15:13:33.877 -0600,"Success",0:00:00,0,0,0,"20190418_151333.877/LogFile.txt","","",3
2019-04-18 15:13:46.180 -0600,"Success",0:00:00,0,3,0,"20190418_151346.180/LogFile.txt","","",1
