﻿<?xml version="1.0"?>
<runHistory script="AmazonApp-Feature">
 <run>
  <RunDate>2019-04-18 15:09:03.074 -0600</RunDate>
  <Status>Success</Status>
  <Duration>0.122309</Duration>
  <Errors>0</Errors>
  <Warnings>2</Warnings>
  <Exceptions>0</Exceptions>
  <Successes>13</Successes>
  <LogFile>20190418_150903.074/LogFile.txt</LogFile>
  <ReturnValue></ReturnValue>
  <ErrorMessage></ErrorMessage>
 </run>
 <run>
  <RunDate>2019-04-18 15:09:06.938 -0600</RunDate>
  <Status>Success</Status>
  <Duration>0.106617</Duration>
  <Errors>0</Errors>
  <Warnings>2</Warnings>
  <Exceptions>0</Exceptions>
  <Successes>13</Successes>
  <LogFile>20190418_150906.938/LogFile.txt</LogFile>
  <ReturnValue></ReturnValue>
  <ErrorMessage></ErrorMessage>
 </run>
 <run>
  <RunDate>2019-04-18 15:13:33.877 -0600</RunDate>
  <Status>Success</Status>
  <Duration>0.055074</Duration>
  <Errors>0</Errors>
  <Warnings>0</Warnings>
  <Exceptions>0</Exceptions>
  <Successes>3</Successes>
  <LogFile>20190418_151333.877/LogFile.txt</LogFile>
  <ReturnValue></ReturnValue>
  <ErrorMessage></ErrorMessage>
 </run>
 <run>
  <RunDate>2019-04-18 15:13:46.180 -0600</RunDate>
  <Status>Success</Status>
  <Duration>0.003883</Duration>
  <Errors>0</Errors>
  <Warnings>3</Warnings>
  <Exceptions>0</Exceptions>
  <Successes>1</Successes>
  <LogFile>20190418_151346.180/LogFile.txt</LogFile>
  <ReturnValue></ReturnValue>
  <ErrorMessage></ErrorMessage>
 </run>
</runHistory>
