{
  "entries" : [
    {
      "identifier" : "START",
      "message" : "Running Main.script",
      "timestamp" : "2020-05-29 11:34:14.843 -0600"
    },
    {
      "handlerName" : "function_locaterrectangle",
      "message" : "(323,271,1390,734)",
      "identifier" : "capturescreen",
      "image" : "\/Users\/randyhesse\/Documents\/Simple_Examples\/AI Modeling\/facial_recognition_v2.suite\/Resources\/InputPicture.png",
      "handlerLine" : 5,
      "timestamp" : "2020-05-29 11:34:15.966 -0600",
      "scriptName" : ""
    },
    {
      "handlerName" : "function_locaterrectangle",
      "message" : "export GOPATH=\"\/Users\/randyhesse\/go\"; cd \"\/Users\/randyhesse\/Documents\/Simple_Examples\/AI Modeling\/facial_recognition_v2.suite\/Resources\/\"&& \/usr\/local\/bin\/go run \"\/Users\/randyhesse\/Documents\/Simple_Examples\/AI Modeling\/facial_recognition_v2.suite\/Resources\/FaceR.go\" \"haarcascade_eye.xml\" \"InputPicture.png\" \"OutputPicture.png\"",
      "timestamp" : "2020-05-29 11:34:15.973 -0600",
      "identifier" : "Log",
      "scriptName" : "",
      "handlerLine" : 19
    },
    {
      "handlerName" : "function_locaterrectangle",
      "timestamp" : "2020-05-29 11:34:15.984 -0600",
      "identifier" : "pausescript",
      "scriptName" : "",
      "handlerLine" : 20
    },
    {
      "handlerName" : "on_main",
      "message" : "[[1318,383,1341,406],[363,497,528,662],[1092,553,1184,645],[1260,553,1358,651],[874,509,1044,679],[640,550,771,681],[886,290,1035,439],[410,320,488,398],[630,277,824,471],[524,324,595,395],[1215,336,1317,438]]",
      "timestamp" : "2020-05-29 11:34:24.931 -0600",
      "identifier" : "Log",
      "scriptName" : "Main.script",
      "handlerLine" : 17
    },
    {
      "handlerName" : "on_main",
      "message" : "(1318,383,1341,406)",
      "identifier" : "capturescreen",
      "image" : "1.png",
      "handlerLine" : 24,
      "timestamp" : "2020-05-29 11:34:25.074 -0600",
      "scriptName" : "Main.script"
    },
    {
      "handlerName" : "on_main",
      "message" : "(363,497,528,662)",
      "identifier" : "capturescreen",
      "image" : "2.png",
      "handlerLine" : 24,
      "timestamp" : "2020-05-29 11:34:25.606 -0600",
      "scriptName" : "Main.script"
    },
    {
      "handlerName" : "on_main",
      "message" : "(1092,553,1184,645)",
      "identifier" : "capturescreen",
      "image" : "3.png",
      "handlerLine" : 24,
      "timestamp" : "2020-05-29 11:34:26.145 -0600",
      "scriptName" : "Main.script"
    },
    {
      "handlerName" : "on_main",
      "message" : "(1260,553,1358,651)",
      "identifier" : "capturescreen",
      "image" : "4.png",
      "handlerLine" : 24,
      "timestamp" : "2020-05-29 11:34:26.673 -0600",
      "scriptName" : "Main.script"
    },
    {
      "handlerName" : "on_main",
      "message" : "(874,509,1044,679)",
      "identifier" : "capturescreen",
      "image" : "5.png",
      "handlerLine" : 24,
      "timestamp" : "2020-05-29 11:34:27.210 -0600",
      "scriptName" : "Main.script"
    },
    {
      "handlerName" : "on_main",
      "message" : "(640,550,771,681)",
      "identifier" : "capturescreen",
      "image" : "6.png",
      "handlerLine" : 24,
      "timestamp" : "2020-05-29 11:34:27.746 -0600",
      "scriptName" : "Main.script"
    },
    {
      "handlerName" : "on_main",
      "message" : "(886,290,1035,439)",
      "identifier" : "capturescreen",
      "image" : "7.png",
      "handlerLine" : 24,
      "timestamp" : "2020-05-29 11:34:28.274 -0600",
      "scriptName" : "Main.script"
    },
    {
      "handlerName" : "on_main",
      "message" : "(410,320,488,398)",
      "identifier" : "capturescreen",
      "image" : "8.png",
      "handlerLine" : 24,
      "timestamp" : "2020-05-29 11:34:28.828 -0600",
      "scriptName" : "Main.script"
    },
    {
      "handlerName" : "on_main",
      "message" : "(630,277,824,471)",
      "identifier" : "capturescreen",
      "image" : "9.png",
      "handlerLine" : 24,
      "timestamp" : "2020-05-29 11:34:29.381 -0600",
      "scriptName" : "Main.script"
    },
    {
      "handlerName" : "on_main",
      "message" : "(524,324,595,395)",
      "identifier" : "capturescreen",
      "image" : "10.png",
      "handlerLine" : 24,
      "timestamp" : "2020-05-29 11:34:29.911 -0600",
      "scriptName" : "Main.script"
    },
    {
      "handlerName" : "on_main",
      "message" : "(1215,336,1317,438)",
      "identifier" : "capturescreen",
      "image" : "11.png",
      "handlerLine" : 24,
      "timestamp" : "2020-05-29 11:34:30.440 -0600",
      "scriptName" : "Main.script"
    },
    {
      "identifier" : "EndTestCase",
      "message" : "(Duration:\"19.965865\", Errors:\"0\", Exceptions:\"0\", StartTime:\"2020-05-29 11:34:14 -0600\", Successes:\"1\", TestCase:\"Main.script\", Warnings:\"0\")",
      "timestamp" : "2020-05-29 11:34:34.812 -0600"
    },
    {
      "identifier" : "SUCCESS",
      "message" : "Execution Time 0:00:19 Main.script",
      "timestamp" : "2020-05-29 11:34:35.181 -0600"
    }
  ],
  "createdTimestamp" : "2020-05-29 11:34:14.845 -0600"
}