{
  "entries" : [
    {
      "identifier" : "START",
      "message" : "Running GeneratePatient.script",
      "timestamp" : "2018-11-20 20:03:52.754 -0500"
    },
    {
      "identifier" : "EndTestCase",
      "message" : "(Duration:\"0.483877\", Errors:\"0\", Exceptions:\"0\", StartTime:\"2018-11-20 20:03:52 -0500\", Successes:\"1\", TestCase:\"GeneratePatient.script\", Warnings:\"0\")",
      "timestamp" : "2018-11-20 20:03:53.266 -0500"
    },
    {
      "identifier" : "SUCCESS",
      "message" : "Execution Time 0:00:00 GeneratePatient.script",
      "timestamp" : "2018-11-20 20:03:53.323 -0500"
    }
  ],
  "createdTimestamp" : "2018-11-20 20:03:52.782 -0500"
}