{
  "entries" : [
    {
      "identifier" : "START",
      "message" : "Running Master.script",
      "timestamp" : "2018-11-26 13:10:13.737 -0500"
    },
    {
      "identifier" : "EndTestCase",
      "message" : "(Duration:\"0.846721\", Errors:\"1\", Exceptions:\"0\", StartTime:\"2018-11-26 13:10:13 -0500\", Successes:\"0\", TestCase:\"Master.script\", Warnings:\"0\")",
      "timestamp" : "2018-11-26 13:10:14.619 -0500"
    },
    {
      "message" : "SRUN_BadValue Bad value for Object expression.  Looking for an object or script identifier, got 'Person'. -- Execution Time 0:00:00 Master.script",
      "timestamp" : "2018-11-26 13:10:16.087 -0500",
      "identifier" : "FAILURE",
      "image" : "Screen_Error.png"
    }
  ],
  "createdTimestamp" : "2018-11-26 13:10:13.772 -0500"
}