{
  "entries" : [
    {
      "identifier" : "START",
      "message" : "Running Index.script",
      "timestamp" : "2018-11-21 17:28:28.021 -0500"
    },
    {
      "handlerName" : "on_processingmain",
      "message" : "Todays Date is 11.21.2018",
      "timestamp" : "2018-11-21 17:28:28.379 -0500",
      "identifier" : "Log",
      "scriptName" : "ProcessingMain.script",
      "handlerLine" : 13
    },
    {
      "handlerName" : "on_processing_create",
      "message" : "-------------------------------------",
      "timestamp" : "2018-11-21 17:28:28.464 -0500",
      "identifier" : "Log",
      "scriptName" : "Processing\/Create.script",
      "handlerLine" : 4
    },
    {
      "handlerName" : "on_processing_create",
      "message" : "Creating the Patient ",
      "timestamp" : "2018-11-21 17:28:28.501 -0500",
      "identifier" : "Log",
      "scriptName" : "Processing\/Create.script",
      "handlerLine" : 5
    },
    {
      "handlerName" : "on_processing_create",
      "message" : "Frist Name James",
      "timestamp" : "2018-11-21 17:28:28.534 -0500",
      "identifier" : "Log",
      "scriptName" : "Processing\/Create.script",
      "handlerLine" : 6
    },
    {
      "handlerName" : "on_processing_create",
      "message" : "Middle Name A",
      "timestamp" : "2018-11-21 17:28:28.571 -0500",
      "identifier" : "Log",
      "scriptName" : "Processing\/Create.script",
      "handlerLine" : 7
    },
    {
      "handlerName" : "on_processing_create",
      "message" : "Last Name Vader",
      "timestamp" : "2018-11-21 17:28:28.607 -0500",
      "identifier" : "Log",
      "scriptName" : "Processing\/Create.script",
      "handlerLine" : 8
    },
    {
      "handlerName" : "on_processing_create",
      "message" : "-------------------------------------",
      "timestamp" : "2018-11-21 17:28:28.667 -0500",
      "identifier" : "Log",
      "scriptName" : "Processing\/Create.script",
      "handlerLine" : 4
    },
    {
      "handlerName" : "on_processing_create",
      "message" : "Creating the Patient ",
      "timestamp" : "2018-11-21 17:28:28.704 -0500",
      "identifier" : "Log",
      "scriptName" : "Processing\/Create.script",
      "handlerLine" : 5
    },
    {
      "handlerName" : "on_processing_create",
      "message" : "Frist Name Homer",
      "timestamp" : "2018-11-21 17:28:28.736 -0500",
      "identifier" : "Log",
      "scriptName" : "Processing\/Create.script",
      "handlerLine" : 6
    },
    {
      "handlerName" : "on_processing_create",
      "message" : "Middle Name A",
      "timestamp" : "2018-11-21 17:28:28.772 -0500",
      "identifier" : "Log",
      "scriptName" : "Processing\/Create.script",
      "handlerLine" : 7
    },
    {
      "handlerName" : "on_processing_create",
      "message" : "Last Name Woman",
      "timestamp" : "2018-11-21 17:28:28.808 -0500",
      "identifier" : "Log",
      "scriptName" : "Processing\/Create.script",
      "handlerLine" : 8
    },
    {
      "handlerName" : "on_processing_create",
      "message" : "-------------------------------------",
      "timestamp" : "2018-11-21 17:28:28.864 -0500",
      "identifier" : "Log",
      "scriptName" : "Processing\/Create.script",
      "handlerLine" : 4
    },
    {
      "handlerName" : "on_processing_create",
      "message" : "Creating the Patient ",
      "timestamp" : "2018-11-21 17:28:28.901 -0500",
      "identifier" : "Log",
      "scriptName" : "Processing\/Create.script",
      "handlerLine" : 5
    },
    {
      "handlerName" : "on_processing_create",
      "message" : "Frist Name Mickey",
      "timestamp" : "2018-11-21 17:28:28.934 -0500",
      "identifier" : "Log",
      "scriptName" : "Processing\/Create.script",
      "handlerLine" : 6
    },
    {
      "handlerName" : "on_processing_create",
      "message" : "Middle Name A",
      "timestamp" : "2018-11-21 17:28:28.969 -0500",
      "identifier" : "Log",
      "scriptName" : "Processing\/Create.script",
      "handlerLine" : 7
    },
    {
      "handlerName" : "on_processing_create",
      "message" : "Last Name Underwood",
      "timestamp" : "2018-11-21 17:28:29.004 -0500",
      "identifier" : "Log",
      "scriptName" : "Processing\/Create.script",
      "handlerLine" : 8
    },
    {
      "handlerName" : "on_processing_create",
      "message" : "-------------------------------------",
      "timestamp" : "2018-11-21 17:28:29.061 -0500",
      "identifier" : "Log",
      "scriptName" : "Processing\/Create.script",
      "handlerLine" : 4
    },
    {
      "handlerName" : "on_processing_create",
      "message" : "Creating the Patient ",
      "timestamp" : "2018-11-21 17:28:29.098 -0500",
      "identifier" : "Log",
      "scriptName" : "Processing\/Create.script",
      "handlerLine" : 5
    },
    {
      "handlerName" : "on_processing_create",
      "message" : "Frist Name James",
      "timestamp" : "2018-11-21 17:28:29.132 -0500",
      "identifier" : "Log",
      "scriptName" : "Processing\/Create.script",
      "handlerLine" : 6
    },
    {
      "handlerName" : "on_processing_create",
      "message" : "Middle Name X",
      "timestamp" : "2018-11-21 17:28:29.168 -0500",
      "identifier" : "Log",
      "scriptName" : "Processing\/Create.script",
      "handlerLine" : 7
    },
    {
      "handlerName" : "on_processing_create",
      "message" : "Last Name Simpson",
      "timestamp" : "2018-11-21 17:28:29.204 -0500",
      "identifier" : "Log",
      "scriptName" : "Processing\/Create.script",
      "handlerLine" : 8
    },
    {
      "handlerName" : "on_processing_create",
      "message" : "-------------------------------------",
      "timestamp" : "2018-11-21 17:28:29.266 -0500",
      "identifier" : "Log",
      "scriptName" : "Processing\/Create.script",
      "handlerLine" : 4
    },
    {
      "handlerName" : "on_processing_create",
      "message" : "Creating the Patient ",
      "timestamp" : "2018-11-21 17:28:29.304 -0500",
      "identifier" : "Log",
      "scriptName" : "Processing\/Create.script",
      "handlerLine" : 5
    },
    {
      "handlerName" : "on_processing_create",
      "message" : "Frist Name James",
      "timestamp" : "2018-11-21 17:28:29.338 -0500",
      "identifier" : "Log",
      "scriptName" : "Processing\/Create.script",
      "handlerLine" : 6
    },
    {
      "handlerName" : "on_processing_create",
      "message" : "Middle Name Z",
      "timestamp" : "2018-11-21 17:28:29.373 -0500",
      "identifier" : "Log",
      "scriptName" : "Processing\/Create.script",
      "handlerLine" : 7
    },
    {
      "handlerName" : "on_processing_create",
      "message" : "Last Name Mouse",
      "timestamp" : "2018-11-21 17:28:29.409 -0500",
      "identifier" : "Log",
      "scriptName" : "Processing\/Create.script",
      "handlerLine" : 8
    },
    {
      "identifier" : "EndTestCase",
      "message" : "(Duration:\"1.642136\", Errors:\"0\", Exceptions:\"0\", StartTime:\"2018-11-21 17:28:28 -0500\", Successes:\"1\", TestCase:\"Index.script\", Warnings:\"0\")",
      "timestamp" : "2018-11-21 17:28:29.685 -0500"
    },
    {
      "identifier" : "SUCCESS",
      "message" : "Execution Time 0:00:01 Index.script",
      "timestamp" : "2018-11-21 17:28:29.735 -0500"
    }
  ],
  "createdTimestamp" : "2018-11-21 17:28:28.042 -0500"
}