﻿<?xml version="1.0"?>
<statistics>
 <script name="Examples/TroubleshootingExamples/TroubleshootingExample4">
  <LastStatus>Success</LastStatus>
  <NumberOfRuns>1</NumberOfRuns>
  <NumberOfFails>0</NumberOfFails>
  <FirstRun>2017-05-04 15:00:40 -0500</FirstRun>
  <LastRun>2017-05-04 15:00:40 -0500</LastRun>
  <TotalTimeOnSuccess>0.362246</TotalTimeOnSuccess>
 </script>
 <script name="States/Zero">
  <LastStatus>Success</LastStatus>
  <NumberOfRuns>1</NumberOfRuns>
  <NumberOfFails>0</NumberOfFails>
  <FirstRun>2017-04-17 12:59:55 -0600</FirstRun>
  <LastRun>2017-04-17 12:59:55 -0600</LastRun>
  <TotalTimeOnSuccess>0.323751</TotalTimeOnSuccess>
 </script>
 <script name="Libraries/SUTConnect">
  <LastStatus>Success</LastStatus>
  <NumberOfRuns>4</NumberOfRuns>
  <NumberOfFails>1</NumberOfFails>
  <FirstRun>2017-06-13 13:01:21 -0600</FirstRun>
  <LastRun>2017-06-13 13:01:55 -0600</LastRun>
  <TotalTimeOnSuccess>0.826789</TotalTimeOnSuccess>
 </script>
 <script name="Libraries/Login">
  <LastStatus>Success</LastStatus>
  <NumberOfRuns>1</NumberOfRuns>
  <NumberOfFails>0</NumberOfFails>
  <FirstRun>2017-04-17 12:59:56 -0600</FirstRun>
  <LastRun>2017-04-17 12:59:56 -0600</LastRun>
  <TotalTimeOnSuccess>1.487338</TotalTimeOnSuccess>
 </script>
</statistics>
