{
  "entries" : [
    {
      "identifier" : "START",
      "message" : "Running Untitled1.script",
      "timestamp" : "2021-01-18 14:39:17.101 -0700"
    },
    {
      "handlerName" : "on_untitled1",
      "message" : "{FFAECE:[1,1,1,1,1,1,1,1,1,1,1,1,1,1,1,1], FFCB08:[1,1,1,1,1]}",
      "timestamp" : "2021-01-18 14:39:17.178 -0700",
      "identifier" : "Log",
      "scriptName" : "Untitled1.script",
      "handlerLine" : 40
    },
    {
      "identifier" : "EndTestCase",
      "message" : "(Duration:\"0.23789\", Errors:\"0\", Exceptions:\"0\", StartTime:\"2021-01-18 14:39:17 -0700\", Successes:\"1\", TestCase:\"Untitled1.script\", Warnings:\"0\")",
      "timestamp" : "2021-01-18 14:39:17.340 -0700"
    },
    {
      "identifier" : "SUCCESS",
      "message" : "Execution Time 0:00:00 Untitled1.script",
      "timestamp" : "2021-01-18 14:39:17.350 -0700"
    }
  ],
  "createdTimestamp" : "2021-01-18 14:39:17.102 -0700"
}