{
  "entries" : [
    {
      "identifier" : "START",
      "message" : "Running Main.script",
      "timestamp" : "2020-04-28 11:23:07.223 -0600"
    },
    {
      "handlerName" : "function_locaterrectangle",
      "message" : "(0,0,1920,1080)",
      "identifier" : "capturescreen",
      "image" : "\/Users\/randyhesse\/Documents\/Simple_Examples\/AI Modeling\/facial_recognition_v2.suite\/Resources\/InputPicture.png",
      "handlerLine" : 5,
      "timestamp" : "2020-04-28 11:23:08.037 -0600",
      "scriptName" : ""
    },
    {
      "handlerName" : "on_main",
      "message" : "[[411,624,709,922],[420,238,687,505],[1208,221,1505,518],[830,643,1096,909],[1212,633,1499,920],[802,222,1103,523]]",
      "timestamp" : "2020-04-28 11:23:11.067 -0600",
      "identifier" : "Log",
      "scriptName" : "Main.script",
      "handlerLine" : 17
    },
    {
      "handlerName" : "on_main",
      "message" : "(411,624,709,922)",
      "identifier" : "capturescreen",
      "image" : "1.png",
      "handlerLine" : 24,
      "timestamp" : "2020-04-28 11:23:11.571 -0600",
      "scriptName" : "Main.script"
    },
    {
      "handlerName" : "on_main",
      "message" : "(420,238,687,505)",
      "identifier" : "capturescreen",
      "image" : "2.png",
      "handlerLine" : 24,
      "timestamp" : "2020-04-28 11:23:12.095 -0600",
      "scriptName" : "Main.script"
    },
    {
      "handlerName" : "on_main",
      "message" : "(1208,221,1505,518)",
      "identifier" : "capturescreen",
      "image" : "3.png",
      "handlerLine" : 24,
      "timestamp" : "2020-04-28 11:23:12.621 -0600",
      "scriptName" : "Main.script"
    },
    {
      "handlerName" : "on_main",
      "message" : "(830,643,1096,909)",
      "identifier" : "capturescreen",
      "image" : "4.png",
      "handlerLine" : 24,
      "timestamp" : "2020-04-28 11:23:13.141 -0600",
      "scriptName" : "Main.script"
    },
    {
      "handlerName" : "on_main",
      "message" : "(1212,633,1499,920)",
      "identifier" : "capturescreen",
      "image" : "5.png",
      "handlerLine" : 24,
      "timestamp" : "2020-04-28 11:23:13.681 -0600",
      "scriptName" : "Main.script"
    },
    {
      "handlerName" : "on_main",
      "message" : "(802,222,1103,523)",
      "identifier" : "capturescreen",
      "image" : "6.png",
      "handlerLine" : 24,
      "timestamp" : "2020-04-28 11:23:14.214 -0600",
      "scriptName" : "Main.script"
    },
    {
      "identifier" : "EndTestCase",
      "message" : "(Duration:\"8.376883\", Errors:\"0\", Exceptions:\"0\", StartTime:\"2020-04-28 11:23:07 -0600\", Successes:\"1\", TestCase:\"Main.script\", Warnings:\"0\")",
      "timestamp" : "2020-04-28 11:23:15.603 -0600"
    },
    {
      "identifier" : "SUCCESS",
      "message" : "Execution Time 0:00:08 Main.script",
      "timestamp" : "2020-04-28 11:23:15.669 -0600"
    }
  ],
  "createdTimestamp" : "2020-04-28 11:23:07.225 -0600"
}