{
  "entries" : [
    {
      "identifier" : "START",
      "message" : "Running Example VerifyResponse.script",
      "timestamp" : "2020-08-05 10:35:51.227 -0600"
    },
    {
      "handlerName" : "on_example_verifyresponse",
      "message" : "Data from response body: {hand:\"wave\"}",
      "timestamp" : "2020-08-05 10:35:51.768 -0600",
      "identifier" : "Log",
      "scriptName" : "Example VerifyResponse.script",
      "handlerLine" : 6
    },
    {
      "handlerName" : "on_example_verifyresponse",
      "message" : "Hand was able to wave",
      "timestamp" : "2020-08-05 10:35:51.775 -0600",
      "identifier" : "LogSuccess",
      "scriptName" : "Example VerifyResponse.script",
      "handlerLine" : 11
    },
    {
      "handlerName" : "on_example_verifyresponse",
      "message" : "Assertion Succeeded:  (assertion: responseData.\"data\".\"hand\" = \"wave\"; true: wave IS equal to wave)",
      "timestamp" : "2020-08-05 10:35:51.781 -0600",
      "identifier" : "LogSuccess",
      "scriptName" : "Example VerifyResponse.script",
      "handlerLine" : 16
    },
    {
      "identifier" : "EndTestCase",
      "message" : "(Duration:\"1.825357\", Errors:\"0\", Exceptions:\"0\", StartTime:\"2020-08-05 10:35:51 -0600\", Successes:\"2\", TestCase:\"Example VerifyResponse.script\", Warnings:\"0\")",
      "timestamp" : "2020-08-05 10:35:53.057 -0600"
    },
    {
      "identifier" : "SUCCESS",
      "message" : "Execution Time 0:00:01 Example VerifyResponse.script",
      "timestamp" : "2020-08-05 10:35:53.070 -0600"
    }
  ],
  "createdTimestamp" : "2020-08-05 10:35:51.231 -0600"
}