{
  "entries" : [
    {
      "identifier" : "START",
      "message" : "Running Index.script",
      "timestamp" : "2019-02-15 21:06:53.370 -0700"
    },
    {
      "handlerName" : "on_index",
      "message" : "[windowsKey]r",
      "timestamp" : "2019-02-15 21:06:53.530 -0700",
      "identifier" : "typetext",
      "scriptName" : "Index.script",
      "handlerLine" : 3
    },
    {
      "handlerName" : "on_index",
      "message" : "putty.exe[returnKey]",
      "timestamp" : "2019-02-15 21:06:54.440 -0700",
      "identifier" : "typetext",
      "scriptName" : "Index.script",
      "handlerLine" : 4
    },
    {
      "handlerName" : "on_index",
      "message" : "found at (811, 330)",
      "identifier" : "waitfor",
      "image" : "PuTTY Window",
      "handlerLine" : 5,
      "timestamp" : "2019-02-15 21:06:55.018 -0700",
      "scriptName" : "Index.script"
    },
    {
      "handlerName" : "on_index",
      "message" : "at (940, 435)",
      "identifier" : "click",
      "image" : "HostName",
      "handlerLine" : 7,
      "timestamp" : "2019-02-15 21:06:55.440 -0700",
      "scriptName" : "Index.script"
    },
    {
      "handlerName" : "on_index",
      "message" : "test.rebex.net:22",
      "timestamp" : "2019-02-15 21:06:56.353 -0700",
      "identifier" : "typetext",
      "scriptName" : "Index.script",
      "handlerLine" : 8
    },
    {
      "handlerName" : "on_index",
      "message" : "at (1068, 471)",
      "identifier" : "click",
      "image" : "SSH",
      "handlerLine" : 9,
      "timestamp" : "2019-02-15 21:06:57.525 -0700",
      "scriptName" : "Index.script"
    },
    {
      "handlerName" : "on_index",
      "message" : "at (1042, 738)",
      "identifier" : "click",
      "image" : "Open",
      "handlerLine" : 11,
      "timestamp" : "2019-02-15 21:06:58.558 -0700",
      "scriptName" : "Index.script"
    },
    {
      "handlerName" : "on_index",
      "message" : "found at (231, 219)",
      "identifier" : "waitfor",
      "image" : "Putty Command Window",
      "handlerLine" : 13,
      "timestamp" : "2019-02-15 21:06:59.114 -0700",
      "scriptName" : "Index.script"
    },
    {
      "handlerName" : "on_index",
      "message" : "demo[returnKey]",
      "timestamp" : "2019-02-15 21:07:02.234 -0700",
      "identifier" : "typetext",
      "scriptName" : "Index.script",
      "handlerLine" : 15
    },
    {
      "handlerName" : "on_index",
      "message" : "password[returnKey]",
      "timestamp" : "2019-02-15 21:07:03.121 -0700",
      "identifier" : "typetext",
      "scriptName" : "Index.script",
      "handlerLine" : 16
    },
    {
      "handlerName" : "on_changecolors",
      "message" : "at (231, 219)",
      "identifier" : "rightclick",
      "image" : "Putty Command Window",
      "handlerLine" : 1,
      "timestamp" : "2019-02-15 21:07:04.105 -0700",
      "scriptName" : "ChangeColors.script"
    },
    {
      "handlerName" : "on_changecolors",
      "message" : "at (316, 503)",
      "identifier" : "click",
      "image" : "ChangeSettings",
      "handlerLine" : 2,
      "timestamp" : "2019-02-15 21:07:05.313 -0700",
      "scriptName" : "ChangeColors.script"
    },
    {
      "handlerName" : "on_changecolors",
      "message" : "at (796, 553)",
      "identifier" : "click",
      "image" : "Colours",
      "handlerLine" : 6,
      "timestamp" : "2019-02-15 21:07:06.507 -0700",
      "scriptName" : "ChangeColors.script"
    },
    {
      "handlerName" : "on_changecolors",
      "message" : "at (953, 596)",
      "identifier" : "click",
      "image" : "DefaultForeground",
      "handlerLine" : 7,
      "timestamp" : "2019-02-15 21:07:07.717 -0700",
      "scriptName" : "ChangeColors.script"
    },
    {
      "handlerName" : "on_changecolors",
      "message" : "at (1120, 674)",
      "identifier" : "click",
      "image" : "Modify",
      "handlerLine" : 8,
      "timestamp" : "2019-02-15 21:07:08.889 -0700",
      "scriptName" : "ChangeColors.script"
    },
    {
      "handlerName" : "on_changecolors",
      "message" : "at (760, 518)",
      "identifier" : "click",
      "image" : "Black",
      "handlerLine" : 9,
      "timestamp" : "2019-02-15 21:07:10.070 -0700",
      "scriptName" : "ChangeColors.script"
    },
    {
      "handlerName" : "on_changecolors",
      "message" : "at (781, 653)",
      "identifier" : "click",
      "image" : "OK",
      "handlerLine" : 10,
      "timestamp" : "2019-02-15 21:07:11.269 -0700",
      "scriptName" : "ChangeColors.script"
    },
    {
      "handlerName" : "on_changecolors",
      "message" : "at (956, 623)",
      "identifier" : "click",
      "image" : "DefaultBackground",
      "handlerLine" : 13,
      "timestamp" : "2019-02-15 21:07:12.455 -0700",
      "scriptName" : "ChangeColors.script"
    },
    {
      "handlerName" : "on_changecolors",
      "message" : "at (1120, 674)",
      "identifier" : "click",
      "image" : "Modify",
      "handlerLine" : 14,
      "timestamp" : "2019-02-15 21:07:13.634 -0700",
      "scriptName" : "ChangeColors.script"
    },
    {
      "handlerName" : "on_changecolors",
      "message" : "at (941, 516)",
      "identifier" : "click",
      "image" : "White",
      "handlerLine" : 15,
      "timestamp" : "2019-02-15 21:07:14.809 -0700",
      "scriptName" : "ChangeColors.script"
    },
    {
      "handlerName" : "on_changecolors",
      "message" : "at (781, 653)",
      "identifier" : "click",
      "image" : "OK",
      "handlerLine" : 16,
      "timestamp" : "2019-02-15 21:07:16.036 -0700",
      "scriptName" : "ChangeColors.script"
    },
    {
      "handlerName" : "on_changecolors",
      "message" : "at (814, 489)",
      "identifier" : "click",
      "image" : "Appearance",
      "handlerLine" : 19,
      "timestamp" : "2019-02-15 21:07:17.239 -0700",
      "scriptName" : "ChangeColors.script"
    },
    {
      "handlerName" : "on_changecolors",
      "message" : "at (1135, 519)",
      "identifier" : "click",
      "image" : "Change",
      "handlerLine" : 20,
      "timestamp" : "2019-02-15 21:07:18.402 -0700",
      "scriptName" : "ChangeColors.script"
    },
    {
      "handlerName" : "on_changecolors",
      "message" : "at (1136, 513)",
      "identifier" : "click",
      "image" : "Size",
      "handlerLine" : 21,
      "timestamp" : "2019-02-15 21:07:19.560 -0700",
      "scriptName" : "ChangeColors.script"
    },
    {
      "handlerName" : "on_changecolors",
      "message" : "18",
      "timestamp" : "2019-02-15 21:07:20.288 -0700",
      "identifier" : "typetext",
      "scriptName" : "ChangeColors.script",
      "handlerLine" : 22
    },
    {
      "handlerName" : "on_changecolors",
      "message" : "at (1049, 888)",
      "identifier" : "click",
      "image" : "OK",
      "handlerLine" : 23,
      "timestamp" : "2019-02-15 21:07:21.403 -0700",
      "scriptName" : "ChangeColors.script"
    },
    {
      "handlerName" : "on_changecolors",
      "message" : "at (1046, 740)",
      "identifier" : "click",
      "image" : "Apply",
      "handlerLine" : 27,
      "timestamp" : "2019-02-15 21:07:22.642 -0700",
      "scriptName" : "ChangeColors.script"
    },
    {
      "identifier" : "EndTestCase",
      "message" : "(Duration:\"30.052585\", Errors:\"0\", Exceptions:\"0\", StartTime:\"2019-02-15 21:06:53 -0700\", Successes:\"1\", TestCase:\"Index.script\", Warnings:\"0\")",
      "timestamp" : "2019-02-15 21:07:23.468 -0700"
    },
    {
      "identifier" : "SUCCESS",
      "message" : "Execution Time 0:00:30 Index.script",
      "timestamp" : "2019-02-15 21:07:23.530 -0700"
    }
  ],
  "createdTimestamp" : "2019-02-15 21:06:53.416 -0700"
}