{
  "entries" : [
    {
      "identifier" : "START",
      "message" : "Running AuthAPI2.apitest",
      "timestamp" : "2020-05-14 11:12:42.094 -0600"
    },
    {
      "identifier" : "LogError",
      "message" : "Validation Error: The XML is not valid.",
      "timestamp" : "2020-05-14 11:12:42.106 -0600"
    },
    {
      "identifier" : "EndTestCase",
      "message" : "(Duration:\"0.543177\", Errors:\"1\", Exceptions:\"0\", StartTime:\"2020-05-14 11:12:42 -0600\", Successes:\"0\", TestCase:\"AuthAPI2.apitest\", Warnings:\"0\")",
      "timestamp" : "2020-05-14 11:12:42.639 -0600"
    },
    {
      "message" : "Script Error Number of Errors logged: 1 -- Execution Time 0:00:00 AuthAPI2.apitest",
      "timestamp" : "2020-05-14 11:12:42.866 -0600",
      "identifier" : "FAILURE",
      "image" : "Screen_Error.png"
    }
  ],
  "createdTimestamp" : "2020-05-14 11:12:42.095 -0600"
}