{
  "entries" : [
    {
      "identifier" : "START",
      "message" : "Running Example Post Json.apitest",
      "timestamp" : "2020-10-20 14:22:50.065 -0600"
    },
    {
      "identifier" : "EndTestCase",
      "message" : "(Duration:\"1.022918\", Errors:\"0\", Exceptions:\"0\", StartTime:\"2020-10-20 14:22:50 -0600\", Successes:\"1\", TestCase:\"Example Post Json.apitest\", Warnings:\"0\")",
      "timestamp" : "2020-10-20 14:22:51.090 -0600"
    },
    {
      "identifier" : "SUCCESS",
      "message" : "Execution Time 0:00:01 Example Post Json.apitest",
      "timestamp" : "2020-10-20 14:22:51.126 -0600"
    }
  ],
  "createdTimestamp" : "2020-10-20 14:22:50.066 -0600"
}