{
  "entries" : [
    {
      "identifier" : "START",
      "message" : "Running Script1.script",
      "timestamp" : "2020-05-14 10:07:47.474 -0600"
    },
    {
      "identifier" : "EndTestCase",
      "message" : "(Duration:\"0.500448\", Errors:\"1\", Exceptions:\"0\", StartTime:\"2020-05-14 10:07:47 -0600\", Successes:\"0\", TestCase:\"Script1.script\", Warnings:\"0\")",
      "timestamp" : "2020-05-14 10:07:47.976 -0600"
    },
    {
      "identifier" : "FAILURE",
      "message" : "STUnknownMessage ERROR: No Such Command: 'blah' -- Execution Time 0:00:00 Script1.script",
      "timestamp" : "2020-05-14 10:07:47.985 -0600"
    }
  ],
  "createdTimestamp" : "2020-05-14 10:07:47.475 -0600"
}