﻿Date Run,Status,Time,# of Errors,# of Warnings,# of Exceptions,Log File,Return Value,Error Message,# of Successes
2018-11-08 10:39:17.170 -0700,"Success",0:00:04,0,0,0,"20181108_103917.170/LogFile.txt","","",1
2018-11-08 10:40:43.132 -0700,"Failure",0:00:00,1,0,0,"20181108_104043.132/LogFile.txt","","STUnknownMessage -- ERROR: No Such Function: 'elementidentifier'",0
2018-11-08 10:40:55.956 -0700,"Failure",0:00:00,1,0,0,"20181108_104055.956/LogFile.txt","","STUnknownMessage -- ERROR: No Such Function: 'elementidentifier'",0
2018-11-08 10:41:26.314 -0700,"Failure",0:00:00,1,0,0,"20181108_104126.314/LogFile.txt","","STUnknownMessage -- ERROR: No Such Function: 'elementidentifier'",0
2018-11-08 10:41:41.056 -0700,"Failure",0:00:00,1,0,0,"20181108_104141.056/LogFile.txt","","STUnknownMessage -- ERROR: No Such Function: '*[@id=""quotestartform_ueno""]'",0
2018-11-08 10:42:00.526 -0700,"Failure",0:00:00,1,0,0,"20181108_104200.526/LogFile.txt","","STUnknownMessage -- ERROR: No Such Function: 'blah'",0
2018-11-08 10:42:21.791 -0700,"Success",0:00:00,0,0,0,"20181108_104221.791/LogFile.txt","","",1
2018-11-08 10:42:31.752 -0700,"Success",0:00:00,0,0,0,"20181108_104231.752/LogFile.txt","","",1
2018-11-08 10:43:21.283 -0700,"Success",0:00:01,0,0,0,"20181108_104321.283/LogFile.txt","","",1
2018-11-08 10:43:47.346 -0700,"Success",0:00:01,0,0,0,"20181108_104347.346/LogFile.txt","","",1
2018-11-08 10:44:36.261 -0700,"Success",0:00:01,0,0,0,"20181108_104436.261/LogFile.txt","","",1
2018-11-08 10:47:45.992 -0700,"Failure",0:00:01,1,0,0,"20181108_104745.992/LogFile.txt","","InvalidWebElementIdentifier -- Only one property may be used to identify a web element (got webLinkText,webXPath)",1
2018-11-08 10:48:17.471 -0700,"Failure",0:00:00,1,0,0,"20181108_104817.471/LogFile.txt","","InvalidWebElementIdentifier -- Only one property may be used to identify a web element (got webLinkText,webXPath)",1
2018-11-08 10:49:13.136 -0700,"Failure",0:00:00,1,0,0,"20181108_104913.136/LogFile.txt","","InvalidWebElementIdentifier -- Only one property may be used to identify a web element (got webLinkText,webXPath)",1
2018-11-08 10:49:45.635 -0700,"Success",0:00:01,0,0,0,"20181108_104945.635/LogFile.txt","","",1
2018-11-08 10:50:38.471 -0700,"Success",0:00:12,0,0,0,"20181108_105038.471/LogFile.txt","","",1
2018-11-08 10:52:12.063 -0700,"Success",0:00:13,0,0,0,"20181108_105212.063/LogFile.txt","","",1
