{
  "entries" : [
    {
      "identifier" : "START",
      "message" : "Running Example Basic OAuth.apitest",
      "timestamp" : "2020-07-15 10:28:21.022 -0600"
    },
    {
      "identifier" : "EndTestCase",
      "message" : "(Duration:\"1.28149\", Errors:\"0\", Exceptions:\"0\", StartTime:\"2020-07-15 10:28:21 -0600\", Successes:\"1\", TestCase:\"Example Basic OAuth.apitest\", Warnings:\"0\")",
      "timestamp" : "2020-07-15 10:28:22.306 -0600"
    },
    {
      "identifier" : "SUCCESS",
      "message" : "Execution Time 0:00:01 Example Basic OAuth.apitest",
      "timestamp" : "2020-07-15 10:28:22.340 -0600"
    }
  ],
  "createdTimestamp" : "2020-07-15 10:28:21.024 -0600"
}