{
  "entries" : [
    {
      "identifier" : "START",
      "message" : "Running Script1.script",
      "timestamp" : "2020-05-14 09:39:49.662 -0600"
    },
    {
      "handlerName" : "on_script1",
      "message" : "A valid token must be passed.",
      "timestamp" : "2020-05-14 09:39:50.015 -0600",
      "identifier" : "Log",
      "scriptName" : "Script1.script",
      "handlerLine" : 15
    },
    {
      "identifier" : "EndTestCase",
      "message" : "(Duration:\"0.774156\", Errors:\"0\", Exceptions:\"0\", StartTime:\"2020-05-14 09:39:49 -0600\", Successes:\"1\", TestCase:\"Script1.script\", Warnings:\"0\")",
      "timestamp" : "2020-05-14 09:39:50.438 -0600"
    },
    {
      "identifier" : "SUCCESS",
      "message" : "Execution Time 0:00:00 Script1.script",
      "timestamp" : "2020-05-14 09:39:51.415 -0600"
    }
  ],
  "createdTimestamp" : "2020-05-14 09:39:49.664 -0600"
}