{
  "entries" : [
    {
      "identifier" : "START",
      "message" : "Running AdvanceDates.script",
      "timestamp" : "2018-11-26 16:54:49.991 -0500"
    },
    {
      "handlerName" : "on_advancedates",
      "message" : "1",
      "timestamp" : "2018-11-26 16:54:50.078 -0500",
      "identifier" : "Log",
      "scriptName" : "AdvanceDates.script",
      "handlerLine" : 10
    },
    {
      "handlerName" : "on_advancedates",
      "message" : "(Helo,2018-11-30,2018-12-01,2018-12-03,2018-12-05)",
      "timestamp" : "2018-11-26 16:54:50.121 -0500",
      "identifier" : "Log",
      "scriptName" : "AdvanceDates.script",
      "handlerLine" : 15
    },
    {
      "identifier" : "EndTestCase",
      "message" : "(Duration:\"0.414115\", Errors:\"0\", Exceptions:\"0\", StartTime:\"2018-11-26 16:54:50 -0500\", Successes:\"1\", TestCase:\"AdvanceDates.script\", Warnings:\"0\")",
      "timestamp" : "2018-11-26 16:54:50.429 -0500"
    },
    {
      "identifier" : "SUCCESS",
      "message" : "Execution Time 0:00:00 AdvanceDates.script",
      "timestamp" : "2018-11-26 16:54:50.481 -0500"
    }
  ],
  "createdTimestamp" : "2018-11-26 16:54:50.014 -0500"
}