{
  "entries" : [
    {
      "identifier" : "START",
      "message" : "Running MainFromSuite.script",
      "timestamp" : "2021-04-12 15:44:42.999 -0600"
    },
    {
      "identifier" : "EndTestCase",
      "message" : "(Duration:\"3.689098\", Errors:\"0\", Exceptions:\"0\", StartTime:\"2021-04-12 15:44:42 -0600\", Successes:\"1\", TestCase:\"MainFromSuite.script\", Warnings:\"0\")",
      "timestamp" : "2021-04-12 15:44:46.689 -0600"
    },
    {
      "identifier" : "SUCCESS",
      "message" : "Execution Time 0:00:03 MainFromSuite.script",
      "timestamp" : "2021-04-12 15:44:46.698 -0600"
    }
  ],
  "createdTimestamp" : "2021-04-12 15:44:42.999 -0600"
}