{
  "entries" : [
    {
      "identifier" : "START",
      "message" : "Running Example OverLoad API.script",
      "timestamp" : "2020-08-11 10:38:46.806 -0600"
    },
    {
      "handlerName" : "on_example_overload_api",
      "message" : "{args:{:}, data:{Foot:\"shake\"}, files:{:}, form:{:}, headers:{accept:\"*\/*\", @\"accept-encoding\":\"gzip, deflate, br\", @\"accept-language\":\"en-US;q=1, fr-US;q=0.9, de-US;q=0.8, zh-Hans-US;q=0.7, zh-Hant-US;q=0.6, ja-US;q=0.5\", @\"content-length\":\"16\", @\"content-type\":\"application\/json\", host:\"postman-echo.com\", @\"user-agent\":\"Eggplant\/20.1.0 (Mac OS X Version 10.15.6 (Build 19G73))\", @\"x-amzn-trace-id\":\"Root=1-5f32c996-49b5a4c8d4aec0b80b6323b8\", @\"x-forwarded-port\":\"443\", @\"x-forwarded-proto\":\"https\"}, json:{Foot:\"shake\"}, url:\"https:\/\/postman-echo.com\/post\"}",
      "timestamp" : "2020-08-11 10:38:46.967 -0600",
      "identifier" : "Log",
      "scriptName" : "Example OverLoad API.script",
      "handlerLine" : 17
    },
    {
      "handlerName" : "on_example_overload_api",
      "message" : "{Foot:\"shake\"}",
      "timestamp" : "2020-08-11 10:38:46.969 -0600",
      "identifier" : "Log",
      "scriptName" : "Example OverLoad API.script",
      "handlerLine" : 18
    },
    {
      "identifier" : "EndTestCase",
      "message" : "(Duration:\"0.598972\", Errors:\"0\", Exceptions:\"0\", StartTime:\"2020-08-11 10:38:46 -0600\", Successes:\"1\", TestCase:\"Example OverLoad API.script\", Warnings:\"0\")",
      "timestamp" : "2020-08-11 10:38:47.407 -0600"
    },
    {
      "identifier" : "SUCCESS",
      "message" : "Execution Time 0:00:00 Example OverLoad API.script",
      "timestamp" : "2020-08-11 10:38:47.418 -0600"
    }
  ],
  "createdTimestamp" : "2020-08-11 10:38:46.807 -0600"
}