{
  "entries" : [
    {
      "identifier" : "START",
      "message" : "Running Untitled1.script",
      "timestamp" : "2018-11-29 13:39:11.878 -0700"
    },
    {
      "identifier" : "EndTestCase",
      "message" : "(Duration:\"0.57014\", Errors:\"1\", Exceptions:\"0\", StartTime:\"2018-11-29 13:39:11 -0700\", Successes:\"0\", TestCase:\"Untitled1.script\", Warnings:\"0\")",
      "timestamp" : "2018-11-29 13:39:12.478 -0700"
    },
    {
      "message" : "STUnknownMessage ERROR: No Such Command: 'five' -- Execution Time 0:00:00 Untitled1.script",
      "timestamp" : "2018-11-29 13:39:13.634 -0700",
      "identifier" : "FAILURE",
      "image" : "Screen_Error.png"
    }
  ],
  "createdTimestamp" : "2018-11-29 13:39:11.908 -0700"
}