{
  "entries" : [
    {
      "identifier" : "START",
      "message" : "Running GeneratePatientAPI.script",
      "timestamp" : "2018-11-26 17:17:15.015 -0500"
    },
    {
      "handlerName" : "on_generatepatientapi",
      "message" : "((gender:\"female\", name:\"Tammy\", region:\"United States\", surname:\"Delgado\"),(gender:\"female\", name:\"Christina\", region:\"United States\", surname:\"Bell\"))",
      "timestamp" : "2018-11-26 17:17:15.582 -0500",
      "identifier" : "Log",
      "scriptName" : "GeneratePatientAPI.script",
      "handlerLine" : 21
    },
    {
      "handlerName" : "on_generatepatientapi",
      "message" : "((gender:\"female\", name:\"Tammy\", region:\"United States\", surname:\"Delgado\"),(gender:\"female\", name:\"Christina\", region:\"United States\", surname:\"Bell\"))",
      "timestamp" : "2018-11-26 17:17:15.630 -0500",
      "identifier" : "Log",
      "scriptName" : "GeneratePatientAPI.script",
      "handlerLine" : 21
    },
    {
      "identifier" : "EndTestCase",
      "message" : "(Duration:\"0.925531\", Errors:\"0\", Exceptions:\"0\", StartTime:\"2018-11-26 17:17:15 -0500\", Successes:\"1\", TestCase:\"GeneratePatientAPI.script\", Warnings:\"0\")",
      "timestamp" : "2018-11-26 17:17:15.972 -0500"
    },
    {
      "identifier" : "SUCCESS",
      "message" : "Execution Time 0:00:00 GeneratePatientAPI.script",
      "timestamp" : "2018-11-26 17:17:16.032 -0500"
    }
  ],
  "createdTimestamp" : "2018-11-26 17:17:15.046 -0500"
}