{
  "entries" : [
    {
      "identifier" : "START",
      "message" : "Running Example SuiteVariables.script",
      "timestamp" : "2020-08-05 11:02:18.322 -0600"
    },
    {
      "handlerName" : "on_example_suitevariables",
      "message" : "SUITEVARIABLES = {JSONData:@\"{\\n  \\\"Foot\\\": \\\"shake\\\"\\n}\"}",
      "timestamp" : "2020-08-05 11:02:18.519 -0600",
      "identifier" : "set",
      "scriptName" : "Example SuiteVariables.script",
      "handlerLine" : 10
    },
    {
      "handlerName" : "on_example_suitevariables",
      "message" : "SUITEVARIABLES = {baseURL:\"https:\/\/postman-echo.com\/post\"}",
      "timestamp" : "2020-08-05 11:02:18.523 -0600",
      "identifier" : "set",
      "scriptName" : "Example SuiteVariables.script",
      "handlerLine" : 11
    },
    {
      "handlerName" : "on_example_suitevariables",
      "message" : "Data from response body: {Foot:\"shake\"}",
      "timestamp" : "2020-08-05 11:02:18.954 -0600",
      "identifier" : "Log",
      "scriptName" : "Example SuiteVariables.script",
      "handlerLine" : 20
    },
    {
      "identifier" : "EndTestCase",
      "message" : "(Duration:\"1.988397\", Errors:\"0\", Exceptions:\"0\", StartTime:\"2020-08-05 11:02:18 -0600\", Successes:\"1\", TestCase:\"Example SuiteVariables.script\", Warnings:\"0\")",
      "timestamp" : "2020-08-05 11:02:20.313 -0600"
    },
    {
      "identifier" : "SUCCESS",
      "message" : "Execution Time 0:00:01 Example SuiteVariables.script",
      "timestamp" : "2020-08-05 11:02:20.336 -0600"
    }
  ],
  "createdTimestamp" : "2020-08-05 11:02:18.324 -0600"
}