﻿<?xml version="1.0" encoding="UTF-8" ?>
<runHistory script="Workflow02">
 <run>
  <RunDate>2021-03-01 20:12:41.059 -0700</RunDate>
  <Status>Success</Status>
  <Duration>7.135647</Duration>
  <Errors>0</Errors>
  <Warnings>0</Warnings>
  <Exceptions>0</Exceptions>
  <Successes>1</Successes>
  <LogFile>20210301_201241.059/LogFile.txt</LogFile>
  <ReturnValue></ReturnValue>
  <ErrorMessage></ErrorMessage>
 </run>
 <run>
  <RunDate>2021-03-01 20:12:48.921 -0700</RunDate>
  <Status>Success</Status>
  <Duration>6.478624</Duration>
  <Errors>0</Errors>
  <Warnings>0</Warnings>
  <Exceptions>0</Exceptions>
  <Successes>1</Successes>
  <LogFile>20210301_201248.921/LogFile.txt</LogFile>
  <ReturnValue></ReturnValue>
  <ErrorMessage></ErrorMessage>
 </run>
 <run>
  <RunDate>2021-03-01 20:13:00.294 -0700</RunDate>
  <Status>Success</Status>
  <Duration>6.580795</Duration>
  <Errors>0</Errors>
  <Warnings>0</Warnings>
  <Exceptions>0</Exceptions>
  <Successes>1</Successes>
  <LogFile>20210301_201300.294/LogFile.txt</LogFile>
  <ReturnValue></ReturnValue>
  <ErrorMessage></ErrorMessage>
 </run>
</runHistory>
