﻿<?xml version="1.0"?>
<runHistory script="LocateObject">
 <run>
  <RunDate>2020-04-27 15:54:51.812 -0600</RunDate>
  <Status>Success</Status>
  <Duration>5.449829</Duration>
  <Errors>0</Errors>
  <Warnings>0</Warnings>
  <Exceptions>0</Exceptions>
  <Successes>1</Successes>
  <LogFile>20200427_155451.812/LogFile.txt</LogFile>
  <ReturnValue></ReturnValue>
  <ErrorMessage></ErrorMessage>
 </run>
 <run>
  <RunDate>2020-04-27 15:57:23.661 -0600</RunDate>
  <Status>Success</Status>
  <Duration>5.506648</Duration>
  <Errors>0</Errors>
  <Warnings>0</Warnings>
  <Exceptions>0</Exceptions>
  <Successes>1</Successes>
  <LogFile>20200427_155723.661/LogFile.txt</LogFile>
  <ReturnValue></ReturnValue>
  <ErrorMessage></ErrorMessage>
 </run>
</runHistory>
