{
  "entries" : [
    {
      "identifier" : "START",
      "message" : "Running Script1.script",
      "timestamp" : "2020-06-04 10:59:04.902 -0600"
    },
    {
      "identifier" : "EndTestCase",
      "message" : "(Duration:\"3.200569\", Errors:\"1\", Exceptions:\"0\", StartTime:\"2020-06-04 10:59:04 -0600\", Successes:\"0\", TestCase:\"Script1.script\", Warnings:\"0\")",
      "timestamp" : "2020-06-04 10:59:08.106 -0600"
    },
    {
      "message" : "STUnknownMessage ERROR: No Such Command: '<initialhandler>' -- Execution Time 0:00:03 Script1.script",
      "timestamp" : "2020-06-04 10:59:08.716 -0600",
      "identifier" : "FAILURE",
      "image" : "Screen_Error.png"
    }
  ],
  "createdTimestamp" : "2020-06-04 10:59:04.904 -0600"
}