{
  "entries" : [
    {
      "identifier" : "START",
      "message" : "Running Untitled1.script",
      "timestamp" : "2018-11-29 13:40:09.768 -0700"
    },
    {
      "handlerName" : "on_five",
      "message" : "the five",
      "timestamp" : "2018-11-29 13:40:10.107 -0700",
      "identifier" : "Log",
      "scriptName" : "Utilities\/Script3.script",
      "handlerLine" : 3
    },
    {
      "identifier" : "EndTestCase",
      "message" : "(Duration:\"0.724247\", Errors:\"0\", Exceptions:\"0\", StartTime:\"2018-11-29 13:40:09 -0700\", Successes:\"1\", TestCase:\"Untitled1.script\", Warnings:\"0\")",
      "timestamp" : "2018-11-29 13:40:10.523 -0700"
    },
    {
      "identifier" : "SUCCESS",
      "message" : "Execution Time 0:00:00 Untitled1.script",
      "timestamp" : "2018-11-29 13:40:10.585 -0700"
    }
  ],
  "createdTimestamp" : "2018-11-29 13:40:09.799 -0700"
}