{
  "entries" : [
    {
      "identifier" : "START",
      "message" : "Running MainFromSuite.script",
      "timestamp" : "2021-04-10 22:43:15.440 -0600"
    },
    {
      "identifier" : "EndTestCase",
      "message" : "(Duration:\"0.341622\", Errors:\"0\", Exceptions:\"0\", StartTime:\"2021-04-10 22:43:15 -0600\", Successes:\"1\", TestCase:\"MainFromSuite.script\", Warnings:\"0\")",
      "timestamp" : "2021-04-10 22:43:15.783 -0600"
    },
    {
      "identifier" : "SUCCESS",
      "message" : "Execution Time 0:00:00 MainFromSuite.script",
      "timestamp" : "2021-04-10 22:43:15.791 -0600"
    }
  ],
  "createdTimestamp" : "2021-04-10 22:43:15.441 -0600"
}