{
  "entries" : [
    {
      "identifier" : "START",
      "message" : "Running Master.script",
      "timestamp" : "2018-11-26 13:12:46.621 -0500"
    },
    {
      "handlerName" : "on_two",
      "message" : "two",
      "timestamp" : "2018-11-26 13:12:46.764 -0500",
      "identifier" : "Log",
      "scriptName" : "",
      "handlerLine" : 3
    },
    {
      "identifier" : "EndTestCase",
      "message" : "(Duration:\"0.915752\", Errors:\"0\", Exceptions:\"0\", StartTime:\"2018-11-26 13:12:46 -0500\", Successes:\"1\", TestCase:\"Master.script\", Warnings:\"0\")",
      "timestamp" : "2018-11-26 13:12:47.561 -0500"
    },
    {
      "identifier" : "SUCCESS",
      "message" : "Execution Time 0:00:00 Master.script",
      "timestamp" : "2018-11-26 13:12:47.624 -0500"
    }
  ],
  "createdTimestamp" : "2018-11-26 13:12:46.645 -0500"
}