{
  "entries" : [
    {
      "identifier" : "START",
      "message" : "Running Example Get Request Headers.apitest",
      "timestamp" : "2020-07-15 10:25:53.290 -0600"
    },
    {
      "identifier" : "EndTestCase",
      "message" : "(Duration:\"1.198995\", Errors:\"0\", Exceptions:\"0\", StartTime:\"2020-07-15 10:25:53 -0600\", Successes:\"1\", TestCase:\"Example Get Request Headers.apitest\", Warnings:\"0\")",
      "timestamp" : "2020-07-15 10:25:54.492 -0600"
    },
    {
      "identifier" : "SUCCESS",
      "message" : "Execution Time 0:00:01 Example Get Request Headers.apitest",
      "timestamp" : "2020-07-15 10:25:54.511 -0600"
    }
  ],
  "createdTimestamp" : "2020-07-15 10:25:53.293 -0600"
}