{
  "entries" : [
    {
      "identifier" : "START",
      "message" : "Running Main02.script",
      "timestamp" : "2021-03-31 14:00:33.084 -0600"
    },
    {
      "handlerName" : "on_definelocation",
      "message" : "Overwritting Folder",
      "timestamp" : "2021-03-31 14:00:33.151 -0600",
      "identifier" : "LogWarning",
      "scriptName" : "",
      "handlerLine" : 3
    },
    {
      "identifier" : "EndTestCase",
      "message" : "(Duration:\"0.190589\", Errors:\"0\", Exceptions:\"0\", StartTime:\"2021-03-31 14:00:33 -0600\", Successes:\"1\", TestCase:\"Main02.script\", Warnings:\"1\")",
      "timestamp" : "2021-03-31 14:00:33.276 -0600"
    },
    {
      "identifier" : "SUCCESS",
      "message" : "Execution Time 0:00:00 Main02.script",
      "timestamp" : "2021-03-31 14:00:33.282 -0600"
    }
  ],
  "createdTimestamp" : "2021-03-31 14:00:33.085 -0600"
}