{
  "entries" : [
    {
      "identifier" : "START",
      "message" : "Running Main02.script",
      "timestamp" : "2021-04-08 13:07:04.380 -0600"
    },
    {
      "handlerName" : "on_definelocation",
      "message" : "Overwritting Folder",
      "timestamp" : "2021-04-08 13:07:04.465 -0600",
      "identifier" : "LogWarning",
      "scriptName" : "",
      "handlerLine" : 3
    },
    {
      "identifier" : "EndTestCase",
      "message" : "(Duration:\"0.243399\", Errors:\"1\", Exceptions:\"0\", StartTime:\"2021-04-08 13:07:04 -0600\", Successes:\"0\", TestCase:\"Main02.script\", Warnings:\"1\")",
      "timestamp" : "2021-04-08 13:07:04.625 -0600"
    },
    {
      "identifier" : "FAILURE",
      "message" : "STUnknownMessage ERROR: No Such Command: 'htmlreport' -- Execution Time 0:00:00 Main02.script",
      "timestamp" : "2021-04-08 13:07:04.631 -0600"
    }
  ],
  "createdTimestamp" : "2021-04-08 13:07:04.381 -0600"
}