﻿<?xml version="1.0" encoding="UTF-8" ?>
<runHistory script="Untitled">
 <run>
  <RunDate>2021-04-12 15:15:02.986 -0600</RunDate>
  <Status>Success</Status>
  <Duration>0.283728</Duration>
  <Errors>0</Errors>
  <Warnings>0</Warnings>
  <Exceptions>0</Exceptions>
  <Successes>1</Successes>
  <LogFile>20210412_151502.986/LogFile.txt</LogFile>
  <ReturnValue></ReturnValue>
  <ErrorMessage></ErrorMessage>
 </run>
 <run>
  <RunDate>2021-04-12 15:15:08.487 -0600</RunDate>
  <Status>Success</Status>
  <Duration>0.221901</Duration>
  <Errors>0</Errors>
  <Warnings>0</Warnings>
  <Exceptions>0</Exceptions>
  <Successes>1</Successes>
  <LogFile>20210412_151508.487/LogFile.txt</LogFile>
  <ReturnValue></ReturnValue>
  <ErrorMessage></ErrorMessage>
 </run>
</runHistory>
