{
  "entries" : [
    {
      "identifier" : "START",
      "message" : "Running Untitled.script",
      "timestamp" : "2018-11-29 14:25:09.333 -0700"
    },
    {
      "handlerName" : "on_untitled",
      "message" : "Script1",
      "timestamp" : "2018-11-29 14:25:09.414 -0700",
      "identifier" : "Log",
      "scriptName" : "Untitled.script",
      "handlerLine" : 12
    },
    {
      "handlerName" : "on_untitled",
      "message" : "Script3",
      "timestamp" : "2018-11-29 14:25:09.478 -0700",
      "identifier" : "Log",
      "scriptName" : "Untitled.script",
      "handlerLine" : 12
    },
    {
      "handlerName" : "on_untitled",
      "message" : "Script2",
      "timestamp" : "2018-11-29 14:25:09.557 -0700",
      "identifier" : "Log",
      "scriptName" : "Untitled.script",
      "handlerLine" : 12
    },
    {
      "handlerName" : "on_one",
      "message" : " the one",
      "timestamp" : "2018-11-29 14:25:09.628 -0700",
      "identifier" : "Log",
      "scriptName" : "",
      "handlerLine" : 3
    },
    {
      "identifier" : "EndTestCase",
      "message" : "(Duration:\"0.725373\", Errors:\"0\", Exceptions:\"0\", StartTime:\"2018-11-29 14:25:09 -0700\", Successes:\"1\", TestCase:\"Untitled.script\", Warnings:\"0\")",
      "timestamp" : "2018-11-29 14:25:10.097 -0700"
    },
    {
      "identifier" : "SUCCESS",
      "message" : "Execution Time 0:00:00 Untitled.script",
      "timestamp" : "2018-11-29 14:25:10.155 -0700"
    }
  ],
  "createdTimestamp" : "2018-11-29 14:25:09.372 -0700"
}