{
  "entries" : [
    {
      "identifier" : "START",
      "message" : "Running Main02.script",
      "timestamp" : "2021-04-09 09:09:53.638 -0600"
    },
    {
      "identifier" : "EndTestCase",
      "message" : "(Duration:\"0.292261\", Errors:\"1\", Exceptions:\"0\", StartTime:\"2021-04-09 09:09:53 -0600\", Successes:\"0\", TestCase:\"Main02.script\", Warnings:\"0\")",
      "timestamp" : "2021-04-09 09:09:53.931 -0600"
    },
    {
      "message" : "BadValue Bad value for Object expression.  Looking for an object or script identifier, got 'html'. -- Execution Time 0:00:00 Main02.script",
      "timestamp" : "2021-04-09 09:09:54.137 -0600",
      "identifier" : "FAILURE",
      "image" : "Screen_Error.png"
    }
  ],
  "createdTimestamp" : "2021-04-09 09:09:53.639 -0600"
}