{
  "entries" : [
    {
      "identifier" : "START",
      "message" : "Running Untitled.apitest",
      "timestamp" : "2020-05-14 15:52:29.556 -0600"
    },
    {
      "identifier" : "EndTestCase",
      "message" : "(Duration:\"0.898544\", Errors:\"0\", Exceptions:\"0\", StartTime:\"2020-05-14 15:52:29 -0600\", Successes:\"1\", TestCase:\"Untitled.apitest\", Warnings:\"0\")",
      "timestamp" : "2020-05-14 15:52:30.457 -0600"
    },
    {
      "identifier" : "SUCCESS",
      "message" : "Execution Time 0:00:00 Untitled.apitest",
      "timestamp" : "2020-05-14 15:52:30.469 -0600"
    }
  ],
  "createdTimestamp" : "2020-05-14 15:52:29.558 -0600"
}