﻿<?xml version="1.0"?>
<statistics>
 <script name="AuthAPI2-API">
  <LastStatus>Success</LastStatus>
  <NumberOfRuns>24</NumberOfRuns>
  <NumberOfFails>5</NumberOfFails>
  <FirstRun>2020-05-14 11:04:30 -0600</FirstRun>
  <LastRun>2020-06-12 14:37:29 -0600</LastRun>
  <TotalTimeOnSuccess>18.906153</TotalTimeOnSuccess>
 </script>
 <script name="Script1">
  <LastStatus>Success</LastStatus>
  <NumberOfRuns>58</NumberOfRuns>
  <NumberOfFails>4</NumberOfFails>
  <FirstRun>2020-05-14 09:03:34 -0600</FirstRun>
  <LastRun>2020-06-04 10:59:52 -0600</LastRun>
  <TotalTimeOnSuccess>76.850870</TotalTimeOnSuccess>
 </script>
 <script name="Untitled1">
  <LastStatus>Failure</LastStatus>
  <NumberOfRuns>1</NumberOfRuns>
  <NumberOfFails>1</NumberOfFails>
  <FirstRun>2020-06-04 11:05:56 -0600</FirstRun>
  <LastRun>2020-06-04 11:05:56 -0600</LastRun>
  <TotalTimeOnSuccess>0.000000</TotalTimeOnSuccess>
 </script>
 <script name="Untitled-API">
  <LastStatus>Success</LastStatus>
  <NumberOfRuns>7</NumberOfRuns>
  <NumberOfFails>0</NumberOfFails>
  <FirstRun>2020-05-14 15:50:11 -0600</FirstRun>
  <LastRun>2020-05-14 15:54:16 -0600</LastRun>
  <TotalTimeOnSuccess>6.851408</TotalTimeOnSuccess>
 </script>
</statistics>
