{
  "entries" : [
    {
      "identifier" : "EndTestCase",
      "message" : "(Duration:\"0.380872\", Errors:\"0\", Exceptions:\"0\", StartTime:\"2019-04-18 19:15:51 -0600\", Successes:\"3\", TestCase:\"Master2.script\", Warnings:\"0\")",
      "timestamp" : "2019-04-18 19:15:51.604 -0600"
    },
    {
      "identifier" : "SUCCESS",
      "message" : "Execution Time 0:00:00 Master2.script",
      "timestamp" : "2019-04-18 19:15:51.635 -0600"
    }
  ],
  "createdTimestamp" : "2019-04-18 19:15:51.606 -0600"
}