{
  "entries" : [
    {
      "identifier" : "START",
      "message" : "Running MainFromSuite.script",
      "timestamp" : "2021-04-10 22:30:47.942 -0600"
    },
    {
      "handlerName" : "on_mainfromsuite",
      "message" : "[20210301_194448.575,20210301_194416.595]",
      "timestamp" : "2021-04-10 22:30:48.003 -0600",
      "identifier" : "Log",
      "scriptName" : "MainFromSuite.script",
      "handlerLine" : 17
    },
    {
      "handlerName" : "on_mainfromsuite",
      "message" : "20210301_194448.575",
      "timestamp" : "2021-04-10 22:30:48.004 -0600",
      "identifier" : "Log",
      "scriptName" : "MainFromSuite.script",
      "handlerLine" : 21
    },
    {
      "handlerName" : "on_mainfromsuite",
      "message" : "20210301_194416.595",
      "timestamp" : "2021-04-10 22:30:48.005 -0600",
      "identifier" : "Log",
      "scriptName" : "MainFromSuite.script",
      "handlerLine" : 21
    },
    {
      "handlerName" : "on_mainfromsuite",
      "message" : "[]",
      "timestamp" : "2021-04-10 22:30:48.013 -0600",
      "identifier" : "Log",
      "scriptName" : "MainFromSuite.script",
      "handlerLine" : 17
    },
    {
      "identifier" : "EndTestCase",
      "message" : "(Duration:\"0.180078\", Errors:\"0\", Exceptions:\"0\", StartTime:\"2021-04-10 22:30:47 -0600\", Successes:\"1\", TestCase:\"MainFromSuite.script\", Warnings:\"0\")",
      "timestamp" : "2021-04-10 22:30:48.124 -0600"
    },
    {
      "identifier" : "SUCCESS",
      "message" : "Execution Time 0:00:00 MainFromSuite.script",
      "timestamp" : "2021-04-10 22:30:48.133 -0600"
    }
  ],
  "createdTimestamp" : "2021-04-10 22:30:47.943 -0600"
}