{
  "entries" : [
    {
      "handlerName" : "on_master",
      "message" : "Test End",
      "timestamp" : "2019-04-18 16:10:45.325 -0600",
      "identifier" : "Log",
      "scriptName" : "Master.script",
      "handlerLine" : 21
    },
    {
      "identifier" : "EndTestCase",
      "message" : "(Duration:\"0.358734\", Errors:\"0\", Exceptions:\"0\", StartTime:\"2019-04-18 16:10:45 -0600\", Successes:\"3\", TestCase:\"Master.script\", Warnings:\"0\")",
      "timestamp" : "2019-04-18 16:10:45.481 -0600"
    },
    {
      "identifier" : "SUCCESS",
      "message" : "Execution Time 0:00:00 Master.script",
      "timestamp" : "2019-04-18 16:10:45.500 -0600"
    }
  ],
  "createdTimestamp" : "2019-04-18 16:10:45.326 -0600"
}