{
  "entries" : [
    {
      "identifier" : "START",
      "message" : "Running Untitled1.script",
      "timestamp" : "2021-01-18 14:08:27.536 -0700"
    },
    {
      "identifier" : "EndTestCase",
      "message" : "(Duration:\"0.181665\", Errors:\"0\", Exceptions:\"0\", StartTime:\"2021-01-18 14:08:27 -0700\", Successes:\"1\", TestCase:\"Untitled1.script\", Warnings:\"0\")",
      "timestamp" : "2021-01-18 14:08:27.719 -0700"
    },
    {
      "identifier" : "SUCCESS",
      "message" : "Execution Time 0:00:00 Untitled1.script",
      "timestamp" : "2021-01-18 14:08:27.728 -0700"
    }
  ],
  "createdTimestamp" : "2021-01-18 14:08:27.537 -0700"
}