{
  "entries" : [
    {
      "identifier" : "START",
      "message" : "Running Untitled.script",
      "timestamp" : "2018-11-29 13:34:55.710 -0700"
    },
    {
      "handlerName" : "on_five",
      "message" : "the five",
      "timestamp" : "2018-11-29 13:34:55.774 -0700",
      "identifier" : "Log",
      "scriptName" : "Utilities\/Script3.script",
      "handlerLine" : 3
    },
    {
      "identifier" : "EndTestCase",
      "message" : "(Duration:\"0.393682\", Errors:\"0\", Exceptions:\"0\", StartTime:\"2018-11-29 13:34:55 -0700\", Successes:\"1\", TestCase:\"Untitled.script\", Warnings:\"0\")",
      "timestamp" : "2018-11-29 13:34:56.129 -0700"
    },
    {
      "identifier" : "SUCCESS",
      "message" : "Execution Time 0:00:00 Untitled.script",
      "timestamp" : "2018-11-29 13:34:56.188 -0700"
    }
  ],
  "createdTimestamp" : "2018-11-29 13:34:55.735 -0700"
}