{
  "entries" : [
    {
      "identifier" : "START",
      "message" : "Running Script1.script",
      "timestamp" : "2020-05-14 10:13:15.130 -0600"
    },
    {
      "identifier" : "EndTestCase",
      "message" : "(Duration:\"13.517751\", Errors:\"1\", Exceptions:\"0\", StartTime:\"2020-05-14 10:13:15 -0600\", Successes:\"0\", TestCase:\"Script1.script\", Warnings:\"0\")",
      "timestamp" : "2020-05-14 10:13:28.649 -0600"
    },
    {
      "identifier" : "ABORTED",
      "message" : "Execution Time 0:00:13 Script1.script",
      "timestamp" : "2020-05-14 10:13:28.651 -0600"
    }
  ],
  "createdTimestamp" : "2020-05-14 10:13:15.131 -0600"
}