{
  "entries" : [
    {
      "identifier" : "START",
      "message" : "Running Untitled.script",
      "timestamp" : "2020-09-11 08:20:03.910 -0600"
    },
    {
      "handlerName" : "on_untitled",
      "message" : "at (364, 161)",
      "identifier" : "imagelocation",
      "image" : "CustomerService",
      "handlerLine" : 1,
      "timestamp" : "2020-09-11 08:20:04.385 -0600",
      "scriptName" : "Untitled.script"
    },
    {
      "handlerName" : "on_untitled",
      "message" : "[364,161]",
      "timestamp" : "2020-09-11 08:20:04.387 -0600",
      "identifier" : "Log",
      "scriptName" : "Untitled.script",
      "handlerLine" : 1
    },
    {
      "identifier" : "EndTestCase",
      "message" : "(Duration:\"2.49552\", Errors:\"0\", Exceptions:\"0\", StartTime:\"2020-09-11 08:20:03 -0600\", Successes:\"1\", TestCase:\"Untitled.script\", Warnings:\"0\")",
      "timestamp" : "2020-09-11 08:20:06.409 -0600"
    },
    {
      "identifier" : "SUCCESS",
      "message" : "Execution Time 0:00:02 Untitled.script",
      "timestamp" : "2020-09-11 08:20:06.447 -0600"
    }
  ],
  "createdTimestamp" : "2020-09-11 08:20:03.912 -0600"
}