{
  "entries" : [
    {
      "identifier" : "START",
      "message" : "Running Example OverLoad API.script",
      "timestamp" : "2020-08-11 10:36:45.801 -0600"
    },
    {
      "handlerName" : "on_example_overload_api",
      "message" : "{authenticationtype:\"\", httpmethod:\"POST\", mimeType:\"application\/json\", oauthToken:\"\", password:\"*********\", requestbody:@\"{\\n  \\\"Foot\\\": \\\"shake\\\"\\n}\", requestbodyformat:\"JSON (application\/json)\", requestheaders:\"\", responseBody:@\"{\\\"args\\\":{},\\\"data\\\":{\\\"Foot\\\":\\\"shake\\\"},\\\"files\\\":{},\\\"form\\\":{},\\\"headers\\\":{\\\"x-forwarded-proto\\\":\\\"https\\\",\\\"x-forwarded-port\\\":\\\"443\\\",\\\"host\\\":\\\"postman-echo.com\\\",\\\"x-amzn-trace-id\\\":\\\"Root=1-5f32c91d-966fdf7871677f18b11e4c60\\\",\\\"content-length\\\":\\\"16\\\",\\\"content-type\\\":\\\"application\/json\\\",\\\"accept\\\":\\\"*\/*\\\",\\\"user-agent\\\":\\\"Eggplant\/20.1.0 (Mac OS X Version 10.15.6 (Build 19G73))\\\",\\\"accept-language\\\":\\\"en-US;q=1, fr-US;q=0.9, de-US;q=0.8, zh-Hans-US;q=0.7, zh-Hant-US;q=0.6, ja-US;q=0.5\\\",\\\"accept-encoding\\\":\\\"gzip, deflate, br\\\"},\\\"json\\\":{\\\"Foot\\\":\\\"shake\\\"},\\\"url\\\":\\\"https:\/\/postman-echo.com\/post\\\"}\", responseCookies:{@\"sails.sid\":{Created:618856605, Discard:\"TRUE\", Domain:\"testplant.com\", HttpOnly:\"TRUE\", Name:\"sails.sid\", Path:\"\/\", Value:\"s%3Aaj1iYYnMEZRfdeWZ6kQ6waQsjq8aC1P6.mjM7Sj%2BDFigALI%2B9tJkz%2BYyFRuDsAAR1ztR17kthid8\"}}, responseHeaders:{Connection:\"keep-alive\", @\"Content-Length\":\"556\", @\"Content-Type\":\"application\/json; charset=utf-8\", Date:\"Tue, 11 Aug 2020 16:36:45 GMT\", Etag:@\"W\/\\\"22c-1vLOuWhqmu69tHCXfxdRPQQJCRs\\\"\", @\"Set-Cookie\":\"sails.sid=s%3Aaj1iYYnMEZRfdeWZ6kQ6waQsjq8aC1P6.mjM7Sj%2BDFigALI%2B9tJkz%2BYyFRuDsAAR1ztR17kthid8; Path=\/; HttpOnly\", Vary:\"Accept-Encoding\"}, responseTime:0.047868, statusCode:200, url:\"https:\/\/postman-echo.com\/post\", username:\"\"}",
      "timestamp" : "2020-08-11 10:36:45.968 -0600",
      "identifier" : "Log",
      "scriptName" : "Example OverLoad API.script",
      "handlerLine" : 15
    },
    {
      "identifier" : "EndTestCase",
      "message" : "(Duration:\"0.582818\", Errors:\"0\", Exceptions:\"0\", StartTime:\"2020-08-11 10:36:45 -0600\", Successes:\"1\", TestCase:\"Example OverLoad API.script\", Warnings:\"0\")",
      "timestamp" : "2020-08-11 10:36:46.386 -0600"
    },
    {
      "identifier" : "SUCCESS",
      "message" : "Execution Time 0:00:00 Example OverLoad API.script",
      "timestamp" : "2020-08-11 10:36:46.401 -0600"
    }
  ],
  "createdTimestamp" : "2020-08-11 10:36:45.803 -0600"
}