{
  "entries" : [
    {
      "identifier" : "START",
      "message" : "Running Master.script",
      "timestamp" : "2018-11-26 14:39:51.976 -0500"
    },
    {
      "handlerName" : "on_master",
      "message" : "(\"\/Utilities\/Script1'\",\"\/Utilities\/Script3'\",\"\/Utilities\/Script2'\")",
      "timestamp" : "2018-11-26 14:39:52.082 -0500",
      "identifier" : "Log",
      "scriptName" : "Master.script",
      "handlerLine" : 21
    },
    {
      "identifier" : "EndTestCase",
      "message" : "(Duration:\"0.3667\", Errors:\"0\", Exceptions:\"0\", StartTime:\"2018-11-26 14:39:52 -0500\", Successes:\"1\", TestCase:\"Master.script\", Warnings:\"0\")",
      "timestamp" : "2018-11-26 14:39:52.373 -0500"
    },
    {
      "identifier" : "SUCCESS",
      "message" : "Execution Time 0:00:00 Master.script",
      "timestamp" : "2018-11-26 14:39:52.424 -0500"
    }
  ],
  "createdTimestamp" : "2018-11-26 14:39:52.006 -0500"
}