﻿<?xml version="1.0"?>
<runHistory script="Examples/Examples/Example6">
 <run>
  <RunDate>2017-07-03 14:14:19.704 -0600</RunDate>
  <Status>Success</Status>
  <Duration>0.553014</Duration>
  <Errors>0</Errors>
  <Warnings>0</Warnings>
  <Exceptions>0</Exceptions>
  <Successes>1</Successes>
  <LogFile>20170703_141419.704/LogFile.txt</LogFile>
  <ReturnValue></ReturnValue>
  <ErrorMessage></ErrorMessage>
 </run>
 <run>
  <RunDate>2017-07-03 14:15:21.577 -0600</RunDate>
  <Status>Success</Status>
  <Duration>0.638058</Duration>
  <Errors>0</Errors>
  <Warnings>0</Warnings>
  <Exceptions>0</Exceptions>
  <Successes>1</Successes>
  <LogFile>20170703_141521.577/LogFile.txt</LogFile>
  <ReturnValue></ReturnValue>
  <ErrorMessage></ErrorMessage>
 </run>
 <run>
  <RunDate>2017-07-03 14:15:47.590 -0600</RunDate>
  <Status>Success</Status>
  <Duration>0.642460</Duration>
  <Errors>0</Errors>
  <Warnings>0</Warnings>
  <Exceptions>0</Exceptions>
  <Successes>1</Successes>
  <LogFile>20170703_141547.590/LogFile.txt</LogFile>
  <ReturnValue></ReturnValue>
  <ErrorMessage></ErrorMessage>
 </run>
</runHistory>
