{
  "entries" : [
    {
      "identifier" : "START",
      "message" : "Running GeneratingHolds.script",
      "timestamp" : "2018-11-20 21:03:11.475 -0500"
    },
    {
      "handlerName" : "on_generatingholds",
      "message" : "2018-11-24",
      "timestamp" : "2018-11-20 21:03:11.609 -0500",
      "identifier" : "Log",
      "scriptName" : "GeneratingHolds.script",
      "handlerLine" : 20
    },
    {
      "handlerName" : "on_generatingholds",
      "message" : "2018-11-23",
      "timestamp" : "2018-11-20 21:03:11.656 -0500",
      "identifier" : "Log",
      "scriptName" : "GeneratingHolds.script",
      "handlerLine" : 20
    },
    {
      "handlerName" : "on_generatingholds",
      "message" : "2018-11-20",
      "timestamp" : "2018-11-20 21:03:11.700 -0500",
      "identifier" : "Log",
      "scriptName" : "GeneratingHolds.script",
      "handlerLine" : 20
    },
    {
      "handlerName" : "on_generatingholds",
      "message" : "2018-11-23",
      "timestamp" : "2018-11-20 21:03:11.754 -0500",
      "identifier" : "Log",
      "scriptName" : "GeneratingHolds.script",
      "handlerLine" : 20
    },
    {
      "handlerName" : "on_generatingholds",
      "message" : "2018-11-25",
      "timestamp" : "2018-11-20 21:03:11.801 -0500",
      "identifier" : "Log",
      "scriptName" : "GeneratingHolds.script",
      "handlerLine" : 20
    },
    {
      "handlerName" : "on_generatingholds",
      "message" : "2018-11-23",
      "timestamp" : "2018-11-20 21:03:11.847 -0500",
      "identifier" : "Log",
      "scriptName" : "GeneratingHolds.script",
      "handlerLine" : 20
    },
    {
      "handlerName" : "on_generatingholds",
      "message" : "2018-11-21",
      "timestamp" : "2018-11-20 21:03:11.886 -0500",
      "identifier" : "Log",
      "scriptName" : "GeneratingHolds.script",
      "handlerLine" : 20
    },
    {
      "handlerName" : "on_generatingholds",
      "message" : "2018-11-30",
      "timestamp" : "2018-11-20 21:03:11.928 -0500",
      "identifier" : "Log",
      "scriptName" : "GeneratingHolds.script",
      "handlerLine" : 20
    },
    {
      "handlerName" : "on_generatingholds",
      "message" : "2018-11-28",
      "timestamp" : "2018-11-20 21:03:11.968 -0500",
      "identifier" : "Log",
      "scriptName" : "GeneratingHolds.script",
      "handlerLine" : 20
    },
    {
      "handlerName" : "on_generatingholds",
      "message" : "2018-11-20",
      "timestamp" : "2018-11-20 21:03:12.007 -0500",
      "identifier" : "Log",
      "scriptName" : "GeneratingHolds.script",
      "handlerLine" : 20
    },
    {
      "handlerName" : "on_generatingholds",
      "message" : "2018-11-29",
      "timestamp" : "2018-11-20 21:03:12.049 -0500",
      "identifier" : "Log",
      "scriptName" : "GeneratingHolds.script",
      "handlerLine" : 20
    },
    {
      "handlerName" : "on_generatingholds",
      "message" : "2018-11-24",
      "timestamp" : "2018-11-20 21:03:12.090 -0500",
      "identifier" : "Log",
      "scriptName" : "GeneratingHolds.script",
      "handlerLine" : 20
    },
    {
      "handlerName" : "on_generatingholds",
      "message" : "2018-11-21",
      "timestamp" : "2018-11-20 21:03:12.132 -0500",
      "identifier" : "Log",
      "scriptName" : "GeneratingHolds.script",
      "handlerLine" : 20
    },
    {
      "handlerName" : "on_generatingholds",
      "message" : "2018-11-22",
      "timestamp" : "2018-11-20 21:03:12.172 -0500",
      "identifier" : "Log",
      "scriptName" : "GeneratingHolds.script",
      "handlerLine" : 20
    },
    {
      "handlerName" : "on_generatingholds",
      "message" : "2018-11-21",
      "timestamp" : "2018-11-20 21:03:12.211 -0500",
      "identifier" : "Log",
      "scriptName" : "GeneratingHolds.script",
      "handlerLine" : 20
    },
    {
      "handlerName" : "on_generatingholds",
      "message" : "2018-11-24",
      "timestamp" : "2018-11-20 21:03:12.250 -0500",
      "identifier" : "Log",
      "scriptName" : "GeneratingHolds.script",
      "handlerLine" : 20
    },
    {
      "handlerName" : "on_generatingholds",
      "message" : "2018-11-29",
      "timestamp" : "2018-11-20 21:03:12.288 -0500",
      "identifier" : "Log",
      "scriptName" : "GeneratingHolds.script",
      "handlerLine" : 20
    },
    {
      "handlerName" : "on_generatingholds",
      "message" : "2018-11-21",
      "timestamp" : "2018-11-20 21:03:12.330 -0500",
      "identifier" : "Log",
      "scriptName" : "GeneratingHolds.script",
      "handlerLine" : 20
    },
    {
      "handlerName" : "on_generatingholds",
      "message" : "2018-11-26",
      "timestamp" : "2018-11-20 21:03:12.373 -0500",
      "identifier" : "Log",
      "scriptName" : "GeneratingHolds.script",
      "handlerLine" : 20
    },
    {
      "handlerName" : "on_generatingholds",
      "message" : "2018-11-25",
      "timestamp" : "2018-11-20 21:03:12.415 -0500",
      "identifier" : "Log",
      "scriptName" : "GeneratingHolds.script",
      "handlerLine" : 20
    },
    {
      "handlerName" : "on_generatingholds",
      "message" : "2018-11-27",
      "timestamp" : "2018-11-20 21:03:12.464 -0500",
      "identifier" : "Log",
      "scriptName" : "GeneratingHolds.script",
      "handlerLine" : 20
    },
    {
      "handlerName" : "on_generatingholds",
      "message" : "2018-11-30",
      "timestamp" : "2018-11-20 21:03:12.509 -0500",
      "identifier" : "Log",
      "scriptName" : "GeneratingHolds.script",
      "handlerLine" : 20
    },
    {
      "handlerName" : "on_generatingholds",
      "message" : "2018-11-24",
      "timestamp" : "2018-11-20 21:03:12.550 -0500",
      "identifier" : "Log",
      "scriptName" : "GeneratingHolds.script",
      "handlerLine" : 20
    },
    {
      "handlerName" : "on_generatingholds",
      "message" : "2018-11-27",
      "timestamp" : "2018-11-20 21:03:12.594 -0500",
      "identifier" : "Log",
      "scriptName" : "GeneratingHolds.script",
      "handlerLine" : 20
    },
    {
      "handlerName" : "on_generatingholds",
      "message" : "2018-11-30",
      "timestamp" : "2018-11-20 21:03:12.641 -0500",
      "identifier" : "Log",
      "scriptName" : "GeneratingHolds.script",
      "handlerLine" : 20
    },
    {
      "handlerName" : "on_generatingholds",
      "message" : "2018-11-28",
      "timestamp" : "2018-11-20 21:03:12.683 -0500",
      "identifier" : "Log",
      "scriptName" : "GeneratingHolds.script",
      "handlerLine" : 20
    },
    {
      "handlerName" : "on_generatingholds",
      "message" : "2018-11-29",
      "timestamp" : "2018-11-20 21:03:12.727 -0500",
      "identifier" : "Log",
      "scriptName" : "GeneratingHolds.script",
      "handlerLine" : 20
    },
    {
      "handlerName" : "on_generatingholds",
      "message" : "2018-11-29",
      "timestamp" : "2018-11-20 21:03:12.773 -0500",
      "identifier" : "Log",
      "scriptName" : "GeneratingHolds.script",
      "handlerLine" : 20
    },
    {
      "handlerName" : "on_generatingholds",
      "message" : "2018-11-21",
      "timestamp" : "2018-11-20 21:03:12.815 -0500",
      "identifier" : "Log",
      "scriptName" : "GeneratingHolds.script",
      "handlerLine" : 20
    },
    {
      "handlerName" : "on_generatingholds",
      "message" : "2018-11-28",
      "timestamp" : "2018-11-20 21:03:12.857 -0500",
      "identifier" : "Log",
      "scriptName" : "GeneratingHolds.script",
      "handlerLine" : 20
    },
    {
      "handlerName" : "on_generatingholds",
      "message" : "2018-11-27",
      "timestamp" : "2018-11-20 21:03:12.896 -0500",
      "identifier" : "Log",
      "scriptName" : "GeneratingHolds.script",
      "handlerLine" : 20
    },
    {
      "handlerName" : "on_generatingholds",
      "message" : "2018-11-23",
      "timestamp" : "2018-11-20 21:03:12.935 -0500",
      "identifier" : "Log",
      "scriptName" : "GeneratingHolds.script",
      "handlerLine" : 20
    },
    {
      "handlerName" : "on_generatingholds",
      "message" : "2018-11-20",
      "timestamp" : "2018-11-20 21:03:12.975 -0500",
      "identifier" : "Log",
      "scriptName" : "GeneratingHolds.script",
      "handlerLine" : 20
    },
    {
      "handlerName" : "on_generatingholds",
      "message" : "2018-11-25",
      "timestamp" : "2018-11-20 21:03:13.015 -0500",
      "identifier" : "Log",
      "scriptName" : "GeneratingHolds.script",
      "handlerLine" : 20
    },
    {
      "handlerName" : "on_generatingholds",
      "message" : "2018-11-24",
      "timestamp" : "2018-11-20 21:03:13.055 -0500",
      "identifier" : "Log",
      "scriptName" : "GeneratingHolds.script",
      "handlerLine" : 20
    },
    {
      "handlerName" : "on_generatingholds",
      "message" : "2018-11-25",
      "timestamp" : "2018-11-20 21:03:13.094 -0500",
      "identifier" : "Log",
      "scriptName" : "GeneratingHolds.script",
      "handlerLine" : 20
    },
    {
      "handlerName" : "on_generatingholds",
      "message" : "2018-11-28",
      "timestamp" : "2018-11-20 21:03:13.134 -0500",
      "identifier" : "Log",
      "scriptName" : "GeneratingHolds.script",
      "handlerLine" : 20
    },
    {
      "handlerName" : "on_generatingholds",
      "message" : "2018-11-25",
      "timestamp" : "2018-11-20 21:03:13.174 -0500",
      "identifier" : "Log",
      "scriptName" : "GeneratingHolds.script",
      "handlerLine" : 20
    },
    {
      "handlerName" : "on_generatingholds",
      "message" : "2018-11-22",
      "timestamp" : "2018-11-20 21:03:13.211 -0500",
      "identifier" : "Log",
      "scriptName" : "GeneratingHolds.script",
      "handlerLine" : 20
    },
    {
      "handlerName" : "on_generatingholds",
      "message" : "2018-11-24",
      "timestamp" : "2018-11-20 21:03:13.251 -0500",
      "identifier" : "Log",
      "scriptName" : "GeneratingHolds.script",
      "handlerLine" : 20
    },
    {
      "handlerName" : "on_generatingholds",
      "message" : "2018-11-24",
      "timestamp" : "2018-11-20 21:03:13.292 -0500",
      "identifier" : "Log",
      "scriptName" : "GeneratingHolds.script",
      "handlerLine" : 20
    },
    {
      "handlerName" : "on_generatingholds",
      "message" : "2018-11-29",
      "timestamp" : "2018-11-20 21:03:13.332 -0500",
      "identifier" : "Log",
      "scriptName" : "GeneratingHolds.script",
      "handlerLine" : 20
    },
    {
      "handlerName" : "on_generatingholds",
      "message" : "2018-11-28",
      "timestamp" : "2018-11-20 21:03:13.373 -0500",
      "identifier" : "Log",
      "scriptName" : "GeneratingHolds.script",
      "handlerLine" : 20
    },
    {
      "handlerName" : "on_generatingholds",
      "message" : "2018-11-25",
      "timestamp" : "2018-11-20 21:03:13.413 -0500",
      "identifier" : "Log",
      "scriptName" : "GeneratingHolds.script",
      "handlerLine" : 20
    },
    {
      "handlerName" : "on_generatingholds",
      "message" : "2018-11-21",
      "timestamp" : "2018-11-20 21:03:13.454 -0500",
      "identifier" : "Log",
      "scriptName" : "GeneratingHolds.script",
      "handlerLine" : 20
    },
    {
      "handlerName" : "on_generatingholds",
      "message" : "2018-11-27",
      "timestamp" : "2018-11-20 21:03:13.494 -0500",
      "identifier" : "Log",
      "scriptName" : "GeneratingHolds.script",
      "handlerLine" : 20
    },
    {
      "handlerName" : "on_generatingholds",
      "message" : "2018-11-27",
      "timestamp" : "2018-11-20 21:03:13.532 -0500",
      "identifier" : "Log",
      "scriptName" : "GeneratingHolds.script",
      "handlerLine" : 20
    },
    {
      "handlerName" : "on_generatingholds",
      "message" : "2018-11-28",
      "timestamp" : "2018-11-20 21:03:13.571 -0500",
      "identifier" : "Log",
      "scriptName" : "GeneratingHolds.script",
      "handlerLine" : 20
    },
    {
      "handlerName" : "on_generatingholds",
      "message" : "2018-11-28",
      "timestamp" : "2018-11-20 21:03:13.610 -0500",
      "identifier" : "Log",
      "scriptName" : "GeneratingHolds.script",
      "handlerLine" : 20
    },
    {
      "handlerName" : "on_generatingholds",
      "message" : "2018-11-20",
      "timestamp" : "2018-11-20 21:03:13.646 -0500",
      "identifier" : "Log",
      "scriptName" : "GeneratingHolds.script",
      "handlerLine" : 20
    },
    {
      "identifier" : "EndTestCase",
      "message" : "(Duration:\"2.589596\", Errors:\"0\", Exceptions:\"0\", StartTime:\"2018-11-20 21:03:11 -0500\", Successes:\"1\", TestCase:\"GeneratingHolds.script\", Warnings:\"0\")",
      "timestamp" : "2018-11-20 21:03:14.094 -0500"
    },
    {
      "identifier" : "SUCCESS",
      "message" : "Execution Time 0:00:02 GeneratingHolds.script",
      "timestamp" : "2018-11-20 21:03:14.157 -0500"
    }
  ],
  "createdTimestamp" : "2018-11-20 21:03:11.504 -0500"
}