{
  "entries" : [
    {
      "identifier" : "START",
      "message" : "Running Master.script",
      "timestamp" : "2018-11-26 13:02:17.702 -0500"
    },
    {
      "identifier" : "EndTestCase",
      "message" : "(Duration:\"0.653358\", Errors:\"1\", Exceptions:\"0\", StartTime:\"2018-11-26 13:02:17 -0500\", Successes:\"0\", TestCase:\"Master.script\", Warnings:\"0\")",
      "timestamp" : "2018-11-26 13:02:18.386 -0500"
    },
    {
      "message" : "STUnknownMessage ERROR: No Such Function: 'with' -- Execution Time 0:00:00 Master.script",
      "timestamp" : "2018-11-26 13:02:19.838 -0500",
      "identifier" : "FAILURE",
      "image" : "Screen_Error.png"
    }
  ],
  "createdTimestamp" : "2018-11-26 13:02:17.733 -0500"
}