{
  "entries" : [
    {
      "identifier" : "START",
      "message" : "Running Master.script",
      "timestamp" : "2018-11-26 12:42:47.653 -0500"
    },
    {
      "handlerName" : "on_master",
      "message" : "()",
      "timestamp" : "2018-11-26 12:42:47.781 -0500",
      "identifier" : "Log",
      "scriptName" : "Master.script",
      "handlerLine" : 11
    },
    {
      "identifier" : "EndTestCase",
      "message" : "(Duration:\"0.930467\", Errors:\"0\", Exceptions:\"0\", StartTime:\"2018-11-26 12:42:47 -0500\", Successes:\"1\", TestCase:\"Master.script\", Warnings:\"0\")",
      "timestamp" : "2018-11-26 12:42:48.618 -0500"
    },
    {
      "identifier" : "SUCCESS",
      "message" : "Execution Time 0:00:00 Master.script",
      "timestamp" : "2018-11-26 12:42:48.682 -0500"
    }
  ],
  "createdTimestamp" : "2018-11-26 12:42:47.688 -0500"
}