﻿<?xml version="1.0"?>
<runHistory script="index">
 <run>
  <RunDate>2016-09-28 18:12:25.225 -0600</RunDate>
  <Status>Success</Status>
  <Duration>0.735712</Duration>
  <Errors>0</Errors>
  <Warnings>0</Warnings>
  <Exceptions>0</Exceptions>
  <Successes>1</Successes>
  <LogFile>20160928_181225.225/LogFile.txt</LogFile>
  <ReturnValue></ReturnValue>
  <ErrorMessage></ErrorMessage>
 </run>
 <run>
  <RunDate>2016-09-28 18:28:41.298 -0600</RunDate>
  <Status>Success</Status>
  <Duration>0.710283</Duration>
  <Errors>0</Errors>
  <Warnings>0</Warnings>
  <Exceptions>0</Exceptions>
  <Successes>1</Successes>
  <LogFile>20160928_182841.298/LogFile.txt</LogFile>
  <ReturnValue></ReturnValue>
  <ErrorMessage></ErrorMessage>
 </run>
 <run>
  <RunDate>2016-09-28 18:32:07.068 -0600</RunDate>
  <Status>Success</Status>
  <Duration>1.408261</Duration>
  <Errors>0</Errors>
  <Warnings>0</Warnings>
  <Exceptions>0</Exceptions>
  <Successes>1</Successes>
  <LogFile>20160928_183207.068/LogFile.txt</LogFile>
  <ReturnValue></ReturnValue>
  <ErrorMessage></ErrorMessage>
 </run>
 <run>
  <RunDate>2016-09-28 18:40:17.620 -0600</RunDate>
  <Status>Failure</Status>
  <Duration>1.342473</Duration>
  <Errors>1</Errors>
  <Warnings>0</Warnings>
  <Exceptions>0</Exceptions>
  <Successes>0</Successes>
  <LogFile>20160928_184017.620/LogFile.txt</LogFile>
  <ReturnValue></ReturnValue>
  <ErrorMessage>Image Not Found -- imagefound Error - Error Computing Rectangle: (
    0,
    0,
    &quot;(1440,900)&quot;
)</ErrorMessage>
 </run>
</runHistory>
