{
  "entries" : [
    {
      "identifier" : "START",
      "message" : "Running MainFromSuite.script",
      "timestamp" : "2021-04-13 09:22:10.315 -0600"
    },
    {
      "identifier" : "EndTestCase",
      "message" : "(Duration:\"0.910391\", Errors:\"1\", Exceptions:\"0\", StartTime:\"2021-04-13 09:22:10 -0600\", Successes:\"0\", TestCase:\"MainFromSuite.script\", Warnings:\"0\")",
      "timestamp" : "2021-04-13 09:22:11.229 -0600"
    },
    {
      "identifier" : "FAILURE",
      "message" : "NSInvalidArgumentException data parameter is nil -- Execution Time 0:00:00 MainFromSuite.script",
      "timestamp" : "2021-04-13 09:22:11.241 -0600"
    }
  ],
  "createdTimestamp" : "2021-04-13 09:22:10.317 -0600"
}