{
  "entries" : [
    {
      "identifier" : "START",
      "message" : "Running AuthAPI2.apitest",
      "timestamp" : "2020-05-14 11:06:08.098 -0600"
    },
    {
      "identifier" : "LogError",
      "message" : "Validation Error: Failed to parse JSON request body. JSON text did not start with array or object and option to allow fragments not set.. username:\"randy.hesse@eggplant.io\"password:\"Spr1ng2016\"",
      "timestamp" : "2020-05-14 11:06:08.110 -0600"
    },
    {
      "identifier" : "EndTestCase",
      "message" : "(Duration:\"0.589841\", Errors:\"1\", Exceptions:\"0\", StartTime:\"2020-05-14 11:06:08 -0600\", Successes:\"0\", TestCase:\"AuthAPI2.apitest\", Warnings:\"0\")",
      "timestamp" : "2020-05-14 11:06:08.689 -0600"
    },
    {
      "message" : "Script Error Number of Errors logged: 1 -- Execution Time 0:00:00 AuthAPI2.apitest",
      "timestamp" : "2020-05-14 11:06:08.946 -0600",
      "identifier" : "FAILURE",
      "image" : "Screen_Error.png"
    }
  ],
  "createdTimestamp" : "2020-05-14 11:06:08.099 -0600"
}