{
  "entries" : [
    {
      "identifier" : "START",
      "message" : "Running Main02.script",
      "timestamp" : "2021-04-09 09:57:50.418 -0600"
    },
    {
      "handlerName" : "on_definelocation",
      "message" : "Overwritting Folder",
      "timestamp" : "2021-04-09 09:57:50.627 -0600",
      "identifier" : "LogWarning",
      "scriptName" : "",
      "handlerLine" : 3
    },
    {
      "identifier" : "EndTestCase",
      "message" : "(Duration:\"0.447618\", Errors:\"0\", Exceptions:\"0\", StartTime:\"2021-04-09 09:57:50 -0600\", Successes:\"1\", TestCase:\"Main02.script\", Warnings:\"1\")",
      "timestamp" : "2021-04-09 09:57:50.867 -0600"
    },
    {
      "identifier" : "SUCCESS",
      "message" : "Execution Time 0:00:00 Main02.script",
      "timestamp" : "2021-04-09 09:57:50.878 -0600"
    }
  ],
  "createdTimestamp" : "2021-04-09 09:57:50.419 -0600"
}