{
  "entries" : [
    {
      "identifier" : "START",
      "message" : "Running GeneratePatient.script",
      "timestamp" : "2018-11-20 20:21:19.378 -0500"
    },
    {
      "identifier" : "EndTestCase",
      "message" : "(Duration:\"0.548901\", Errors:\"0\", Exceptions:\"0\", StartTime:\"2018-11-20 20:21:19 -0500\", Successes:\"1\", TestCase:\"GeneratePatient.script\", Warnings:\"0\")",
      "timestamp" : "2018-11-20 20:21:19.949 -0500"
    },
    {
      "identifier" : "SUCCESS",
      "message" : "Execution Time 0:00:00 GeneratePatient.script",
      "timestamp" : "2018-11-20 20:21:20.003 -0500"
    }
  ],
  "createdTimestamp" : "2018-11-20 20:21:19.400 -0500"
}