﻿<?xml version="1.0"?>
<statistics>
 <script name="States/Zero">
  <LastStatus>Success</LastStatus>
  <NumberOfRuns>1</NumberOfRuns>
  <NumberOfFails>0</NumberOfFails>
  <FirstRun>2017-04-17 12:59:55 -0600</FirstRun>
  <LastRun>2017-04-17 12:59:55 -0600</LastRun>
  <TotalTimeOnSuccess>0.323751</TotalTimeOnSuccess>
 </script>
 <script name="Libraries/Login">
  <LastStatus>Success</LastStatus>
  <NumberOfRuns>1</NumberOfRuns>
  <NumberOfFails>0</NumberOfFails>
  <FirstRun>2017-04-17 12:59:56 -0600</FirstRun>
  <LastRun>2017-04-17 12:59:56 -0600</LastRun>
  <TotalTimeOnSuccess>1.487338</TotalTimeOnSuccess>
 </script>
</statistics>
