{
  "entries" : [
    {
      "identifier" : "START",
      "message" : "Running index.script",
      "timestamp" : "2021-01-18 12:08:17.829 -0700"
    },
    {
      "handlerName" : "on_definecolorarea",
      "message" : "calculating...",
      "timestamp" : "2021-01-18 12:08:18.050 -0700",
      "identifier" : "Log",
      "scriptName" : "",
      "handlerLine" : 27
    },
    {
      "handlerName" : "function_pixelmatch",
      "message" : "Pixel Count is: 880",
      "timestamp" : "2021-01-18 12:08:18.062 -0700",
      "identifier" : "Log",
      "scriptName" : "",
      "handlerLine" : 9
    },
    {
      "handlerName" : "on_index",
      "message" : "0",
      "timestamp" : "2021-01-18 12:08:18.135 -0700",
      "identifier" : "Log",
      "scriptName" : "index.script",
      "handlerLine" : 25
    },
    {
      "identifier" : "EndTestCase",
      "message" : "(Duration:\"0.393724\", Errors:\"0\", Exceptions:\"0\", StartTime:\"2021-01-18 12:08:17 -0700\", Successes:\"1\", TestCase:\"index.script\", Warnings:\"0\")",
      "timestamp" : "2021-01-18 12:08:18.224 -0700"
    },
    {
      "identifier" : "SUCCESS",
      "message" : "Execution Time 0:00:00 index.script",
      "timestamp" : "2021-01-18 12:08:18.232 -0700"
    }
  ],
  "createdTimestamp" : "2021-01-18 12:08:17.830 -0700"
}