{
  "entries" : [
    {
      "identifier" : "START",
      "message" : "Running Index.script",
      "timestamp" : "2018-11-26 15:36:44.528 -0500"
    },
    {
      "handlerName" : "function_processingmain",
      "message" : "Todays Date is 11.26.2018",
      "timestamp" : "2018-11-26 15:36:44.778 -0500",
      "identifier" : "Log",
      "scriptName" : "ProcessingMain.script",
      "handlerLine" : 10
    },
    {
      "handlerName" : "on_index",
      "message" : "((@\"billing date\":\"2018-12-02\", @\"charge capture date\":\"2018-12-06\", @\"claims date\":\"2018-12-04\", @\"coding date\":\"2018-11-30\", @\"created date\":\"2018-11-29\", @\"date of birth\":\"1981-07-03\", @\"first name\":\"Wonder\", gender:\"Male\", @\"last name\":\"Woman\", @\"marital status\":\"Single\", @\"medical record number\":\"605055\", @\"middle name\":\"S\", @\"social security number\":\"211-34-2082\", suffix:\"Ms\"),(@\"billing date\":\"2018-12-04\", @\"charge capture date\":\"2018-12-06\", @\"claims date\":\"2018-12-05\", @\"coding date\":\"2018-12-01\", @\"created date\":\"2018-12-01\", @\"date of birth\":\"1988-11-06\", @\"first name\":\"James\", gender:\"Male\", @\"last name\":\"Vader\", @\"marital status\":\"Separated\", @\"medical record number\":\"280532\", @\"middle name\":\"B\", @\"social security number\":\"017-00-7833\", suffix:\"Dr\"))",
      "timestamp" : "2018-11-26 15:36:44.875 -0500",
      "identifier" : "Log",
      "scriptName" : "Index.script",
      "handlerLine" : 17
    },
    {
      "identifier" : "EndTestCase",
      "message" : "(Duration:\"0.552737\", Errors:\"0\", Exceptions:\"0\", StartTime:\"2018-11-26 15:36:44 -0500\", Successes:\"1\", TestCase:\"Index.script\", Warnings:\"0\")",
      "timestamp" : "2018-11-26 15:36:45.109 -0500"
    },
    {
      "identifier" : "SUCCESS",
      "message" : "Execution Time 0:00:00 Index.script",
      "timestamp" : "2018-11-26 15:36:45.159 -0500"
    }
  ],
  "createdTimestamp" : "2018-11-26 15:36:44.556 -0500"
}