{
  "entries" : [
    {
      "identifier" : "START",
      "message" : "Running Master.script",
      "timestamp" : "2018-11-26 14:29:28.007 -0500"
    },
    {
      "handlerName" : "on_master",
      "message" : "(Script1.script,Script3.script,Script2.script)",
      "timestamp" : "2018-11-26 14:29:28.085 -0500",
      "identifier" : "Log",
      "scriptName" : "Master.script",
      "handlerLine" : 6
    },
    {
      "handlerName" : "on_five",
      "message" : "five",
      "timestamp" : "2018-11-26 14:29:28.129 -0500",
      "identifier" : "Log",
      "scriptName" : "",
      "handlerLine" : 3
    },
    {
      "identifier" : "EndTestCase",
      "message" : "(Duration:\"0.341789\", Errors:\"0\", Exceptions:\"0\", StartTime:\"2018-11-26 14:29:28 -0500\", Successes:\"1\", TestCase:\"Master.script\", Warnings:\"0\")",
      "timestamp" : "2018-11-26 14:29:28.370 -0500"
    },
    {
      "identifier" : "SUCCESS",
      "message" : "Execution Time 0:00:00 Master.script",
      "timestamp" : "2018-11-26 14:29:28.418 -0500"
    }
  ],
  "createdTimestamp" : "2018-11-26 14:29:28.028 -0500"
}