{
  "entries" : [
    {
      "identifier" : "START",
      "message" : "Running Example Post URL.apitest",
      "timestamp" : "2020-07-13 09:49:00.050 -0600"
    },
    {
      "identifier" : "LogWarning",
      "message" : "Validation Warning: Empty request body.",
      "timestamp" : "2020-07-13 09:49:00.071 -0600"
    },
    {
      "identifier" : "EndTestCase",
      "message" : "(Duration:\"0.904119\", Errors:\"0\", Exceptions:\"0\", StartTime:\"2020-07-13 09:49:00 -0600\", Successes:\"1\", TestCase:\"Example Post URL.apitest\", Warnings:\"1\")",
      "timestamp" : "2020-07-13 09:49:00.958 -0600"
    },
    {
      "identifier" : "SUCCESS",
      "message" : "Execution Time 0:00:00 Example Post URL.apitest",
      "timestamp" : "2020-07-13 09:49:00.980 -0600"
    }
  ],
  "createdTimestamp" : "2020-07-13 09:49:00.053 -0600"
}