{
  "entries" : [
    {
      "identifier" : "START",
      "message" : "Running Script1.script",
      "timestamp" : "2020-05-14 09:15:47.267 -0600"
    },
    {
      "identifier" : "EndTestCase",
      "message" : "(Duration:\"6.354665\", Errors:\"1\", Exceptions:\"0\", StartTime:\"2020-05-14 09:15:47 -0600\", Successes:\"0\", TestCase:\"Script1.script\", Warnings:\"0\")",
      "timestamp" : "2020-05-14 09:15:53.623 -0600"
    },
    {
      "identifier" : "ABORTED",
      "message" : "Execution Time 0:00:06 Script1.script",
      "timestamp" : "2020-05-14 09:15:53.627 -0600"
    }
  ],
  "createdTimestamp" : "2020-05-14 09:15:47.268 -0600"
}