{
  "entries" : [
    {
      "identifier" : "START",
      "message" : "Running Example Post URL.apitest",
      "timestamp" : "2020-07-13 09:53:15.080 -0600"
    },
    {
      "identifier" : "EndTestCase",
      "message" : "(Duration:\"0.917835\", Errors:\"0\", Exceptions:\"0\", StartTime:\"2020-07-13 09:53:15 -0600\", Successes:\"1\", TestCase:\"Example Post URL.apitest\", Warnings:\"0\")",
      "timestamp" : "2020-07-13 09:53:16.000 -0600"
    },
    {
      "identifier" : "SUCCESS",
      "message" : "Execution Time 0:00:00 Example Post URL.apitest",
      "timestamp" : "2020-07-13 09:53:16.013 -0600"
    }
  ],
  "createdTimestamp" : "2020-07-13 09:53:15.081 -0600"
}