﻿<?xml version="1.0"?>
<statistics>
 <script name="Sample">
  <LastStatus>Success</LastStatus>
  <NumberOfRuns>1</NumberOfRuns>
  <NumberOfFails>0</NumberOfFails>
  <FirstRun>2020-03-04 09:40:36 -0700</FirstRun>
  <LastRun>2020-03-04 09:40:36 -0700</LastRun>
  <TotalTimeOnSuccess>422.122376</TotalTimeOnSuccess>
 </script>
 <script name="SampleTesting">
  <LastStatus>Success</LastStatus>
  <NumberOfRuns>48</NumberOfRuns>
  <NumberOfFails>1</NumberOfFails>
  <FirstRun>2020-03-04 14:10:59 -0700</FirstRun>
  <LastRun>2020-03-04 14:31:42 -0700</LastRun>
  <TotalTimeOnSuccess>109.962183</TotalTimeOnSuccess>
 </script>
 <script name="Index">
  <LastStatus>Success</LastStatus>
  <NumberOfRuns>123</NumberOfRuns>
  <NumberOfFails>34</NumberOfFails>
  <FirstRun>2020-03-02 15:46:14 -0700</FirstRun>
  <LastRun>2020-03-04 14:15:45 -0700</LastRun>
  <TotalTimeOnSuccess>741.189871</TotalTimeOnSuccess>
 </script>
 <script name="Untitled">
  <LastStatus>Success</LastStatus>
  <NumberOfRuns>3</NumberOfRuns>
  <NumberOfFails>0</NumberOfFails>
  <FirstRun>2020-03-04 12:58:37 -0700</FirstRun>
  <LastRun>2020-03-04 13:58:20 -0700</LastRun>
  <TotalTimeOnSuccess>2.942412</TotalTimeOnSuccess>
 </script>
 <script name="PixelData">
  <LastStatus>Success</LastStatus>
  <NumberOfRuns>1</NumberOfRuns>
  <NumberOfFails>0</NumberOfFails>
  <FirstRun>2020-03-02 15:41:29 -0700</FirstRun>
  <LastRun>2020-03-02 15:41:29 -0700</LastRun>
  <TotalTimeOnSuccess>0.472204</TotalTimeOnSuccess>
 </script>
 <script name="Sample2V">
  <LastStatus>Success</LastStatus>
  <NumberOfRuns>4</NumberOfRuns>
  <NumberOfFails>0</NumberOfFails>
  <FirstRun>2020-03-04 14:03:47 -0700</FirstRun>
  <LastRun>2020-03-04 14:32:33 -0700</LastRun>
  <TotalTimeOnSuccess>255.210844</TotalTimeOnSuccess>
 </script>
</statistics>
