{
  "entries" : [
    {
      "identifier" : "START",
      "message" : "Running MainFromSuite.script",
      "timestamp" : "2021-04-10 22:28:05.123 -0600"
    },
    {
      "handlerName" : "on_mainfromsuite",
      "message" : "[Workflow01,Workflow02]\/Workflow01",
      "timestamp" : "2021-04-10 22:28:05.176 -0600",
      "identifier" : "Log",
      "scriptName" : "MainFromSuite.script",
      "handlerLine" : 16
    },
    {
      "handlerName" : "on_mainfromsuite",
      "message" : "[Workflow01,Workflow02]\/Workflow02",
      "timestamp" : "2021-04-10 22:28:05.179 -0600",
      "identifier" : "Log",
      "scriptName" : "MainFromSuite.script",
      "handlerLine" : 16
    },
    {
      "identifier" : "EndTestCase",
      "message" : "(Duration:\"0.159163\", Errors:\"0\", Exceptions:\"0\", StartTime:\"2021-04-10 22:28:05 -0600\", Successes:\"1\", TestCase:\"MainFromSuite.script\", Warnings:\"0\")",
      "timestamp" : "2021-04-10 22:28:05.283 -0600"
    },
    {
      "identifier" : "SUCCESS",
      "message" : "Execution Time 0:00:00 MainFromSuite.script",
      "timestamp" : "2021-04-10 22:28:05.292 -0600"
    }
  ],
  "createdTimestamp" : "2021-04-10 22:28:05.123 -0600"
}