{
  "entries" : [
    {
      "identifier" : "START",
      "message" : "Running Untitled.apitest",
      "timestamp" : "2020-05-14 15:54:16.958 -0600"
    },
    {
      "identifier" : "EndTestCase",
      "message" : "(Duration:\"0.801384\", Errors:\"0\", Exceptions:\"0\", StartTime:\"2020-05-14 15:54:16 -0600\", Successes:\"1\", TestCase:\"Untitled.apitest\", Warnings:\"0\")",
      "timestamp" : "2020-05-14 15:54:17.762 -0600"
    },
    {
      "identifier" : "SUCCESS",
      "message" : "Execution Time 0:00:00 Untitled.apitest",
      "timestamp" : "2020-05-14 15:54:17.780 -0600"
    }
  ],
  "createdTimestamp" : "2020-05-14 15:54:16.959 -0600"
}