{
  "entries" : [
    {
      "identifier" : "START",
      "message" : "Running Main02.script",
      "timestamp" : "2021-04-10 22:54:51.979 -0600"
    },
    {
      "identifier" : "EndTestCase",
      "message" : "(Duration:\"0.26304\", Errors:\"0\", Exceptions:\"0\", StartTime:\"2021-04-10 22:54:51 -0600\", Successes:\"1\", TestCase:\"Main02.script\", Warnings:\"0\")",
      "timestamp" : "2021-04-10 22:54:52.243 -0600"
    },
    {
      "identifier" : "SUCCESS",
      "message" : "Execution Time 0:00:00 Main02.script",
      "timestamp" : "2021-04-10 22:54:52.252 -0600"
    }
  ],
  "createdTimestamp" : "2021-04-10 22:54:51.980 -0600"
}