﻿<?xml version="1.0"?>
<runHistory script="Examples/TD Object/Example1">
 <run>
  <RunDate>2017-07-03 14:05:23.491 -0600</RunDate>
  <Status>Success</Status>
  <Duration>0.506813</Duration>
  <Errors>0</Errors>
  <Warnings>0</Warnings>
  <Exceptions>0</Exceptions>
  <Successes>1</Successes>
  <LogFile>20170703_140523.491/LogFile.txt</LogFile>
  <ReturnValue></ReturnValue>
  <ErrorMessage></ErrorMessage>
 </run>
 <run>
  <RunDate>2017-07-26 12:23:02.058 -0600</RunDate>
  <Status>Success</Status>
  <Duration>0.763994</Duration>
  <Errors>0</Errors>
  <Warnings>0</Warnings>
  <Exceptions>0</Exceptions>
  <Successes>1</Successes>
  <LogFile>20170726_122302.058/LogFile.txt</LogFile>
  <ReturnValue></ReturnValue>
  <ErrorMessage></ErrorMessage>
 </run>
</runHistory>
