{
  "entries" : [
    {
      "identifier" : "START",
      "message" : "Running GetAuthAPI.apitest",
      "timestamp" : "2020-05-14 09:14:36.390 -0600"
    },
    {
      "identifier" : "LogWarning",
      "message" : "Validation Warning: Empty request body.",
      "timestamp" : "2020-05-14 09:14:36.404 -0600"
    },
    {
      "identifier" : "EndTestCase",
      "message" : "(Duration:\"1.089474\", Errors:\"0\", Exceptions:\"0\", StartTime:\"2020-05-14 09:14:36 -0600\", Successes:\"1\", TestCase:\"GetAuthAPI.apitest\", Warnings:\"1\")",
      "timestamp" : "2020-05-14 09:14:37.482 -0600"
    },
    {
      "identifier" : "SUCCESS",
      "message" : "Execution Time 0:00:01 GetAuthAPI.apitest",
      "timestamp" : "2020-05-14 09:14:37.491 -0600"
    }
  ],
  "createdTimestamp" : "2020-05-14 09:14:36.391 -0600"
}