{
  "entries" : [
    {
      "identifier" : "START",
      "message" : "Running Untitled1.script",
      "timestamp" : "2021-01-18 14:12:40.120 -0700"
    },
    {
      "handlerName" : "on_untitled1",
      "message" : "FFAECEI",
      "timestamp" : "2021-01-18 14:12:40.163 -0700",
      "identifier" : "Log",
      "scriptName" : "Untitled1.script",
      "handlerLine" : 16
    },
    {
      "handlerName" : "on_untitled1",
      "message" : "FFAECEI",
      "timestamp" : "2021-01-18 14:12:40.165 -0700",
      "identifier" : "Log",
      "scriptName" : "Untitled1.script",
      "handlerLine" : 16
    },
    {
      "handlerName" : "on_untitled1",
      "message" : "FFAECEI",
      "timestamp" : "2021-01-18 14:12:40.167 -0700",
      "identifier" : "Log",
      "scriptName" : "Untitled1.script",
      "handlerLine" : 16
    },
    {
      "handlerName" : "on_untitled1",
      "message" : "FFAECEI",
      "timestamp" : "2021-01-18 14:12:40.169 -0700",
      "identifier" : "Log",
      "scriptName" : "Untitled1.script",
      "handlerLine" : 16
    },
    {
      "handlerName" : "on_untitled1",
      "message" : "FFAECEI",
      "timestamp" : "2021-01-18 14:12:40.172 -0700",
      "identifier" : "Log",
      "scriptName" : "Untitled1.script",
      "handlerLine" : 16
    },
    {
      "handlerName" : "on_untitled1",
      "message" : "FFAECEI",
      "timestamp" : "2021-01-18 14:12:40.173 -0700",
      "identifier" : "Log",
      "scriptName" : "Untitled1.script",
      "handlerLine" : 16
    },
    {
      "handlerName" : "on_untitled1",
      "message" : "FFAECEI",
      "timestamp" : "2021-01-18 14:12:40.174 -0700",
      "identifier" : "Log",
      "scriptName" : "Untitled1.script",
      "handlerLine" : 16
    },
    {
      "handlerName" : "on_untitled1",
      "message" : "FFAECEI",
      "timestamp" : "2021-01-18 14:12:40.176 -0700",
      "identifier" : "Log",
      "scriptName" : "Untitled1.script",
      "handlerLine" : 16
    },
    {
      "handlerName" : "on_untitled1",
      "message" : "FFAECEI",
      "timestamp" : "2021-01-18 14:12:40.177 -0700",
      "identifier" : "Log",
      "scriptName" : "Untitled1.script",
      "handlerLine" : 16
    },
    {
      "handlerName" : "on_untitled1",
      "message" : "FFAECEI",
      "timestamp" : "2021-01-18 14:12:40.179 -0700",
      "identifier" : "Log",
      "scriptName" : "Untitled1.script",
      "handlerLine" : 16
    },
    {
      "handlerName" : "on_untitled1",
      "message" : "FFAECEI",
      "timestamp" : "2021-01-18 14:12:40.180 -0700",
      "identifier" : "Log",
      "scriptName" : "Untitled1.script",
      "handlerLine" : 16
    },
    {
      "handlerName" : "on_untitled1",
      "message" : "FFAECEI",
      "timestamp" : "2021-01-18 14:12:40.181 -0700",
      "identifier" : "Log",
      "scriptName" : "Untitled1.script",
      "handlerLine" : 16
    },
    {
      "handlerName" : "on_untitled1",
      "message" : "FFAECEI",
      "timestamp" : "2021-01-18 14:12:40.182 -0700",
      "identifier" : "Log",
      "scriptName" : "Untitled1.script",
      "handlerLine" : 16
    },
    {
      "handlerName" : "on_untitled1",
      "message" : "FFAECEI",
      "timestamp" : "2021-01-18 14:12:40.183 -0700",
      "identifier" : "Log",
      "scriptName" : "Untitled1.script",
      "handlerLine" : 16
    },
    {
      "handlerName" : "on_untitled1",
      "message" : "FFAECEI",
      "timestamp" : "2021-01-18 14:12:40.185 -0700",
      "identifier" : "Log",
      "scriptName" : "Untitled1.script",
      "handlerLine" : 16
    },
    {
      "handlerName" : "on_untitled1",
      "message" : "FFAECEI",
      "timestamp" : "2021-01-18 14:12:40.186 -0700",
      "identifier" : "Log",
      "scriptName" : "Untitled1.script",
      "handlerLine" : 16
    },
    {
      "handlerName" : "on_untitled1",
      "message" : "FFCB8I",
      "timestamp" : "2021-01-18 14:12:40.187 -0700",
      "identifier" : "Log",
      "scriptName" : "Untitled1.script",
      "handlerLine" : 16
    },
    {
      "handlerName" : "on_untitled1",
      "message" : "FFCB8I",
      "timestamp" : "2021-01-18 14:12:40.189 -0700",
      "identifier" : "Log",
      "scriptName" : "Untitled1.script",
      "handlerLine" : 16
    },
    {
      "handlerName" : "on_untitled1",
      "message" : "FFCB8I",
      "timestamp" : "2021-01-18 14:12:40.190 -0700",
      "identifier" : "Log",
      "scriptName" : "Untitled1.script",
      "handlerLine" : 16
    },
    {
      "handlerName" : "on_untitled1",
      "message" : "FFCB8I",
      "timestamp" : "2021-01-18 14:12:40.191 -0700",
      "identifier" : "Log",
      "scriptName" : "Untitled1.script",
      "handlerLine" : 16
    },
    {
      "handlerName" : "on_untitled1",
      "message" : "FFCB8I",
      "timestamp" : "2021-01-18 14:12:40.192 -0700",
      "identifier" : "Log",
      "scriptName" : "Untitled1.script",
      "handlerLine" : 16
    },
    {
      "identifier" : "EndTestCase",
      "message" : "(Duration:\"0.202301\", Errors:\"0\", Exceptions:\"0\", StartTime:\"2021-01-18 14:12:40 -0700\", Successes:\"1\", TestCase:\"Untitled1.script\", Warnings:\"0\")",
      "timestamp" : "2021-01-18 14:12:40.323 -0700"
    },
    {
      "identifier" : "SUCCESS",
      "message" : "Execution Time 0:00:00 Untitled1.script",
      "timestamp" : "2021-01-18 14:12:40.331 -0700"
    }
  ],
  "createdTimestamp" : "2021-01-18 14:12:40.121 -0700"
}