﻿<?xml version="1.0"?>
<runHistory script="TestA">
 <run>
  <RunDate>2016-09-28 18:29:50.714 -0600</RunDate>
  <Status>Failure</Status>
  <Duration>0.573471</Duration>
  <Errors>1</Errors>
  <Warnings>0</Warnings>
  <Exceptions>1</Exceptions>
  <Successes>0</Successes>
  <LogFile>20160928_182950.714/LogFile.txt</LogFile>
  <ReturnValue></ReturnValue>
  <ErrorMessage>File Not Found -- imagefound Error - Could Not Open Image: TestA/image00013</ErrorMessage>
 </run>
 <run>
  <RunDate>2016-09-28 18:30:02.923 -0600</RunDate>
  <Status>Failure</Status>
  <Duration>0.593663</Duration>
  <Errors>1</Errors>
  <Warnings>0</Warnings>
  <Exceptions>1</Exceptions>
  <Successes>0</Successes>
  <LogFile>20160928_183002.923/LogFile.txt</LogFile>
  <ReturnValue></ReturnValue>
  <ErrorMessage>Image Not Found -- imagefound Error - Image Property List did not contain &quot;ImageName&quot; property</ErrorMessage>
 </run>
 <run>
  <RunDate>2016-09-28 18:30:22.631 -0600</RunDate>
  <Status>Failure</Status>
  <Duration>0.572951</Duration>
  <Errors>1</Errors>
  <Warnings>0</Warnings>
  <Exceptions>1</Exceptions>
  <Successes>0</Successes>
  <LogFile>20160928_183022.631/LogFile.txt</LogFile>
  <ReturnValue></ReturnValue>
  <ErrorMessage>Image Not Found -- imagefound Error - Image Property List did not contain &quot;ImageName&quot; property</ErrorMessage>
 </run>
 <run>
  <RunDate>2016-09-28 18:30:50.366 -0600</RunDate>
  <Status>Failure</Status>
  <Duration>0.600848</Duration>
  <Errors>1</Errors>
  <Warnings>0</Warnings>
  <Exceptions>1</Exceptions>
  <Successes>0</Successes>
  <LogFile>20160928_183050.366/LogFile.txt</LogFile>
  <ReturnValue></ReturnValue>
  <ErrorMessage>Image Not Found -- imagefound Error - Image Property List did not contain &quot;ImageName&quot; property</ErrorMessage>
 </run>
 <run>
  <RunDate>2016-09-28 18:31:18.961 -0600</RunDate>
  <Status>Success</Status>
  <Duration>1.144164</Duration>
  <Errors>0</Errors>
  <Warnings>0</Warnings>
  <Exceptions>0</Exceptions>
  <Successes>1</Successes>
  <LogFile>20160928_183118.961/LogFile.txt</LogFile>
  <ReturnValue></ReturnValue>
  <ErrorMessage></ErrorMessage>
 </run>
 <run>
  <RunDate>2016-09-28 18:32:18.687 -0600</RunDate>
  <Status>Success</Status>
  <Duration>1.147931</Duration>
  <Errors>0</Errors>
  <Warnings>0</Warnings>
  <Exceptions>0</Exceptions>
  <Successes>1</Successes>
  <LogFile>20160928_183218.687/LogFile.txt</LogFile>
  <ReturnValue></ReturnValue>
  <ErrorMessage></ErrorMessage>
 </run>
 <run>
  <RunDate>2016-09-28 18:32:38.920 -0600</RunDate>
  <Status>Success</Status>
  <Duration>1.146833</Duration>
  <Errors>0</Errors>
  <Warnings>0</Warnings>
  <Exceptions>0</Exceptions>
  <Successes>1</Successes>
  <LogFile>20160928_183238.920/LogFile.txt</LogFile>
  <ReturnValue></ReturnValue>
  <ErrorMessage></ErrorMessage>
 </run>
 <run>
  <RunDate>2016-09-28 18:39:55.904 -0600</RunDate>
  <Status>Failure</Status>
  <Duration>1.124867</Duration>
  <Errors>1</Errors>
  <Warnings>0</Warnings>
  <Exceptions>0</Exceptions>
  <Successes>0</Successes>
  <LogFile>20160928_183955.904/LogFile.txt</LogFile>
  <ReturnValue></ReturnValue>
  <ErrorMessage>SenseTalk Compiler Exception -- in textc:
Warning at line 18: Warning - Non-matching handler name: imageC</ErrorMessage>
 </run>
 <run>
  <RunDate>2016-09-28 18:40:42.163 -0600</RunDate>
  <Status>Success</Status>
  <Duration>8.063585</Duration>
  <Errors>0</Errors>
  <Warnings>1</Warnings>
  <Exceptions>0</Exceptions>
  <Successes>1</Successes>
  <LogFile>20160928_184042.163/LogFile.txt</LogFile>
  <ReturnValue></ReturnValue>
  <ErrorMessage></ErrorMessage>
 </run>
 <run>
  <RunDate>2016-09-28 18:40:57.671 -0600</RunDate>
  <Status>Success</Status>
  <Duration>2.563339</Duration>
  <Errors>0</Errors>
  <Warnings>0</Warnings>
  <Exceptions>0</Exceptions>
  <Successes>1</Successes>
  <LogFile>20160928_184057.671/LogFile.txt</LogFile>
  <ReturnValue></ReturnValue>
  <ErrorMessage></ErrorMessage>
 </run>
 <run>
  <RunDate>2016-09-28 18:44:02.571 -0600</RunDate>
  <Status>Success</Status>
  <Duration>2.612082</Duration>
  <Errors>0</Errors>
  <Warnings>0</Warnings>
  <Exceptions>0</Exceptions>
  <Successes>1</Successes>
  <LogFile>20160928_184402.571/LogFile.txt</LogFile>
  <ReturnValue></ReturnValue>
  <ErrorMessage></ErrorMessage>
 </run>
 <run>
  <RunDate>2016-09-28 18:45:06.850 -0600</RunDate>
  <Status>Failure</Status>
  <Duration>1.187859</Duration>
  <Errors>1</Errors>
  <Warnings>0</Warnings>
  <Exceptions>0</Exceptions>
  <Successes>0</Successes>
  <LogFile>20160928_184506.850/LogFile.txt</LogFile>
  <ReturnValue></ReturnValue>
  <ErrorMessage>Image Not Found -- imagefound Error - Error Computing Rectangle: (0,0,500,500)</ErrorMessage>
 </run>
 <run>
  <RunDate>2016-09-28 18:45:36.186 -0600</RunDate>
  <Status>Failure</Status>
  <Duration>1.215669</Duration>
  <Errors>1</Errors>
  <Warnings>0</Warnings>
  <Exceptions>0</Exceptions>
  <Successes>0</Successes>
  <LogFile>20160928_184536.186/LogFile.txt</LogFile>
  <ReturnValue></ReturnValue>
  <ErrorMessage>Image Not Found -- imagefound Error - Error Computing Rectangle: (0,0,500,500)</ErrorMessage>
 </run>
 <run>
  <RunDate>2016-09-28 18:49:44.620 -0600</RunDate>
  <Status>Failure</Status>
  <Duration>1.128660</Duration>
  <Errors>1</Errors>
  <Warnings>0</Warnings>
  <Exceptions>0</Exceptions>
  <Successes>0</Successes>
  <LogFile>20160928_184944.620/LogFile.txt</LogFile>
  <ReturnValue></ReturnValue>
  <ErrorMessage>Image Not Found -- imagefound Error - Error Computing Rectangle: (1,1,500,500)</ErrorMessage>
 </run>
 <run>
  <RunDate>2016-09-28 18:49:55.260 -0600</RunDate>
  <Status>Failure</Status>
  <Duration>0.647080</Duration>
  <Errors>1</Errors>
  <Warnings>0</Warnings>
  <Exceptions>0</Exceptions>
  <Successes>0</Successes>
  <LogFile>20160928_184955.260/LogFile.txt</LogFile>
  <ReturnValue></ReturnValue>
  <ErrorMessage>Image Not Found -- imagefound Error - Error Computing Rectangle: (1,1,500,500)</ErrorMessage>
 </run>
 <run>
  <RunDate>2016-09-28 18:52:48.154 -0600</RunDate>
  <Status>Failure</Status>
  <Duration>0.621575</Duration>
  <Errors>1</Errors>
  <Warnings>0</Warnings>
  <Exceptions>0</Exceptions>
  <Successes>0</Successes>
  <LogFile>20160928_185248.154/LogFile.txt</LogFile>
  <ReturnValue></ReturnValue>
  <ErrorMessage>Image Not Found -- imagefound Error - Error Computing Rectangle: (1,1,500,500)</ErrorMessage>
 </run>
 <run>
  <RunDate>2016-09-28 18:57:01.343 -0600</RunDate>
  <Status>Success</Status>
  <Duration>1.761620</Duration>
  <Errors>0</Errors>
  <Warnings>0</Warnings>
  <Exceptions>0</Exceptions>
  <Successes>1</Successes>
  <LogFile>20160928_185701.343/LogFile.txt</LogFile>
  <ReturnValue></ReturnValue>
  <ErrorMessage></ErrorMessage>
 </run>
 <run>
  <RunDate>2016-09-28 18:57:12.259 -0600</RunDate>
  <Status>Success</Status>
  <Duration>1.673637</Duration>
  <Errors>0</Errors>
  <Warnings>0</Warnings>
  <Exceptions>0</Exceptions>
  <Successes>1</Successes>
  <LogFile>20160928_185712.259/LogFile.txt</LogFile>
  <ReturnValue></ReturnValue>
  <ErrorMessage></ErrorMessage>
 </run>
 <run>
  <RunDate>2016-09-28 19:01:30.802 -0600</RunDate>
  <Status>Success</Status>
  <Duration>1.633614</Duration>
  <Errors>0</Errors>
  <Warnings>0</Warnings>
  <Exceptions>0</Exceptions>
  <Successes>1</Successes>
  <LogFile>20160928_190130.802/LogFile.txt</LogFile>
  <ReturnValue></ReturnValue>
  <ErrorMessage></ErrorMessage>
 </run>
 <run>
  <RunDate>2016-09-28 19:01:45.748 -0600</RunDate>
  <Status>Failure</Status>
  <Duration>0.592487</Duration>
  <Errors>1</Errors>
  <Warnings>0</Warnings>
  <Exceptions>0</Exceptions>
  <Successes>0</Successes>
  <LogFile>20160928_190145.748/LogFile.txt</LogFile>
  <ReturnValue></ReturnValue>
  <ErrorMessage>Image Not Found -- imagefound Error - Error Computing Rectangle: (0,0,500,500)</ErrorMessage>
 </run>
 <run>
  <RunDate>2016-09-28 19:02:26.282 -0600</RunDate>
  <Status>Failure</Status>
  <Duration>0.612048</Duration>
  <Errors>1</Errors>
  <Warnings>0</Warnings>
  <Exceptions>0</Exceptions>
  <Successes>0</Successes>
  <LogFile>20160928_190226.282/LogFile.txt</LogFile>
  <ReturnValue></ReturnValue>
  <ErrorMessage>Image Not Found -- imagefound Error - Error Computing Rectangle: (0,0,500,500)</ErrorMessage>
 </run>
 <run>
  <RunDate>2016-09-28 19:05:20.241 -0600</RunDate>
  <Status>Success</Status>
  <Duration>6.599375</Duration>
  <Errors>0</Errors>
  <Warnings>1</Warnings>
  <Exceptions>0</Exceptions>
  <Successes>1</Successes>
  <LogFile>20160928_190520.241/LogFile.txt</LogFile>
  <ReturnValue></ReturnValue>
  <ErrorMessage></ErrorMessage>
 </run>
 <run>
  <RunDate>2016-09-28 19:05:49.798 -0600</RunDate>
  <Status>Success</Status>
  <Duration>5.237467</Duration>
  <Errors>0</Errors>
  <Warnings>1</Warnings>
  <Exceptions>0</Exceptions>
  <Successes>1</Successes>
  <LogFile>20160928_190549.798/LogFile.txt</LogFile>
  <ReturnValue></ReturnValue>
  <ErrorMessage></ErrorMessage>
 </run>
 <run>
  <RunDate>2016-09-28 19:06:14.816 -0600</RunDate>
  <Status>Success</Status>
  <Duration>8.105178</Duration>
  <Errors>0</Errors>
  <Warnings>1</Warnings>
  <Exceptions>0</Exceptions>
  <Successes>1</Successes>
  <LogFile>20160928_190614.816/LogFile.txt</LogFile>
  <ReturnValue></ReturnValue>
  <ErrorMessage></ErrorMessage>
 </run>
</runHistory>
