{
  "entries" : [
    {
      "identifier" : "START",
      "message" : "Running Untitled.script",
      "timestamp" : "2018-11-29 14:19:45.606 -0700"
    },
    {
      "handlerName" : "on_one",
      "message" : " the one",
      "timestamp" : "2018-11-29 14:19:45.731 -0700",
      "identifier" : "Log",
      "scriptName" : "",
      "handlerLine" : 3
    },
    {
      "identifier" : "EndTestCase",
      "message" : "(Duration:\"0.682004\", Errors:\"0\", Exceptions:\"0\", StartTime:\"2018-11-29 14:19:45 -0700\", Successes:\"1\", TestCase:\"Untitled.script\", Warnings:\"0\")",
      "timestamp" : "2018-11-29 14:19:46.330 -0700"
    },
    {
      "identifier" : "SUCCESS",
      "message" : "Execution Time 0:00:00 Untitled.script",
      "timestamp" : "2018-11-29 14:19:46.400 -0700"
    }
  ],
  "createdTimestamp" : "2018-11-29 14:19:45.648 -0700"
}