{
  "entries" : [
    {
      "identifier" : "START",
      "message" : "Running Master.script",
      "timestamp" : "2018-11-26 12:34:21.159 -0500"
    },
    {
      "handlerName" : "on_master",
      "message" : "()",
      "timestamp" : "2018-11-26 12:34:21.251 -0500",
      "identifier" : "Log",
      "scriptName" : "Master.script",
      "handlerLine" : 8
    },
    {
      "identifier" : "EndTestCase",
      "message" : "(Duration:\"0.650683\", Errors:\"0\", Exceptions:\"0\", StartTime:\"2018-11-26 12:34:21 -0500\", Successes:\"1\", TestCase:\"Master.script\", Warnings:\"0\")",
      "timestamp" : "2018-11-26 12:34:21.835 -0500"
    },
    {
      "identifier" : "SUCCESS",
      "message" : "Execution Time 0:00:00 Master.script",
      "timestamp" : "2018-11-26 12:34:21.893 -0500"
    }
  ],
  "createdTimestamp" : "2018-11-26 12:34:21.184 -0500"
}