{
  "entries" : [
    {
      "identifier" : "START",
      "message" : "Running AdvanceDates.script",
      "timestamp" : "2018-11-26 16:55:04.560 -0500"
    },
    {
      "handlerName" : "on_advancedates",
      "message" : "(2018-11-26,2018-12-01,2018-12-04,2018-12-06,Helo)",
      "timestamp" : "2018-11-26 16:55:04.656 -0500",
      "identifier" : "Log",
      "scriptName" : "AdvanceDates.script",
      "handlerLine" : 11
    },
    {
      "identifier" : "EndTestCase",
      "message" : "(Duration:\"0.38653\", Errors:\"0\", Exceptions:\"0\", StartTime:\"2018-11-26 16:55:04 -0500\", Successes:\"1\", TestCase:\"AdvanceDates.script\", Warnings:\"0\")",
      "timestamp" : "2018-11-26 16:55:04.972 -0500"
    },
    {
      "identifier" : "SUCCESS",
      "message" : "Execution Time 0:00:00 AdvanceDates.script",
      "timestamp" : "2018-11-26 16:55:05.021 -0500"
    }
  ],
  "createdTimestamp" : "2018-11-26 16:55:04.585 -0500"
}