﻿<?xml version="1.0"?>
<runHistory script="ConnectTO">
 <run>
  <RunDate>2018-04-06 09:41:41.086 -0600</RunDate>
  <Status>Failure</Status>
  <Duration>0.453742</Duration>
  <Errors>1</Errors>
  <Warnings>0</Warnings>
  <Exceptions>0</Exceptions>
  <Successes>0</Successes>
  <LogFile>20180406_094141.086/LogFile.txt</LogFile>
  <ReturnValue></ReturnValue>
  <ErrorMessage>STUnknownMessage -- ERROR: No Such Command: &#x27;epm_api&#x27;</ErrorMessage>
 </run>
 <run>
  <RunDate>2018-04-06 09:42:37.936 -0600</RunDate>
  <Status>Success</Status>
  <Duration>0.789674</Duration>
  <Errors>0</Errors>
  <Warnings>0</Warnings>
  <Exceptions>0</Exceptions>
  <Successes>1</Successes>
  <LogFile>20180406_094237.936/LogFile.txt</LogFile>
  <ReturnValue></ReturnValue>
  <ErrorMessage></ErrorMessage>
 </run>
</runHistory>
