{
  "entries" : [
    {
      "identifier" : "START",
      "message" : "Running MainFromSuite.script",
      "timestamp" : "2021-04-10 22:29:38.614 -0600"
    },
    {
      "handlerName" : "on_mainfromsuite",
      "message" : "20210301_194448.575",
      "timestamp" : "2021-04-10 22:29:38.671 -0600",
      "identifier" : "Log",
      "scriptName" : "MainFromSuite.script",
      "handlerLine" : 21
    },
    {
      "handlerName" : "on_mainfromsuite",
      "message" : "20210301_194416.595",
      "timestamp" : "2021-04-10 22:29:38.673 -0600",
      "identifier" : "Log",
      "scriptName" : "MainFromSuite.script",
      "handlerLine" : 21
    },
    {
      "identifier" : "EndTestCase",
      "message" : "(Duration:\"0.176008\", Errors:\"0\", Exceptions:\"0\", StartTime:\"2021-04-10 22:29:38 -0600\", Successes:\"1\", TestCase:\"MainFromSuite.script\", Warnings:\"0\")",
      "timestamp" : "2021-04-10 22:29:38.791 -0600"
    },
    {
      "identifier" : "SUCCESS",
      "message" : "Execution Time 0:00:00 MainFromSuite.script",
      "timestamp" : "2021-04-10 22:29:38.799 -0600"
    }
  ],
  "createdTimestamp" : "2021-04-10 22:29:38.614 -0600"
}