﻿<?xml version="1.0"?>
<statistics>
 <script name="AmazonApp-Feature">
  <LastStatus>Success</LastStatus>
  <NumberOfRuns>15</NumberOfRuns>
  <NumberOfFails>2</NumberOfFails>
  <FirstRun>2018-12-07 08:16:17 -0500</FirstRun>
  <LastRun>2019-01-02 13:26:35 -0700</LastRun>
  <TotalTimeOnSuccess>577.946268</TotalTimeOnSuccess>
 </script>
 <script name="DemoGherkin">
  <LastStatus>Success</LastStatus>
  <NumberOfRuns>2</NumberOfRuns>
  <NumberOfFails>0</NumberOfFails>
  <FirstRun>2018-12-19 17:37:58 -0500</FirstRun>
  <LastRun>2019-01-02 13:36:50 -0700</LastRun>
  <TotalTimeOnSuccess>0.852131</TotalTimeOnSuccess>
 </script>
 <script name="DemoGherkin-Feature">
  <LastStatus>Failure</LastStatus>
  <NumberOfRuns>43</NumberOfRuns>
  <NumberOfFails>16</NumberOfFails>
  <FirstRun>2019-01-02 13:28:20 -0700</FirstRun>
  <LastRun>Aug 28, 2019 at 11:48:18 AM</LastRun>
  <TotalTimeOnSuccess>12.336556</TotalTimeOnSuccess>
 </script>
 <script name="AmazonApp">
  <LastStatus>Success</LastStatus>
  <NumberOfRuns>1</NumberOfRuns>
  <NumberOfFails>0</NumberOfFails>
  <FirstRun>2018-12-19 11:59:35 -0500</FirstRun>
  <LastRun>2018-12-19 11:59:35 -0500</LastRun>
  <TotalTimeOnSuccess>0.435477</TotalTimeOnSuccess>
 </script>
</statistics>
