{
  "entries" : [
    {
      "identifier" : "START",
      "message" : "Running GetAuthAPI.apitest",
      "timestamp" : "2020-05-14 09:36:39.289 -0600"
    },
    {
      "identifier" : "EndTestCase",
      "message" : "(Duration:\"0.444371\", Errors:\"0\", Exceptions:\"0\", StartTime:\"2020-05-14 09:36:39 -0600\", Successes:\"1\", TestCase:\"GetAuthAPI.apitest\", Warnings:\"0\")",
      "timestamp" : "2020-05-14 09:36:39.735 -0600"
    },
    {
      "identifier" : "SUCCESS",
      "message" : "Execution Time 0:00:00 GetAuthAPI.apitest",
      "timestamp" : "2020-05-14 09:36:39.746 -0600"
    }
  ],
  "createdTimestamp" : "2020-05-14 09:36:39.290 -0600"
}