{
  "entries" : [
    {
      "identifier" : "START",
      "message" : "Running Untitled1.script",
      "timestamp" : "2021-01-18 14:39:40.790 -0700"
    },
    {
      "handlerName" : "on_untitled1",
      "message" : "{FFAECE:16, FFCB08:5}",
      "timestamp" : "2021-01-18 14:39:40.881 -0700",
      "identifier" : "Log",
      "scriptName" : "Untitled1.script",
      "handlerLine" : 40
    },
    {
      "identifier" : "EndTestCase",
      "message" : "(Duration:\"0.209335\", Errors:\"0\", Exceptions:\"0\", StartTime:\"2021-01-18 14:39:40 -0700\", Successes:\"1\", TestCase:\"Untitled1.script\", Warnings:\"0\")",
      "timestamp" : "2021-01-18 14:39:41.000 -0700"
    },
    {
      "identifier" : "SUCCESS",
      "message" : "Execution Time 0:00:00 Untitled1.script",
      "timestamp" : "2021-01-18 14:39:41.008 -0700"
    }
  ],
  "createdTimestamp" : "2021-01-18 14:39:40.791 -0700"
}