{
  "entries" : [
    {
      "identifier" : "START",
      "message" : "Running Untitled.script",
      "timestamp" : "2018-11-29 14:25:32.417 -0700"
    },
    {
      "handlerName" : "on_one",
      "message" : " the one",
      "timestamp" : "2018-11-29 14:25:32.543 -0700",
      "identifier" : "Log",
      "scriptName" : "",
      "handlerLine" : 3
    },
    {
      "identifier" : "EndTestCase",
      "message" : "(Duration:\"0.778928\", Errors:\"0\", Exceptions:\"0\", StartTime:\"2018-11-29 14:25:32 -0700\", Successes:\"1\", TestCase:\"Untitled.script\", Warnings:\"0\")",
      "timestamp" : "2018-11-29 14:25:33.243 -0700"
    },
    {
      "identifier" : "SUCCESS",
      "message" : "Execution Time 0:00:00 Untitled.script",
      "timestamp" : "2018-11-29 14:25:33.331 -0700"
    }
  ],
  "createdTimestamp" : "2018-11-29 14:25:32.463 -0700"
}