﻿Date Run,Status,Time,# of Errors,# of Warnings,# of Exceptions,Log File,Return Value,Error Message,# of Successes
2018-11-21 17:31:58.047 -0500,"Failure",0:00:00,1,0,0,"20181121_173158.047/LogFile.txt","","Script Error -- Number of Errors logged: 1",0
2018-11-21 17:32:00.363 -0500,"Success",0:00:00,0,0,0,"20181121_173200.363/LogFile.txt","","",1
2018-11-21 17:32:45.614 -0500,"Failure",0:00:00,1,0,0,"20181121_173245.614/LogFile.txt","","Script Error -- Number of Errors logged: 1",0
2018-11-21 17:33:00.297 -0500,"Success",0:00:00,0,0,0,"20181121_173300.297/LogFile.txt","","",1
2018-11-21 17:33:02.097 -0500,"Failure",0:00:00,1,0,0,"20181121_173302.097/LogFile.txt","","Script Error -- Number of Errors logged: 1",0
