{
  "entries" : [
    {
      "identifier" : "START",
      "message" : "Running Example Post Json.apitest",
      "timestamp" : "2020-08-11 10:39:01.315 -0600"
    },
    {
      "identifier" : "EndTestCase",
      "message" : "(Duration:\"0.615224\", Errors:\"0\", Exceptions:\"0\", StartTime:\"2020-08-11 10:39:01 -0600\", Successes:\"1\", TestCase:\"Example Post Json.apitest\", Warnings:\"0\")",
      "timestamp" : "2020-08-11 10:39:01.932 -0600"
    },
    {
      "identifier" : "SUCCESS",
      "message" : "Execution Time 0:00:00 Example Post Json.apitest",
      "timestamp" : "2020-08-11 10:39:01.943 -0600"
    }
  ],
  "createdTimestamp" : "2020-08-11 10:39:01.317 -0600"
}