{
  "entries" : [
    {
      "identifier" : "START",
      "message" : "Running Example Put.apitest",
      "timestamp" : "2020-07-13 09:57:15.022 -0600"
    },
    {
      "identifier" : "LogWarning",
      "message" : "Validation Warning: Empty request body.",
      "timestamp" : "2020-07-13 09:57:15.036 -0600"
    },
    {
      "identifier" : "EndTestCase",
      "message" : "(Duration:\"0.907567\", Errors:\"0\", Exceptions:\"0\", StartTime:\"2020-07-13 09:57:15 -0600\", Successes:\"1\", TestCase:\"Example Put.apitest\", Warnings:\"1\")",
      "timestamp" : "2020-07-13 09:57:15.932 -0600"
    },
    {
      "identifier" : "SUCCESS",
      "message" : "Execution Time 0:00:00 Example Put.apitest",
      "timestamp" : "2020-07-13 09:57:15.949 -0600"
    }
  ],
  "createdTimestamp" : "2020-07-13 09:57:15.023 -0600"
}