{
  "entries" : [
    {
      "identifier" : "START",
      "message" : "Running Example SuiteVariables.script",
      "timestamp" : "2020-08-05 10:50:14.944 -0600"
    },
    {
      "handlerName" : "on_example_suitevariables",
      "message" : "SUITEVARIABLES = {JSONData:@\"{\\n  \\\"hand\\\": \\\"wave\\\"\\n}\"}",
      "timestamp" : "2020-08-05 10:50:15.229 -0600",
      "identifier" : "set",
      "scriptName" : "Example SuiteVariables.script",
      "handlerLine" : 10
    },
    {
      "handlerName" : "on_example_suitevariables",
      "message" : "SUITEVARIABLES = {baseURL:\"https:\/\/postman-echo.com\/post\"}",
      "timestamp" : "2020-08-05 10:50:15.234 -0600",
      "identifier" : "set",
      "scriptName" : "Example SuiteVariables.script",
      "handlerLine" : 11
    },
    {
      "handlerName" : "on_example_suitevariables",
      "message" : "Data from response body: {hand:\"wave\"}",
      "timestamp" : "2020-08-05 10:50:15.539 -0600",
      "identifier" : "Log",
      "scriptName" : "Example SuiteVariables.script",
      "handlerLine" : 21
    },
    {
      "identifier" : "EndTestCase",
      "message" : "(Duration:\"3.102521\", Errors:\"0\", Exceptions:\"0\", StartTime:\"2020-08-05 10:50:14 -0600\", Successes:\"1\", TestCase:\"Example SuiteVariables.script\", Warnings:\"0\")",
      "timestamp" : "2020-08-05 10:50:18.051 -0600"
    },
    {
      "identifier" : "SUCCESS",
      "message" : "Execution Time 0:00:03 Example SuiteVariables.script",
      "timestamp" : "2020-08-05 10:50:18.067 -0600"
    }
  ],
  "createdTimestamp" : "2020-08-05 10:50:14.947 -0600"
}