{
  "entries" : [
    {
      "identifier" : "START",
      "message" : "Running Main.script",
      "timestamp" : "2020-07-30 13:48:25.711 -0600"
    },
    {
      "handlerName" : "on_main",
      "message" : "Loading Data{@\"Billing Date\":\"12\/6\/18\", @\"Charge Capture Date\":\"\", @\"Claims Date\":\"12\/7\/18\", @\"Coding Date\":\"12\/5\/18\", @\"Created Date\":\"12\/3\/18\", @\"Date of Birth\":\"6\/3\/17\", @\"First Name\":\"Jessica\", Gender:\"Female\", @\"Last Name\":\"Wheeler\", @\"Marital Status\":\"Married\", @\"Medical Record Number\":\"451976\", @\"Middle Name\":\"E\", @\"Social Security Number\":\"615-48-0563\", Suffix:\"Mrs\"}",
      "timestamp" : "2020-07-30 13:48:25.826 -0600",
      "identifier" : "Log",
      "scriptName" : "Main.script",
      "handlerLine" : 14
    },
    {
      "handlerName" : "on_main",
      "message" : "-----------------------------------------------------",
      "timestamp" : "2020-07-30 13:48:25.831 -0600",
      "identifier" : "Log",
      "scriptName" : "Main.script",
      "handlerLine" : 15
    },
    {
      "handlerName" : "on_subscript_script1",
      "message" : "Starting Script 1",
      "timestamp" : "2020-07-30 13:48:25.846 -0600",
      "identifier" : "Log",
      "scriptName" : "SubScript\/Script1.script",
      "handlerLine" : 2
    },
    {
      "handlerName" : "on_subscript_script1",
      "message" : "Mrs",
      "timestamp" : "2020-07-30 13:48:25.849 -0600",
      "identifier" : "Log",
      "scriptName" : "SubScript\/Script1.script",
      "handlerLine" : 7
    },
    {
      "handlerName" : "on_subscript_script1",
      "message" : "Jessica",
      "timestamp" : "2020-07-30 13:48:25.871 -0600",
      "identifier" : "Log",
      "scriptName" : "SubScript\/Script1.script",
      "handlerLine" : 8
    },
    {
      "handlerName" : "on_subscript_script2",
      "message" : "Starting Script 1",
      "timestamp" : "2020-07-30 13:48:25.919 -0600",
      "identifier" : "Log",
      "scriptName" : "SubScript\/Script2.script",
      "handlerLine" : 2
    },
    {
      "handlerName" : "on_subscript_script2",
      "message" : "451976",
      "timestamp" : "2020-07-30 13:48:25.921 -0600",
      "identifier" : "Log",
      "scriptName" : "SubScript\/Script2.script",
      "handlerLine" : 7
    },
    {
      "handlerName" : "on_subscript_script2",
      "message" : "Jessica",
      "timestamp" : "2020-07-30 13:48:25.925 -0600",
      "identifier" : "Log",
      "scriptName" : "SubScript\/Script2.script",
      "handlerLine" : 8
    },
    {
      "identifier" : "EndTestCase",
      "message" : "(Duration:\"0.558548\", Errors:\"0\", Exceptions:\"0\", StartTime:\"2020-07-30 13:48:25 -0600\", Successes:\"1\", TestCase:\"Main.script\", Warnings:\"0\")",
      "timestamp" : "2020-07-30 13:48:26.271 -0600"
    },
    {
      "identifier" : "SUCCESS",
      "message" : "Execution Time 0:00:00 Main.script",
      "timestamp" : "2020-07-30 13:48:26.279 -0600"
    }
  ],
  "createdTimestamp" : "2020-07-30 13:48:25.712 -0600"
}