{
  "entries" : [
    {
      "identifier" : "START",
      "message" : "Running GeneratingHolds.script",
      "timestamp" : "2018-11-20 20:59:41.708 -0500"
    },
    {
      "handlerName" : "on_generatingholds",
      "message" : "2018.11.14",
      "timestamp" : "2018-11-20 20:59:41.854 -0500",
      "identifier" : "Log",
      "scriptName" : "GeneratingHolds.script",
      "handlerLine" : 13
    },
    {
      "identifier" : "EndTestCase",
      "message" : "(Duration:\"0.549318\", Errors:\"0\", Exceptions:\"0\", StartTime:\"2018-11-20 20:59:41 -0500\", Successes:\"1\", TestCase:\"GeneratingHolds.script\", Warnings:\"0\")",
      "timestamp" : "2018-11-20 20:59:42.280 -0500"
    },
    {
      "identifier" : "SUCCESS",
      "message" : "Execution Time 0:00:00 GeneratingHolds.script",
      "timestamp" : "2018-11-20 20:59:42.331 -0500"
    }
  ],
  "createdTimestamp" : "2018-11-20 20:59:41.731 -0500"
}