﻿<?xml version="1.0"?>
<runHistory script="DemoGherkin-Feature">
 <run>
  <RunDate>2019-01-02 13:28:20.603 -0700</RunDate>
  <Status>Success</Status>
  <Duration>0.170249</Duration>
  <Errors>0</Errors>
  <Warnings>3</Warnings>
  <Exceptions>0</Exceptions>
  <Successes>1</Successes>
  <LogFile>20190102_132820.603/LogFile.txt</LogFile>
  <ReturnValue></ReturnValue>
  <ErrorMessage></ErrorMessage>
 </run>
 <run>
  <RunDate>2019-01-02 13:28:33.474 -0700</RunDate>
  <Status>Success</Status>
  <Duration>0.193653</Duration>
  <Errors>0</Errors>
  <Warnings>3</Warnings>
  <Exceptions>0</Exceptions>
  <Successes>1</Successes>
  <LogFile>20190102_132833.474/LogFile.txt</LogFile>
  <ReturnValue></ReturnValue>
  <ErrorMessage></ErrorMessage>
 </run>
 <run>
  <RunDate>2019-01-02 13:28:48.246 -0700</RunDate>
  <Status>Success</Status>
  <Duration>0.167003</Duration>
  <Errors>0</Errors>
  <Warnings>3</Warnings>
  <Exceptions>0</Exceptions>
  <Successes>1</Successes>
  <LogFile>20190102_132848.246/LogFile.txt</LogFile>
  <ReturnValue></ReturnValue>
  <ErrorMessage></ErrorMessage>
 </run>
 <run>
  <RunDate>2019-01-02 13:28:55.977 -0700</RunDate>
  <Status>Success</Status>
  <Duration>0.169961</Duration>
  <Errors>0</Errors>
  <Warnings>3</Warnings>
  <Exceptions>0</Exceptions>
  <Successes>1</Successes>
  <LogFile>20190102_132855.977/LogFile.txt</LogFile>
  <ReturnValue></ReturnValue>
  <ErrorMessage></ErrorMessage>
 </run>
 <run>
  <RunDate>2019-01-02 13:30:02.716 -0700</RunDate>
  <Status>Success</Status>
  <Duration>0.168501</Duration>
  <Errors>0</Errors>
  <Warnings>3</Warnings>
  <Exceptions>0</Exceptions>
  <Successes>1</Successes>
  <LogFile>20190102_133002.716/LogFile.txt</LogFile>
  <ReturnValue></ReturnValue>
  <ErrorMessage></ErrorMessage>
 </run>
 <run>
  <RunDate>2019-01-02 13:30:18.818 -0700</RunDate>
  <Status>Success</Status>
  <Duration>0.247184</Duration>
  <Errors>0</Errors>
  <Warnings>2</Warnings>
  <Exceptions>0</Exceptions>
  <Successes>1</Successes>
  <LogFile>20190102_133018.818/LogFile.txt</LogFile>
  <ReturnValue></ReturnValue>
  <ErrorMessage></ErrorMessage>
 </run>
 <run>
  <RunDate>2019-01-02 13:30:31.519 -0700</RunDate>
  <Status>Success</Status>
  <Duration>0.208449</Duration>
  <Errors>0</Errors>
  <Warnings>2</Warnings>
  <Exceptions>0</Exceptions>
  <Successes>1</Successes>
  <LogFile>20190102_133031.519/LogFile.txt</LogFile>
  <ReturnValue></ReturnValue>
  <ErrorMessage></ErrorMessage>
 </run>
 <run>
  <RunDate>2019-01-02 13:30:55.340 -0700</RunDate>
  <Status>Success</Status>
  <Duration>0.214121</Duration>
  <Errors>0</Errors>
  <Warnings>2</Warnings>
  <Exceptions>0</Exceptions>
  <Successes>1</Successes>
  <LogFile>20190102_133055.340/LogFile.txt</LogFile>
  <ReturnValue></ReturnValue>
  <ErrorMessage></ErrorMessage>
 </run>
 <run>
  <RunDate>2019-01-02 13:31:55.305 -0700</RunDate>
  <Status>Success</Status>
  <Duration>0.349474</Duration>
  <Errors>0</Errors>
  <Warnings>1</Warnings>
  <Exceptions>0</Exceptions>
  <Successes>2</Successes>
  <LogFile>20190102_133155.305/LogFile.txt</LogFile>
  <ReturnValue></ReturnValue>
  <ErrorMessage></ErrorMessage>
 </run>
 <run>
  <RunDate>2019-01-02 13:32:08.127 -0700</RunDate>
  <Status>Success</Status>
  <Duration>0.350483</Duration>
  <Errors>0</Errors>
  <Warnings>1</Warnings>
  <Exceptions>0</Exceptions>
  <Successes>2</Successes>
  <LogFile>20190102_133208.127/LogFile.txt</LogFile>
  <ReturnValue></ReturnValue>
  <ErrorMessage></ErrorMessage>
 </run>
 <run>
  <RunDate>2019-01-02 13:34:45.908 -0700</RunDate>
  <Status>Success</Status>
  <Duration>0.403125</Duration>
  <Errors>0</Errors>
  <Warnings>0</Warnings>
  <Exceptions>0</Exceptions>
  <Successes>3</Successes>
  <LogFile>20190102_133445.908/LogFile.txt</LogFile>
  <ReturnValue></ReturnValue>
  <ErrorMessage></ErrorMessage>
 </run>
 <run>
  <RunDate>2019-01-02 13:35:50.094 -0700</RunDate>
  <Status>Failure</Status>
  <Duration>0.437759</Duration>
  <Errors>2</Errors>
  <Warnings>0</Warnings>
  <Exceptions>0</Exceptions>
  <Successes>2</Successes>
  <LogFile>20190102_133550.094/LogFile.txt</LogFile>
  <ReturnValue></ReturnValue>
  <ErrorMessage>Script Error -- Number of Errors logged: 2</ErrorMessage>
 </run>
 <run>
  <RunDate>2019-01-02 13:35:58.124 -0700</RunDate>
  <Status>Failure</Status>
  <Duration>0.415846</Duration>
  <Errors>2</Errors>
  <Warnings>0</Warnings>
  <Exceptions>0</Exceptions>
  <Successes>2</Successes>
  <LogFile>20190102_133558.124/LogFile.txt</LogFile>
  <ReturnValue></ReturnValue>
  <ErrorMessage>Script Error -- Number of Errors logged: 2</ErrorMessage>
 </run>
 <run>
  <RunDate>2019-01-02 13:36:54.520 -0700</RunDate>
  <Status>Failure</Status>
  <Duration>0.313819</Duration>
  <Errors>4</Errors>
  <Warnings>0</Warnings>
  <Exceptions>0</Exceptions>
  <Successes>1</Successes>
  <LogFile>20190102_133654.520/LogFile.txt</LogFile>
  <ReturnValue></ReturnValue>
  <ErrorMessage>Unknown Property or Function -- Unable to access global property or function &#x27;RESULTS&#x27;</ErrorMessage>
 </run>
 <run>
  <RunDate>2019-01-02 13:37:04.426 -0700</RunDate>
  <Status>Success</Status>
  <Duration>0.454929</Duration>
  <Errors>0</Errors>
  <Warnings>0</Warnings>
  <Exceptions>0</Exceptions>
  <Successes>3</Successes>
  <LogFile>20190102_133704.426/LogFile.txt</LogFile>
  <ReturnValue></ReturnValue>
  <ErrorMessage></ErrorMessage>
 </run>
 <run>
  <RunDate>2019-01-02 13:39:34.271 -0700</RunDate>
  <Status>Failure</Status>
  <Duration>0.480518</Duration>
  <Errors>2</Errors>
  <Warnings>0</Warnings>
  <Exceptions>0</Exceptions>
  <Successes>2</Successes>
  <LogFile>20190102_133934.271/LogFile.txt</LogFile>
  <ReturnValue></ReturnValue>
  <ErrorMessage>Script Error -- Number of Errors logged: 2</ErrorMessage>
 </run>
 <run>
  <RunDate>2019-01-02 13:39:57.753 -0700</RunDate>
  <Status>Failure</Status>
  <Duration>0.583972</Duration>
  <Errors>2</Errors>
  <Warnings>0</Warnings>
  <Exceptions>0</Exceptions>
  <Successes>2</Successes>
  <LogFile>20190102_133957.753/LogFile.txt</LogFile>
  <ReturnValue></ReturnValue>
  <ErrorMessage>Script Error -- Number of Errors logged: 2</ErrorMessage>
 </run>
 <run>
  <RunDate>2019-01-02 13:43:20.395 -0700</RunDate>
  <Status>Success</Status>
  <Duration>0.534411</Duration>
  <Errors>0</Errors>
  <Warnings>0</Warnings>
  <Exceptions>0</Exceptions>
  <Successes>3</Successes>
  <LogFile>20190102_134320.395/LogFile.txt</LogFile>
  <ReturnValue></ReturnValue>
  <ErrorMessage></ErrorMessage>
 </run>
 <run>
  <RunDate>2019-01-02 13:43:22.633 -0700</RunDate>
  <Status>Success</Status>
  <Duration>0.446128</Duration>
  <Errors>0</Errors>
  <Warnings>0</Warnings>
  <Exceptions>0</Exceptions>
  <Successes>3</Successes>
  <LogFile>20190102_134322.633/LogFile.txt</LogFile>
  <ReturnValue></ReturnValue>
  <ErrorMessage></ErrorMessage>
 </run>
 <run>
  <RunDate>2019-01-02 13:43:24.469 -0700</RunDate>
  <Status>Success</Status>
  <Duration>0.465175</Duration>
  <Errors>0</Errors>
  <Warnings>0</Warnings>
  <Exceptions>0</Exceptions>
  <Successes>3</Successes>
  <LogFile>20190102_134324.469/LogFile.txt</LogFile>
  <ReturnValue></ReturnValue>
  <ErrorMessage></ErrorMessage>
 </run>
 <run>
  <RunDate>2019-01-02 13:43:25.543 -0700</RunDate>
  <Status>Success</Status>
  <Duration>0.465145</Duration>
  <Errors>0</Errors>
  <Warnings>0</Warnings>
  <Exceptions>0</Exceptions>
  <Successes>3</Successes>
  <LogFile>20190102_134325.543/LogFile.txt</LogFile>
  <ReturnValue></ReturnValue>
  <ErrorMessage></ErrorMessage>
 </run>
 <run>
  <RunDate>2019-01-02 13:43:27.064 -0700</RunDate>
  <Status>Failure</Status>
  <Duration>0.640492</Duration>
  <Errors>2</Errors>
  <Warnings>0</Warnings>
  <Exceptions>0</Exceptions>
  <Successes>2</Successes>
  <LogFile>20190102_134327.064/LogFile.txt</LogFile>
  <ReturnValue></ReturnValue>
  <ErrorMessage>Script Error -- Number of Errors logged: 2</ErrorMessage>
 </run>
 <run>
  <RunDate>2019-01-02 13:44:03.169 -0700</RunDate>
  <Status>Aborted</Status>
  <Duration>3.304798</Duration>
  <Errors>2</Errors>
  <Warnings>0</Warnings>
  <Exceptions>24</Exceptions>
  <Successes>0</Successes>
  <LogFile>20190102_134403.169/LogFile.txt</LogFile>
  <ReturnValue></ReturnValue>
  <ErrorMessage></ErrorMessage>
 </run>
 <run>
  <RunDate>2019-01-02 13:46:09.210 -0700</RunDate>
  <Status>Success</Status>
  <Duration>0.495018</Duration>
  <Errors>0</Errors>
  <Warnings>0</Warnings>
  <Exceptions>1</Exceptions>
  <Successes>3</Successes>
  <LogFile>20190102_134609.210/LogFile.txt</LogFile>
  <ReturnValue></ReturnValue>
  <ErrorMessage></ErrorMessage>
 </run>
 <run>
  <RunDate>2019-01-02 13:46:11.368 -0700</RunDate>
  <Status>Success</Status>
  <Duration>0.470453</Duration>
  <Errors>0</Errors>
  <Warnings>0</Warnings>
  <Exceptions>1</Exceptions>
  <Successes>3</Successes>
  <LogFile>20190102_134611.368/LogFile.txt</LogFile>
  <ReturnValue></ReturnValue>
  <ErrorMessage></ErrorMessage>
 </run>
 <run>
  <RunDate>2019-01-02 13:46:12.533 -0700</RunDate>
  <Status>Success</Status>
  <Duration>0.550453</Duration>
  <Errors>0</Errors>
  <Warnings>0</Warnings>
  <Exceptions>1</Exceptions>
  <Successes>3</Successes>
  <LogFile>20190102_134612.533/LogFile.txt</LogFile>
  <ReturnValue></ReturnValue>
  <ErrorMessage></ErrorMessage>
 </run>
 <run>
  <RunDate>2019-01-02 13:46:13.699 -0700</RunDate>
  <Status>Success</Status>
  <Duration>0.473260</Duration>
  <Errors>0</Errors>
  <Warnings>0</Warnings>
  <Exceptions>1</Exceptions>
  <Successes>3</Successes>
  <LogFile>20190102_134613.699/LogFile.txt</LogFile>
  <ReturnValue></ReturnValue>
  <ErrorMessage></ErrorMessage>
 </run>
 <run>
  <RunDate>2019-01-02 13:46:26.904 -0700</RunDate>
  <Status>Success</Status>
  <Duration>0.148365</Duration>
  <Errors>0</Errors>
  <Warnings>0</Warnings>
  <Exceptions>1</Exceptions>
  <Successes>1</Successes>
  <LogFile>20190102_134626.904/LogFile.txt</LogFile>
  <ReturnValue></ReturnValue>
  <ErrorMessage></ErrorMessage>
 </run>
 <run>
  <RunDate>2019-01-02 13:46:39.084 -0700</RunDate>
  <Status>Failure</Status>
  <Duration>0.179814</Duration>
  <Errors>2</Errors>
  <Warnings>0</Warnings>
  <Exceptions>1</Exceptions>
  <Successes>0</Successes>
  <LogFile>20190102_134639.084/LogFile.txt</LogFile>
  <ReturnValue></ReturnValue>
  <ErrorMessage>STInvalidNumber -- Value is not a number: &#x27;counter&#x27;</ErrorMessage>
 </run>
 <run>
  <RunDate>2019-01-02 13:48:14.637 -0700</RunDate>
  <Status>Success</Status>
  <Duration>0.510374</Duration>
  <Errors>0</Errors>
  <Warnings>0</Warnings>
  <Exceptions>1</Exceptions>
  <Successes>3</Successes>
  <LogFile>20190102_134814.637/LogFile.txt</LogFile>
  <ReturnValue></ReturnValue>
  <ErrorMessage></ErrorMessage>
 </run>
 <run>
  <RunDate>2019-01-02 13:48:16.548 -0700</RunDate>
  <Status>Success</Status>
  <Duration>0.576928</Duration>
  <Errors>0</Errors>
  <Warnings>0</Warnings>
  <Exceptions>1</Exceptions>
  <Successes>3</Successes>
  <LogFile>20190102_134816.548/LogFile.txt</LogFile>
  <ReturnValue></ReturnValue>
  <ErrorMessage></ErrorMessage>
 </run>
 <run>
  <RunDate>2019-01-02 13:48:19.879 -0700</RunDate>
  <Status>Success</Status>
  <Duration>0.151656</Duration>
  <Errors>0</Errors>
  <Warnings>0</Warnings>
  <Exceptions>1</Exceptions>
  <Successes>1</Successes>
  <LogFile>20190102_134819.879/LogFile.txt</LogFile>
  <ReturnValue></ReturnValue>
  <ErrorMessage></ErrorMessage>
 </run>
 <run>
  <RunDate>2019-01-02 13:48:40.901 -0700</RunDate>
  <Status>Success</Status>
  <Duration>1.488669</Duration>
  <Errors>0</Errors>
  <Warnings>0</Warnings>
  <Exceptions>11</Exceptions>
  <Successes>1</Successes>
  <LogFile>20190102_134840.901/LogFile.txt</LogFile>
  <ReturnValue></ReturnValue>
  <ErrorMessage></ErrorMessage>
 </run>
 <run>
  <RunDate>2019-01-02 13:49:53.391 -0700</RunDate>
  <Status>Success</Status>
  <Duration>1.510202</Duration>
  <Errors>0</Errors>
  <Warnings>0</Warnings>
  <Exceptions>11</Exceptions>
  <Successes>1</Successes>
  <LogFile>20190102_134953.391/LogFile.txt</LogFile>
  <ReturnValue></ReturnValue>
  <ErrorMessage></ErrorMessage>
 </run>
 <run>
  <RunDate>2019-01-02 13:53:12.964 -0700</RunDate>
  <Status>Failure</Status>
  <Duration>0.101584</Duration>
  <Errors>2</Errors>
  <Warnings>0</Warnings>
  <Exceptions>1</Exceptions>
  <Successes>0</Successes>
  <LogFile>20190102_135312.964/LogFile.txt</LogFile>
  <ReturnValue></ReturnValue>
  <ErrorMessage>File Not Found -- click Error - Could Not Open Image: image</ErrorMessage>
 </run>
 <run>
  <RunDate>2019-01-02 13:53:46.264 -0700</RunDate>
  <Status>Failure</Status>
  <Duration>0.508230</Duration>
  <Errors>2</Errors>
  <Warnings>0</Warnings>
  <Exceptions>1</Exceptions>
  <Successes>2</Successes>
  <LogFile>20190102_135346.264/LogFile.txt</LogFile>
  <ReturnValue></ReturnValue>
  <ErrorMessage>File Not Found -- click Error - Could Not Open Image: image</ErrorMessage>
 </run>
 <run>
  <RunDate>2019-01-02 13:53:53.693 -0700</RunDate>
  <Status>Failure</Status>
  <Duration>0.122677</Duration>
  <Errors>2</Errors>
  <Warnings>0</Warnings>
  <Exceptions>1</Exceptions>
  <Successes>0</Successes>
  <LogFile>20190102_135353.693/LogFile.txt</LogFile>
  <ReturnValue></ReturnValue>
  <ErrorMessage>File Not Found -- click Error - Could Not Open Image: image</ErrorMessage>
 </run>
 <run>
  <RunDate>2019-01-02 13:54:19.744 -0700</RunDate>
  <Status>Failure</Status>
  <Duration>0.520248</Duration>
  <Errors>2</Errors>
  <Warnings>0</Warnings>
  <Exceptions>1</Exceptions>
  <Successes>2</Successes>
  <LogFile>20190102_135419.744/LogFile.txt</LogFile>
  <ReturnValue></ReturnValue>
  <ErrorMessage>File Not Found -- click Error - Could Not Open Image: image</ErrorMessage>
 </run>
 <run>
  <RunDate>2019-01-02 13:54:31.632 -0700</RunDate>
  <Status>Failure</Status>
  <Duration>0.733413</Duration>
  <Errors>2</Errors>
  <Warnings>0</Warnings>
  <Exceptions>2</Exceptions>
  <Successes>2</Successes>
  <LogFile>20190102_135431.632/LogFile.txt</LogFile>
  <ReturnValue></ReturnValue>
  <ErrorMessage>File Not Found -- click Error - Could Not Open Image: image</ErrorMessage>
 </run>
 <run>
  <RunDate>2019-05-29 13:34:00.348 -0600</RunDate>
  <Status>Failure</Status>
  <Duration>0.047981</Duration>
  <Errors>2</Errors>
  <Warnings>0</Warnings>
  <Exceptions>2</Exceptions>
  <Successes>2</Successes>
  <LogFile>20190529_133400.348/LogFile.txt</LogFile>
  <ReturnValue></ReturnValue>
  <ErrorMessage>No Remote Connection -- click Error - Remote Connection Unavailable</ErrorMessage>
 </run>
 <run>
  <RunDate>2019-05-29 13:34:13.958 -0600</RunDate>
  <Status>Failure</Status>
  <Duration>0.049597</Duration>
  <Errors>2</Errors>
  <Warnings>0</Warnings>
  <Exceptions>2</Exceptions>
  <Successes>2</Successes>
  <LogFile>20190529_133413.958/LogFile.txt</LogFile>
  <ReturnValue></ReturnValue>
  <ErrorMessage>No Remote Connection -- click Error - Remote Connection Unavailable</ErrorMessage>
 </run>
 <run>
  <RunDate>2019-05-29 13:34:28.132 -0600</RunDate>
  <Status>Failure</Status>
  <Duration>0.056002</Duration>
  <Errors>2</Errors>
  <Warnings>0</Warnings>
  <Exceptions>2</Exceptions>
  <Successes>2</Successes>
  <LogFile>20190529_133428.132/LogFile.txt</LogFile>
  <ReturnValue></ReturnValue>
  <ErrorMessage>File Not Found -- click Error - Could Not Open Image: image</ErrorMessage>
 </run>
 <run>
  <RunDate>2019-05-29 13:34:56.525 -0600</RunDate>
  <Status>Success</Status>
  <Duration>0.953187</Duration>
  <Errors>0</Errors>
  <Warnings>0</Warnings>
  <Exceptions>0</Exceptions>
  <Successes>3</Successes>
  <LogFile>20190529_133456.525/LogFile.txt</LogFile>
  <ReturnValue></ReturnValue>
  <ErrorMessage></ErrorMessage>
 </run>
 <run>
  <RunDate>2019-08-28 15:48:18 +0000</RunDate>
  <Status>Failure</Status>
  <Duration>0.056463</Duration>
  <Errors>2</Errors>
  <Warnings>0</Warnings>
  <Exceptions>2</Exceptions>
  <Successes>2</Successes>
  <LogFile>20190828_114818.940/LogFile.txt</LogFile>
  <ReturnValue></ReturnValue>
  <ErrorMessage>No Remote Connection -- click Error - Remote Connection Unavailable</ErrorMessage>
 </run>
</runHistory>
