{
  "entries" : [
    {
      "identifier" : "START",
      "message" : "Running Master.script",
      "timestamp" : "2018-11-26 13:11:26.776 -0500"
    },
    {
      "identifier" : "EndTestCase",
      "message" : "(Duration:\"0.699481\", Errors:\"1\", Exceptions:\"0\", StartTime:\"2018-11-26 13:11:26 -0500\", Successes:\"0\", TestCase:\"Master.script\", Warnings:\"0\")",
      "timestamp" : "2018-11-26 13:11:27.500 -0500"
    },
    {
      "message" : "STUnknownMessage ERROR: No Such Function: 'new' -- Execution Time 0:00:00 Master.script",
      "timestamp" : "2018-11-26 13:11:28.975 -0500",
      "identifier" : "FAILURE",
      "image" : "Screen_Error.png"
    }
  ],
  "createdTimestamp" : "2018-11-26 13:11:26.800 -0500"
}