{
  "entries" : [
    {
      "identifier" : "START",
      "message" : "Running AdvanceDates.script",
      "timestamp" : "2018-11-26 16:47:48.672 -0500"
    },
    {
      "handlerName" : "on_advancedates",
      "message" : "5",
      "timestamp" : "2018-11-26 16:47:48.753 -0500",
      "identifier" : "Log",
      "scriptName" : "AdvanceDates.script",
      "handlerLine" : 11
    },
    {
      "handlerName" : "on_advancedates",
      "message" : "(2018-11-27,2018-11-27,2018-11-27,2018-12-04,2018-12-06)",
      "timestamp" : "2018-11-26 16:47:48.794 -0500",
      "identifier" : "Log",
      "scriptName" : "AdvanceDates.script",
      "handlerLine" : 12
    },
    {
      "identifier" : "EndTestCase",
      "message" : "(Duration:\"0.380462\", Errors:\"0\", Exceptions:\"0\", StartTime:\"2018-11-26 16:47:48 -0500\", Successes:\"1\", TestCase:\"AdvanceDates.script\", Warnings:\"0\")",
      "timestamp" : "2018-11-26 16:47:49.075 -0500"
    },
    {
      "identifier" : "SUCCESS",
      "message" : "Execution Time 0:00:00 AdvanceDates.script",
      "timestamp" : "2018-11-26 16:47:49.130 -0500"
    }
  ],
  "createdTimestamp" : "2018-11-26 16:47:48.695 -0500"
}