{
  "entries" : [
    {
      "identifier" : "START",
      "message" : "Running index.script",
      "timestamp" : "2021-01-18 12:07:56.611 -0700"
    },
    {
      "handlerName" : "on_definecolorarea",
      "message" : "calculating...",
      "timestamp" : "2021-01-18 12:07:56.857 -0700",
      "identifier" : "Log",
      "scriptName" : "",
      "handlerLine" : 27
    },
    {
      "handlerName" : "on_index",
      "message" : "F05A46",
      "timestamp" : "2021-01-18 12:07:56.880 -0700",
      "identifier" : "Log",
      "scriptName" : "index.script",
      "handlerLine" : 23
    },
    {
      "handlerName" : "function_pixelmatch",
      "message" : "Pixel Count is: 880",
      "timestamp" : "2021-01-18 12:07:56.886 -0700",
      "identifier" : "Log",
      "scriptName" : "",
      "handlerLine" : 9
    },
    {
      "handlerName" : "on_index",
      "message" : "0",
      "timestamp" : "2021-01-18 12:07:56.961 -0700",
      "identifier" : "Log",
      "scriptName" : "index.script",
      "handlerLine" : 26
    },
    {
      "identifier" : "EndTestCase",
      "message" : "(Duration:\"0.437347\", Errors:\"0\", Exceptions:\"0\", StartTime:\"2021-01-18 12:07:56 -0700\", Successes:\"1\", TestCase:\"index.script\", Warnings:\"0\")",
      "timestamp" : "2021-01-18 12:07:57.050 -0700"
    },
    {
      "identifier" : "SUCCESS",
      "message" : "Execution Time 0:00:00 index.script",
      "timestamp" : "2021-01-18 12:07:57.057 -0700"
    }
  ],
  "createdTimestamp" : "2021-01-18 12:07:56.612 -0700"
}