{
  "entries" : [
    {
      "identifier" : "START",
      "message" : "Running AdvanceDates.script",
      "timestamp" : "2018-11-26 16:57:39.972 -0500"
    },
    {
      "handlerName" : "on_advancedates",
      "message" : "(,2018-11-29,2018-12-03,2018-12-03,2018-12-04)",
      "timestamp" : "2018-11-26 16:57:40.053 -0500",
      "identifier" : "Log",
      "scriptName" : "AdvanceDates.script",
      "handlerLine" : 18
    },
    {
      "identifier" : "EndTestCase",
      "message" : "(Duration:\"0.318757\", Errors:\"0\", Exceptions:\"0\", StartTime:\"2018-11-26 16:57:40 -0500\", Successes:\"1\", TestCase:\"AdvanceDates.script\", Warnings:\"0\")",
      "timestamp" : "2018-11-26 16:57:40.321 -0500"
    },
    {
      "identifier" : "SUCCESS",
      "message" : "Execution Time 0:00:00 AdvanceDates.script",
      "timestamp" : "2018-11-26 16:57:40.375 -0500"
    }
  ],
  "createdTimestamp" : "2018-11-26 16:57:40.002 -0500"
}