{
  "entries" : [
    {
      "identifier" : "START",
      "message" : "Running VerifyResponse.script",
      "timestamp" : "2020-08-05 10:31:49.553 -0600"
    },
    {
      "handlerName" : "on_verifyresponse",
      "message" : "Data from response body: {hand:\"wave\"}",
      "timestamp" : "2020-08-05 10:31:50.086 -0600",
      "identifier" : "Log",
      "scriptName" : "VerifyResponse.script",
      "handlerLine" : 6
    },
    {
      "handlerName" : "on_verifyresponse",
      "message" : "Hand was able to wave",
      "timestamp" : "2020-08-05 10:31:50.092 -0600",
      "identifier" : "LogSuccess",
      "scriptName" : "VerifyResponse.script",
      "handlerLine" : 11
    },
    {
      "identifier" : "EndTestCase",
      "message" : "(Duration:\"2.54706\", Errors:\"0\", Exceptions:\"0\", StartTime:\"2020-08-05 10:31:49 -0600\", Successes:\"1\", TestCase:\"VerifyResponse.script\", Warnings:\"0\")",
      "timestamp" : "2020-08-05 10:31:52.104 -0600"
    },
    {
      "identifier" : "SUCCESS",
      "message" : "Execution Time 0:00:02 VerifyResponse.script",
      "timestamp" : "2020-08-05 10:31:52.121 -0600"
    }
  ],
  "createdTimestamp" : "2020-08-05 10:31:49.556 -0600"
}