{
  "entries" : [
    {
      "identifier" : "START",
      "message" : "Running Example SuiteVariables.script",
      "timestamp" : "2020-08-05 10:49:47.267 -0600"
    },
    {
      "handlerName" : "on_example_suitevariables",
      "message" : "SUITEVARIABLES = {JSONData:@\"{\\n  \\\"hand\\\": \\\"wave\\\"\\n}\"}",
      "timestamp" : "2020-08-05 10:49:47.509 -0600",
      "identifier" : "set",
      "scriptName" : "Example SuiteVariables.script",
      "handlerLine" : 10
    },
    {
      "handlerName" : "on_example_suitevariables",
      "message" : "SUITEVARIABLES = {baseURL:\"https:\/\/postman-echo.com\/post\"}",
      "timestamp" : "2020-08-05 10:49:47.516 -0600",
      "identifier" : "set",
      "scriptName" : "Example SuiteVariables.script",
      "handlerLine" : 11
    },
    {
      "handlerName" : "on_example_suitevariables",
      "timestamp" : "2020-08-05 10:49:47.709 -0600",
      "identifier" : "Log",
      "scriptName" : "Example SuiteVariables.script",
      "handlerLine" : 20
    },
    {
      "identifier" : "EndTestCase",
      "message" : "(Duration:\"3.349384\", Errors:\"0\", Exceptions:\"0\", StartTime:\"2020-08-05 10:49:47 -0600\", Successes:\"1\", TestCase:\"Example SuiteVariables.script\", Warnings:\"0\")",
      "timestamp" : "2020-08-05 10:49:50.622 -0600"
    },
    {
      "identifier" : "SUCCESS",
      "message" : "Execution Time 0:00:03 Example SuiteVariables.script",
      "timestamp" : "2020-08-05 10:49:50.639 -0600"
    }
  ],
  "createdTimestamp" : "2020-08-05 10:49:47.271 -0600"
}