{
  "entries" : [
    {
      "identifier" : "START",
      "message" : "Running AdvanceDates.script",
      "timestamp" : "2018-11-26 16:49:45.062 -0500"
    },
    {
      "handlerName" : "on_advancedates",
      "message" : "(2018-11-27,hello,2018-11-29,2018-11-30,2018-12-02,2018-12-06)",
      "timestamp" : "2018-11-26 16:49:45.149 -0500",
      "identifier" : "Log",
      "scriptName" : "AdvanceDates.script",
      "handlerLine" : 15
    },
    {
      "identifier" : "EndTestCase",
      "message" : "(Duration:\"0.369133\", Errors:\"0\", Exceptions:\"0\", StartTime:\"2018-11-26 16:49:45 -0500\", Successes:\"1\", TestCase:\"AdvanceDates.script\", Warnings:\"0\")",
      "timestamp" : "2018-11-26 16:49:45.454 -0500"
    },
    {
      "identifier" : "SUCCESS",
      "message" : "Execution Time 0:00:00 AdvanceDates.script",
      "timestamp" : "2018-11-26 16:49:45.505 -0500"
    }
  ],
  "createdTimestamp" : "2018-11-26 16:49:45.085 -0500"
}