{
  "entries" : [
    {
      "identifier" : "START",
      "message" : "Running Main02.script",
      "timestamp" : "2021-04-08 13:06:51.622 -0600"
    },
    {
      "identifier" : "EndTestCase",
      "message" : "(Duration:\"0.254657\", Errors:\"0\", Exceptions:\"0\", StartTime:\"2021-04-08 13:06:51 -0600\", Successes:\"1\", TestCase:\"Main02.script\", Warnings:\"0\")",
      "timestamp" : "2021-04-08 13:06:51.878 -0600"
    },
    {
      "identifier" : "SUCCESS",
      "message" : "Execution Time 0:00:00 Main02.script",
      "timestamp" : "2021-04-08 13:06:51.885 -0600"
    }
  ],
  "createdTimestamp" : "2021-04-08 13:06:51.623 -0600"
}