﻿<?xml version="1.0" encoding="UTF-8" ?>
<runHistory script="MainFromSuite">
 <run>
  <RunDate>2021-04-10 22:22:39.903 -0600</RunDate>
  <Status>Success</Status>
  <Duration>0.201520</Duration>
  <Errors>0</Errors>
  <Warnings>0</Warnings>
  <Exceptions>0</Exceptions>
  <Successes>1</Successes>
  <LogFile>20210410_222239.903/LogFile.txt</LogFile>
  <ReturnValue></ReturnValue>
  <ErrorMessage></ErrorMessage>
 </run>
 <run>
  <RunDate>2021-04-10 22:26:06.361 -0600</RunDate>
  <Status>Success</Status>
  <Duration>0.173729</Duration>
  <Errors>0</Errors>
  <Warnings>0</Warnings>
  <Exceptions>0</Exceptions>
  <Successes>1</Successes>
  <LogFile>20210410_222606.361/LogFile.txt</LogFile>
  <ReturnValue></ReturnValue>
  <ErrorMessage></ErrorMessage>
 </run>
 <run>
  <RunDate>2021-04-10 22:27:33.608 -0600</RunDate>
  <Status>Success</Status>
  <Duration>0.177115</Duration>
  <Errors>0</Errors>
  <Warnings>0</Warnings>
  <Exceptions>0</Exceptions>
  <Successes>1</Successes>
  <LogFile>20210410_222733.608/LogFile.txt</LogFile>
  <ReturnValue></ReturnValue>
  <ErrorMessage></ErrorMessage>
 </run>
 <run>
  <RunDate>2021-04-10 22:27:49.448 -0600</RunDate>
  <Status>Success</Status>
  <Duration>0.181879</Duration>
  <Errors>0</Errors>
  <Warnings>0</Warnings>
  <Exceptions>0</Exceptions>
  <Successes>1</Successes>
  <LogFile>20210410_222749.448/LogFile.txt</LogFile>
  <ReturnValue></ReturnValue>
  <ErrorMessage></ErrorMessage>
 </run>
 <run>
  <RunDate>2021-04-10 22:28:05.120 -0600</RunDate>
  <Status>Success</Status>
  <Duration>0.162205</Duration>
  <Errors>0</Errors>
  <Warnings>0</Warnings>
  <Exceptions>0</Exceptions>
  <Successes>1</Successes>
  <LogFile>20210410_222805.120/LogFile.txt</LogFile>
  <ReturnValue></ReturnValue>
  <ErrorMessage></ErrorMessage>
 </run>
 <run>
  <RunDate>2021-04-10 22:28:14.837 -0600</RunDate>
  <Status>Success</Status>
  <Duration>0.181030</Duration>
  <Errors>0</Errors>
  <Warnings>0</Warnings>
  <Exceptions>0</Exceptions>
  <Successes>1</Successes>
  <LogFile>20210410_222814.837/LogFile.txt</LogFile>
  <ReturnValue></ReturnValue>
  <ErrorMessage></ErrorMessage>
 </run>
 <run>
  <RunDate>2021-04-10 22:29:38.611 -0600</RunDate>
  <Status>Success</Status>
  <Duration>0.178968</Duration>
  <Errors>0</Errors>
  <Warnings>0</Warnings>
  <Exceptions>0</Exceptions>
  <Successes>1</Successes>
  <LogFile>20210410_222938.611/LogFile.txt</LogFile>
  <ReturnValue></ReturnValue>
  <ErrorMessage></ErrorMessage>
 </run>
 <run>
  <RunDate>2021-04-10 22:29:55.823 -0600</RunDate>
  <Status>Success</Status>
  <Duration>0.196031</Duration>
  <Errors>0</Errors>
  <Warnings>0</Warnings>
  <Exceptions>0</Exceptions>
  <Successes>1</Successes>
  <LogFile>20210410_222955.823/LogFile.txt</LogFile>
  <ReturnValue></ReturnValue>
  <ErrorMessage></ErrorMessage>
 </run>
 <run>
  <RunDate>2021-04-10 22:30:33.501 -0600</RunDate>
  <Status>Success</Status>
  <Duration>0.198435</Duration>
  <Errors>0</Errors>
  <Warnings>0</Warnings>
  <Exceptions>0</Exceptions>
  <Successes>1</Successes>
  <LogFile>20210410_223033.501/LogFile.txt</LogFile>
  <ReturnValue></ReturnValue>
  <ErrorMessage></ErrorMessage>
 </run>
 <run>
  <RunDate>2021-04-10 22:30:47.940 -0600</RunDate>
  <Status>Success</Status>
  <Duration>0.182983</Duration>
  <Errors>0</Errors>
  <Warnings>0</Warnings>
  <Exceptions>0</Exceptions>
  <Successes>1</Successes>
  <LogFile>20210410_223047.940/LogFile.txt</LogFile>
  <ReturnValue></ReturnValue>
  <ErrorMessage></ErrorMessage>
 </run>
 <run>
  <RunDate>2021-04-10 22:31:01.543 -0600</RunDate>
  <Status>Success</Status>
  <Duration>0.183782</Duration>
  <Errors>0</Errors>
  <Warnings>0</Warnings>
  <Exceptions>0</Exceptions>
  <Successes>1</Successes>
  <LogFile>20210410_223101.543/LogFile.txt</LogFile>
  <ReturnValue></ReturnValue>
  <ErrorMessage></ErrorMessage>
 </run>
 <run>
  <RunDate>2021-04-10 22:31:34.319 -0600</RunDate>
  <Status>Success</Status>
  <Duration>0.222693</Duration>
  <Errors>0</Errors>
  <Warnings>0</Warnings>
  <Exceptions>0</Exceptions>
  <Successes>1</Successes>
  <LogFile>20210410_223134.319/LogFile.txt</LogFile>
  <ReturnValue></ReturnValue>
  <ErrorMessage></ErrorMessage>
 </run>
 <run>
  <RunDate>2021-04-10 22:31:51.247 -0600</RunDate>
  <Status>Success</Status>
  <Duration>0.179313</Duration>
  <Errors>0</Errors>
  <Warnings>0</Warnings>
  <Exceptions>0</Exceptions>
  <Successes>1</Successes>
  <LogFile>20210410_223151.247/LogFile.txt</LogFile>
  <ReturnValue></ReturnValue>
  <ErrorMessage></ErrorMessage>
 </run>
 <run>
  <RunDate>2021-04-10 22:32:33.176 -0600</RunDate>
  <Status>Success</Status>
  <Duration>0.168353</Duration>
  <Errors>0</Errors>
  <Warnings>0</Warnings>
  <Exceptions>0</Exceptions>
  <Successes>1</Successes>
  <LogFile>20210410_223233.176/LogFile.txt</LogFile>
  <ReturnValue></ReturnValue>
  <ErrorMessage></ErrorMessage>
 </run>
 <run>
  <RunDate>2021-04-10 22:32:44.588 -0600</RunDate>
  <Status>Success</Status>
  <Duration>0.172151</Duration>
  <Errors>0</Errors>
  <Warnings>0</Warnings>
  <Exceptions>0</Exceptions>
  <Successes>1</Successes>
  <LogFile>20210410_223244.588/LogFile.txt</LogFile>
  <ReturnValue></ReturnValue>
  <ErrorMessage></ErrorMessage>
 </run>
 <run>
  <RunDate>2021-04-10 22:33:42.127 -0600</RunDate>
  <Status>Success</Status>
  <Duration>0.195823</Duration>
  <Errors>0</Errors>
  <Warnings>0</Warnings>
  <Exceptions>0</Exceptions>
  <Successes>1</Successes>
  <LogFile>20210410_223342.127/LogFile.txt</LogFile>
  <ReturnValue></ReturnValue>
  <ErrorMessage></ErrorMessage>
 </run>
 <run>
  <RunDate>2021-04-10 22:33:51.921 -0600</RunDate>
  <Status>Success</Status>
  <Duration>0.167627</Duration>
  <Errors>0</Errors>
  <Warnings>0</Warnings>
  <Exceptions>0</Exceptions>
  <Successes>1</Successes>
  <LogFile>20210410_223351.921/LogFile.txt</LogFile>
  <ReturnValue></ReturnValue>
  <ErrorMessage></ErrorMessage>
 </run>
 <run>
  <RunDate>2021-04-10 22:34:12.101 -0600</RunDate>
  <Status>Success</Status>
  <Duration>0.172195</Duration>
  <Errors>0</Errors>
  <Warnings>0</Warnings>
  <Exceptions>0</Exceptions>
  <Successes>1</Successes>
  <LogFile>20210410_223412.101/LogFile.txt</LogFile>
  <ReturnValue></ReturnValue>
  <ErrorMessage></ErrorMessage>
 </run>
 <run>
  <RunDate>2021-04-10 22:35:03.575 -0600</RunDate>
  <Status>Success</Status>
  <Duration>0.174569</Duration>
  <Errors>0</Errors>
  <Warnings>0</Warnings>
  <Exceptions>0</Exceptions>
  <Successes>1</Successes>
  <LogFile>20210410_223503.575/LogFile.txt</LogFile>
  <ReturnValue></ReturnValue>
  <ErrorMessage></ErrorMessage>
 </run>
 <run>
  <RunDate>2021-04-10 22:39:59.071 -0600</RunDate>
  <Status>Success</Status>
  <Duration>0.191696</Duration>
  <Errors>0</Errors>
  <Warnings>0</Warnings>
  <Exceptions>0</Exceptions>
  <Successes>1</Successes>
  <LogFile>20210410_223959.071/LogFile.txt</LogFile>
  <ReturnValue></ReturnValue>
  <ErrorMessage></ErrorMessage>
 </run>
 <run>
  <RunDate>2021-04-10 22:40:05.346 -0600</RunDate>
  <Status>Success</Status>
  <Duration>0.181684</Duration>
  <Errors>0</Errors>
  <Warnings>0</Warnings>
  <Exceptions>0</Exceptions>
  <Successes>1</Successes>
  <LogFile>20210410_224005.346/LogFile.txt</LogFile>
  <ReturnValue></ReturnValue>
  <ErrorMessage></ErrorMessage>
 </run>
 <run>
  <RunDate>2021-04-10 22:42:00.510 -0600</RunDate>
  <Status>Success</Status>
  <Duration>0.182906</Duration>
  <Errors>0</Errors>
  <Warnings>0</Warnings>
  <Exceptions>0</Exceptions>
  <Successes>1</Successes>
  <LogFile>20210410_224200.510/LogFile.txt</LogFile>
  <ReturnValue></ReturnValue>
  <ErrorMessage></ErrorMessage>
 </run>
 <run>
  <RunDate>2021-04-10 22:42:24.805 -0600</RunDate>
  <Status>Success</Status>
  <Duration>0.181003</Duration>
  <Errors>0</Errors>
  <Warnings>0</Warnings>
  <Exceptions>0</Exceptions>
  <Successes>1</Successes>
  <LogFile>20210410_224224.805/LogFile.txt</LogFile>
  <ReturnValue></ReturnValue>
  <ErrorMessage></ErrorMessage>
 </run>
 <run>
  <RunDate>2021-04-10 22:43:15.438 -0600</RunDate>
  <Status>Success</Status>
  <Duration>0.344610</Duration>
  <Errors>0</Errors>
  <Warnings>0</Warnings>
  <Exceptions>0</Exceptions>
  <Successes>1</Successes>
  <LogFile>20210410_224315.438/LogFile.txt</LogFile>
  <ReturnValue></ReturnValue>
  <ErrorMessage></ErrorMessage>
 </run>
 <run>
  <RunDate>2021-04-10 22:44:00.989 -0600</RunDate>
  <Status>Success</Status>
  <Duration>0.353721</Duration>
  <Errors>0</Errors>
  <Warnings>1</Warnings>
  <Exceptions>0</Exceptions>
  <Successes>1</Successes>
  <LogFile>20210410_224400.989/LogFile.txt</LogFile>
  <ReturnValue></ReturnValue>
  <ErrorMessage></ErrorMessage>
 </run>
 <run>
  <RunDate>2021-04-10 22:47:32.779 -0600</RunDate>
  <Status>Success</Status>
  <Duration>1.059392</Duration>
  <Errors>0</Errors>
  <Warnings>1</Warnings>
  <Exceptions>0</Exceptions>
  <Successes>1</Successes>
  <LogFile>20210410_224732.779/LogFile.txt</LogFile>
  <ReturnValue></ReturnValue>
  <ErrorMessage></ErrorMessage>
 </run>
 <run>
  <RunDate>2021-04-10 23:37:36.568 -0600</RunDate>
  <Status>Failure</Status>
  <Duration>0.476392</Duration>
  <Errors>1</Errors>
  <Warnings>1</Warnings>
  <Exceptions>0</Exceptions>
  <Successes>0</Successes>
  <LogFile>20210410_233736.568/LogFile.txt</LogFile>
  <ReturnValue></ReturnValue>
  <ErrorMessage>STInvalidDate -- Value is not a date: &#x27;{Author:&quot;Randy Hesse&quot;, Comp...&#x27;</ErrorMessage>
 </run>
 <run>
  <RunDate>2021-04-10 23:40:05.569 -0600</RunDate>
  <Status>Success</Status>
  <Duration>1.119610</Duration>
  <Errors>0</Errors>
  <Warnings>5</Warnings>
  <Exceptions>0</Exceptions>
  <Successes>1</Successes>
  <LogFile>20210410_234005.569/LogFile.txt</LogFile>
  <ReturnValue></ReturnValue>
  <ErrorMessage></ErrorMessage>
 </run>
 <run>
  <RunDate>2021-04-12 14:33:27.924 -0600</RunDate>
  <Status>Success</Status>
  <Duration>3.506875</Duration>
  <Errors>0</Errors>
  <Warnings>0</Warnings>
  <Exceptions>0</Exceptions>
  <Successes>1</Successes>
  <LogFile>20210412_143327.924/LogFile.txt</LogFile>
  <ReturnValue></ReturnValue>
  <ErrorMessage></ErrorMessage>
 </run>
 <run>
  <RunDate>2021-04-12 14:45:32.950 -0600</RunDate>
  <Status>Success</Status>
  <Duration>3.809057</Duration>
  <Errors>0</Errors>
  <Warnings>18</Warnings>
  <Exceptions>0</Exceptions>
  <Successes>1</Successes>
  <LogFile>20210412_144532.950/LogFile.txt</LogFile>
  <ReturnValue></ReturnValue>
  <ErrorMessage></ErrorMessage>
 </run>
 <run>
  <RunDate>2021-04-12 14:46:54.651 -0600</RunDate>
  <Status>Success</Status>
  <Duration>3.550562</Duration>
  <Errors>0</Errors>
  <Warnings>18</Warnings>
  <Exceptions>0</Exceptions>
  <Successes>1</Successes>
  <LogFile>20210412_144654.651/LogFile.txt</LogFile>
  <ReturnValue></ReturnValue>
  <ErrorMessage></ErrorMessage>
 </run>
 <run>
  <RunDate>2021-04-12 14:52:12.522 -0600</RunDate>
  <Status>Success</Status>
  <Duration>5.051916</Duration>
  <Errors>0</Errors>
  <Warnings>18</Warnings>
  <Exceptions>0</Exceptions>
  <Successes>1</Successes>
  <LogFile>20210412_145212.522/LogFile.txt</LogFile>
  <ReturnValue></ReturnValue>
  <ErrorMessage></ErrorMessage>
 </run>
 <run>
  <RunDate>2021-04-12 14:52:52.672 -0600</RunDate>
  <Status>Success</Status>
  <Duration>4.574935</Duration>
  <Errors>0</Errors>
  <Warnings>18</Warnings>
  <Exceptions>0</Exceptions>
  <Successes>1</Successes>
  <LogFile>20210412_145252.672/LogFile.txt</LogFile>
  <ReturnValue></ReturnValue>
  <ErrorMessage></ErrorMessage>
 </run>
 <run>
  <RunDate>2021-04-12 14:54:01.201 -0600</RunDate>
  <Status>Success</Status>
  <Duration>4.595906</Duration>
  <Errors>0</Errors>
  <Warnings>18</Warnings>
  <Exceptions>0</Exceptions>
  <Successes>1</Successes>
  <LogFile>20210412_145401.201/LogFile.txt</LogFile>
  <ReturnValue></ReturnValue>
  <ErrorMessage></ErrorMessage>
 </run>
 <run>
  <RunDate>2021-04-12 14:54:28.832 -0600</RunDate>
  <Status>Success</Status>
  <Duration>4.717297</Duration>
  <Errors>0</Errors>
  <Warnings>18</Warnings>
  <Exceptions>0</Exceptions>
  <Successes>1</Successes>
  <LogFile>20210412_145428.832/LogFile.txt</LogFile>
  <ReturnValue></ReturnValue>
  <ErrorMessage></ErrorMessage>
 </run>
 <run>
  <RunDate>2021-04-12 14:55:01.200 -0600</RunDate>
  <Status>Success</Status>
  <Duration>0.323946</Duration>
  <Errors>0</Errors>
  <Warnings>0</Warnings>
  <Exceptions>0</Exceptions>
  <Successes>1</Successes>
  <LogFile>20210412_145501.200/LogFile.txt</LogFile>
  <ReturnValue></ReturnValue>
  <ErrorMessage></ErrorMessage>
 </run>
 <run>
  <RunDate>2021-04-12 14:55:08.124 -0600</RunDate>
  <Status>Success</Status>
  <Duration>4.545348</Duration>
  <Errors>0</Errors>
  <Warnings>18</Warnings>
  <Exceptions>0</Exceptions>
  <Successes>1</Successes>
  <LogFile>20210412_145508.124/LogFile.txt</LogFile>
  <ReturnValue></ReturnValue>
  <ErrorMessage></ErrorMessage>
 </run>
 <run>
  <RunDate>2021-04-12 14:57:40.408 -0600</RunDate>
  <Status>Success</Status>
  <Duration>4.882901</Duration>
  <Errors>0</Errors>
  <Warnings>18</Warnings>
  <Exceptions>0</Exceptions>
  <Successes>1</Successes>
  <LogFile>20210412_145740.408/LogFile.txt</LogFile>
  <ReturnValue></ReturnValue>
  <ErrorMessage></ErrorMessage>
 </run>
 <run>
  <RunDate>2021-04-12 14:58:04.463 -0600</RunDate>
  <Status>Success</Status>
  <Duration>4.860114</Duration>
  <Errors>0</Errors>
  <Warnings>18</Warnings>
  <Exceptions>0</Exceptions>
  <Successes>1</Successes>
  <LogFile>20210412_145804.463/LogFile.txt</LogFile>
  <ReturnValue></ReturnValue>
  <ErrorMessage></ErrorMessage>
 </run>
 <run>
  <RunDate>2021-04-12 14:59:45.869 -0600</RunDate>
  <Status>Failure</Status>
  <Duration>0.378079</Duration>
  <Errors>1</Errors>
  <Warnings>1</Warnings>
  <Exceptions>0</Exceptions>
  <Successes>0</Successes>
  <LogFile>20210412_145945.869/LogFile.txt</LogFile>
  <ReturnValue></ReturnValue>
  <ErrorMessage>STFileException -- Failed to read file /Users/ranhesse/desktop/Alaska Week 2.suite/Results/Alaska USA/20210412_103528.379</ErrorMessage>
 </run>
 <run>
  <RunDate>2021-04-12 15:00:37.114 -0600</RunDate>
  <Status>Failure</Status>
  <Duration>0.347067</Duration>
  <Errors>1</Errors>
  <Warnings>0</Warnings>
  <Exceptions>0</Exceptions>
  <Successes>0</Successes>
  <LogFile>20210412_150037.114/LogFile.txt</LogFile>
  <ReturnValue></ReturnValue>
  <ErrorMessage>STFileException -- Failed to read file /Users/ranhesse/desktop/Alaska Week 2.suite/Results/Alaska USA/20210412_103528.379</ErrorMessage>
 </run>
 <run>
  <RunDate>2021-04-12 15:00:51.825 -0600</RunDate>
  <Status>Failure</Status>
  <Duration>0.362812</Duration>
  <Errors>1</Errors>
  <Warnings>0</Warnings>
  <Exceptions>0</Exceptions>
  <Successes>0</Successes>
  <LogFile>20210412_150051.825/LogFile.txt</LogFile>
  <ReturnValue></ReturnValue>
  <ErrorMessage>STFileException -- Failed to read file /Users/ranhesse/desktop/Alaska Week 2.suite/Results/Alaska USA/20210412_103528.379</ErrorMessage>
 </run>
 <run>
  <RunDate>2021-04-12 15:01:43.374 -0600</RunDate>
  <Status>Success</Status>
  <Duration>4.912632</Duration>
  <Errors>0</Errors>
  <Warnings>17</Warnings>
  <Exceptions>0</Exceptions>
  <Successes>1</Successes>
  <LogFile>20210412_150143.374/LogFile.txt</LogFile>
  <ReturnValue></ReturnValue>
  <ErrorMessage></ErrorMessage>
 </run>
 <run>
  <RunDate>2021-04-12 15:03:57.996 -0600</RunDate>
  <Status>Failure</Status>
  <Duration>5.821121</Duration>
  <Errors>1</Errors>
  <Warnings>18</Warnings>
  <Exceptions>0</Exceptions>
  <Successes>0</Successes>
  <LogFile>20210412_150357.996/LogFile.txt</LogFile>
  <ReturnValue></ReturnValue>
  <ErrorMessage>STInvalidNumber -- Value is not a number: &#x27;[.success,LogFile.xml,LogFi...&#x27;</ErrorMessage>
 </run>
 <run>
  <RunDate>2021-04-12 15:04:19.195 -0600</RunDate>
  <Status>Success</Status>
  <Duration>0.383091</Duration>
  <Errors>0</Errors>
  <Warnings>0</Warnings>
  <Exceptions>0</Exceptions>
  <Successes>1</Successes>
  <LogFile>20210412_150419.195/LogFile.txt</LogFile>
  <ReturnValue></ReturnValue>
  <ErrorMessage></ErrorMessage>
 </run>
 <run>
  <RunDate>2021-04-12 15:04:38.565 -0600</RunDate>
  <Status>Success</Status>
  <Duration>0.378675</Duration>
  <Errors>0</Errors>
  <Warnings>0</Warnings>
  <Exceptions>0</Exceptions>
  <Successes>1</Successes>
  <LogFile>20210412_150438.565/LogFile.txt</LogFile>
  <ReturnValue></ReturnValue>
  <ErrorMessage></ErrorMessage>
 </run>
 <run>
  <RunDate>2021-04-12 15:07:44.550 -0600</RunDate>
  <Status>Success</Status>
  <Duration>1.047540</Duration>
  <Errors>0</Errors>
  <Warnings>0</Warnings>
  <Exceptions>0</Exceptions>
  <Successes>1</Successes>
  <LogFile>20210412_150744.550/LogFile.txt</LogFile>
  <ReturnValue></ReturnValue>
  <ErrorMessage></ErrorMessage>
 </run>
 <run>
  <RunDate>2021-04-12 15:07:59.938 -0600</RunDate>
  <Status>Success</Status>
  <Duration>1.310464</Duration>
  <Errors>0</Errors>
  <Warnings>0</Warnings>
  <Exceptions>0</Exceptions>
  <Successes>1</Successes>
  <LogFile>20210412_150759.938/LogFile.txt</LogFile>
  <ReturnValue></ReturnValue>
  <ErrorMessage></ErrorMessage>
 </run>
 <run>
  <RunDate>2021-04-12 15:10:29.131 -0600</RunDate>
  <Status>Failure</Status>
  <Duration>0.324933</Duration>
  <Errors>1</Errors>
  <Warnings>0</Warnings>
  <Exceptions>0</Exceptions>
  <Successes>0</Successes>
  <LogFile>20210412_151029.131/LogFile.txt</LogFile>
  <ReturnValue></ReturnValue>
  <ErrorMessage>SenseTalk Compiler Exception -- in moveresultcontents:
Syntax Error at line 11: Syntax Error - can&#x27;t understand &quot;if&quot; at character 6</ErrorMessage>
 </run>
 <run>
  <RunDate>2021-04-12 15:10:43.610 -0600</RunDate>
  <Status>Failure</Status>
  <Duration>0.368792</Duration>
  <Errors>1</Errors>
  <Warnings>0</Warnings>
  <Exceptions>0</Exceptions>
  <Successes>0</Successes>
  <LogFile>20210412_151043.610/LogFile.txt</LogFile>
  <ReturnValue></ReturnValue>
  <ErrorMessage>BadValue -- Bad value for Object expression.  Looking for an object or script identifier, got &#x27;[.success,LogFile.xml,LogFile.txt,LogFile.json]&#x27;.</ErrorMessage>
 </run>
 <run>
  <RunDate>2021-04-12 15:10:55.127 -0600</RunDate>
  <Status>Success</Status>
  <Duration>0.753506</Duration>
  <Errors>0</Errors>
  <Warnings>0</Warnings>
  <Exceptions>0</Exceptions>
  <Successes>1</Successes>
  <LogFile>20210412_151055.127/LogFile.txt</LogFile>
  <ReturnValue></ReturnValue>
  <ErrorMessage></ErrorMessage>
 </run>
 <run>
  <RunDate>2021-04-12 15:11:38.503 -0600</RunDate>
  <Status>Success</Status>
  <Duration>5.316035</Duration>
  <Errors>0</Errors>
  <Warnings>18</Warnings>
  <Exceptions>0</Exceptions>
  <Successes>1</Successes>
  <LogFile>20210412_151138.503/LogFile.txt</LogFile>
  <ReturnValue></ReturnValue>
  <ErrorMessage></ErrorMessage>
 </run>
 <run>
  <RunDate>2021-04-12 15:15:59.488 -0600</RunDate>
  <Status>Success</Status>
  <Duration>5.366791</Duration>
  <Errors>0</Errors>
  <Warnings>18</Warnings>
  <Exceptions>0</Exceptions>
  <Successes>1</Successes>
  <LogFile>20210412_151559.488/LogFile.txt</LogFile>
  <ReturnValue></ReturnValue>
  <ErrorMessage></ErrorMessage>
 </run>
 <run>
  <RunDate>2021-04-12 15:17:31.227 -0600</RunDate>
  <Status>Success</Status>
  <Duration>4.838417</Duration>
  <Errors>0</Errors>
  <Warnings>0</Warnings>
  <Exceptions>0</Exceptions>
  <Successes>1</Successes>
  <LogFile>20210412_151731.227/LogFile.txt</LogFile>
  <ReturnValue></ReturnValue>
  <ErrorMessage></ErrorMessage>
 </run>
 <run>
  <RunDate>2021-04-12 15:19:09.789 -0600</RunDate>
  <Status>Success</Status>
  <Duration>5.298839</Duration>
  <Errors>0</Errors>
  <Warnings>18</Warnings>
  <Exceptions>0</Exceptions>
  <Successes>1</Successes>
  <LogFile>20210412_151909.789/LogFile.txt</LogFile>
  <ReturnValue></ReturnValue>
  <ErrorMessage></ErrorMessage>
 </run>
 <run>
  <RunDate>2021-04-12 15:19:42.045 -0600</RunDate>
  <Status>Success</Status>
  <Duration>6.419216</Duration>
  <Errors>0</Errors>
  <Warnings>86</Warnings>
  <Exceptions>0</Exceptions>
  <Successes>1</Successes>
  <LogFile>20210412_151942.045/LogFile.txt</LogFile>
  <ReturnValue></ReturnValue>
  <ErrorMessage></ErrorMessage>
 </run>
 <run>
  <RunDate>2021-04-12 15:20:29.888 -0600</RunDate>
  <Status>Success</Status>
  <Duration>6.267901</Duration>
  <Errors>0</Errors>
  <Warnings>86</Warnings>
  <Exceptions>0</Exceptions>
  <Successes>1</Successes>
  <LogFile>20210412_152029.888/LogFile.txt</LogFile>
  <ReturnValue></ReturnValue>
  <ErrorMessage></ErrorMessage>
 </run>
 <run>
  <RunDate>2021-04-12 15:21:16.796 -0600</RunDate>
  <Status>Success</Status>
  <Duration>6.282537</Duration>
  <Errors>0</Errors>
  <Warnings>86</Warnings>
  <Exceptions>0</Exceptions>
  <Successes>1</Successes>
  <LogFile>20210412_152116.796/LogFile.txt</LogFile>
  <ReturnValue></ReturnValue>
  <ErrorMessage></ErrorMessage>
 </run>
 <run>
  <RunDate>2021-04-12 15:23:16.336 -0600</RunDate>
  <Status>Success</Status>
  <Duration>1.879827</Duration>
  <Errors>0</Errors>
  <Warnings>33</Warnings>
  <Exceptions>0</Exceptions>
  <Successes>1</Successes>
  <LogFile>20210412_152316.336/LogFile.txt</LogFile>
  <ReturnValue></ReturnValue>
  <ErrorMessage></ErrorMessage>
 </run>
 <run>
  <RunDate>2021-04-12 15:33:29.500 -0600</RunDate>
  <Status>Success</Status>
  <Duration>1.760259</Duration>
  <Errors>0</Errors>
  <Warnings>5</Warnings>
  <Exceptions>0</Exceptions>
  <Successes>1</Successes>
  <LogFile>20210412_153329.500/LogFile.txt</LogFile>
  <ReturnValue></ReturnValue>
  <ErrorMessage></ErrorMessage>
 </run>
 <run>
  <RunDate>2021-04-12 15:42:32.120 -0600</RunDate>
  <Status>Success</Status>
  <Duration>4.295227</Duration>
  <Errors>0</Errors>
  <Warnings>5</Warnings>
  <Exceptions>0</Exceptions>
  <Successes>1</Successes>
  <LogFile>20210412_154232.120/LogFile.txt</LogFile>
  <ReturnValue></ReturnValue>
  <ErrorMessage></ErrorMessage>
 </run>
 <run>
  <RunDate>2021-04-12 15:44:42.997 -0600</RunDate>
  <Status>Success</Status>
  <Duration>3.691861</Duration>
  <Errors>0</Errors>
  <Warnings>0</Warnings>
  <Exceptions>0</Exceptions>
  <Successes>1</Successes>
  <LogFile>20210412_154442.997/LogFile.txt</LogFile>
  <ReturnValue></ReturnValue>
  <ErrorMessage></ErrorMessage>
 </run>
 <run>
  <RunDate>2021-04-13 09:22:10.312 -0600</RunDate>
  <Status>Failure</Status>
  <Duration>0.916577</Duration>
  <Errors>1</Errors>
  <Warnings>0</Warnings>
  <Exceptions>0</Exceptions>
  <Successes>0</Successes>
  <LogFile>20210413_092210.312/LogFile.txt</LogFile>
  <ReturnValue></ReturnValue>
  <ErrorMessage>NSInvalidArgumentException -- data parameter is nil</ErrorMessage>
 </run>
 <run>
  <RunDate>2021-04-13 09:23:10.715 -0600</RunDate>
  <Status>Failure</Status>
  <Duration>0.916536</Duration>
  <Errors>1</Errors>
  <Warnings>5</Warnings>
  <Exceptions>0</Exceptions>
  <Successes>0</Successes>
  <LogFile>20210413_092310.715/LogFile.txt</LogFile>
  <ReturnValue></ReturnValue>
  <ErrorMessage>NSInvalidArgumentException -- data parameter is nil</ErrorMessage>
 </run>
 <run>
  <RunDate>2021-04-13 09:23:41.219 -0600</RunDate>
  <Status>Failure</Status>
  <Duration>1.010017</Duration>
  <Errors>1</Errors>
  <Warnings>5</Warnings>
  <Exceptions>0</Exceptions>
  <Successes>0</Successes>
  <LogFile>20210413_092341.219/LogFile.txt</LogFile>
  <ReturnValue></ReturnValue>
  <ErrorMessage>NSInvalidArgumentException -- data parameter is nil</ErrorMessage>
 </run>
 <run>
  <RunDate>2021-04-13 09:24:23.317 -0600</RunDate>
  <Status>Success</Status>
  <Duration>35.792253</Duration>
  <Errors>0</Errors>
  <Warnings>5</Warnings>
  <Exceptions>118</Exceptions>
  <Successes>1</Successes>
  <LogFile>20210413_092423.317/LogFile.txt</LogFile>
  <ReturnValue></ReturnValue>
  <ErrorMessage></ErrorMessage>
 </run>
 <run>
  <RunDate>2021-04-13 09:34:40.898 -0600</RunDate>
  <Status>Success</Status>
  <Duration>5.053937</Duration>
  <Errors>0</Errors>
  <Warnings>0</Warnings>
  <Exceptions>0</Exceptions>
  <Successes>1</Successes>
  <LogFile>20210413_093440.898/LogFile.txt</LogFile>
  <ReturnValue></ReturnValue>
  <ErrorMessage></ErrorMessage>
 </run>
 <run>
  <RunDate>2021-04-28 15:09:15.799 -0600</RunDate>
  <Status>Success</Status>
  <Duration>0.211740</Duration>
  <Errors>0</Errors>
  <Warnings>0</Warnings>
  <Exceptions>0</Exceptions>
  <Successes>1</Successes>
  <LogFile>20210428_150915.799/LogFile.txt</LogFile>
  <ReturnValue></ReturnValue>
  <ErrorMessage></ErrorMessage>
 </run>
</runHistory>
