{
  "entries" : [
    {
      "identifier" : "START",
      "message" : "Running Untitled.script",
      "timestamp" : "2018-11-29 14:24:08.593 -0700"
    },
    {
      "handlerName" : "on_untitled",
      "message" : "(Script1.script,Script3.script,Script2.script)",
      "timestamp" : "2018-11-29 14:24:08.680 -0700",
      "identifier" : "Log",
      "scriptName" : "Untitled.script",
      "handlerLine" : 6
    },
    {
      "identifier" : "EndTestCase",
      "message" : "(Duration:\"0.525193\", Errors:\"1\", Exceptions:\"0\", StartTime:\"2018-11-29 14:24:08 -0700\", Successes:\"0\", TestCase:\"Untitled.script\", Warnings:\"0\")",
      "timestamp" : "2018-11-29 14:24:09.149 -0700"
    },
    {
      "message" : "Invalid Object These objects were not found: 'Utilities\/ScriptList' -- Execution Time 0:00:00 Untitled.script",
      "timestamp" : "2018-11-29 14:24:10.249 -0700",
      "identifier" : "FAILURE",
      "image" : "Screen_Error.png"
    }
  ],
  "createdTimestamp" : "2018-11-29 14:24:08.623 -0700"
}