{
  "entries" : [
    {
      "identifier" : "START",
      "message" : "Running index Second.script",
      "timestamp" : "2018-11-28 15:31:52.521 -0500"
    },
    {
      "identifier" : "EndTestCase",
      "message" : "(Duration:\"0.952707\", Errors:\"1\", Exceptions:\"0\", StartTime:\"2018-11-28 15:31:52 -0500\", Successes:\"0\", TestCase:\"index Second.script\", Warnings:\"0\")",
      "timestamp" : "2018-11-28 15:31:53.503 -0500"
    },
    {
      "identifier" : "FAILURE",
      "message" : "STCSVConnectionError File not found: \/Users\/randyhesse\/Documents\/Simple Examples\/Patient Holding\/PatientHoldingExpert.suite\/Resources\/CSVFilename.csv -- Execution Time 0:00:00 index Second.script",
      "timestamp" : "2018-11-28 15:31:53.565 -0500"
    }
  ],
  "createdTimestamp" : "2018-11-28 15:31:52.551 -0500"
}