{
  "entries" : [
    {
      "handlerName" : "on_master",
      "message" : "Test End",
      "timestamp" : "2019-04-18 16:06:53.156 -0600",
      "identifier" : "Log",
      "scriptName" : "Master.script",
      "handlerLine" : 21
    },
    {
      "identifier" : "EndTestCase",
      "message" : "(Duration:\"0.458771\", Errors:\"0\", Exceptions:\"0\", StartTime:\"2019-04-18 16:06:52 -0600\", Successes:\"3\", TestCase:\"Master.script\", Warnings:\"0\")",
      "timestamp" : "2019-04-18 16:06:53.438 -0600"
    },
    {
      "identifier" : "SUCCESS",
      "message" : "Execution Time 0:00:00 Master.script",
      "timestamp" : "2019-04-18 16:06:53.461 -0600"
    }
  ],
  "createdTimestamp" : "2019-04-18 16:06:53.158 -0600"
}