{
  "entries" : [
    {
      "identifier" : "START",
      "message" : "Running index Second.script",
      "timestamp" : "2018-11-28 14:29:50.384 -0500"
    },
    {
      "handlerName" : "on_index_second",
      "message" : "((@\"Billing Date\":\"\", @\"Charge Capture Date\":\"\", @\"Claims Date\":\"\", @\"Coding Date\":\"2018-12-03\", @\"Created Date\":\"2018-11-30\", @\"Date of Birth\":\"2016-10-21\", @\"First Name\":\"Howard\", Gender:\"Male\", @\"Last Name\":\"Vasquez\", @\"Marital Status\":\"Single\", @\"Medical Record Number\":\"127170\", @\"Middle Name\":\"Z\", @\"Social Security Number\":\"845-08-6625\", Suffix:\"Mr\"),(@\"Billing Date\":\"2018-12-04\", @\"Charge Capture Date\":\"2018-12-08\", @\"Claims Date\":\"2018-12-06\", @\"Coding Date\":\"2018-12-02\", @\"Created Date\":\"2018-11-28\", @\"Date of Birth\":\"1988-07-14\", @\"First Name\":\"Martha\", Gender:\"Female\", @\"Last Name\":\"Matthews\", @\"Marital Status\":\"Married\", @\"Medical Record Number\":\"990389\", @\"Middle Name\":\"C\", @\"Social Security Number\":\"888-15-0756\", Suffix:\"Mrs\"),(@\"Billing Date\":\"\", @\"Charge Capture Date\":\"2018-12-06\", @\"Claims Date\":\"2018-12-04\", @\"Coding Date\":\"\", @\"Created Date\":\"2018-11-28\", @\"Date of Birth\":\"1971-10-08\", @\"First Name\":\"David\", Gender:\"Male\", @\"Last Name\":\"Murphy\", @\"Marital Status\":\"Married\", @\"Medical Record Number\":\"519548\", @\"Middle Name\":\"V\", @\"Social Security Number\":\"173-36-4132\", Suffix:\"Mr\"),(@\"Billing Date\":\"2018-12-03\", @\"Charge Capture Date\":\"2018-12-07\", @\"Claims Date\":\"\", @\"Coding Date\":\"2018-12-01\", @\"Created Date\":\"2018-11-28\", @\"Date of Birth\":\"2017-04-04\", @\"First Name\":\"Robert\", Gender:\"Male\", @\"Last Name\":\"Ford\", @\"Marital Status\":\"Divorced\", @\"Medical Record Number\":\"007859\", @\"Middle Name\":\"S\", @\"Social Security Number\":\"609-42-0404\", Suffix:\"Dr\"),(@\"Billing Date\":\"\", @\"Charge Capture Date\":\"2018-12-07\", @\"Claims Date\":\"2018-12-06\", @\"Coding Date\":\"\", @\"Created Date\":\"\", @\"Date of Birth\":\"2001-08-01\", @\"First Name\":\"Gloria\", Gender:\"Female\", @\"Last Name\":\"Banks\", @\"Marital Status\":\"Separated\", @\"Medical Record Number\":\"106157\", @\"Middle Name\":\"D\", @\"Social Security Number\":\"810-92-7295\", Suffix:\"Dr\"),(@\"Billing Date\":\"2018-12-03\", @\"Charge Capture Date\":\"\", @\"Claims Date\":\"2018-12-05\", @\"Coding Date\":\"\", @\"Created Date\":\"\", @\"Date of Birth\":\"1994-03-14\", @\"First Name\":\"Scott\", Gender:\"Male\", @\"Last Name\":\"Delgado\", @\"Marital Status\":\"Divorced\", @\"Medical Record Number\":\"094714\", @\"Middle Name\":\"U\", @\"Social Security Number\":\"246-49-6312\", Suffix:\"Mr\"),(@\"Billing Date\":\"2018-11-30\", @\"Charge Capture Date\":\"2018-12-08\", @\"Claims Date\":\"2018-12-01\", @\"Coding Date\":\"\", @\"Created Date\":\"\", @\"Date of Birth\":\"1997-02-21\", @\"First Name\":\"Steven\", Gender:\"Male\", @\"Last Name\":\"Holland\", @\"Marital Status\":\"Widowed\", @\"Medical Record Number\":\"560670\", @\"Middle Name\":\"Z\", @\"Social Security Number\":\"063-06-1849\", Suffix:\"Dr\"),(@\"Billing Date\":\"2018-12-05\", @\"Charge Capture Date\":\"2018-12-07\", @\"Claims Date\":\"2018-12-06\", @\"Coding Date\":\"2018-12-03\", @\"Created Date\":\"2018-11-29\", @\"Date of Birth\":\"1982-02-14\", @\"First Name\":\"Jose\", Gender:\"Male\", @\"Last Name\":\"Tran\", @\"Marital Status\":\"Married\", @\"Medical Record Number\":\"203525\", @\"Middle Name\":\"C\", @\"Social Security Number\":\"852-68-5360\", Suffix:\"Mr\"),(@\"Billing Date\":\"2018-12-03\", @\"Charge Capture Date\":\"\", @\"Claims Date\":\"\", @\"Coding Date\":\"2018-12-02\", @\"Created Date\":\"2018-11-29\", @\"Date of Birth\":\"1974-08-25\", @\"First Name\":\"Victoria\", Gender:\"Female\", @\"Last Name\":\"Alexander\", @\"Marital Status\":\"Married\", @\"Medical Record Number\":\"052324\", @\"Middle Name\":\"Y\", @\"Social Security Number\":\"088-21-8417\", Suffix:\"Mrs\"),(@\"Billing Date\":\"\", @\"Charge Capture Date\":\"2018-12-07\", @\"Claims Date\":\"2018-12-02\", @\"Coding Date\":\"\", @\"Created Date\":\"2018-11-29\", @\"Date of Birth\":\"1980-01-02\", @\"First Name\":\"Lawrence\", Gender:\"Male\", @\"Last Name\":\"Stephens\", @\"Marital Status\":\"Married\", @\"Medical Record Number\":\"724212\", @\"Middle Name\":\"A\", @\"Social Security Number\":\"777-02-1099\", Suffix:\"Dr\"),(@\"Billing Date\":\"2018-12-03\", @\"Charge Capture Date\":\"2018-12-07\", @\"Claims Date\":\"2018-12-04\", @\"Coding Date\":\"\", @\"Created Date\":\"2018-11-30\", @\"Date of Birth\":\"1979-05-03\", @\"First Name\":\"Emily\", Gender:\"Female\", @\"Last Name\":\"Sandoval\", @\"Marital Status\":\"Separated\", @\"Medical Record Number\":\"687428\", @\"Middle Name\":\"A\", @\"Social Security Number\":\"574-04-9482\", Suffix:\"Dr\"),(@\"Billing Date\":\"\", @\"Charge Capture Date\":\"2018-12-05\", @\"Claims Date\":\"\", @\"Coding Date\":\"2018-11-28\", @\"Created Date\":\"\", @\"Date of Birth\":\"1978-01-02\", @\"First Name\":\"Crystal\", Gender:\"Female\", @\"Last Name\":\"Nichols\", @\"Marital Status\":\"Married\", @\"Medical Record Number\":\"836492\", @\"Middle Name\":\"U\", @\"Social Security Number\":\"090-95-2048\", Suffix:\"Mrs\"),(@\"Billing Date\":\"\", @\"Charge Capture Date\":\"\", @\"Claims Date\":\"2018-12-06\", @\"Coding Date\":\"\", @\"Created Date\":\"2018-11-29\", @\"Date of Birth\":\"1980-01-26\", @\"First Name\":\"Marie\", Gender:\"Female\", @\"Last Name\":\"Brewer\", @\"Marital Status\":\"Married\", @\"Medical Record Number\":\"097459\", @\"Middle Name\":\"E\", @\"Social Security Number\":\"017-60-8499\", Suffix:\"Mrs\"),(@\"Billing Date\":\"2018-12-06\", @\"Charge Capture Date\":\"2018-12-07\", @\"Claims Date\":\"2018-12-07\", @\"Coding Date\":\"2018-12-05\", @\"Created Date\":\"2018-12-02\", @\"Date of Birth\":\"2007-08-30\", @\"First Name\":\"Shirley\", Gender:\"Female\", @\"Last Name\":\"Chapman\", @\"Marital Status\":\"Married\", @\"Medical Record Number\":\"495327\", @\"Middle Name\":\"E\", @\"Social Security Number\":\"718-88-5009\", Suffix:\"Mrs\"),(@\"Billing Date\":\"2018-12-03\", @\"Charge Capture Date\":\"2018-12-06\", @\"Claims Date\":\"2018-12-05\", @\"Coding Date\":\"2018-12-02\", @\"Created Date\":\"2018-12-01\", @\"Date of Birth\":\"2001-08-09\", @\"First Name\":\"Russell\", Gender:\"Male\", @\"Last Name\":\"Parker\", @\"Marital Status\":\"Single\", @\"Medical Record Number\":\"901945\", @\"Middle Name\":\"R\", @\"Social Security Number\":\"423-20-0120\", Suffix:\"Dr\"),(@\"Billing Date\":\"\", @\"Charge Capture Date\":\"2018-12-07\", @\"Claims Date\":\"2018-12-05\", @\"Coding Date\":\"2018-11-29\", @\"Created Date\":\"2018-11-29\", @\"Date of Birth\":\"1970-09-15\", @\"First Name\":\"Harry\", Gender:\"Male\", @\"Last Name\":\"Kim\", @\"Marital Status\":\"Divorced\", @\"Medical Record Number\":\"662303\", @\"Middle Name\":\"H\", @\"Social Security Number\":\"036-35-6120\", Suffix:\"Dr\"),(@\"Billing Date\":\"2018-12-05\", @\"Charge Capture Date\":\"\", @\"Claims Date\":\"2018-12-06\", @\"Coding Date\":\"\", @\"Created Date\":\"\", @\"Date of Birth\":\"1977-11-04\", @\"First Name\":\"Christina\", Gender:\"Female\", @\"Last Name\":\"Warren\", @\"Marital Status\":\"Domestic\", @\"Medical Record Number\":\"317663\", @\"Middle Name\":\"Y\", @\"Social Security Number\":\"967-99-3758\", Suffix:\"Ms\"),(@\"Billing Date\":\"\", @\"Charge Capture Date\":\"2018-12-04\", @\"Claims Date\":\"2018-12-03\", @\"Coding Date\":\"2018-11-29\", @\"Created Date\":\"2018-11-28\", @\"Date of Birth\":\"1990-01-14\", @\"First Name\":\"Samuel\", Gender:\"Male\", @\"Last Name\":\"Watson\", @\"Marital Status\":\"Married\", @\"Medical Record Number\":\"209902\", @\"Middle Name\":\"G\", @\"Social Security Number\":\"467-34-6351\", Suffix:\"Mr\"),(@\"Billing Date\":\"\", @\"Charge Capture Date\":\"2018-12-08\", @\"Claims Date\":\"2018-12-07\", @\"Coding Date\":\"2018-12-04\", @\"Created Date\":\"\", @\"Date of Birth\":\"2004-08-02\", @\"First Name\":\"Harry\", Gender:\"Male\", @\"Last Name\":\"Perry\", @\"Marital Status\":\"Single\", @\"Medical Record Number\":\"833324\", @\"Middle Name\":\"N\", @\"Social Security Number\":\"478-94-8647\", Suffix:\"Mr\"),(@\"Billing Date\":\"2018-12-05\", @\"Charge Capture Date\":\"2018-12-08\", @\"Claims Date\":\"\", @\"Coding Date\":\"2018-12-05\", @\"Created Date\":\"2018-11-28\", @\"Date of Birth\":\"1997-03-19\", @\"First Name\":\"Amy\", Gender:\"Female\", @\"Last Name\":\"Barnes\", @\"Marital Status\":\"Married\", @\"Medical Record Number\":\"451027\", @\"Middle Name\":\"M\", @\"Social Security Number\":\"354-19-0305\", Suffix:\"Mrs\"))",
      "timestamp" : "2018-11-28 14:29:51.717 -0500",
      "identifier" : "Log",
      "scriptName" : "index Second.script",
      "handlerLine" : 4
    },
    {
      "identifier" : "EndTestCase",
      "message" : "(Duration:\"1.505313\", Errors:\"0\", Exceptions:\"0\", StartTime:\"2018-11-28 14:29:50 -0500\", Successes:\"1\", TestCase:\"index Second.script\", Warnings:\"0\")",
      "timestamp" : "2018-11-28 14:29:51.930 -0500"
    },
    {
      "identifier" : "SUCCESS",
      "message" : "Execution Time 0:00:01 index Second.script",
      "timestamp" : "2018-11-28 14:29:51.988 -0500"
    }
  ],
  "createdTimestamp" : "2018-11-28 14:29:50.424 -0500"
}