{
  "entries" : [
    {
      "identifier" : "START",
      "message" : "Running Main01.script",
      "timestamp" : "2021-04-10 22:19:16.487 -0600"
    },
    {
      "handlerName" : "on_main01",
      "message" : "{date:\"2021-03-01\", ReportStats:{capturescreen:1, click:2, endtestcase:1, log:1, start:1, success:1, typetext:6, waitfor:3}, time:\"19:44:16.599-0700\", TotalSteps:16}",
      "timestamp" : "2021-04-10 22:19:16.610 -0600",
      "identifier" : "Log",
      "scriptName" : "Main01.script",
      "handlerLine" : 19
    },
    {
      "identifier" : "EndTestCase",
      "message" : "(Duration:\"0.219885\", Errors:\"0\", Exceptions:\"0\", StartTime:\"2021-04-10 22:19:16 -0600\", Successes:\"1\", TestCase:\"Main01.script\", Warnings:\"0\")",
      "timestamp" : "2021-04-10 22:19:16.708 -0600"
    },
    {
      "identifier" : "SUCCESS",
      "message" : "Execution Time 0:00:00 Main01.script",
      "timestamp" : "2021-04-10 22:19:16.729 -0600"
    }
  ],
  "createdTimestamp" : "2021-04-10 22:19:16.488 -0600"
}