{
  "entries" : [
    {
      "identifier" : "START",
      "message" : "Running AdvanceDates.script",
      "timestamp" : "2018-11-26 16:51:10.782 -0500"
    },
    {
      "handlerName" : "on_advancedates",
      "message" : "(2018-11-27,2018-11-29,hello,2018-11-29,2018-12-04,2018-12-06)",
      "timestamp" : "2018-11-26 16:51:10.868 -0500",
      "identifier" : "Log",
      "scriptName" : "AdvanceDates.script",
      "handlerLine" : 13
    },
    {
      "identifier" : "EndTestCase",
      "message" : "(Duration:\"0.383382\", Errors:\"0\", Exceptions:\"0\", StartTime:\"2018-11-26 16:51:10 -0500\", Successes:\"1\", TestCase:\"AdvanceDates.script\", Warnings:\"0\")",
      "timestamp" : "2018-11-26 16:51:11.195 -0500"
    },
    {
      "identifier" : "SUCCESS",
      "message" : "Execution Time 0:00:00 AdvanceDates.script",
      "timestamp" : "2018-11-26 16:51:11.258 -0500"
    }
  ],
  "createdTimestamp" : "2018-11-26 16:51:10.812 -0500"
}