{
  "entries" : [
    {
      "identifier" : "START",
      "message" : "Running Main01.script",
      "timestamp" : "2021-04-10 23:08:51.244 -0600"
    },
    {
      "handlerName" : "on_definelogs",
      "message" : "Sample Suite.suite",
      "timestamp" : "2021-04-10 23:08:51.317 -0600",
      "identifier" : "Log",
      "scriptName" : "",
      "handlerLine" : 4
    },
    {
      "handlerName" : "on_main01",
      "message" : "{date:\"2021-03-01\", ReportStats:{capturescreen:1, click:2, endtestcase:1, log:1, start:1, success:1, typetext:6, waitfor:3}, scriptname:\"Workflow01.script\", time:\"19:44:16.599 -0700\", TotalSteps:16}",
      "timestamp" : "2021-04-10 23:08:51.372 -0600",
      "identifier" : "Log",
      "scriptName" : "Main01.script",
      "handlerLine" : 19
    },
    {
      "identifier" : "EndTestCase",
      "message" : "(Duration:\"0.227865\", Errors:\"0\", Exceptions:\"0\", StartTime:\"2021-04-10 23:08:51 -0600\", Successes:\"1\", TestCase:\"Main01.script\", Warnings:\"0\")",
      "timestamp" : "2021-04-10 23:08:51.473 -0600"
    },
    {
      "identifier" : "SUCCESS",
      "message" : "Execution Time 0:00:00 Main01.script",
      "timestamp" : "2021-04-10 23:08:51.482 -0600"
    }
  ],
  "createdTimestamp" : "2021-04-10 23:08:51.245 -0600"
}