{
  "entries" : [
    {
      "identifier" : "START",
      "message" : "Running Script1.script",
      "timestamp" : "2020-05-14 10:12:08.002 -0600"
    },
    {
      "identifier" : "EndTestCase",
      "message" : "(Duration:\"8.147047\", Errors:\"1\", Exceptions:\"0\", StartTime:\"2020-05-14 10:12:08 -0600\", Successes:\"0\", TestCase:\"Script1.script\", Warnings:\"0\")",
      "timestamp" : "2020-05-14 10:12:16.151 -0600"
    },
    {
      "identifier" : "ABORTED",
      "message" : "Execution Time 0:00:08 Script1.script",
      "timestamp" : "2020-05-14 10:12:16.153 -0600"
    }
  ],
  "createdTimestamp" : "2020-05-14 10:12:08.003 -0600"
}