{
  "entries" : [
    {
      "identifier" : "START",
      "message" : "Running index Second.script",
      "timestamp" : "2018-11-28 15:38:44.966 -0500"
    },
    {
      "identifier" : "EndTestCase",
      "message" : "(Duration:\"1.309094\", Errors:\"1\", Exceptions:\"0\", StartTime:\"2018-11-28 15:38:44 -0500\", Successes:\"0\", TestCase:\"index Second.script\", Warnings:\"0\")",
      "timestamp" : "2018-11-28 15:38:46.306 -0500"
    },
    {
      "identifier" : "FAILURE",
      "message" : "STTableError Value can't become a database table:  -- Execution Time 0:00:01 index Second.script",
      "timestamp" : "2018-11-28 15:38:46.364 -0500"
    }
  ],
  "createdTimestamp" : "2018-11-28 15:38:44.996 -0500"
}