{
  "entries" : [
    {
      "identifier" : "START",
      "message" : "Running GeneratingHolds.script",
      "timestamp" : "2018-11-20 21:06:22.393 -0500"
    },
    {
      "identifier" : "EndTestCase",
      "message" : "(Duration:\"0.683817\", Errors:\"0\", Exceptions:\"0\", StartTime:\"2018-11-20 21:06:22 -0500\", Successes:\"1\", TestCase:\"GeneratingHolds.script\", Warnings:\"0\")",
      "timestamp" : "2018-11-20 21:06:23.104 -0500"
    },
    {
      "identifier" : "SUCCESS",
      "message" : "Execution Time 0:00:00 GeneratingHolds.script",
      "timestamp" : "2018-11-20 21:06:23.156 -0500"
    }
  ],
  "createdTimestamp" : "2018-11-20 21:06:22.420 -0500"
}