{
  "entries" : [
    {
      "identifier" : "START",
      "message" : "Running Master.script",
      "timestamp" : "2018-11-26 14:35:40.292 -0500"
    },
    {
      "handlerName" : "on_master",
      "message" : "(\/Utilities\/Script1.script,\/Utilities\/Script3.script,\/Utilities\/Script2.script)",
      "timestamp" : "2018-11-26 14:35:40.374 -0500",
      "identifier" : "Log",
      "scriptName" : "Master.script",
      "handlerLine" : 19
    },
    {
      "handlerName" : "on_five",
      "message" : "five",
      "timestamp" : "2018-11-26 14:35:40.422 -0500",
      "identifier" : "Log",
      "scriptName" : "",
      "handlerLine" : 3
    },
    {
      "identifier" : "EndTestCase",
      "message" : "(Duration:\"0.35296\", Errors:\"0\", Exceptions:\"0\", StartTime:\"2018-11-26 14:35:40 -0500\", Successes:\"1\", TestCase:\"Master.script\", Warnings:\"0\")",
      "timestamp" : "2018-11-26 14:35:40.666 -0500"
    },
    {
      "identifier" : "SUCCESS",
      "message" : "Execution Time 0:00:00 Master.script",
      "timestamp" : "2018-11-26 14:35:40.715 -0500"
    }
  ],
  "createdTimestamp" : "2018-11-26 14:35:40.313 -0500"
}