{
  "entries" : [
    {
      "identifier" : "START",
      "message" : "Running AdvanceDates.script",
      "timestamp" : "2018-11-26 16:55:13.523 -0500"
    },
    {
      "handlerName" : "on_advancedates",
      "message" : "(Helo,2018-11-29,2018-12-01,2018-12-03,2018-12-06)",
      "timestamp" : "2018-11-26 16:55:13.620 -0500",
      "identifier" : "Log",
      "scriptName" : "AdvanceDates.script",
      "handlerLine" : 11
    },
    {
      "identifier" : "EndTestCase",
      "message" : "(Duration:\"0.504757\", Errors:\"0\", Exceptions:\"0\", StartTime:\"2018-11-26 16:55:13 -0500\", Successes:\"1\", TestCase:\"AdvanceDates.script\", Warnings:\"0\")",
      "timestamp" : "2018-11-26 16:55:14.060 -0500"
    },
    {
      "identifier" : "SUCCESS",
      "message" : "Execution Time 0:00:00 AdvanceDates.script",
      "timestamp" : "2018-11-26 16:55:14.151 -0500"
    }
  ],
  "createdTimestamp" : "2018-11-26 16:55:13.554 -0500"
}