{
  "entries" : [
    {
      "identifier" : "START",
      "message" : "Running Untitled.script",
      "timestamp" : "2018-11-29 14:22:09.262 -0700"
    },
    {
      "handlerName" : "on_untitled",
      "message" : "(Script1.script,Script3.script,Script2.script)",
      "timestamp" : "2018-11-29 14:22:09.353 -0700",
      "identifier" : "Log",
      "scriptName" : "Untitled.script",
      "handlerLine" : 6
    },
    {
      "handlerName" : "on_one",
      "message" : " the one",
      "timestamp" : "2018-11-29 14:22:09.433 -0700",
      "identifier" : "Log",
      "scriptName" : "",
      "handlerLine" : 3
    },
    {
      "identifier" : "EndTestCase",
      "message" : "(Duration:\"0.708351\", Errors:\"0\", Exceptions:\"0\", StartTime:\"2018-11-29 14:22:09 -0700\", Successes:\"1\", TestCase:\"Untitled.script\", Warnings:\"0\")",
      "timestamp" : "2018-11-29 14:22:10.011 -0700"
    },
    {
      "identifier" : "SUCCESS",
      "message" : "Execution Time 0:00:00 Untitled.script",
      "timestamp" : "2018-11-29 14:22:10.082 -0700"
    }
  ],
  "createdTimestamp" : "2018-11-29 14:22:09.303 -0700"
}