Medical Record Number,Suffix,First Name,Middle Name,Last Name,Date of Birth,Social Security Number,Gender,Marital Status,Created Date,Coding Date,Billing Date,Claims Date,Charge Capture Date
363257,Mr,Tyler,Y,Mendoza,1993-11-16,764-67-7478,Male,Divorced,2020-01-16,2020-01-18,2020-01-20,2020-01-21,2020-01-23
917121,Ms,Susan,D,Hall,1976-09-15,164-19-8545,Female,Domestic,,,,,2020-01-23
224237,Ms,Joan,H,Diaz,1982-04-11,107-74-6909,Female,Widowed,,2020-01-18,,2020-01-22,2020-01-24
781508,Ms,Amy,P,Wright,2003-01-30,631-73-1526,Female,Single,,,2020-01-22,2020-01-23,2020-01-24
969247,Dr,Bryan,B,Keller,1987-06-10,576-30-7358,Male,Widowed,2020-01-18,2020-01-18,2020-01-18,,2020-01-21
906350,Ms,Michelle,G,Berry,2016-04-24,011-44-0550,Female,Separated,2020-01-18,2020-01-20,,2020-01-21,2020-01-24
916248,Mrs,Ashley,M,Long,2014-10-31,475-77-3192,Female,Married,,2020-01-19,2020-01-19,2020-01-21,2020-01-22
766007,Mr,Juan,W,Williamson,1974-03-28,554-24-1988,Male,Separated,2020-01-14,2020-01-18,2020-01-19,2020-01-22,2020-01-23
795080,Mrs,Jane,C,Lawrence,1979-07-12,003-94-5829,Female,Married,,2020-01-19,2020-01-22,2020-01-22,2020-01-24
236625,Dr,Jack,V,Tucker,1995-05-12,502-32-9747,Male,Domestic,2020-01-15,2020-01-17,2020-01-20,,2020-01-24
