{
  "entries" : [
    {
      "identifier" : "EndTestCase",
      "message" : "(Duration:\"2.947515\", Errors:\"2\", Exceptions:\"0\", StartTime:\"2018-11-21 17:51:05 -0500\", Successes:\"2\", TestCase:\"Index.script\", Warnings:\"0\")",
      "timestamp" : "2018-11-21 17:51:08.014 -0500"
    },
    {
      "identifier" : "FAILURE",
      "message" : "STDatabaseException Can't Add records a non-Writable database connection -- Execution Time 0:00:02 Index.script",
      "timestamp" : "2018-11-21 17:51:08.082 -0500"
    }
  ],
  "createdTimestamp" : "2018-11-21 17:51:08.045 -0500"
}