{
  "entries" : [
    {
      "identifier" : "START",
      "message" : "Running Master.script",
      "timestamp" : "2018-11-26 14:25:15.870 -0500"
    },
    {
      "handlerName" : "on_one",
      "message" : "one",
      "timestamp" : "2018-11-26 14:25:15.993 -0500",
      "identifier" : "Log",
      "scriptName" : "",
      "handlerLine" : 3
    },
    {
      "identifier" : "EndTestCase",
      "message" : "(Duration:\"0.357205\", Errors:\"0\", Exceptions:\"0\", StartTime:\"2018-11-26 14:25:15 -0500\", Successes:\"1\", TestCase:\"Master.script\", Warnings:\"0\")",
      "timestamp" : "2018-11-26 14:25:16.250 -0500"
    },
    {
      "identifier" : "SUCCESS",
      "message" : "Execution Time 0:00:00 Master.script",
      "timestamp" : "2018-11-26 14:25:16.296 -0500"
    }
  ],
  "createdTimestamp" : "2018-11-26 14:25:15.892 -0500"
}