{
  "entries" : [
    {
      "identifier" : "START",
      "message" : "Running Master.script",
      "timestamp" : "2018-11-26 12:47:14.204 -0500"
    },
    {
      "handlerName" : "on_master",
      "message" : "(Script1.script,Script2.script)",
      "timestamp" : "2018-11-26 12:47:14.313 -0500",
      "identifier" : "Log",
      "scriptName" : "Master.script",
      "handlerLine" : 8
    },
    {
      "handlerName" : "on_one",
      "message" : "one",
      "timestamp" : "2018-11-26 12:47:14.371 -0500",
      "identifier" : "Log",
      "scriptName" : "",
      "handlerLine" : 3
    },
    {
      "identifier" : "EndTestCase",
      "message" : "(Duration:\"0.802337\", Errors:\"0\", Exceptions:\"0\", StartTime:\"2018-11-26 12:47:14 -0500\", Successes:\"1\", TestCase:\"Master.script\", Warnings:\"0\")",
      "timestamp" : "2018-11-26 12:47:15.033 -0500"
    },
    {
      "identifier" : "SUCCESS",
      "message" : "Execution Time 0:00:00 Master.script",
      "timestamp" : "2018-11-26 12:47:15.094 -0500"
    }
  ],
  "createdTimestamp" : "2018-11-26 12:47:14.231 -0500"
}