{
  "entries" : [
    {
      "identifier" : "START",
      "message" : "Running index.script",
      "timestamp" : "2021-01-18 12:16:14.505 -0700"
    },
    {
      "handlerName" : "on_definecolorarea",
      "message" : "calculating...",
      "timestamp" : "2021-01-18 12:16:14.608 -0700",
      "identifier" : "Log",
      "scriptName" : "",
      "handlerLine" : 27
    },
    {
      "handlerName" : "on_index",
      "message" : "[[247,146,57],[239,93,66],[239,199,0],[82,190,49]]",
      "timestamp" : "2021-01-18 12:16:14.611 -0700",
      "identifier" : "Log",
      "scriptName" : "index.script",
      "handlerLine" : 20
    },
    {
      "handlerName" : "function_pixelmatch",
      "message" : "Pixel Count is: 121",
      "timestamp" : "2021-01-18 12:16:14.618 -0700",
      "identifier" : "Log",
      "scriptName" : "",
      "handlerLine" : 9
    },
    {
      "handlerName" : "on_index",
      "message" : "0",
      "timestamp" : "2021-01-18 12:16:23.392 -0700",
      "identifier" : "Log",
      "scriptName" : "index.script",
      "handlerLine" : 27
    },
    {
      "identifier" : "EndTestCase",
      "message" : "(Duration:\"8.973118\", Errors:\"0\", Exceptions:\"0\", StartTime:\"2021-01-18 12:16:14 -0700\", Successes:\"1\", TestCase:\"index.script\", Warnings:\"0\")",
      "timestamp" : "2021-01-18 12:16:23.479 -0700"
    },
    {
      "identifier" : "SUCCESS",
      "message" : "Execution Time 0:00:08 index.script",
      "timestamp" : "2021-01-18 12:16:23.486 -0700"
    }
  ],
  "createdTimestamp" : "2021-01-18 12:16:14.506 -0700"
}