{
  "entries" : [
    {
      "identifier" : "START",
      "message" : "Running Master.script",
      "timestamp" : "2018-11-26 12:42:19.791 -0500"
    },
    {
      "handlerName" : "on_master",
      "message" : "()",
      "timestamp" : "2018-11-26 12:42:19.916 -0500",
      "identifier" : "Log",
      "scriptName" : "Master.script",
      "handlerLine" : 11
    },
    {
      "identifier" : "EndTestCase",
      "message" : "(Duration:\"0.966369\", Errors:\"0\", Exceptions:\"0\", StartTime:\"2018-11-26 12:42:19 -0500\", Successes:\"1\", TestCase:\"Master.script\", Warnings:\"0\")",
      "timestamp" : "2018-11-26 12:42:20.792 -0500"
    },
    {
      "identifier" : "SUCCESS",
      "message" : "Execution Time 0:00:01 Master.script",
      "timestamp" : "2018-11-26 12:42:20.865 -0500"
    }
  ],
  "createdTimestamp" : "2018-11-26 12:42:19.825 -0500"
}