﻿Date Run,Status,Time,# of Errors,# of Warnings,# of Exceptions,Log File,Return Value,Error Message,# of Successes
2018-11-28 14:29:50.380 -0500,"Success",0:00:01,0,0,0,"20181128_142950.380/LogFile.txt","","",1
2018-11-28 14:30:01.565 -0500,"Success",0:00:00,0,0,0,"20181128_143001.565/LogFile.txt","","",1
2018-11-28 14:31:35.743 -0500,"Success",0:00:03,0,0,0,"20181128_143135.743/LogFile.txt","","",1
2018-11-28 14:34:50.782 -0500,"Success",0:00:00,0,0,0,"20181128_143450.782/LogFile.txt","","",1
2018-11-28 14:35:03.923 -0500,"Success",0:00:05,0,0,0,"20181128_143503.923/LogFile.txt","","",1
2018-11-28 14:35:34.923 -0500,"Success",0:00:06,0,0,0,"20181128_143534.923/LogFile.txt","","",1
2018-11-28 15:28:48.038 -0500,"Failure",0:00:04,1,0,0,"20181128_152848.038/LogFile.txt","","STCSVConnectionError -- File not found: /Users/randyhesse/Documents/Simple Examples/Patient Holding/PatientHoldingExpert.suite/Resources/WebFormData5.csv",0
2018-11-28 15:30:10.977 -0500,"Failure",0:00:03,1,0,0,"20181128_153010.977/LogFile.txt","","STCSVConnectionError -- File not found: /Users/randyhesse/Documents/Simple Examples/Patient Holding/PatientHoldingExpert.suite/Resources/CSVFilename.csv",0
2018-11-28 15:30:27.669 -0500,"Failure",0:00:01,1,0,0,"20181128_153027.669/LogFile.txt","","STCSVConnectionError -- File not found: /Users/randyhesse/Documents/Simple Examples/Patient Holding/PatientHoldingExpert.suite/Resources/CSVFilename.csv",0
2018-11-28 15:31:52.520 -0500,"Failure",0:00:00,1,0,0,"20181128_153152.520/LogFile.txt","","STCSVConnectionError -- File not found: /Users/randyhesse/Documents/Simple Examples/Patient Holding/PatientHoldingExpert.suite/Resources/CSVFilename.csv",0
2018-11-28 15:32:21.661 -0500,"Success",0:00:00,0,0,0,"20181128_153221.661/LogFile.txt","","",1
2018-11-28 15:38:44.964 -0500,"Failure",0:00:01,1,0,0,"20181128_153844.964/LogFile.txt","","STTableError -- Value can't become a database table: ",0
2018-11-28 15:39:01.046 -0500,"Success",0:00:01,0,0,0,"20181128_153901.046/LogFile.txt","","",1
2018-11-28 15:40:04.456 -0500,"Failure",0:00:01,1,0,0,"20181128_154004.456/LogFile.txt","","STUnknownMessage -- ERROR: No Such Command: 'directwrite'",0
2018-11-28 15:40:31.107 -0500,"Success",0:00:01,0,0,0,"20181128_154031.107/LogFile.txt","","",1
2018-11-28 15:41:26.199 -0500,"Success",0:00:06,0,0,0,"20181128_154126.199/LogFile.txt","","",1
2018-11-28 15:41:45.472 -0500,"Success",0:00:06,0,0,0,"20181128_154145.472/LogFile.txt","","",1
