﻿<?xml version="1.0"?>
<runHistory script="index Second">
 <run>
  <RunDate>2018-11-28 14:29:50.380 -0500</RunDate>
  <Status>Success</Status>
  <Duration>1.548987</Duration>
  <Errors>0</Errors>
  <Warnings>0</Warnings>
  <Exceptions>0</Exceptions>
  <Successes>1</Successes>
  <LogFile>20181128_142950.380/LogFile.txt</LogFile>
  <ReturnValue></ReturnValue>
  <ErrorMessage></ErrorMessage>
 </run>
 <run>
  <RunDate>2018-11-28 14:30:01.565 -0500</RunDate>
  <Status>Success</Status>
  <Duration>0.768453</Duration>
  <Errors>0</Errors>
  <Warnings>0</Warnings>
  <Exceptions>0</Exceptions>
  <Successes>1</Successes>
  <LogFile>20181128_143001.565/LogFile.txt</LogFile>
  <ReturnValue></ReturnValue>
  <ErrorMessage></ErrorMessage>
 </run>
 <run>
  <RunDate>2018-11-28 14:31:35.743 -0500</RunDate>
  <Status>Success</Status>
  <Duration>3.654109</Duration>
  <Errors>0</Errors>
  <Warnings>0</Warnings>
  <Exceptions>0</Exceptions>
  <Successes>1</Successes>
  <LogFile>20181128_143135.743/LogFile.txt</LogFile>
  <ReturnValue></ReturnValue>
  <ErrorMessage></ErrorMessage>
 </run>
 <run>
  <RunDate>2018-11-28 14:34:50.782 -0500</RunDate>
  <Status>Success</Status>
  <Duration>0.763439</Duration>
  <Errors>0</Errors>
  <Warnings>0</Warnings>
  <Exceptions>0</Exceptions>
  <Successes>1</Successes>
  <LogFile>20181128_143450.782/LogFile.txt</LogFile>
  <ReturnValue></ReturnValue>
  <ErrorMessage></ErrorMessage>
 </run>
 <run>
  <RunDate>2018-11-28 14:35:03.923 -0500</RunDate>
  <Status>Success</Status>
  <Duration>5.760512</Duration>
  <Errors>0</Errors>
  <Warnings>0</Warnings>
  <Exceptions>0</Exceptions>
  <Successes>1</Successes>
  <LogFile>20181128_143503.923/LogFile.txt</LogFile>
  <ReturnValue></ReturnValue>
  <ErrorMessage></ErrorMessage>
 </run>
 <run>
  <RunDate>2018-11-28 14:35:34.923 -0500</RunDate>
  <Status>Success</Status>
  <Duration>6.427910</Duration>
  <Errors>0</Errors>
  <Warnings>0</Warnings>
  <Exceptions>0</Exceptions>
  <Successes>1</Successes>
  <LogFile>20181128_143534.923/LogFile.txt</LogFile>
  <ReturnValue></ReturnValue>
  <ErrorMessage></ErrorMessage>
 </run>
 <run>
  <RunDate>2018-11-28 15:28:48.038 -0500</RunDate>
  <Status>Failure</Status>
  <Duration>4.785775</Duration>
  <Errors>1</Errors>
  <Warnings>0</Warnings>
  <Exceptions>0</Exceptions>
  <Successes>0</Successes>
  <LogFile>20181128_152848.038/LogFile.txt</LogFile>
  <ReturnValue></ReturnValue>
  <ErrorMessage>STCSVConnectionError -- File not found: /Users/randyhesse/Documents/Simple Examples/Patient Holding/PatientHoldingExpert.suite/Resources/WebFormData5.csv</ErrorMessage>
 </run>
 <run>
  <RunDate>2018-11-28 15:30:10.977 -0500</RunDate>
  <Status>Failure</Status>
  <Duration>3.830945</Duration>
  <Errors>1</Errors>
  <Warnings>0</Warnings>
  <Exceptions>0</Exceptions>
  <Successes>0</Successes>
  <LogFile>20181128_153010.977/LogFile.txt</LogFile>
  <ReturnValue></ReturnValue>
  <ErrorMessage>STCSVConnectionError -- File not found: /Users/randyhesse/Documents/Simple Examples/Patient Holding/PatientHoldingExpert.suite/Resources/CSVFilename.csv</ErrorMessage>
 </run>
 <run>
  <RunDate>2018-11-28 15:30:27.669 -0500</RunDate>
  <Status>Failure</Status>
  <Duration>1.269119</Duration>
  <Errors>1</Errors>
  <Warnings>0</Warnings>
  <Exceptions>0</Exceptions>
  <Successes>0</Successes>
  <LogFile>20181128_153027.669/LogFile.txt</LogFile>
  <ReturnValue></ReturnValue>
  <ErrorMessage>STCSVConnectionError -- File not found: /Users/randyhesse/Documents/Simple Examples/Patient Holding/PatientHoldingExpert.suite/Resources/CSVFilename.csv</ErrorMessage>
 </run>
 <run>
  <RunDate>2018-11-28 15:31:52.520 -0500</RunDate>
  <Status>Failure</Status>
  <Duration>0.983260</Duration>
  <Errors>1</Errors>
  <Warnings>0</Warnings>
  <Exceptions>0</Exceptions>
  <Successes>0</Successes>
  <LogFile>20181128_153152.520/LogFile.txt</LogFile>
  <ReturnValue></ReturnValue>
  <ErrorMessage>STCSVConnectionError -- File not found: /Users/randyhesse/Documents/Simple Examples/Patient Holding/PatientHoldingExpert.suite/Resources/CSVFilename.csv</ErrorMessage>
 </run>
 <run>
  <RunDate>2018-11-28 15:32:21.661 -0500</RunDate>
  <Status>Success</Status>
  <Duration>0.947061</Duration>
  <Errors>0</Errors>
  <Warnings>0</Warnings>
  <Exceptions>0</Exceptions>
  <Successes>1</Successes>
  <LogFile>20181128_153221.661/LogFile.txt</LogFile>
  <ReturnValue></ReturnValue>
  <ErrorMessage></ErrorMessage>
 </run>
 <run>
  <RunDate>2018-11-28 15:38:44.964 -0500</RunDate>
  <Status>Failure</Status>
  <Duration>1.340660</Duration>
  <Errors>1</Errors>
  <Warnings>0</Warnings>
  <Exceptions>0</Exceptions>
  <Successes>0</Successes>
  <LogFile>20181128_153844.964/LogFile.txt</LogFile>
  <ReturnValue></ReturnValue>
  <ErrorMessage>STTableError -- Value can&#x27;t become a database table: </ErrorMessage>
 </run>
 <run>
  <RunDate>2018-11-28 15:39:01.046 -0500</RunDate>
  <Status>Success</Status>
  <Duration>1.215880</Duration>
  <Errors>0</Errors>
  <Warnings>0</Warnings>
  <Exceptions>0</Exceptions>
  <Successes>1</Successes>
  <LogFile>20181128_153901.046/LogFile.txt</LogFile>
  <ReturnValue></ReturnValue>
  <ErrorMessage></ErrorMessage>
 </run>
 <run>
  <RunDate>2018-11-28 15:40:04.456 -0500</RunDate>
  <Status>Failure</Status>
  <Duration>1.008212</Duration>
  <Errors>1</Errors>
  <Warnings>0</Warnings>
  <Exceptions>0</Exceptions>
  <Successes>0</Successes>
  <LogFile>20181128_154004.456/LogFile.txt</LogFile>
  <ReturnValue></ReturnValue>
  <ErrorMessage>STUnknownMessage -- ERROR: No Such Command: &#x27;directwrite&#x27;</ErrorMessage>
 </run>
 <run>
  <RunDate>2018-11-28 15:40:31.107 -0500</RunDate>
  <Status>Success</Status>
  <Duration>1.054763</Duration>
  <Errors>0</Errors>
  <Warnings>0</Warnings>
  <Exceptions>0</Exceptions>
  <Successes>1</Successes>
  <LogFile>20181128_154031.107/LogFile.txt</LogFile>
  <ReturnValue></ReturnValue>
  <ErrorMessage></ErrorMessage>
 </run>
 <run>
  <RunDate>2018-11-28 15:41:26.199 -0500</RunDate>
  <Status>Success</Status>
  <Duration>6.684601</Duration>
  <Errors>0</Errors>
  <Warnings>0</Warnings>
  <Exceptions>0</Exceptions>
  <Successes>1</Successes>
  <LogFile>20181128_154126.199/LogFile.txt</LogFile>
  <ReturnValue></ReturnValue>
  <ErrorMessage></ErrorMessage>
 </run>
 <run>
  <RunDate>2018-11-28 15:41:45.472 -0500</RunDate>
  <Status>Success</Status>
  <Duration>6.208587</Duration>
  <Errors>0</Errors>
  <Warnings>0</Warnings>
  <Exceptions>0</Exceptions>
  <Successes>1</Successes>
  <LogFile>20181128_154145.472/LogFile.txt</LogFile>
  <ReturnValue></ReturnValue>
  <ErrorMessage></ErrorMessage>
 </run>
</runHistory>
