{
  "entries" : [
    {
      "identifier" : "START",
      "message" : "Running GeneratePatient.script",
      "timestamp" : "2018-11-20 20:04:59.224 -0500"
    },
    {
      "identifier" : "EndTestCase",
      "message" : "(Duration:\"0.472851\", Errors:\"0\", Exceptions:\"0\", StartTime:\"2018-11-20 20:04:59 -0500\", Successes:\"1\", TestCase:\"GeneratePatient.script\", Warnings:\"0\")",
      "timestamp" : "2018-11-20 20:04:59.721 -0500"
    },
    {
      "identifier" : "SUCCESS",
      "message" : "Execution Time 0:00:00 GeneratePatient.script",
      "timestamp" : "2018-11-20 20:04:59.779 -0500"
    }
  ],
  "createdTimestamp" : "2018-11-20 20:04:59.248 -0500"
}