{
  "entries" : [
    {
      "identifier" : "START",
      "message" : "Running Example Basic OAuth.apitest",
      "timestamp" : "2020-07-15 10:45:40.935 -0600"
    },
    {
      "identifier" : "EndTestCase",
      "message" : "(Duration:\"1.099032\", Errors:\"0\", Exceptions:\"0\", StartTime:\"2020-07-15 10:45:40 -0600\", Successes:\"1\", TestCase:\"Example Basic OAuth.apitest\", Warnings:\"0\")",
      "timestamp" : "2020-07-15 10:45:42.036 -0600"
    },
    {
      "identifier" : "SUCCESS",
      "message" : "Execution Time 0:00:01 Example Basic OAuth.apitest",
      "timestamp" : "2020-07-15 10:45:42.056 -0600"
    }
  ],
  "createdTimestamp" : "2020-07-15 10:45:40.937 -0600"
}