{
  "entries" : [
    {
      "identifier" : "EndTestCase",
      "message" : "(Duration:\"3.669755\", Errors:\"3\", Exceptions:\"0\", StartTime:\"2018-11-21 17:30:48 -0500\", Successes:\"2\", TestCase:\"Index.script\", Warnings:\"0\")",
      "timestamp" : "2018-11-21 17:30:52.512 -0500"
    },
    {
      "identifier" : "SUCCESS",
      "message" : "Execution Time 0:00:03 Index.script",
      "timestamp" : "2018-11-21 17:30:52.580 -0500"
    }
  ],
  "createdTimestamp" : "2018-11-21 17:30:52.541 -0500"
}