{
  "entries" : [
    {
      "identifier" : "START",
      "message" : "Running Script1.script",
      "timestamp" : "2020-05-14 09:03:34.010 -0600"
    },
    {
      "identifier" : "EndTestCase",
      "message" : "(Duration:\"0.882151\", Errors:\"1\", Exceptions:\"0\", StartTime:\"2020-05-14 09:03:34 -0600\", Successes:\"0\", TestCase:\"Script1.script\", Warnings:\"0\")",
      "timestamp" : "2020-05-14 09:03:34.895 -0600"
    },
    {
      "identifier" : "FAILURE",
      "message" : "STUnknownMessage ERROR: No Such Command: 'getauthapi' -- Execution Time 0:00:00 Script1.script",
      "timestamp" : "2020-05-14 09:03:34.907 -0600"
    }
  ],
  "createdTimestamp" : "2020-05-14 09:03:34.011 -0600"
}