{
  "entries" : [
    {
      "identifier" : "START",
      "message" : "Running MainFromSuite.script",
      "timestamp" : "2021-04-12 15:17:31.229 -0600"
    },
    {
      "identifier" : "EndTestCase",
      "message" : "(Duration:\"4.835261\", Errors:\"0\", Exceptions:\"0\", StartTime:\"2021-04-12 15:17:31 -0600\", Successes:\"1\", TestCase:\"MainFromSuite.script\", Warnings:\"0\")",
      "timestamp" : "2021-04-12 15:17:36.066 -0600"
    },
    {
      "identifier" : "SUCCESS",
      "message" : "Execution Time 0:00:04 MainFromSuite.script",
      "timestamp" : "2021-04-12 15:17:36.098 -0600"
    }
  ],
  "createdTimestamp" : "2021-04-12 15:17:31.230 -0600"
}