﻿<?xml version="1.0" encoding="UTF-8" ?>
<runHistory script="Workflow01">
 <run>
  <RunDate>2021-03-01 19:44:16.595 -0700</RunDate>
  <Status>Success</Status>
  <Duration>7.235459</Duration>
  <Errors>0</Errors>
  <Warnings>0</Warnings>
  <Exceptions>0</Exceptions>
  <Successes>1</Successes>
  <LogFile>20210301_194416.595/LogFile.txt</LogFile>
  <ReturnValue></ReturnValue>
  <ErrorMessage></ErrorMessage>
 </run>
 <run>
  <RunDate>2021-03-01 19:44:48.575 -0700</RunDate>
  <Status>Success</Status>
  <Duration>6.460378</Duration>
  <Errors>0</Errors>
  <Warnings>0</Warnings>
  <Exceptions>0</Exceptions>
  <Successes>1</Successes>
  <LogFile>20210301_194448.575/LogFile.txt</LogFile>
  <ReturnValue></ReturnValue>
  <ErrorMessage></ErrorMessage>
 </run>
</runHistory>
