{
  "entries" : [
    {
      "identifier" : "START",
      "message" : "Running GeneratePatient.script",
      "timestamp" : "2018-11-20 20:22:39.152 -0500"
    },
    {
      "identifier" : "EndTestCase",
      "message" : "(Duration:\"0.567953\", Errors:\"0\", Exceptions:\"0\", StartTime:\"2018-11-20 20:22:39 -0500\", Successes:\"1\", TestCase:\"GeneratePatient.script\", Warnings:\"0\")",
      "timestamp" : "2018-11-20 20:22:39.742 -0500"
    },
    {
      "identifier" : "SUCCESS",
      "message" : "Execution Time 0:00:00 GeneratePatient.script",
      "timestamp" : "2018-11-20 20:22:39.797 -0500"
    }
  ],
  "createdTimestamp" : "2018-11-20 20:22:39.174 -0500"
}