{
  "entries" : [
    {
      "identifier" : "START",
      "message" : "Running Untitled1.script",
      "timestamp" : "2020-01-30 10:10:45.673 -0700"
    },
    {
      "handlerName" : "on_untitled1",
      "message" : "[return]\/-----------------------------------------------------------[return]put \"services.msc\" into CommandExecute[return]shell \"c:\\windows\\system32\\cmd.exe\"&<< \/c \">>&CommandExecute&<<\">>[return]shell \"c:\\windows\\system32\\cmd.exe\",<< \/c \">>&CommandExecute&<<\">>[return][return]\/\/-----------------------------------------------------------[return]put \"C:\\windows\\system32\\notepad.exe\" into CommandExecute[return]shell \"c:\\windows\\system32\\cmd.exe\",<< \/c \">>&CommandExecute&<<\">>[return][return]\/\/-----------------------------------------------------------[return]put \"ping 127.0.0.1\" into CommandExecute[return]shell \"c:\\windows\\system32\\cmd.exe\",<< \/c \">>&CommandExecute&<<\" > c:\\output\\out.txt>>[return]\/\/-----------------------------------------------------------[return]put \"ping 127.0.0.1\" into CommandExecute[return]shell \"c:\\windows\\system32\\cmd.exe\",<< \/c \">>&CommandExecute&<<\" > >>&ResourcePath()&<<\\output.txt>>[return]\/\/-----------------------------------------------------------[return]put \"ping 127.0.0.1\" into CommandExecute[return]shell \"c:\\windows\\system32\\cmd.exe\",<< \/c \">>&CommandExecute&<<\" > >>&ResourcePath()&<<\\output.txt>>[return]wait 5[return]log file ResourcePath(\"output.txt\")",
      "timestamp" : "2020-01-30 10:10:59.445 -0700",
      "identifier" : "typetext",
      "scriptName" : "Untitled1.script",
      "handlerLine" : 24
    },
    {
      "identifier" : "EndTestCase",
      "message" : "(Duration:\"14.559482\", Errors:\"0\", Exceptions:\"0\", StartTime:\"2020-01-30 10:10:45 -0700\", Successes:\"1\", TestCase:\"Untitled1.script\", Warnings:\"0\")",
      "timestamp" : "2020-01-30 10:11:00.234 -0700"
    },
    {
      "identifier" : "SUCCESS",
      "message" : "Execution Time 0:00:14 Untitled1.script",
      "timestamp" : "2020-01-30 10:11:00.246 -0700"
    }
  ],
  "createdTimestamp" : "2020-01-30 10:10:45.674 -0700"
}