{
  "entries" : [
    {
      "identifier" : "START",
      "message" : "Running Example OverLoad API.script",
      "timestamp" : "2020-08-11 10:36:40.954 -0600"
    },
    {
      "handlerName" : "on_example_overload_api",
      "timestamp" : "2020-08-11 10:36:41.140 -0600",
      "identifier" : "Log",
      "scriptName" : "Example OverLoad API.script",
      "handlerLine" : 15
    },
    {
      "identifier" : "EndTestCase",
      "message" : "(Duration:\"0.629492\", Errors:\"0\", Exceptions:\"0\", StartTime:\"2020-08-11 10:36:40 -0600\", Successes:\"1\", TestCase:\"Example OverLoad API.script\", Warnings:\"0\")",
      "timestamp" : "2020-08-11 10:36:41.586 -0600"
    },
    {
      "identifier" : "SUCCESS",
      "message" : "Execution Time 0:00:00 Example OverLoad API.script",
      "timestamp" : "2020-08-11 10:36:41.598 -0600"
    }
  ],
  "createdTimestamp" : "2020-08-11 10:36:40.955 -0600"
}