{
  "entries" : [
    {
      "identifier" : "START",
      "message" : "Running MainFromSuite.script",
      "timestamp" : "2021-04-10 23:37:36.570 -0600"
    },
    {
      "handlerName" : "on_definelocation",
      "message" : "Overwritting Folder",
      "timestamp" : "2021-04-10 23:37:36.701 -0600",
      "identifier" : "LogWarning",
      "scriptName" : "",
      "handlerLine" : 3
    },
    {
      "handlerName" : "on_htmlreport",
      "message" : "{Author:\"Randy Hesse\", CompanyName:\"Eggplant\", email:\"Randy.hesse@keysight.com\", Location:\"Boulder, CO\", ReportStats:{capturescreen:1, click:2, endtestcase:1, log:1, start:1, success:1, typetext:6, waitfor:3}, Suitename:\"Sample Suite.suite\", TelephoneNumber:\"(303) 555-0614\", TotalSteps:16}",
      "timestamp" : "2021-04-10 23:37:36.886 -0600",
      "identifier" : "Log",
      "scriptName" : "",
      "handlerLine" : 4
    },
    {
      "identifier" : "EndTestCase",
      "message" : "(Duration:\"0.473277\", Errors:\"1\", Exceptions:\"0\", StartTime:\"2021-04-10 23:37:36 -0600\", Successes:\"0\", TestCase:\"MainFromSuite.script\", Warnings:\"1\")",
      "timestamp" : "2021-04-10 23:37:37.045 -0600"
    },
    {
      "identifier" : "FAILURE",
      "message" : "STInvalidDate Value is not a date: '{Author:\"Randy Hesse\", Comp...' -- Execution Time 0:00:00 MainFromSuite.script",
      "timestamp" : "2021-04-10 23:37:37.055 -0600"
    }
  ],
  "createdTimestamp" : "2021-04-10 23:37:36.571 -0600"
}