{
  "entries" : [
    {
      "identifier" : "START",
      "message" : "Running Script1.script",
      "timestamp" : "2020-05-14 09:15:37.193 -0600"
    },
    {
      "identifier" : "EndTestCase",
      "message" : "(Duration:\"7.196157\", Errors:\"1\", Exceptions:\"0\", StartTime:\"2020-05-14 09:15:37 -0600\", Successes:\"0\", TestCase:\"Script1.script\", Warnings:\"0\")",
      "timestamp" : "2020-05-14 09:15:44.391 -0600"
    },
    {
      "identifier" : "ABORTED",
      "message" : "Execution Time 0:00:07 Script1.script",
      "timestamp" : "2020-05-14 09:15:44.394 -0600"
    }
  ],
  "createdTimestamp" : "2020-05-14 09:15:37.194 -0600"
}