{
  "entries" : [
    {
      "identifier" : "START",
      "message" : "Running GoFind.script",
      "timestamp" : "2020-04-27 15:24:55.754 -0600"
    },
    {
      "handlerName" : "on_gofind",
      "message" : "Input Full Path Test.jpg\\nOutput Full Path output.png\\ndetected (940,347)-(1200,607)\\ndetected (1532,270)-(1641,379)\\ndetected (1298,224)-(1560,486)\\ndetected (347,243)-(647,543)\\n",
      "timestamp" : "2020-04-27 15:24:57.831 -0600",
      "identifier" : "Log",
      "scriptName" : "GoFind.script",
      "handlerLine" : 20
    },
    {
      "identifier" : "EndTestCase",
      "message" : "(Duration:\"2.871682\", Errors:\"0\", Exceptions:\"0\", StartTime:\"2020-04-27 15:24:55 -0600\", Successes:\"1\", TestCase:\"GoFind.script\", Warnings:\"0\")",
      "timestamp" : "2020-04-27 15:24:58.628 -0600"
    },
    {
      "identifier" : "SUCCESS",
      "message" : "Execution Time 0:00:02 GoFind.script",
      "timestamp" : "2020-04-27 15:24:58.740 -0600"
    }
  ],
  "createdTimestamp" : "2020-04-27 15:24:55.756 -0600"
}