{
  "entries" : [
    {
      "identifier" : "START",
      "message" : "Running AdvanceDates.script",
      "timestamp" : "2018-11-26 16:50:34.685 -0500"
    },
    {
      "handlerName" : "on_advancedates",
      "message" : "(2018-11-28,2018-11-29,2018-12-03,2018-12-05,hello,2018-12-06)",
      "timestamp" : "2018-11-26 16:50:34.788 -0500",
      "identifier" : "Log",
      "scriptName" : "AdvanceDates.script",
      "handlerLine" : 13
    },
    {
      "identifier" : "EndTestCase",
      "message" : "(Duration:\"0.372846\", Errors:\"0\", Exceptions:\"0\", StartTime:\"2018-11-26 16:50:34 -0500\", Successes:\"1\", TestCase:\"AdvanceDates.script\", Warnings:\"0\")",
      "timestamp" : "2018-11-26 16:50:35.085 -0500"
    },
    {
      "identifier" : "SUCCESS",
      "message" : "Execution Time 0:00:00 AdvanceDates.script",
      "timestamp" : "2018-11-26 16:50:35.137 -0500"
    }
  ],
  "createdTimestamp" : "2018-11-26 16:50:34.712 -0500"
}