﻿<?xml version="1.0"?>
<runHistory script="IndexStright">
 <run>
  <RunDate>2018-11-08 10:44:03.934 -0700</RunDate>
  <Status>Success</Status>
  <Duration>18.777882</Duration>
  <Errors>0</Errors>
  <Warnings>0</Warnings>
  <Exceptions>0</Exceptions>
  <Successes>1</Successes>
  <LogFile>20181108_104403.934/LogFile.txt</LogFile>
  <ReturnValue></ReturnValue>
  <ErrorMessage></ErrorMessage>
 </run>
 <run>
  <RunDate>2018-12-27 14:08:14.588 -0700</RunDate>
  <Status>Failure</Status>
  <Duration>8.414679</Duration>
  <Errors>1</Errors>
  <Warnings>0</Warnings>
  <Exceptions>0</Exceptions>
  <Successes>0</Successes>
  <LogFile>20181227_140814.588/LogFile.txt</LogFile>
  <ReturnValue></ReturnValue>
  <ErrorMessage>AssertionFailed --  (assertion:  WebElementFound(webXPath: &lt;&lt;//*[@id=&quot;QuoteStartForm_ueno&quot;]&gt;&gt;) is true; actually: False IS NOT equal to True)</ErrorMessage>
 </run>
</runHistory>
