{
  "entries" : [
    {
      "identifier" : "START",
      "message" : "Running Example Get Response Headers.apitest",
      "timestamp" : "2020-07-13 10:04:08.352 -0600"
    },
    {
      "identifier" : "EndTestCase",
      "message" : "(Duration:\"0.807617\", Errors:\"0\", Exceptions:\"0\", StartTime:\"2020-07-13 10:04:08 -0600\", Successes:\"1\", TestCase:\"Example Get Response Headers.apitest\", Warnings:\"0\")",
      "timestamp" : "2020-07-13 10:04:09.161 -0600"
    },
    {
      "identifier" : "SUCCESS",
      "message" : "Execution Time 0:00:00 Example Get Response Headers.apitest",
      "timestamp" : "2020-07-13 10:04:09.186 -0600"
    }
  ],
  "createdTimestamp" : "2020-07-13 10:04:08.353 -0600"
}