{
  "entries" : [
    {
      "identifier" : "START",
      "message" : "Running Main02.script",
      "timestamp" : "2021-04-10 22:04:16.470 -0600"
    },
    {
      "identifier" : "EndTestCase",
      "message" : "(Duration:\"0.198685\", Errors:\"0\", Exceptions:\"0\", StartTime:\"2021-04-10 22:04:16 -0600\", Successes:\"1\", TestCase:\"Main02.script\", Warnings:\"0\")",
      "timestamp" : "2021-04-10 22:04:16.669 -0600"
    },
    {
      "identifier" : "SUCCESS",
      "message" : "Execution Time 0:00:00 Main02.script",
      "timestamp" : "2021-04-10 22:04:16.677 -0600"
    }
  ],
  "createdTimestamp" : "2021-04-10 22:04:16.470 -0600"
}