{
  "entries" : [
    {
      "identifier" : "START",
      "message" : "Running Master.script",
      "timestamp" : "2018-11-29 13:58:23.604 -0700"
    },
    {
      "handlerName" : "on_master",
      "message" : "\/Utilities\/Script1",
      "timestamp" : "2018-11-29 13:58:23.681 -0700",
      "identifier" : "Log",
      "scriptName" : "Master.script",
      "handlerLine" : 15
    },
    {
      "handlerName" : "on_master",
      "message" : "\/Utilities\/Script3",
      "timestamp" : "2018-11-29 13:58:23.737 -0700",
      "identifier" : "Log",
      "scriptName" : "Master.script",
      "handlerLine" : 15
    },
    {
      "handlerName" : "on_master",
      "message" : "\/Utilities\/Script2",
      "timestamp" : "2018-11-29 13:58:23.802 -0700",
      "identifier" : "Log",
      "scriptName" : "Master.script",
      "handlerLine" : 15
    },
    {
      "identifier" : "EndTestCase",
      "message" : "(Duration:\"0.700929\", Errors:\"1\", Exceptions:\"0\", StartTime:\"2018-11-29 13:58:23 -0700\", Successes:\"0\", TestCase:\"Master.script\", Warnings:\"0\")",
      "timestamp" : "2018-11-29 13:58:24.336 -0700"
    },
    {
      "message" : "SRUN_BadValue Bad value for Object expression.  Looking for an object or script identifier, got 'HLO'. -- Execution Time 0:00:00 Master.script",
      "timestamp" : "2018-11-29 13:58:25.484 -0700",
      "identifier" : "FAILURE",
      "image" : "Screen_Error.png"
    }
  ],
  "createdTimestamp" : "2018-11-29 13:58:23.635 -0700"
}