{
  "entries" : [
    {
      "identifier" : "START",
      "message" : "Running Untitled.script",
      "timestamp" : "2020-03-12 16:18:40.360 -0500"
    },
    {
      "handlerName" : "on_untitled",
      "message" : "49,24,99",
      "timestamp" : "2020-03-12 16:18:40.436 -0500",
      "identifier" : "Log",
      "scriptName" : "Untitled.script",
      "handlerLine" : 4
    },
    {
      "identifier" : "EndTestCase",
      "message" : "(Duration:\"0.963682\", Errors:\"0\", Exceptions:\"0\", StartTime:\"2020-03-12 16:18:40 -0500\", Successes:\"1\", TestCase:\"Untitled.script\", Warnings:\"0\")",
      "timestamp" : "2020-03-12 16:18:41.326 -0500"
    },
    {
      "identifier" : "SUCCESS",
      "message" : "Execution Time 0:00:00 Untitled.script",
      "timestamp" : "2020-03-12 16:18:41.341 -0500"
    }
  ],
  "createdTimestamp" : "2020-03-12 16:18:40.361 -0500"
}