{
  "entries" : [
    {
      "identifier" : "START",
      "message" : "Running MainFromSuite.script",
      "timestamp" : "2021-04-13 09:24:23.319 -0600"
    },
    {
      "handlerName" : "on_definelocation",
      "message" : "Overwritting Folder",
      "timestamp" : "2021-04-13 09:24:23.661 -0600",
      "identifier" : "LogWarning",
      "scriptName" : "",
      "handlerLine" : 3
    },
    {
      "handlerName" : "on_definelocation",
      "message" : "Overwritting Folder",
      "timestamp" : "2021-04-13 09:24:23.777 -0600",
      "identifier" : "LogWarning",
      "scriptName" : "",
      "handlerLine" : 3
    },
    {
      "handlerName" : "on_definelocation",
      "message" : "Overwritting Folder",
      "timestamp" : "2021-04-13 09:24:23.863 -0600",
      "identifier" : "LogWarning",
      "scriptName" : "",
      "handlerLine" : 3
    },
    {
      "handlerName" : "on_definelocation",
      "message" : "Overwritting Folder",
      "timestamp" : "2021-04-13 09:24:23.960 -0600",
      "identifier" : "LogWarning",
      "scriptName" : "",
      "handlerLine" : 3
    },
    {
      "handlerName" : "on_definelocation",
      "message" : "Overwritting Folder",
      "timestamp" : "2021-04-13 09:24:24.042 -0600",
      "identifier" : "LogWarning",
      "scriptName" : "",
      "handlerLine" : 3
    },
    {
      "handlerName" : "on_grabstatistics",
      "message" : "Remote Connection Unavailable",
      "timestamp" : "2021-04-13 09:24:47.549 -0600",
      "identifier" : "Exception",
      "scriptName" : "Object <60000b1fc500>",
      "handlerLine" : 15
    },
    {
      "handlerName" : "on_grabstatistics",
      "message" : "Remote Connection Unavailable",
      "timestamp" : "2021-04-13 09:24:47.642 -0600",
      "identifier" : "Exception",
      "scriptName" : "Object <60000b1fc500>",
      "handlerLine" : 15
    },
    {
      "handlerName" : "on_grabstatistics",
      "message" : "Remote Connection Unavailable",
      "timestamp" : "2021-04-13 09:24:47.729 -0600",
      "identifier" : "Exception",
      "scriptName" : "Object <60000b1fc500>",
      "handlerLine" : 15
    },
    {
      "handlerName" : "on_grabstatistics",
      "message" : "Remote Connection Unavailable",
      "timestamp" : "2021-04-13 09:24:47.786 -0600",
      "identifier" : "Exception",
      "scriptName" : "Object <60000b1fc500>",
      "handlerLine" : 15
    },
    {
      "handlerName" : "on_grabstatistics",
      "message" : "Remote Connection Unavailable",
      "timestamp" : "2021-04-13 09:24:47.853 -0600",
      "identifier" : "Exception",
      "scriptName" : "Object <60000b1fc500>",
      "handlerLine" : 15
    },
    {
      "handlerName" : "on_grabstatistics",
      "message" : "Remote Connection Unavailable",
      "timestamp" : "2021-04-13 09:24:47.938 -0600",
      "identifier" : "Exception",
      "scriptName" : "Object <60000b1fc500>",
      "handlerLine" : 15
    },
    {
      "handlerName" : "on_grabstatistics",
      "message" : "Remote Connection Unavailable",
      "timestamp" : "2021-04-13 09:24:48.047 -0600",
      "identifier" : "Exception",
      "scriptName" : "Object <60000b1fc500>",
      "handlerLine" : 15
    },
    {
      "handlerName" : "on_grabstatistics",
      "message" : "Remote Connection Unavailable",
      "timestamp" : "2021-04-13 09:24:48.106 -0600",
      "identifier" : "Exception",
      "scriptName" : "Object <60000b1fc500>",
      "handlerLine" : 15
    },
    {
      "handlerName" : "on_grabstatistics",
      "message" : "Remote Connection Unavailable",
      "timestamp" : "2021-04-13 09:24:48.172 -0600",
      "identifier" : "Exception",
      "scriptName" : "Object <60000b1fc500>",
      "handlerLine" : 15
    },
    {
      "handlerName" : "on_grabstatistics",
      "message" : "Remote Connection Unavailable",
      "timestamp" : "2021-04-13 09:24:48.239 -0600",
      "identifier" : "Exception",
      "scriptName" : "Object <60000b1fc500>",
      "handlerLine" : 15
    },
    {
      "handlerName" : "on_grabstatistics",
      "message" : "Remote Connection Unavailable",
      "timestamp" : "2021-04-13 09:24:48.327 -0600",
      "identifier" : "Exception",
      "scriptName" : "Object <60000b1fc500>",
      "handlerLine" : 15
    },
    {
      "handlerName" : "on_grabstatistics",
      "message" : "Remote Connection Unavailable",
      "timestamp" : "2021-04-13 09:24:48.399 -0600",
      "identifier" : "Exception",
      "scriptName" : "Object <60000b1fc500>",
      "handlerLine" : 15
    },
    {
      "handlerName" : "on_grabstatistics",
      "message" : "Remote Connection Unavailable",
      "timestamp" : "2021-04-13 09:24:48.472 -0600",
      "identifier" : "Exception",
      "scriptName" : "Object <60000b1fc500>",
      "handlerLine" : 15
    },
    {
      "handlerName" : "on_grabstatistics",
      "message" : "Remote Connection Unavailable",
      "timestamp" : "2021-04-13 09:24:48.561 -0600",
      "identifier" : "Exception",
      "scriptName" : "Object <60000b1fc500>",
      "handlerLine" : 15
    },
    {
      "handlerName" : "on_grabstatistics",
      "message" : "Remote Connection Unavailable",
      "timestamp" : "2021-04-13 09:24:48.643 -0600",
      "identifier" : "Exception",
      "scriptName" : "Object <60000b1fc500>",
      "handlerLine" : 15
    },
    {
      "handlerName" : "on_grabstatistics",
      "message" : "Remote Connection Unavailable",
      "timestamp" : "2021-04-13 09:24:48.726 -0600",
      "identifier" : "Exception",
      "scriptName" : "Object <60000b1fc500>",
      "handlerLine" : 15
    },
    {
      "handlerName" : "on_grabstatistics",
      "message" : "Remote Connection Unavailable",
      "timestamp" : "2021-04-13 09:24:48.819 -0600",
      "identifier" : "Exception",
      "scriptName" : "Object <60000b1fc500>",
      "handlerLine" : 15
    },
    {
      "handlerName" : "on_grabstatistics",
      "message" : "Remote Connection Unavailable",
      "timestamp" : "2021-04-13 09:24:48.885 -0600",
      "identifier" : "Exception",
      "scriptName" : "Object <60000b1fc500>",
      "handlerLine" : 15
    },
    {
      "handlerName" : "on_grabstatistics",
      "message" : "Remote Connection Unavailable",
      "timestamp" : "2021-04-13 09:24:48.951 -0600",
      "identifier" : "Exception",
      "scriptName" : "Object <60000b1fc500>",
      "handlerLine" : 15
    },
    {
      "handlerName" : "on_grabstatistics",
      "message" : "Remote Connection Unavailable",
      "timestamp" : "2021-04-13 09:24:49.019 -0600",
      "identifier" : "Exception",
      "scriptName" : "Object <60000b1fc500>",
      "handlerLine" : 15
    },
    {
      "handlerName" : "on_grabstatistics",
      "message" : "Remote Connection Unavailable",
      "timestamp" : "2021-04-13 09:24:49.120 -0600",
      "identifier" : "Exception",
      "scriptName" : "Object <60000b1fc500>",
      "handlerLine" : 15
    },
    {
      "handlerName" : "on_grabstatistics",
      "message" : "Remote Connection Unavailable",
      "timestamp" : "2021-04-13 09:24:49.188 -0600",
      "identifier" : "Exception",
      "scriptName" : "Object <60000b1fc500>",
      "handlerLine" : 15
    },
    {
      "handlerName" : "on_grabstatistics",
      "message" : "Remote Connection Unavailable",
      "timestamp" : "2021-04-13 09:24:49.284 -0600",
      "identifier" : "Exception",
      "scriptName" : "Object <60000b1fc500>",
      "handlerLine" : 15
    },
    {
      "handlerName" : "on_grabstatistics",
      "message" : "Remote Connection Unavailable",
      "timestamp" : "2021-04-13 09:24:49.353 -0600",
      "identifier" : "Exception",
      "scriptName" : "Object <60000b1fc500>",
      "handlerLine" : 15
    },
    {
      "handlerName" : "on_grabstatistics",
      "message" : "Remote Connection Unavailable",
      "timestamp" : "2021-04-13 09:24:49.454 -0600",
      "identifier" : "Exception",
      "scriptName" : "Object <60000b1fc500>",
      "handlerLine" : 15
    },
    {
      "handlerName" : "on_grabstatistics",
      "message" : "Remote Connection Unavailable",
      "timestamp" : "2021-04-13 09:24:49.533 -0600",
      "identifier" : "Exception",
      "scriptName" : "Object <60000b1fc500>",
      "handlerLine" : 15
    },
    {
      "handlerName" : "on_grabstatistics",
      "message" : "Remote Connection Unavailable",
      "timestamp" : "2021-04-13 09:24:49.604 -0600",
      "identifier" : "Exception",
      "scriptName" : "Object <60000b1fc500>",
      "handlerLine" : 15
    },
    {
      "handlerName" : "on_grabstatistics",
      "message" : "Remote Connection Unavailable",
      "timestamp" : "2021-04-13 09:24:49.731 -0600",
      "identifier" : "Exception",
      "scriptName" : "Object <60000b1fc500>",
      "handlerLine" : 15
    },
    {
      "handlerName" : "on_grabstatistics",
      "message" : "Remote Connection Unavailable",
      "timestamp" : "2021-04-13 09:24:49.823 -0600",
      "identifier" : "Exception",
      "scriptName" : "Object <60000b1fc500>",
      "handlerLine" : 15
    },
    {
      "handlerName" : "on_grabstatistics",
      "message" : "Remote Connection Unavailable",
      "timestamp" : "2021-04-13 09:24:49.920 -0600",
      "identifier" : "Exception",
      "scriptName" : "Object <60000b1fc500>",
      "handlerLine" : 15
    },
    {
      "handlerName" : "on_grabstatistics",
      "message" : "Remote Connection Unavailable",
      "timestamp" : "2021-04-13 09:24:50.014 -0600",
      "identifier" : "Exception",
      "scriptName" : "Object <60000b1fc500>",
      "handlerLine" : 15
    },
    {
      "handlerName" : "on_grabstatistics",
      "message" : "Remote Connection Unavailable",
      "timestamp" : "2021-04-13 09:24:50.122 -0600",
      "identifier" : "Exception",
      "scriptName" : "Object <60000b1fc500>",
      "handlerLine" : 15
    },
    {
      "handlerName" : "on_grabstatistics",
      "message" : "Remote Connection Unavailable",
      "timestamp" : "2021-04-13 09:24:50.218 -0600",
      "identifier" : "Exception",
      "scriptName" : "Object <60000b1fc500>",
      "handlerLine" : 15
    },
    {
      "handlerName" : "on_grabstatistics",
      "message" : "Remote Connection Unavailable",
      "timestamp" : "2021-04-13 09:24:50.318 -0600",
      "identifier" : "Exception",
      "scriptName" : "Object <60000b1fc500>",
      "handlerLine" : 15
    },
    {
      "handlerName" : "on_grabstatistics",
      "message" : "Remote Connection Unavailable",
      "timestamp" : "2021-04-13 09:24:50.413 -0600",
      "identifier" : "Exception",
      "scriptName" : "Object <60000b1fc500>",
      "handlerLine" : 15
    },
    {
      "handlerName" : "on_grabstatistics",
      "message" : "Remote Connection Unavailable",
      "timestamp" : "2021-04-13 09:24:50.553 -0600",
      "identifier" : "Exception",
      "scriptName" : "Object <60000b1fc500>",
      "handlerLine" : 15
    },
    {
      "handlerName" : "on_grabstatistics",
      "message" : "Remote Connection Unavailable",
      "timestamp" : "2021-04-13 09:24:50.638 -0600",
      "identifier" : "Exception",
      "scriptName" : "Object <60000b1fc500>",
      "handlerLine" : 15
    },
    {
      "handlerName" : "on_grabstatistics",
      "message" : "Remote Connection Unavailable",
      "timestamp" : "2021-04-13 09:24:50.730 -0600",
      "identifier" : "Exception",
      "scriptName" : "Object <60000b1fc500>",
      "handlerLine" : 15
    },
    {
      "handlerName" : "on_grabstatistics",
      "message" : "Remote Connection Unavailable",
      "timestamp" : "2021-04-13 09:24:50.871 -0600",
      "identifier" : "Exception",
      "scriptName" : "Object <60000b1fc500>",
      "handlerLine" : 15
    },
    {
      "handlerName" : "on_grabstatistics",
      "message" : "Remote Connection Unavailable",
      "timestamp" : "2021-04-13 09:24:50.946 -0600",
      "identifier" : "Exception",
      "scriptName" : "Object <60000b1fc500>",
      "handlerLine" : 15
    },
    {
      "handlerName" : "on_grabstatistics",
      "message" : "Remote Connection Unavailable",
      "timestamp" : "2021-04-13 09:24:51.041 -0600",
      "identifier" : "Exception",
      "scriptName" : "Object <60000b1fc500>",
      "handlerLine" : 15
    },
    {
      "handlerName" : "on_grabstatistics",
      "message" : "Remote Connection Unavailable",
      "timestamp" : "2021-04-13 09:24:51.153 -0600",
      "identifier" : "Exception",
      "scriptName" : "Object <60000b1fc500>",
      "handlerLine" : 15
    },
    {
      "handlerName" : "on_grabstatistics",
      "message" : "Remote Connection Unavailable",
      "timestamp" : "2021-04-13 09:24:51.264 -0600",
      "identifier" : "Exception",
      "scriptName" : "Object <60000b1fc500>",
      "handlerLine" : 15
    },
    {
      "handlerName" : "on_grabstatistics",
      "message" : "Remote Connection Unavailable",
      "timestamp" : "2021-04-13 09:24:51.379 -0600",
      "identifier" : "Exception",
      "scriptName" : "Object <60000b1fc500>",
      "handlerLine" : 15
    },
    {
      "handlerName" : "on_grabstatistics",
      "message" : "Remote Connection Unavailable",
      "timestamp" : "2021-04-13 09:24:51.499 -0600",
      "identifier" : "Exception",
      "scriptName" : "Object <60000b1fc500>",
      "handlerLine" : 15
    },
    {
      "handlerName" : "on_grabstatistics",
      "message" : "Remote Connection Unavailable",
      "timestamp" : "2021-04-13 09:24:51.620 -0600",
      "identifier" : "Exception",
      "scriptName" : "Object <60000b1fc500>",
      "handlerLine" : 15
    },
    {
      "handlerName" : "on_grabstatistics",
      "message" : "Remote Connection Unavailable",
      "timestamp" : "2021-04-13 09:24:51.703 -0600",
      "identifier" : "Exception",
      "scriptName" : "Object <60000b1fc500>",
      "handlerLine" : 15
    },
    {
      "handlerName" : "on_grabstatistics",
      "message" : "Remote Connection Unavailable",
      "timestamp" : "2021-04-13 09:24:51.797 -0600",
      "identifier" : "Exception",
      "scriptName" : "Object <60000b1fc500>",
      "handlerLine" : 15
    },
    {
      "handlerName" : "on_grabstatistics",
      "message" : "Remote Connection Unavailable",
      "timestamp" : "2021-04-13 09:24:51.881 -0600",
      "identifier" : "Exception",
      "scriptName" : "Object <60000b1fc500>",
      "handlerLine" : 15
    },
    {
      "handlerName" : "on_grabstatistics",
      "message" : "Remote Connection Unavailable",
      "timestamp" : "2021-04-13 09:24:52.012 -0600",
      "identifier" : "Exception",
      "scriptName" : "Object <60000b1fc500>",
      "handlerLine" : 15
    },
    {
      "handlerName" : "on_grabstatistics",
      "message" : "Remote Connection Unavailable",
      "timestamp" : "2021-04-13 09:24:52.126 -0600",
      "identifier" : "Exception",
      "scriptName" : "Object <60000b1fc500>",
      "handlerLine" : 15
    },
    {
      "handlerName" : "on_grabstatistics",
      "message" : "Remote Connection Unavailable",
      "timestamp" : "2021-04-13 09:24:52.260 -0600",
      "identifier" : "Exception",
      "scriptName" : "Object <60000b1fc500>",
      "handlerLine" : 15
    },
    {
      "handlerName" : "on_grabstatistics",
      "message" : "Remote Connection Unavailable",
      "timestamp" : "2021-04-13 09:24:52.411 -0600",
      "identifier" : "Exception",
      "scriptName" : "Object <60000b1fc500>",
      "handlerLine" : 15
    },
    {
      "handlerName" : "on_grabstatistics",
      "message" : "Remote Connection Unavailable",
      "timestamp" : "2021-04-13 09:24:52.513 -0600",
      "identifier" : "Exception",
      "scriptName" : "Object <60000b1fc500>",
      "handlerLine" : 15
    },
    {
      "handlerName" : "on_grabstatistics",
      "message" : "Remote Connection Unavailable",
      "timestamp" : "2021-04-13 09:24:52.598 -0600",
      "identifier" : "Exception",
      "scriptName" : "Object <60000b1fc500>",
      "handlerLine" : 15
    },
    {
      "handlerName" : "on_grabstatistics",
      "message" : "Remote Connection Unavailable",
      "timestamp" : "2021-04-13 09:24:52.745 -0600",
      "identifier" : "Exception",
      "scriptName" : "Object <60000b1fc500>",
      "handlerLine" : 15
    },
    {
      "handlerName" : "on_grabstatistics",
      "message" : "Remote Connection Unavailable",
      "timestamp" : "2021-04-13 09:24:52.871 -0600",
      "identifier" : "Exception",
      "scriptName" : "Object <60000b1fc500>",
      "handlerLine" : 15
    },
    {
      "handlerName" : "on_grabstatistics",
      "message" : "Remote Connection Unavailable",
      "timestamp" : "2021-04-13 09:24:52.982 -0600",
      "identifier" : "Exception",
      "scriptName" : "Object <60000b1fc500>",
      "handlerLine" : 15
    },
    {
      "handlerName" : "on_grabstatistics",
      "message" : "Remote Connection Unavailable",
      "timestamp" : "2021-04-13 09:24:53.087 -0600",
      "identifier" : "Exception",
      "scriptName" : "Object <60000b1fc500>",
      "handlerLine" : 15
    },
    {
      "handlerName" : "on_grabstatistics",
      "message" : "Remote Connection Unavailable",
      "timestamp" : "2021-04-13 09:24:53.170 -0600",
      "identifier" : "Exception",
      "scriptName" : "Object <60000b1fc500>",
      "handlerLine" : 15
    },
    {
      "handlerName" : "on_grabstatistics",
      "message" : "Remote Connection Unavailable",
      "timestamp" : "2021-04-13 09:24:53.271 -0600",
      "identifier" : "Exception",
      "scriptName" : "Object <60000b1fc500>",
      "handlerLine" : 15
    },
    {
      "handlerName" : "on_grabstatistics",
      "message" : "Remote Connection Unavailable",
      "timestamp" : "2021-04-13 09:24:53.399 -0600",
      "identifier" : "Exception",
      "scriptName" : "Object <60000b1fc500>",
      "handlerLine" : 15
    },
    {
      "handlerName" : "on_grabstatistics",
      "message" : "Remote Connection Unavailable",
      "timestamp" : "2021-04-13 09:24:53.704 -0600",
      "identifier" : "Exception",
      "scriptName" : "Object <60000b1fc500>",
      "handlerLine" : 15
    },
    {
      "handlerName" : "on_grabstatistics",
      "message" : "Remote Connection Unavailable",
      "timestamp" : "2021-04-13 09:24:53.834 -0600",
      "identifier" : "Exception",
      "scriptName" : "Object <60000b1fc500>",
      "handlerLine" : 15
    },
    {
      "handlerName" : "on_grabstatistics",
      "message" : "Remote Connection Unavailable",
      "timestamp" : "2021-04-13 09:24:53.952 -0600",
      "identifier" : "Exception",
      "scriptName" : "Object <60000b1fc500>",
      "handlerLine" : 15
    },
    {
      "handlerName" : "on_grabstatistics",
      "message" : "Remote Connection Unavailable",
      "timestamp" : "2021-04-13 09:24:54.147 -0600",
      "identifier" : "Exception",
      "scriptName" : "Object <60000b1fc500>",
      "handlerLine" : 15
    },
    {
      "handlerName" : "on_grabstatistics",
      "message" : "Remote Connection Unavailable",
      "timestamp" : "2021-04-13 09:24:54.234 -0600",
      "identifier" : "Exception",
      "scriptName" : "Object <60000b1fc500>",
      "handlerLine" : 15
    },
    {
      "handlerName" : "on_grabstatistics",
      "message" : "Remote Connection Unavailable",
      "timestamp" : "2021-04-13 09:24:54.353 -0600",
      "identifier" : "Exception",
      "scriptName" : "Object <60000b1fc500>",
      "handlerLine" : 15
    },
    {
      "handlerName" : "on_grabstatistics",
      "message" : "Remote Connection Unavailable",
      "timestamp" : "2021-04-13 09:24:54.506 -0600",
      "identifier" : "Exception",
      "scriptName" : "Object <60000b1fc500>",
      "handlerLine" : 15
    },
    {
      "handlerName" : "on_grabstatistics",
      "message" : "Remote Connection Unavailable",
      "timestamp" : "2021-04-13 09:24:54.625 -0600",
      "identifier" : "Exception",
      "scriptName" : "Object <60000b1fc500>",
      "handlerLine" : 15
    },
    {
      "handlerName" : "on_grabstatistics",
      "message" : "Remote Connection Unavailable",
      "timestamp" : "2021-04-13 09:24:54.726 -0600",
      "identifier" : "Exception",
      "scriptName" : "Object <60000b1fc500>",
      "handlerLine" : 15
    },
    {
      "handlerName" : "on_grabstatistics",
      "message" : "Remote Connection Unavailable",
      "timestamp" : "2021-04-13 09:24:54.834 -0600",
      "identifier" : "Exception",
      "scriptName" : "Object <60000b1fc500>",
      "handlerLine" : 15
    },
    {
      "handlerName" : "on_grabstatistics",
      "message" : "Remote Connection Unavailable",
      "timestamp" : "2021-04-13 09:24:54.952 -0600",
      "identifier" : "Exception",
      "scriptName" : "Object <60000b1fc500>",
      "handlerLine" : 15
    },
    {
      "handlerName" : "on_grabstatistics",
      "message" : "Remote Connection Unavailable",
      "timestamp" : "2021-04-13 09:24:55.065 -0600",
      "identifier" : "Exception",
      "scriptName" : "Object <60000b1fc500>",
      "handlerLine" : 15
    },
    {
      "handlerName" : "on_grabstatistics",
      "message" : "Remote Connection Unavailable",
      "timestamp" : "2021-04-13 09:24:55.158 -0600",
      "identifier" : "Exception",
      "scriptName" : "Object <60000b1fc500>",
      "handlerLine" : 15
    },
    {
      "handlerName" : "on_grabstatistics",
      "message" : "Remote Connection Unavailable",
      "timestamp" : "2021-04-13 09:24:55.265 -0600",
      "identifier" : "Exception",
      "scriptName" : "Object <60000b1fc500>",
      "handlerLine" : 15
    },
    {
      "handlerName" : "on_grabstatistics",
      "message" : "Remote Connection Unavailable",
      "timestamp" : "2021-04-13 09:24:55.344 -0600",
      "identifier" : "Exception",
      "scriptName" : "Object <60000b1fc500>",
      "handlerLine" : 15
    },
    {
      "handlerName" : "on_grabstatistics",
      "message" : "Remote Connection Unavailable",
      "timestamp" : "2021-04-13 09:24:55.430 -0600",
      "identifier" : "Exception",
      "scriptName" : "Object <60000b1fc500>",
      "handlerLine" : 15
    },
    {
      "handlerName" : "on_grabstatistics",
      "message" : "Remote Connection Unavailable",
      "timestamp" : "2021-04-13 09:24:55.498 -0600",
      "identifier" : "Exception",
      "scriptName" : "Object <60000b1fc500>",
      "handlerLine" : 15
    },
    {
      "handlerName" : "on_grabstatistics",
      "message" : "Remote Connection Unavailable",
      "timestamp" : "2021-04-13 09:24:55.588 -0600",
      "identifier" : "Exception",
      "scriptName" : "Object <60000b1fc500>",
      "handlerLine" : 15
    },
    {
      "handlerName" : "on_grabstatistics",
      "message" : "Remote Connection Unavailable",
      "timestamp" : "2021-04-13 09:24:55.671 -0600",
      "identifier" : "Exception",
      "scriptName" : "Object <60000b1fc500>",
      "handlerLine" : 15
    },
    {
      "handlerName" : "on_grabstatistics",
      "message" : "Remote Connection Unavailable",
      "timestamp" : "2021-04-13 09:24:55.754 -0600",
      "identifier" : "Exception",
      "scriptName" : "Object <60000b1fc500>",
      "handlerLine" : 15
    },
    {
      "handlerName" : "on_grabstatistics",
      "message" : "Remote Connection Unavailable",
      "timestamp" : "2021-04-13 09:24:55.834 -0600",
      "identifier" : "Exception",
      "scriptName" : "Object <60000b1fc500>",
      "handlerLine" : 15
    },
    {
      "handlerName" : "on_grabstatistics",
      "message" : "Remote Connection Unavailable",
      "timestamp" : "2021-04-13 09:24:55.919 -0600",
      "identifier" : "Exception",
      "scriptName" : "Object <60000b1fc500>",
      "handlerLine" : 15
    },
    {
      "handlerName" : "on_grabstatistics",
      "message" : "Remote Connection Unavailable",
      "timestamp" : "2021-04-13 09:24:56.012 -0600",
      "identifier" : "Exception",
      "scriptName" : "Object <60000b1fc500>",
      "handlerLine" : 15
    },
    {
      "handlerName" : "on_grabstatistics",
      "message" : "Remote Connection Unavailable",
      "timestamp" : "2021-04-13 09:24:56.087 -0600",
      "identifier" : "Exception",
      "scriptName" : "Object <60000b1fc500>",
      "handlerLine" : 15
    },
    {
      "handlerName" : "on_grabstatistics",
      "message" : "Remote Connection Unavailable",
      "timestamp" : "2021-04-13 09:24:56.169 -0600",
      "identifier" : "Exception",
      "scriptName" : "Object <60000b1fc500>",
      "handlerLine" : 15
    },
    {
      "handlerName" : "on_grabstatistics",
      "message" : "Remote Connection Unavailable",
      "timestamp" : "2021-04-13 09:24:56.256 -0600",
      "identifier" : "Exception",
      "scriptName" : "Object <60000b1fc500>",
      "handlerLine" : 15
    },
    {
      "handlerName" : "on_grabstatistics",
      "message" : "Remote Connection Unavailable",
      "timestamp" : "2021-04-13 09:24:56.337 -0600",
      "identifier" : "Exception",
      "scriptName" : "Object <60000b1fc500>",
      "handlerLine" : 15
    },
    {
      "handlerName" : "on_grabstatistics",
      "message" : "Remote Connection Unavailable",
      "timestamp" : "2021-04-13 09:24:56.419 -0600",
      "identifier" : "Exception",
      "scriptName" : "Object <60000b1fc500>",
      "handlerLine" : 15
    },
    {
      "handlerName" : "on_grabstatistics",
      "message" : "Remote Connection Unavailable",
      "timestamp" : "2021-04-13 09:24:56.510 -0600",
      "identifier" : "Exception",
      "scriptName" : "Object <60000b1fc500>",
      "handlerLine" : 15
    },
    {
      "handlerName" : "on_grabstatistics",
      "message" : "Remote Connection Unavailable",
      "timestamp" : "2021-04-13 09:24:56.582 -0600",
      "identifier" : "Exception",
      "scriptName" : "Object <60000b1fc500>",
      "handlerLine" : 15
    },
    {
      "handlerName" : "on_grabstatistics",
      "message" : "Remote Connection Unavailable",
      "timestamp" : "2021-04-13 09:24:56.668 -0600",
      "identifier" : "Exception",
      "scriptName" : "Object <60000b1fc500>",
      "handlerLine" : 15
    },
    {
      "handlerName" : "on_grabstatistics",
      "message" : "Remote Connection Unavailable",
      "timestamp" : "2021-04-13 09:24:56.739 -0600",
      "identifier" : "Exception",
      "scriptName" : "Object <60000b1fc500>",
      "handlerLine" : 15
    },
    {
      "handlerName" : "on_grabstatistics",
      "message" : "Remote Connection Unavailable",
      "timestamp" : "2021-04-13 09:24:56.828 -0600",
      "identifier" : "Exception",
      "scriptName" : "Object <60000b1fc500>",
      "handlerLine" : 15
    },
    {
      "handlerName" : "on_grabstatistics",
      "message" : "Remote Connection Unavailable",
      "timestamp" : "2021-04-13 09:24:56.906 -0600",
      "identifier" : "Exception",
      "scriptName" : "Object <60000b1fc500>",
      "handlerLine" : 15
    },
    {
      "handlerName" : "on_grabstatistics",
      "message" : "Remote Connection Unavailable",
      "timestamp" : "2021-04-13 09:24:56.983 -0600",
      "identifier" : "Exception",
      "scriptName" : "Object <60000b1fc500>",
      "handlerLine" : 15
    },
    {
      "handlerName" : "on_grabstatistics",
      "message" : "Remote Connection Unavailable",
      "timestamp" : "2021-04-13 09:24:57.072 -0600",
      "identifier" : "Exception",
      "scriptName" : "Object <60000b1fc500>",
      "handlerLine" : 15
    },
    {
      "handlerName" : "on_grabstatistics",
      "message" : "Remote Connection Unavailable",
      "timestamp" : "2021-04-13 09:24:57.161 -0600",
      "identifier" : "Exception",
      "scriptName" : "Object <60000b1fc500>",
      "handlerLine" : 15
    },
    {
      "handlerName" : "on_grabstatistics",
      "message" : "Remote Connection Unavailable",
      "timestamp" : "2021-04-13 09:24:57.253 -0600",
      "identifier" : "Exception",
      "scriptName" : "Object <60000b1fc500>",
      "handlerLine" : 15
    },
    {
      "handlerName" : "on_grabstatistics",
      "message" : "Remote Connection Unavailable",
      "timestamp" : "2021-04-13 09:24:57.335 -0600",
      "identifier" : "Exception",
      "scriptName" : "Object <60000b1fc500>",
      "handlerLine" : 15
    },
    {
      "handlerName" : "on_grabstatistics",
      "message" : "Remote Connection Unavailable",
      "timestamp" : "2021-04-13 09:24:57.415 -0600",
      "identifier" : "Exception",
      "scriptName" : "Object <60000b1fc500>",
      "handlerLine" : 15
    },
    {
      "handlerName" : "on_grabstatistics",
      "message" : "Remote Connection Unavailable",
      "timestamp" : "2021-04-13 09:24:57.490 -0600",
      "identifier" : "Exception",
      "scriptName" : "Object <60000b1fc500>",
      "handlerLine" : 15
    },
    {
      "handlerName" : "on_grabstatistics",
      "message" : "Remote Connection Unavailable",
      "timestamp" : "2021-04-13 09:24:57.569 -0600",
      "identifier" : "Exception",
      "scriptName" : "Object <60000b1fc500>",
      "handlerLine" : 15
    },
    {
      "handlerName" : "on_grabstatistics",
      "message" : "Remote Connection Unavailable",
      "timestamp" : "2021-04-13 09:24:57.655 -0600",
      "identifier" : "Exception",
      "scriptName" : "Object <60000b1fc500>",
      "handlerLine" : 15
    },
    {
      "handlerName" : "on_grabstatistics",
      "message" : "Remote Connection Unavailable",
      "timestamp" : "2021-04-13 09:24:57.734 -0600",
      "identifier" : "Exception",
      "scriptName" : "Object <60000b1fc500>",
      "handlerLine" : 15
    },
    {
      "handlerName" : "on_grabstatistics",
      "message" : "Remote Connection Unavailable",
      "timestamp" : "2021-04-13 09:24:57.815 -0600",
      "identifier" : "Exception",
      "scriptName" : "Object <60000b1fc500>",
      "handlerLine" : 15
    },
    {
      "handlerName" : "on_grabstatistics",
      "message" : "Remote Connection Unavailable",
      "timestamp" : "2021-04-13 09:24:57.911 -0600",
      "identifier" : "Exception",
      "scriptName" : "Object <60000b1fc500>",
      "handlerLine" : 15
    },
    {
      "handlerName" : "on_grabstatistics",
      "message" : "Remote Connection Unavailable",
      "timestamp" : "2021-04-13 09:24:57.987 -0600",
      "identifier" : "Exception",
      "scriptName" : "Object <60000b1fc500>",
      "handlerLine" : 15
    },
    {
      "handlerName" : "on_grabstatistics",
      "message" : "Remote Connection Unavailable",
      "timestamp" : "2021-04-13 09:24:58.070 -0600",
      "identifier" : "Exception",
      "scriptName" : "Object <60000b1fc500>",
      "handlerLine" : 15
    },
    {
      "handlerName" : "on_grabstatistics",
      "message" : "Remote Connection Unavailable",
      "timestamp" : "2021-04-13 09:24:58.154 -0600",
      "identifier" : "Exception",
      "scriptName" : "Object <60000b1fc500>",
      "handlerLine" : 15
    },
    {
      "handlerName" : "on_grabstatistics",
      "message" : "Remote Connection Unavailable",
      "timestamp" : "2021-04-13 09:24:58.239 -0600",
      "identifier" : "Exception",
      "scriptName" : "Object <60000b1fc500>",
      "handlerLine" : 15
    },
    {
      "handlerName" : "on_grabstatistics",
      "message" : "Remote Connection Unavailable",
      "timestamp" : "2021-04-13 09:24:58.346 -0600",
      "identifier" : "Exception",
      "scriptName" : "Object <60000b1fc500>",
      "handlerLine" : 15
    },
    {
      "handlerName" : "on_grabstatistics",
      "message" : "Remote Connection Unavailable",
      "timestamp" : "2021-04-13 09:24:58.444 -0600",
      "identifier" : "Exception",
      "scriptName" : "Object <60000b1fc500>",
      "handlerLine" : 15
    },
    {
      "handlerName" : "on_grabstatistics",
      "message" : "Remote Connection Unavailable",
      "timestamp" : "2021-04-13 09:24:58.544 -0600",
      "identifier" : "Exception",
      "scriptName" : "Object <60000b1fc500>",
      "handlerLine" : 15
    },
    {
      "handlerName" : "on_grabstatistics",
      "message" : "Remote Connection Unavailable",
      "timestamp" : "2021-04-13 09:24:58.646 -0600",
      "identifier" : "Exception",
      "scriptName" : "Object <60000b1fc500>",
      "handlerLine" : 15
    },
    {
      "handlerName" : "on_grabstatistics",
      "message" : "Remote Connection Unavailable",
      "timestamp" : "2021-04-13 09:24:58.737 -0600",
      "identifier" : "Exception",
      "scriptName" : "Object <60000b1fc500>",
      "handlerLine" : 15
    },
    {
      "handlerName" : "on_grabstatistics",
      "message" : "Remote Connection Unavailable",
      "timestamp" : "2021-04-13 09:24:58.846 -0600",
      "identifier" : "Exception",
      "scriptName" : "Object <60000b1fc500>",
      "handlerLine" : 15
    },
    {
      "identifier" : "EndTestCase",
      "message" : "(Duration:\"35.789346\", Errors:\"0\", Exceptions:\"118\", StartTime:\"2021-04-13 09:24:23 -0600\", Successes:\"1\", TestCase:\"MainFromSuite.script\", Warnings:\"5\")",
      "timestamp" : "2021-04-13 09:24:59.109 -0600"
    },
    {
      "identifier" : "SUCCESS",
      "message" : "Execution Time 0:00:35 MainFromSuite.script",
      "timestamp" : "2021-04-13 09:24:59.135 -0600"
    }
  ],
  "createdTimestamp" : "2021-04-13 09:24:23.320 -0600"
}