{
  "entries" : [
    {
      "identifier" : "START",
      "message" : "Running MainFromSuite.script",
      "timestamp" : "2021-04-12 14:59:45.872 -0600"
    },
    {
      "handlerName" : "on_definelocation",
      "message" : "Overwritting Folder",
      "timestamp" : "2021-04-12 14:59:46.116 -0600",
      "identifier" : "LogWarning",
      "scriptName" : "",
      "handlerLine" : 3
    },
    {
      "identifier" : "EndTestCase",
      "message" : "(Duration:\"0.374246\", Errors:\"1\", Exceptions:\"0\", StartTime:\"2021-04-12 14:59:45 -0600\", Successes:\"0\", TestCase:\"MainFromSuite.script\", Warnings:\"1\")",
      "timestamp" : "2021-04-12 14:59:46.248 -0600"
    },
    {
      "message" : "STFileException Failed to read file \/Users\/ranhesse\/desktop\/Alaska Week 2.suite\/Results\/Alaska USA\/20210412_103528.379 -- Execution Time 0:00:00 MainFromSuite.script",
      "timestamp" : "2021-04-12 14:59:46.423 -0600",
      "identifier" : "FAILURE",
      "image" : "Screen_Error.png"
    }
  ],
  "createdTimestamp" : "2021-04-12 14:59:45.873 -0600"
}