{
  "entries" : [
    {
      "identifier" : "START",
      "message" : "Running Main.script",
      "timestamp" : "2020-04-28 11:28:39.496 -0600"
    },
    {
      "handlerName" : "function_locaterrectangle",
      "message" : "(0,0,1920,1080)",
      "identifier" : "capturescreen",
      "image" : "\/Users\/randyhesse\/Documents\/Simple_Examples\/AI Modeling\/facial_recognition_v2.suite\/Resources\/InputPicture.png",
      "handlerLine" : 5,
      "timestamp" : "2020-04-28 11:28:40.148 -0600",
      "scriptName" : ""
    },
    {
      "handlerName" : "on_main",
      "message" : "[[1330,481,1379,530],[537,486,586,535],[928,484,975,531]]",
      "timestamp" : "2020-04-28 11:28:42.922 -0600",
      "identifier" : "Log",
      "scriptName" : "Main.script",
      "handlerLine" : 17
    },
    {
      "handlerName" : "on_main",
      "message" : "(1330,481,1379,530)",
      "identifier" : "capturescreen",
      "image" : "1.png",
      "handlerLine" : 24,
      "timestamp" : "2020-04-28 11:28:43.175 -0600",
      "scriptName" : "Main.script"
    },
    {
      "handlerName" : "on_main",
      "message" : "(537,486,586,535)",
      "identifier" : "capturescreen",
      "image" : "2.png",
      "handlerLine" : 24,
      "timestamp" : "2020-04-28 11:28:43.685 -0600",
      "scriptName" : "Main.script"
    },
    {
      "handlerName" : "on_main",
      "message" : "(928,484,975,531)",
      "identifier" : "capturescreen",
      "image" : "3.png",
      "handlerLine" : 24,
      "timestamp" : "2020-04-28 11:28:44.198 -0600",
      "scriptName" : "Main.script"
    },
    {
      "identifier" : "EndTestCase",
      "message" : "(Duration:\"6.331069\", Errors:\"0\", Exceptions:\"0\", StartTime:\"2020-04-28 11:28:39 -0600\", Successes:\"1\", TestCase:\"Main.script\", Warnings:\"0\")",
      "timestamp" : "2020-04-28 11:28:45.829 -0600"
    },
    {
      "identifier" : "SUCCESS",
      "message" : "Execution Time 0:00:06 Main.script",
      "timestamp" : "2020-04-28 11:28:45.854 -0600"
    }
  ],
  "createdTimestamp" : "2020-04-28 11:28:39.498 -0600"
}