{
  "entries" : [
    {
      "identifier" : "START",
      "message" : "Running Workflow02.script",
      "timestamp" : "2021-03-01 20:12:48.924 -0700"
    },
    {
      "handlerName" : "on_workflow02",
      "message" : "Legs go",
      "timestamp" : "2021-03-01 20:12:48.986 -0700",
      "identifier" : "Log",
      "scriptName" : "Workflow02.script",
      "handlerLine" : 4
    },
    {
      "handlerName" : "on_workflow02",
      "message" : "[windowsKey]r",
      "timestamp" : "2021-03-01 20:12:49.012 -0700",
      "identifier" : "typetext",
      "scriptName" : "Workflow02.script",
      "handlerLine" : 8
    },
    {
      "handlerName" : "on_workflow02",
      "message" : "chrome.exe[returnKey]",
      "timestamp" : "2021-03-01 20:12:49.865 -0700",
      "identifier" : "typetext",
      "scriptName" : "Workflow02.script",
      "handlerLine" : 9
    },
    {
      "handlerName" : "on_workflow02",
      "message" : "found at (210, 52)",
      "identifier" : "waitfor",
      "image" : "Refresh Icon",
      "handlerLine" : 10,
      "timestamp" : "2021-03-01 20:12:50.530 -0700",
      "scriptName" : "Workflow02.script"
    },
    {
      "handlerLine" : 11,
      "handlerName" : "on_workflow02",
      "timestamp" : "2021-03-01 20:12:50.600 -0700",
      "identifier" : "capturescreen",
      "image" : "GoogleLoaded.png",
      "scriptName" : "Workflow02.script"
    },
    {
      "handlerName" : "on_workflow02",
      "message" : "[controlKey]l",
      "timestamp" : "2021-03-01 20:12:50.631 -0700",
      "identifier" : "typetext",
      "scriptName" : "Workflow02.script",
      "handlerLine" : 12
    },
    {
      "handlerName" : "on_workflow02",
      "message" : "TestCase04",
      "timestamp" : "2021-03-01 20:12:50.632 -0700",
      "identifier" : "BeginTestCase",
      "scriptName" : "Workflow02.script",
      "handlerLine" : 14
    },
    {
      "handlerName" : "on_workflow02",
      "message" : "www.amazon.com[returnKey]",
      "timestamp" : "2021-03-01 20:12:51.538 -0700",
      "identifier" : "typetext",
      "scriptName" : "Workflow02.script",
      "handlerLine" : 16
    },
    {
      "handlerName" : "on_workflow02",
      "message" : "found at (66, 100)",
      "identifier" : "waitfor",
      "image" : "amazon logo",
      "handlerLine" : 17,
      "timestamp" : "2021-03-01 20:12:51.909 -0700",
      "scriptName" : "Workflow02.script"
    },
    {
      "handlerName" : "on_workflow02",
      "message" : "Amazon has been Open",
      "timestamp" : "2021-03-01 20:12:51.910 -0700",
      "identifier" : "Log",
      "scriptName" : "Workflow02.script",
      "handlerLine" : 18
    },
    {
      "handlerName" : "on_workflow02",
      "message" : "at (500, 106)",
      "identifier" : "click",
      "image" : "AmazonSearch",
      "handlerLine" : 19,
      "timestamp" : "2021-03-01 20:12:52.332 -0700",
      "scriptName" : "Workflow02.script"
    },
    {
      "handlerName" : "on_workflow02",
      "message" : "v-moda[returnKey]",
      "timestamp" : "2021-03-01 20:12:53.134 -0700",
      "identifier" : "typetext",
      "scriptName" : "Workflow02.script",
      "handlerLine" : 20
    },
    {
      "handlerName" : "on_workflow02",
      "message" : "(Duration:\"2.502769\", Errors:\"0\", Exceptions:\"0\", StartTime:\"2021-03-01 20:12:50 -0700\", Successes:\"0\", TestCase:\"TestCase04\", Warnings:\"0\")",
      "timestamp" : "2021-03-01 20:12:53.135 -0700",
      "identifier" : "EndTestCase",
      "scriptName" : "Workflow02.script",
      "handlerLine" : 22
    },
    {
      "handlerName" : "on_workflow02",
      "message" : "at (560, 853)",
      "identifier" : "click",
      "image" : "AmazonsChoice",
      "handlerLine" : 24,
      "timestamp" : "2021-03-01 20:12:53.980 -0700",
      "scriptName" : "Workflow02.script"
    },
    {
      "handlerName" : "on_workflow02",
      "message" : "found at (1570, 608)",
      "identifier" : "waitfor",
      "image" : "AcidtoCart",
      "handlerLine" : 25,
      "timestamp" : "2021-03-01 20:12:55.071 -0700",
      "scriptName" : "Workflow02.script"
    },
    {
      "handlerLine" : 26,
      "handlerName" : "on_workflow02",
      "timestamp" : "2021-03-01 20:12:55.141 -0700",
      "identifier" : "capturescreen",
      "image" : "Product.png",
      "scriptName" : "Workflow02.script"
    },
    {
      "handlerName" : "on_workflow02",
      "message" : "[windowsAltKey][F4]",
      "timestamp" : "2021-03-01 20:12:55.166 -0700",
      "identifier" : "typetext",
      "scriptName" : "Workflow02.script",
      "handlerLine" : 27
    },
    {
      "identifier" : "EndTestCase",
      "message" : "(Duration:\"6.475454\", Errors:\"0\", Exceptions:\"0\", StartTime:\"2021-03-01 20:12:48 -0700\", Successes:\"1\", TestCase:\"Workflow02.script\", Warnings:\"0\")",
      "timestamp" : "2021-03-01 20:12:55.400 -0700"
    },
    {
      "identifier" : "SUCCESS",
      "message" : "Execution Time 0:00:06 Workflow02.script",
      "timestamp" : "2021-03-01 20:12:55.416 -0700"
    }
  ],
  "createdTimestamp" : "2021-03-01 20:12:48.924 -0700"
}