{
  "entries" : [
    {
      "identifier" : "START",
      "message" : "Running AdvanceDates.script",
      "timestamp" : "2018-11-26 16:57:33.452 -0500"
    },
    {
      "handlerName" : "on_advancedates",
      "message" : "(2018-11-26,,,2018-12-04,2018-12-05)",
      "timestamp" : "2018-11-26 16:57:33.540 -0500",
      "identifier" : "Log",
      "scriptName" : "AdvanceDates.script",
      "handlerLine" : 18
    },
    {
      "identifier" : "EndTestCase",
      "message" : "(Duration:\"0.332836\", Errors:\"0\", Exceptions:\"0\", StartTime:\"2018-11-26 16:57:33 -0500\", Successes:\"1\", TestCase:\"AdvanceDates.script\", Warnings:\"0\")",
      "timestamp" : "2018-11-26 16:57:33.808 -0500"
    },
    {
      "identifier" : "SUCCESS",
      "message" : "Execution Time 0:00:00 AdvanceDates.script",
      "timestamp" : "2018-11-26 16:57:33.864 -0500"
    }
  ],
  "createdTimestamp" : "2018-11-26 16:57:33.476 -0500"
}