﻿<?xml version="1.0"?>
<runHistory script="Master">
 <run>
  <RunDate>2018-10-19 09:24:18.658 -0600</RunDate>
  <Status>Success</Status>
  <Duration>0.580718</Duration>
  <Errors>0</Errors>
  <Warnings>0</Warnings>
  <Exceptions>0</Exceptions>
  <Successes>1</Successes>
  <LogFile>20181019_092418.658/LogFile.txt</LogFile>
  <ReturnValue></ReturnValue>
  <ErrorMessage></ErrorMessage>
 </run>
 <run>
  <RunDate>2018-10-19 09:30:00.738 -0600</RunDate>
  <Status>Success</Status>
  <Duration>0.420180</Duration>
  <Errors>0</Errors>
  <Warnings>0</Warnings>
  <Exceptions>0</Exceptions>
  <Successes>1</Successes>
  <LogFile>20181019_093000.738/LogFile.txt</LogFile>
  <ReturnValue></ReturnValue>
  <ErrorMessage></ErrorMessage>
 </run>
 <run>
  <RunDate>2018-10-19 10:12:39.981 -0600</RunDate>
  <Status>Success</Status>
  <Duration>0.460500</Duration>
  <Errors>0</Errors>
  <Warnings>0</Warnings>
  <Exceptions>0</Exceptions>
  <Successes>1</Successes>
  <LogFile>20181019_101239.981/LogFile.txt</LogFile>
  <ReturnValue></ReturnValue>
  <ErrorMessage></ErrorMessage>
 </run>
 <run>
  <RunDate>2018-10-19 10:12:55.714 -0600</RunDate>
  <Status>Success</Status>
  <Duration>0.400051</Duration>
  <Errors>0</Errors>
  <Warnings>0</Warnings>
  <Exceptions>0</Exceptions>
  <Successes>1</Successes>
  <LogFile>20181019_101255.714/LogFile.txt</LogFile>
  <ReturnValue></ReturnValue>
  <ErrorMessage></ErrorMessage>
 </run>
 <run>
  <RunDate>2018-10-19 10:13:45.729 -0600</RunDate>
  <Status>Success</Status>
  <Duration>0.398782</Duration>
  <Errors>0</Errors>
  <Warnings>0</Warnings>
  <Exceptions>0</Exceptions>
  <Successes>1</Successes>
  <LogFile>20181019_101345.729/LogFile.txt</LogFile>
  <ReturnValue></ReturnValue>
  <ErrorMessage></ErrorMessage>
 </run>
 <run>
  <RunDate>2018-10-19 10:25:51.526 -0600</RunDate>
  <Status>Success</Status>
  <Duration>0.383310</Duration>
  <Errors>0</Errors>
  <Warnings>0</Warnings>
  <Exceptions>0</Exceptions>
  <Successes>1</Successes>
  <LogFile>20181019_102551.526/LogFile.txt</LogFile>
  <ReturnValue></ReturnValue>
  <ErrorMessage></ErrorMessage>
 </run>
 <run>
  <RunDate>2018-10-19 10:27:25.489 -0600</RunDate>
  <Status>Success</Status>
  <Duration>0.338415</Duration>
  <Errors>0</Errors>
  <Warnings>0</Warnings>
  <Exceptions>0</Exceptions>
  <Successes>1</Successes>
  <LogFile>20181019_102725.489/LogFile.txt</LogFile>
  <ReturnValue></ReturnValue>
  <ErrorMessage></ErrorMessage>
 </run>
 <run>
  <RunDate>2018-10-19 10:28:18.863 -0600</RunDate>
  <Status>Success</Status>
  <Duration>0.335767</Duration>
  <Errors>0</Errors>
  <Warnings>0</Warnings>
  <Exceptions>0</Exceptions>
  <Successes>1</Successes>
  <LogFile>20181019_102818.863/LogFile.txt</LogFile>
  <ReturnValue></ReturnValue>
  <ErrorMessage></ErrorMessage>
 </run>
 <run>
  <RunDate>2018-10-19 10:28:29.164 -0600</RunDate>
  <Status>Success</Status>
  <Duration>0.722963</Duration>
  <Errors>0</Errors>
  <Warnings>0</Warnings>
  <Exceptions>0</Exceptions>
  <Successes>1</Successes>
  <LogFile>20181019_102829.164/LogFile.txt</LogFile>
  <ReturnValue></ReturnValue>
  <ErrorMessage></ErrorMessage>
 </run>
 <run>
  <RunDate>2018-10-19 10:33:58.801 -0600</RunDate>
  <Status>Success</Status>
  <Duration>0.707698</Duration>
  <Errors>0</Errors>
  <Warnings>0</Warnings>
  <Exceptions>0</Exceptions>
  <Successes>1</Successes>
  <LogFile>20181019_103358.801/LogFile.txt</LogFile>
  <ReturnValue></ReturnValue>
  <ErrorMessage></ErrorMessage>
 </run>
 <run>
  <RunDate>2018-10-22 10:18:26.218 -0600</RunDate>
  <Status>Success</Status>
  <Duration>0.405830</Duration>
  <Errors>0</Errors>
  <Warnings>0</Warnings>
  <Exceptions>0</Exceptions>
  <Successes>1</Successes>
  <LogFile>20181022_101826.218/LogFile.txt</LogFile>
  <ReturnValue></ReturnValue>
  <ErrorMessage></ErrorMessage>
 </run>
 <run>
  <RunDate>2018-10-22 10:18:40.117 -0600</RunDate>
  <Status>Success</Status>
  <Duration>0.408790</Duration>
  <Errors>0</Errors>
  <Warnings>0</Warnings>
  <Exceptions>0</Exceptions>
  <Successes>1</Successes>
  <LogFile>20181022_101840.117/LogFile.txt</LogFile>
  <ReturnValue></ReturnValue>
  <ErrorMessage></ErrorMessage>
 </run>
 <run>
  <RunDate>2018-10-22 10:20:39.145 -0600</RunDate>
  <Status>Success</Status>
  <Duration>0.411933</Duration>
  <Errors>0</Errors>
  <Warnings>0</Warnings>
  <Exceptions>0</Exceptions>
  <Successes>1</Successes>
  <LogFile>20181022_102039.145/LogFile.txt</LogFile>
  <ReturnValue></ReturnValue>
  <ErrorMessage></ErrorMessage>
 </run>
 <run>
  <RunDate>2018-10-22 10:22:10.395 -0600</RunDate>
  <Status>Success</Status>
  <Duration>1.038502</Duration>
  <Errors>0</Errors>
  <Warnings>0</Warnings>
  <Exceptions>0</Exceptions>
  <Successes>1</Successes>
  <LogFile>20181022_102210.395/LogFile.txt</LogFile>
  <ReturnValue></ReturnValue>
  <ErrorMessage></ErrorMessage>
 </run>
 <run>
  <RunDate>2018-10-22 10:22:53.965 -0600</RunDate>
  <Status>Success</Status>
  <Duration>0.724228</Duration>
  <Errors>0</Errors>
  <Warnings>0</Warnings>
  <Exceptions>0</Exceptions>
  <Successes>1</Successes>
  <LogFile>20181022_102253.965/LogFile.txt</LogFile>
  <ReturnValue></ReturnValue>
  <ErrorMessage></ErrorMessage>
 </run>
 <run>
  <RunDate>2018-10-22 10:23:34.115 -0600</RunDate>
  <Status>Success</Status>
  <Duration>0.399473</Duration>
  <Errors>0</Errors>
  <Warnings>0</Warnings>
  <Exceptions>0</Exceptions>
  <Successes>1</Successes>
  <LogFile>20181022_102334.115/LogFile.txt</LogFile>
  <ReturnValue></ReturnValue>
  <ErrorMessage></ErrorMessage>
 </run>
 <run>
  <RunDate>2018-10-22 10:25:29.615 -0600</RunDate>
  <Status>Success</Status>
  <Duration>0.423111</Duration>
  <Errors>0</Errors>
  <Warnings>0</Warnings>
  <Exceptions>0</Exceptions>
  <Successes>1</Successes>
  <LogFile>20181022_102529.615/LogFile.txt</LogFile>
  <ReturnValue></ReturnValue>
  <ErrorMessage></ErrorMessage>
 </run>
 <run>
  <RunDate>2018-10-22 10:26:02.072 -0600</RunDate>
  <Status>Success</Status>
  <Duration>0.730715</Duration>
  <Errors>0</Errors>
  <Warnings>0</Warnings>
  <Exceptions>0</Exceptions>
  <Successes>1</Successes>
  <LogFile>20181022_102602.072/LogFile.txt</LogFile>
  <ReturnValue></ReturnValue>
  <ErrorMessage></ErrorMessage>
 </run>
 <run>
  <RunDate>2018-10-22 10:29:23.292 -0600</RunDate>
  <Status>Success</Status>
  <Duration>0.470666</Duration>
  <Errors>0</Errors>
  <Warnings>0</Warnings>
  <Exceptions>0</Exceptions>
  <Successes>1</Successes>
  <LogFile>20181022_102923.292/LogFile.txt</LogFile>
  <ReturnValue></ReturnValue>
  <ErrorMessage></ErrorMessage>
 </run>
 <run>
  <RunDate>2018-10-22 10:31:13.885 -0600</RunDate>
  <Status>Failure</Status>
  <Duration>0.384695</Duration>
  <Errors>1</Errors>
  <Warnings>0</Warnings>
  <Exceptions>0</Exceptions>
  <Successes>0</Successes>
  <LogFile>20181022_103113.885/LogFile.txt</LogFile>
  <ReturnValue></ReturnValue>
  <ErrorMessage>Script Error -- Number of Errors logged: 1</ErrorMessage>
 </run>
</runHistory>
