{
  "entries" : [
    {
      "identifier" : "START",
      "message" : "Running MainSingleData.script",
      "timestamp" : "2020-07-30 13:56:35.638 -0600"
    },
    {
      "handlerName" : "on_mainsingledata",
      "message" : "Loading Data{@\"Billing Date\":\"12\/5\/18\", @\"Charge Capture Date\":\"12\/9\/18\", @\"Claims Date\":\"\", @\"Coding Date\":\"11\/30\/18\", @\"Created Date\":\"11\/29\/18\", @\"Date of Birth\":\"5\/31\/05\", @\"First Name\":\"Maria\", Gender:\"Female\", @\"Last Name\":\"Rose\", @\"Marital Status\":\"Married\", @\"Medical Record Number\":\"524763\", @\"Middle Name\":\"U\", @\"Social Security Number\":\"069-63-3070\", Suffix:\"Mrs\"}",
      "timestamp" : "2020-07-30 13:56:35.725 -0600",
      "identifier" : "Log",
      "scriptName" : "MainSingleData.script",
      "handlerLine" : 13
    },
    {
      "handlerName" : "on_mainsingledata",
      "message" : "--------------------",
      "timestamp" : "2020-07-30 13:56:35.727 -0600",
      "identifier" : "Log",
      "scriptName" : "MainSingleData.script",
      "handlerLine" : 14
    },
    {
      "handlerName" : "on_subscript_script1",
      "message" : "Starting Script 1",
      "timestamp" : "2020-07-30 13:56:35.750 -0600",
      "identifier" : "Log",
      "scriptName" : "SubScript\/Script1.script",
      "handlerLine" : 2
    },
    {
      "handlerName" : "on_subscript_script1",
      "message" : "Mrs",
      "timestamp" : "2020-07-30 13:56:35.752 -0600",
      "identifier" : "Log",
      "scriptName" : "SubScript\/Script1.script",
      "handlerLine" : 7
    },
    {
      "handlerName" : "on_subscript_script1",
      "message" : "Maria",
      "timestamp" : "2020-07-30 13:56:35.756 -0600",
      "identifier" : "Log",
      "scriptName" : "SubScript\/Script1.script",
      "handlerLine" : 8
    },
    {
      "handlerName" : "on_subscript_script2",
      "message" : "Starting Script 2",
      "timestamp" : "2020-07-30 13:56:35.786 -0600",
      "identifier" : "Log",
      "scriptName" : "SubScript\/Script2.script",
      "handlerLine" : 2
    },
    {
      "handlerName" : "on_subscript_script2",
      "message" : "524763",
      "timestamp" : "2020-07-30 13:56:35.788 -0600",
      "identifier" : "Log",
      "scriptName" : "SubScript\/Script2.script",
      "handlerLine" : 7
    },
    {
      "handlerName" : "on_subscript_script2",
      "message" : "069-63-3070",
      "timestamp" : "2020-07-30 13:56:35.794 -0600",
      "identifier" : "Log",
      "scriptName" : "SubScript\/Script2.script",
      "handlerLine" : 8
    },
    {
      "handlerName" : "on_subscript_script3",
      "message" : "Starting Script 3",
      "timestamp" : "2020-07-30 13:56:35.835 -0600",
      "identifier" : "Log",
      "scriptName" : "SubScript\/Script3.script",
      "handlerLine" : 2
    },
    {
      "handlerName" : "on_module1",
      "message" : "Starting Module1",
      "timestamp" : "2020-07-30 13:56:35.840 -0600",
      "identifier" : "Log",
      "scriptName" : "Script3\/SubModules.script",
      "handlerLine" : 2
    },
    {
      "handlerName" : "on_module1",
      "message" : "11\/29\/18",
      "timestamp" : "2020-07-30 13:56:35.842 -0600",
      "identifier" : "Log",
      "scriptName" : "Script3\/SubModules.script",
      "handlerLine" : 5
    },
    {
      "handlerName" : "on_module1",
      "message" : "Maria",
      "timestamp" : "2020-07-30 13:56:35.856 -0600",
      "identifier" : "Log",
      "scriptName" : "Script3\/SubModules.script",
      "handlerLine" : 6
    },
    {
      "handlerName" : "on_module2",
      "message" : "Starting Module2",
      "timestamp" : "2020-07-30 13:56:35.875 -0600",
      "identifier" : "Log",
      "scriptName" : "Script3\/SubModules.script",
      "handlerLine" : 2
    },
    {
      "handlerName" : "on_module2",
      "message" : "Mrs",
      "timestamp" : "2020-07-30 13:56:35.877 -0600",
      "identifier" : "Log",
      "scriptName" : "Script3\/SubModules.script",
      "handlerLine" : 4
    },
    {
      "handlerName" : "on_module2",
      "message" : "Maria",
      "timestamp" : "2020-07-30 13:56:35.887 -0600",
      "identifier" : "Log",
      "scriptName" : "Script3\/SubModules.script",
      "handlerLine" : 5
    },
    {
      "handlerName" : "on_mainsingledata",
      "message" : "**********************************************",
      "timestamp" : "2020-07-30 13:56:35.906 -0600",
      "identifier" : "Log",
      "scriptName" : "MainSingleData.script",
      "handlerLine" : 19
    },
    {
      "identifier" : "EndTestCase",
      "message" : "(Duration:\"0.679047\", Errors:\"0\", Exceptions:\"0\", StartTime:\"2020-07-30 13:56:35 -0600\", Successes:\"1\", TestCase:\"MainSingleData.script\", Warnings:\"0\")",
      "timestamp" : "2020-07-30 13:56:36.318 -0600"
    },
    {
      "identifier" : "SUCCESS",
      "message" : "Execution Time 0:00:00 MainSingleData.script",
      "timestamp" : "2020-07-30 13:56:36.326 -0600"
    }
  ],
  "createdTimestamp" : "2020-07-30 13:56:35.638 -0600"
}