{
  "entries" : [
    {
      "identifier" : "START",
      "message" : "Running Untitled.script",
      "timestamp" : "2020-03-12 16:20:03.125 -0500"
    },
    {
      "handlerName" : "on_initialize",
      "message" : "Finding all the color",
      "timestamp" : "2020-03-12 16:20:03.235 -0500",
      "identifier" : "Log",
      "scriptName" : "",
      "handlerLine" : 2
    },
    {
      "handlerName" : "on_initialize",
      "message" : "calculating...",
      "timestamp" : "2020-03-12 16:20:03.938 -0500",
      "identifier" : "Log",
      "scriptName" : "",
      "handlerLine" : 31
    },
    {
      "handlerName" : "function_pixelmatch",
      "message" : "Pixel Count is: 2250",
      "timestamp" : "2020-03-12 16:20:03.973 -0500",
      "identifier" : "Log",
      "scriptName" : "",
      "handlerLine" : 9
    },
    {
      "handlerName" : "function_pixelmatch",
      "message" : "Still working on it...",
      "timestamp" : "2020-03-12 16:20:07.425 -0500",
      "identifier" : "Log",
      "scriptName" : "",
      "handlerLine" : 39
    },
    {
      "handlerName" : "function_pixelmatch",
      "message" : "Still working on it...",
      "timestamp" : "2020-03-12 16:20:10.516 -0500",
      "identifier" : "Log",
      "scriptName" : "",
      "handlerLine" : 39
    },
    {
      "handlerName" : "on_untitled",
      "message" : "(Defined_Blue:\"1\")",
      "timestamp" : "2020-03-12 16:20:11.291 -0500",
      "identifier" : "Log",
      "scriptName" : "Untitled.script",
      "handlerLine" : 13
    },
    {
      "identifier" : "EndTestCase",
      "message" : "(Duration:\"9.045845\", Errors:\"0\", Exceptions:\"0\", StartTime:\"2020-03-12 16:20:03 -0500\", Successes:\"1\", TestCase:\"Untitled.script\", Warnings:\"0\")",
      "timestamp" : "2020-03-12 16:20:12.172 -0500"
    },
    {
      "identifier" : "SUCCESS",
      "message" : "Execution Time 0:00:09 Untitled.script",
      "timestamp" : "2020-03-12 16:20:12.187 -0500"
    }
  ],
  "createdTimestamp" : "2020-03-12 16:20:03.126 -0500"
}