{
  "entries" : [
    {
      "identifier" : "START",
      "message" : "Running Script1.script",
      "timestamp" : "2020-05-14 10:15:01.492 -0600"
    },
    {
      "identifier" : "EndTestCase",
      "message" : "(Duration:\"9.661194\", Errors:\"1\", Exceptions:\"0\", StartTime:\"2020-05-14 10:15:01 -0600\", Successes:\"0\", TestCase:\"Script1.script\", Warnings:\"0\")",
      "timestamp" : "2020-05-14 10:15:11.155 -0600"
    },
    {
      "identifier" : "ABORTED",
      "message" : "Execution Time 0:00:09 Script1.script",
      "timestamp" : "2020-05-14 10:15:11.157 -0600"
    }
  ],
  "createdTimestamp" : "2020-05-14 10:15:01.493 -0600"
}