{
  "entries" : [
    {
      "identifier" : "START",
      "message" : "Running MainFromSuite.script",
      "timestamp" : "2021-04-12 14:33:27.927 -0600"
    },
    {
      "identifier" : "EndTestCase",
      "message" : "(Duration:\"3.503644\", Errors:\"0\", Exceptions:\"0\", StartTime:\"2021-04-12 14:33:27 -0600\", Successes:\"1\", TestCase:\"MainFromSuite.script\", Warnings:\"0\")",
      "timestamp" : "2021-04-12 14:33:31.432 -0600"
    },
    {
      "identifier" : "SUCCESS",
      "message" : "Execution Time 0:00:03 MainFromSuite.script",
      "timestamp" : "2021-04-12 14:33:31.446 -0600"
    }
  ],
  "createdTimestamp" : "2021-04-12 14:33:27.928 -0600"
}