{
  "entries" : [
    {
      "identifier" : "START",
      "message" : "Running GeneratingHolds.script",
      "timestamp" : "2018-11-20 21:01:18.428 -0500"
    },
    {
      "handlerName" : "on_generatingholds",
      "message" : "2018-11-26",
      "timestamp" : "2018-11-20 21:01:18.491 -0500",
      "identifier" : "Log",
      "scriptName" : "GeneratingHolds.script",
      "handlerLine" : 14
    },
    {
      "identifier" : "EndTestCase",
      "message" : "(Duration:\"0.532275\", Errors:\"0\", Exceptions:\"0\", StartTime:\"2018-11-20 21:01:18 -0500\", Successes:\"1\", TestCase:\"GeneratingHolds.script\", Warnings:\"0\")",
      "timestamp" : "2018-11-20 21:01:18.984 -0500"
    },
    {
      "identifier" : "SUCCESS",
      "message" : "Execution Time 0:00:00 GeneratingHolds.script",
      "timestamp" : "2018-11-20 21:01:19.038 -0500"
    }
  ],
  "createdTimestamp" : "2018-11-20 21:01:18.452 -0500"
}