{
  "entries" : [
    {
      "identifier" : "START",
      "message" : "Running GoFind.script",
      "timestamp" : "2020-04-27 15:24:06.678 -0600"
    },
    {
      "handlerName" : "on_gofind",
      "message" : "export GOPATH=\"\/Users\/randyhesse\/go\"; cd \/Users\/randyhesse\/Documents\/Simple_Examples\/facial_recognition.suite\/Resources\/ && \/usr\/local\/bin\/go run \/Users\/randyhesse\/Documents\/Simple_Examples\/facial_recognition.suite\/Resources\/FaceR.go \"Test.jpg\" \"output.jpg\"",
      "timestamp" : "2020-04-27 15:24:06.774 -0600",
      "identifier" : "Log",
      "scriptName" : "GoFind.script",
      "handlerLine" : 19
    },
    {
      "identifier" : "EndTestCase",
      "message" : "(Duration:\"0.986957\", Errors:\"0\", Exceptions:\"0\", StartTime:\"2020-04-27 15:24:06 -0600\", Successes:\"1\", TestCase:\"GoFind.script\", Warnings:\"0\")",
      "timestamp" : "2020-04-27 15:24:07.668 -0600"
    },
    {
      "identifier" : "SUCCESS",
      "message" : "Execution Time 0:00:00 GoFind.script",
      "timestamp" : "2020-04-27 15:24:07.694 -0600"
    }
  ],
  "createdTimestamp" : "2020-04-27 15:24:06.680 -0600"
}