{
  "entries" : [
    {
      "identifier" : "START",
      "message" : "Running MainFromSuite.script",
      "timestamp" : "2021-04-10 22:47:32.782 -0600"
    },
    {
      "handlerName" : "on_definelocation",
      "message" : "Overwritting Folder",
      "timestamp" : "2021-04-10 22:47:32.875 -0600",
      "identifier" : "LogWarning",
      "scriptName" : "",
      "handlerLine" : 3
    },
    {
      "identifier" : "EndTestCase",
      "message" : "(Duration:\"1.055823\", Errors:\"0\", Exceptions:\"0\", StartTime:\"2021-04-10 22:47:32 -0600\", Successes:\"1\", TestCase:\"MainFromSuite.script\", Warnings:\"1\")",
      "timestamp" : "2021-04-10 22:47:33.839 -0600"
    },
    {
      "identifier" : "SUCCESS",
      "message" : "Execution Time 0:00:01 MainFromSuite.script",
      "timestamp" : "2021-04-10 22:47:33.848 -0600"
    }
  ],
  "createdTimestamp" : "2021-04-10 22:47:32.783 -0600"
}