{
  "entries" : [
    {
      "identifier" : "START",
      "message" : "Running Main02.script",
      "timestamp" : "2021-04-10 23:22:57.448 -0600"
    },
    {
      "handlerName" : "on_definelocation",
      "message" : "Overwritting Folder",
      "timestamp" : "2021-04-10 23:22:57.522 -0600",
      "identifier" : "LogWarning",
      "scriptName" : "",
      "handlerLine" : 3
    },
    {
      "handlerName" : "on_basicinfo",
      "message" : "{Author:\"Randy Hesse\", CompanyName:\"Eggplant\", email:\"Randy.hesse@keysight.com\", Location:\"Boulder, CO\", TelephoneNumber:\"(303) 555-0614\"}",
      "timestamp" : "2021-04-10 23:22:57.555 -0600",
      "identifier" : "Log",
      "scriptName" : "",
      "handlerLine" : 8
    },
    {
      "identifier" : "EndTestCase",
      "message" : "(Duration:\"0.327969\", Errors:\"0\", Exceptions:\"0\", StartTime:\"2021-04-10 23:22:57 -0600\", Successes:\"1\", TestCase:\"Main02.script\", Warnings:\"1\")",
      "timestamp" : "2021-04-10 23:22:57.777 -0600"
    },
    {
      "identifier" : "SUCCESS",
      "message" : "Execution Time 0:00:00 Main02.script",
      "timestamp" : "2021-04-10 23:22:57.785 -0600"
    }
  ],
  "createdTimestamp" : "2021-04-10 23:22:57.448 -0600"
}