{
  "entries" : [
    {
      "identifier" : "START",
      "message" : "Running GeneratingHolds.script",
      "timestamp" : "2018-11-20 20:59:43.177 -0500"
    },
    {
      "handlerName" : "on_generatingholds",
      "message" : "2018.11.13",
      "timestamp" : "2018-11-20 20:59:43.314 -0500",
      "identifier" : "Log",
      "scriptName" : "GeneratingHolds.script",
      "handlerLine" : 13
    },
    {
      "identifier" : "EndTestCase",
      "message" : "(Duration:\"0.598852\", Errors:\"0\", Exceptions:\"0\", StartTime:\"2018-11-20 20:59:43 -0500\", Successes:\"1\", TestCase:\"GeneratingHolds.script\", Warnings:\"0\")",
      "timestamp" : "2018-11-20 20:59:43.806 -0500"
    },
    {
      "identifier" : "SUCCESS",
      "message" : "Execution Time 0:00:00 GeneratingHolds.script",
      "timestamp" : "2018-11-20 20:59:43.861 -0500"
    }
  ],
  "createdTimestamp" : "2018-11-20 20:59:43.207 -0500"
}