{
  "entries" : [
    {
      "identifier" : "START",
      "message" : "Running GoFind.script",
      "timestamp" : "2020-04-27 15:26:42.963 -0600"
    },
    {
      "handlerName" : "on_gofind",
      "message" : "Input Full Path Test.jpg\\nOutput Full Path output.png\\ndetected (940,347)-(1200,607)\\ndetected (1532,270)-(1641,379)\\ndetected (1298,224)-(1560,486)\\ndetected (347,243)-(647,543)\\n",
      "timestamp" : "2020-04-27 15:26:45.628 -0600",
      "identifier" : "Log",
      "scriptName" : "GoFind.script",
      "handlerLine" : 20
    },
    {
      "identifier" : "EndTestCase",
      "message" : "(Duration:\"3.35412\", Errors:\"0\", Exceptions:\"0\", StartTime:\"2020-04-27 15:26:42 -0600\", Successes:\"1\", TestCase:\"GoFind.script\", Warnings:\"0\")",
      "timestamp" : "2020-04-27 15:26:46.319 -0600"
    },
    {
      "identifier" : "SUCCESS",
      "message" : "Execution Time 0:00:03 GoFind.script",
      "timestamp" : "2020-04-27 15:26:46.340 -0600"
    }
  ],
  "createdTimestamp" : "2020-04-27 15:26:42.965 -0600"
}