{
  "entries" : [
    {
      "identifier" : "START",
      "message" : "Running Main.script",
      "timestamp" : "2020-05-29 11:34:04.728 -0600"
    },
    {
      "handlerName" : "function_locaterrectangle",
      "message" : "(323,271,1390,734)",
      "identifier" : "capturescreen",
      "image" : "\/Users\/randyhesse\/Documents\/Simple_Examples\/AI Modeling\/facial_recognition_v2.suite\/Resources\/InputPicture.png",
      "handlerLine" : 5,
      "timestamp" : "2020-05-29 11:34:05.761 -0600",
      "scriptName" : ""
    },
    {
      "identifier" : "EndTestCase",
      "message" : "(Duration:\"7.565485\", Errors:\"1\", Exceptions:\"0\", StartTime:\"2020-05-29 11:34:04 -0600\", Successes:\"0\", TestCase:\"Main.script\", Warnings:\"0\")",
      "timestamp" : "2020-05-29 11:34:12.297 -0600"
    },
    {
      "identifier" : "ABORTED",
      "message" : "Execution Time 0:00:07 Main.script",
      "timestamp" : "2020-05-29 11:34:12.304 -0600"
    }
  ],
  "createdTimestamp" : "2020-05-29 11:34:04.730 -0600"
}