{
  "entries" : [
    {
      "identifier" : "START",
      "message" : "Running Untitled1.script",
      "timestamp" : "2021-01-18 15:06:40.816 -0700"
    },
    {
      "handlerName" : "on_untitled1",
      "message" : "{FFAECE:16, FFCB08:5}",
      "timestamp" : "2021-01-18 15:06:40.907 -0700",
      "identifier" : "Log",
      "scriptName" : "Untitled1.script",
      "handlerLine" : 35
    },
    {
      "identifier" : "EndTestCase",
      "message" : "(Duration:\"0.277731\", Errors:\"0\", Exceptions:\"0\", StartTime:\"2021-01-18 15:06:40 -0700\", Successes:\"1\", TestCase:\"Untitled1.script\", Warnings:\"0\")",
      "timestamp" : "2021-01-18 15:06:41.095 -0700"
    },
    {
      "identifier" : "SUCCESS",
      "message" : "Execution Time 0:00:00 Untitled1.script",
      "timestamp" : "2021-01-18 15:06:41.104 -0700"
    }
  ],
  "createdTimestamp" : "2021-01-18 15:06:40.817 -0700"
}