﻿<?xml version="1.0"?>
<runHistory script="Example Post URL Encode-API">
 <run>
  <RunDate>2020-07-13 09:40:27.272 -0600</RunDate>
  <Status>Success</Status>
  <Duration>0.766917</Duration>
  <Errors>0</Errors>
  <Warnings>1</Warnings>
  <Exceptions>0</Exceptions>
  <Successes>1</Successes>
  <LogFile>20200713_094027.272/LogFile.txt</LogFile>
  <ReturnValue></ReturnValue>
  <ErrorMessage></ErrorMessage>
 </run>
 <run>
  <RunDate>2020-07-13 09:40:43.060 -0600</RunDate>
  <Status>Success</Status>
  <Duration>0.590736</Duration>
  <Errors>0</Errors>
  <Warnings>0</Warnings>
  <Exceptions>0</Exceptions>
  <Successes>1</Successes>
  <LogFile>20200713_094043.060/LogFile.txt</LogFile>
  <ReturnValue></ReturnValue>
  <ErrorMessage></ErrorMessage>
 </run>
 <run>
  <RunDate>2020-07-13 09:44:09.545 -0600</RunDate>
  <Status>Success</Status>
  <Duration>0.864802</Duration>
  <Errors>0</Errors>
  <Warnings>0</Warnings>
  <Exceptions>0</Exceptions>
  <Successes>1</Successes>
  <LogFile>20200713_094409.545/LogFile.txt</LogFile>
  <ReturnValue></ReturnValue>
  <ErrorMessage></ErrorMessage>
 </run>
 <run>
  <RunDate>2020-07-13 09:44:22.003 -0600</RunDate>
  <Status>Success</Status>
  <Duration>0.732193</Duration>
  <Errors>0</Errors>
  <Warnings>0</Warnings>
  <Exceptions>0</Exceptions>
  <Successes>1</Successes>
  <LogFile>20200713_094422.003/LogFile.txt</LogFile>
  <ReturnValue></ReturnValue>
  <ErrorMessage></ErrorMessage>
 </run>
 <run>
  <RunDate>2020-07-13 09:44:37.365 -0600</RunDate>
  <Status>Success</Status>
  <Duration>0.667743</Duration>
  <Errors>0</Errors>
  <Warnings>0</Warnings>
  <Exceptions>0</Exceptions>
  <Successes>1</Successes>
  <LogFile>20200713_094437.365/LogFile.txt</LogFile>
  <ReturnValue></ReturnValue>
  <ErrorMessage></ErrorMessage>
 </run>
 <run>
  <RunDate>2020-07-13 09:44:53.759 -0600</RunDate>
  <Status>Success</Status>
  <Duration>0.640189</Duration>
  <Errors>0</Errors>
  <Warnings>0</Warnings>
  <Exceptions>0</Exceptions>
  <Successes>1</Successes>
  <LogFile>20200713_094453.759/LogFile.txt</LogFile>
  <ReturnValue></ReturnValue>
  <ErrorMessage></ErrorMessage>
 </run>
</runHistory>
