{
  "entries" : [
    {
      "identifier" : "START",
      "message" : "Running Example Put.apitest",
      "timestamp" : "2020-07-13 09:57:32.217 -0600"
    },
    {
      "identifier" : "EndTestCase",
      "message" : "(Duration:\"1.011485\", Errors:\"0\", Exceptions:\"0\", StartTime:\"2020-07-13 09:57:32 -0600\", Successes:\"1\", TestCase:\"Example Put.apitest\", Warnings:\"0\")",
      "timestamp" : "2020-07-13 09:57:33.230 -0600"
    },
    {
      "identifier" : "SUCCESS",
      "message" : "Execution Time 0:00:01 Example Put.apitest",
      "timestamp" : "2020-07-13 09:57:33.243 -0600"
    }
  ],
  "createdTimestamp" : "2020-07-13 09:57:32.218 -0600"
}