{
  "entries" : [
    {
      "identifier" : "START",
      "message" : "Running Example Response Status Code.apitest",
      "timestamp" : "2020-07-15 10:48:08.491 -0600"
    },
    {
      "identifier" : "EndTestCase",
      "message" : "(Duration:\"1.352309\", Errors:\"0\", Exceptions:\"0\", StartTime:\"2020-07-15 10:48:08 -0600\", Successes:\"1\", TestCase:\"Example Response Status Code.apitest\", Warnings:\"0\")",
      "timestamp" : "2020-07-15 10:48:09.846 -0600"
    },
    {
      "identifier" : "SUCCESS",
      "message" : "Execution Time 0:00:01 Example Response Status Code.apitest",
      "timestamp" : "2020-07-15 10:48:09.868 -0600"
    }
  ],
  "createdTimestamp" : "2020-07-15 10:48:08.493 -0600"
}