{
  "entries" : [
    {
      "identifier" : "START",
      "message" : "Running MainFromSuite.script",
      "timestamp" : "2021-04-10 22:28:14.840 -0600"
    },
    {
      "handlerName" : "on_mainfromsuite",
      "message" : "[20210301_194448.575,20210301_194416.595]",
      "timestamp" : "2021-04-10 22:28:14.889 -0600",
      "identifier" : "Log",
      "scriptName" : "MainFromSuite.script",
      "handlerLine" : 16
    },
    {
      "handlerName" : "on_mainfromsuite",
      "message" : "[20210301_201248.921,20210301_201300.294,20210301_201241.059]",
      "timestamp" : "2021-04-10 22:28:14.893 -0600",
      "identifier" : "Log",
      "scriptName" : "MainFromSuite.script",
      "handlerLine" : 16
    },
    {
      "identifier" : "EndTestCase",
      "message" : "(Duration:\"0.178102\", Errors:\"0\", Exceptions:\"0\", StartTime:\"2021-04-10 22:28:14 -0600\", Successes:\"1\", TestCase:\"MainFromSuite.script\", Warnings:\"0\")",
      "timestamp" : "2021-04-10 22:28:15.019 -0600"
    },
    {
      "identifier" : "SUCCESS",
      "message" : "Execution Time 0:00:00 MainFromSuite.script",
      "timestamp" : "2021-04-10 22:28:15.028 -0600"
    }
  ],
  "createdTimestamp" : "2021-04-10 22:28:14.840 -0600"
}