{
  "entries" : [
    {
      "identifier" : "START",
      "message" : "Running Untitled1.script",
      "timestamp" : "2021-01-18 15:07:33.677 -0700"
    },
    {
      "handlerName" : "on_untitled1",
      "message" : "ff",
      "timestamp" : "2021-01-18 15:07:33.728 -0700",
      "identifier" : "Log",
      "scriptName" : "Untitled1.script",
      "handlerLine" : 12
    },
    {
      "handlerName" : "on_untitled1",
      "message" : "ff",
      "timestamp" : "2021-01-18 15:07:33.730 -0700",
      "identifier" : "Log",
      "scriptName" : "Untitled1.script",
      "handlerLine" : 12
    },
    {
      "handlerName" : "on_untitled1",
      "message" : "ff",
      "timestamp" : "2021-01-18 15:07:33.731 -0700",
      "identifier" : "Log",
      "scriptName" : "Untitled1.script",
      "handlerLine" : 12
    },
    {
      "handlerName" : "on_untitled1",
      "message" : "ff",
      "timestamp" : "2021-01-18 15:07:33.733 -0700",
      "identifier" : "Log",
      "scriptName" : "Untitled1.script",
      "handlerLine" : 12
    },
    {
      "handlerName" : "on_untitled1",
      "message" : "ff",
      "timestamp" : "2021-01-18 15:07:33.736 -0700",
      "identifier" : "Log",
      "scriptName" : "Untitled1.script",
      "handlerLine" : 12
    },
    {
      "handlerName" : "on_untitled1",
      "message" : "ff",
      "timestamp" : "2021-01-18 15:07:33.737 -0700",
      "identifier" : "Log",
      "scriptName" : "Untitled1.script",
      "handlerLine" : 12
    },
    {
      "handlerName" : "on_untitled1",
      "message" : "ff",
      "timestamp" : "2021-01-18 15:07:33.739 -0700",
      "identifier" : "Log",
      "scriptName" : "Untitled1.script",
      "handlerLine" : 12
    },
    {
      "handlerName" : "on_untitled1",
      "message" : "ff",
      "timestamp" : "2021-01-18 15:07:33.740 -0700",
      "identifier" : "Log",
      "scriptName" : "Untitled1.script",
      "handlerLine" : 12
    },
    {
      "handlerName" : "on_untitled1",
      "message" : "ff",
      "timestamp" : "2021-01-18 15:07:33.741 -0700",
      "identifier" : "Log",
      "scriptName" : "Untitled1.script",
      "handlerLine" : 12
    },
    {
      "handlerName" : "on_untitled1",
      "message" : "ff",
      "timestamp" : "2021-01-18 15:07:33.742 -0700",
      "identifier" : "Log",
      "scriptName" : "Untitled1.script",
      "handlerLine" : 12
    },
    {
      "handlerName" : "on_untitled1",
      "message" : "ff",
      "timestamp" : "2021-01-18 15:07:33.743 -0700",
      "identifier" : "Log",
      "scriptName" : "Untitled1.script",
      "handlerLine" : 12
    },
    {
      "handlerName" : "on_untitled1",
      "message" : "ff",
      "timestamp" : "2021-01-18 15:07:33.744 -0700",
      "identifier" : "Log",
      "scriptName" : "Untitled1.script",
      "handlerLine" : 12
    },
    {
      "handlerName" : "on_untitled1",
      "message" : "ff",
      "timestamp" : "2021-01-18 15:07:33.745 -0700",
      "identifier" : "Log",
      "scriptName" : "Untitled1.script",
      "handlerLine" : 12
    },
    {
      "handlerName" : "on_untitled1",
      "message" : "ff",
      "timestamp" : "2021-01-18 15:07:33.746 -0700",
      "identifier" : "Log",
      "scriptName" : "Untitled1.script",
      "handlerLine" : 12
    },
    {
      "handlerName" : "on_untitled1",
      "message" : "ff",
      "timestamp" : "2021-01-18 15:07:33.747 -0700",
      "identifier" : "Log",
      "scriptName" : "Untitled1.script",
      "handlerLine" : 12
    },
    {
      "handlerName" : "on_untitled1",
      "message" : "ff",
      "timestamp" : "2021-01-18 15:07:33.748 -0700",
      "identifier" : "Log",
      "scriptName" : "Untitled1.script",
      "handlerLine" : 12
    },
    {
      "handlerName" : "on_untitled1",
      "message" : "ff",
      "timestamp" : "2021-01-18 15:07:33.749 -0700",
      "identifier" : "Log",
      "scriptName" : "Untitled1.script",
      "handlerLine" : 12
    },
    {
      "handlerName" : "on_untitled1",
      "message" : "ff",
      "timestamp" : "2021-01-18 15:07:33.750 -0700",
      "identifier" : "Log",
      "scriptName" : "Untitled1.script",
      "handlerLine" : 12
    },
    {
      "handlerName" : "on_untitled1",
      "message" : "ff",
      "timestamp" : "2021-01-18 15:07:33.751 -0700",
      "identifier" : "Log",
      "scriptName" : "Untitled1.script",
      "handlerLine" : 12
    },
    {
      "handlerName" : "on_untitled1",
      "message" : "ff",
      "timestamp" : "2021-01-18 15:07:33.753 -0700",
      "identifier" : "Log",
      "scriptName" : "Untitled1.script",
      "handlerLine" : 12
    },
    {
      "handlerName" : "on_untitled1",
      "message" : "ff",
      "timestamp" : "2021-01-18 15:07:33.754 -0700",
      "identifier" : "Log",
      "scriptName" : "Untitled1.script",
      "handlerLine" : 12
    },
    {
      "handlerName" : "on_untitled1",
      "message" : "ColorList",
      "timestamp" : "2021-01-18 15:07:33.755 -0700",
      "identifier" : "Log",
      "scriptName" : "Untitled1.script",
      "handlerLine" : 17
    },
    {
      "identifier" : "EndTestCase",
      "message" : "(Duration:\"0.263499\", Errors:\"0\", Exceptions:\"0\", StartTime:\"2021-01-18 15:07:33 -0700\", Successes:\"1\", TestCase:\"Untitled1.script\", Warnings:\"0\")",
      "timestamp" : "2021-01-18 15:07:33.942 -0700"
    },
    {
      "identifier" : "SUCCESS",
      "message" : "Execution Time 0:00:00 Untitled1.script",
      "timestamp" : "2021-01-18 15:07:33.949 -0700"
    }
  ],
  "createdTimestamp" : "2021-01-18 15:07:33.678 -0700"
}