{
  "entries" : [
    {
      "identifier" : "START",
      "message" : "Running AdvanceDates.script",
      "timestamp" : "2018-11-26 16:51:08.149 -0500"
    },
    {
      "handlerName" : "on_advancedates",
      "message" : "(2018-11-28,2018-11-30,2018-12-01,2018-12-01,hello,2018-12-03)",
      "timestamp" : "2018-11-26 16:51:08.237 -0500",
      "identifier" : "Log",
      "scriptName" : "AdvanceDates.script",
      "handlerLine" : 13
    },
    {
      "identifier" : "EndTestCase",
      "message" : "(Duration:\"0.348299\", Errors:\"0\", Exceptions:\"0\", StartTime:\"2018-11-26 16:51:08 -0500\", Successes:\"1\", TestCase:\"AdvanceDates.script\", Warnings:\"0\")",
      "timestamp" : "2018-11-26 16:51:08.521 -0500"
    },
    {
      "identifier" : "SUCCESS",
      "message" : "Execution Time 0:00:00 AdvanceDates.script",
      "timestamp" : "2018-11-26 16:51:08.574 -0500"
    }
  ],
  "createdTimestamp" : "2018-11-26 16:51:08.172 -0500"
}