{
  "entries" : [
    {
      "identifier" : "START",
      "message" : "Running Untitled1.script",
      "timestamp" : "2021-01-18 15:07:51.218 -0700"
    },
    {
      "handlerName" : "on_untitled1",
      "message" : "FF",
      "timestamp" : "2021-01-18 15:07:51.266 -0700",
      "identifier" : "Log",
      "scriptName" : "Untitled1.script",
      "handlerLine" : 12
    },
    {
      "handlerName" : "on_untitled1",
      "message" : "FF",
      "timestamp" : "2021-01-18 15:07:51.267 -0700",
      "identifier" : "Log",
      "scriptName" : "Untitled1.script",
      "handlerLine" : 12
    },
    {
      "handlerName" : "on_untitled1",
      "message" : "FF",
      "timestamp" : "2021-01-18 15:07:51.269 -0700",
      "identifier" : "Log",
      "scriptName" : "Untitled1.script",
      "handlerLine" : 12
    },
    {
      "handlerName" : "on_untitled1",
      "message" : "FF",
      "timestamp" : "2021-01-18 15:07:51.270 -0700",
      "identifier" : "Log",
      "scriptName" : "Untitled1.script",
      "handlerLine" : 12
    },
    {
      "handlerName" : "on_untitled1",
      "message" : "FF",
      "timestamp" : "2021-01-18 15:07:51.271 -0700",
      "identifier" : "Log",
      "scriptName" : "Untitled1.script",
      "handlerLine" : 12
    },
    {
      "handlerName" : "on_untitled1",
      "message" : "FF",
      "timestamp" : "2021-01-18 15:07:51.272 -0700",
      "identifier" : "Log",
      "scriptName" : "Untitled1.script",
      "handlerLine" : 12
    },
    {
      "handlerName" : "on_untitled1",
      "message" : "FF",
      "timestamp" : "2021-01-18 15:07:51.274 -0700",
      "identifier" : "Log",
      "scriptName" : "Untitled1.script",
      "handlerLine" : 12
    },
    {
      "handlerName" : "on_untitled1",
      "message" : "FF",
      "timestamp" : "2021-01-18 15:07:51.275 -0700",
      "identifier" : "Log",
      "scriptName" : "Untitled1.script",
      "handlerLine" : 12
    },
    {
      "handlerName" : "on_untitled1",
      "message" : "FF",
      "timestamp" : "2021-01-18 15:07:51.276 -0700",
      "identifier" : "Log",
      "scriptName" : "Untitled1.script",
      "handlerLine" : 12
    },
    {
      "handlerName" : "on_untitled1",
      "message" : "FF",
      "timestamp" : "2021-01-18 15:07:51.277 -0700",
      "identifier" : "Log",
      "scriptName" : "Untitled1.script",
      "handlerLine" : 12
    },
    {
      "handlerName" : "on_untitled1",
      "message" : "FF",
      "timestamp" : "2021-01-18 15:07:51.279 -0700",
      "identifier" : "Log",
      "scriptName" : "Untitled1.script",
      "handlerLine" : 12
    },
    {
      "handlerName" : "on_untitled1",
      "message" : "FF",
      "timestamp" : "2021-01-18 15:07:51.280 -0700",
      "identifier" : "Log",
      "scriptName" : "Untitled1.script",
      "handlerLine" : 12
    },
    {
      "handlerName" : "on_untitled1",
      "message" : "FF",
      "timestamp" : "2021-01-18 15:07:51.281 -0700",
      "identifier" : "Log",
      "scriptName" : "Untitled1.script",
      "handlerLine" : 12
    },
    {
      "handlerName" : "on_untitled1",
      "message" : "FF",
      "timestamp" : "2021-01-18 15:07:51.282 -0700",
      "identifier" : "Log",
      "scriptName" : "Untitled1.script",
      "handlerLine" : 12
    },
    {
      "handlerName" : "on_untitled1",
      "message" : "FF",
      "timestamp" : "2021-01-18 15:07:51.283 -0700",
      "identifier" : "Log",
      "scriptName" : "Untitled1.script",
      "handlerLine" : 12
    },
    {
      "handlerName" : "on_untitled1",
      "message" : "FF",
      "timestamp" : "2021-01-18 15:07:51.284 -0700",
      "identifier" : "Log",
      "scriptName" : "Untitled1.script",
      "handlerLine" : 12
    },
    {
      "handlerName" : "on_untitled1",
      "message" : "FF",
      "timestamp" : "2021-01-18 15:07:51.285 -0700",
      "identifier" : "Log",
      "scriptName" : "Untitled1.script",
      "handlerLine" : 12
    },
    {
      "handlerName" : "on_untitled1",
      "message" : "FF",
      "timestamp" : "2021-01-18 15:07:51.286 -0700",
      "identifier" : "Log",
      "scriptName" : "Untitled1.script",
      "handlerLine" : 12
    },
    {
      "handlerName" : "on_untitled1",
      "message" : "FF",
      "timestamp" : "2021-01-18 15:07:51.287 -0700",
      "identifier" : "Log",
      "scriptName" : "Untitled1.script",
      "handlerLine" : 12
    },
    {
      "handlerName" : "on_untitled1",
      "message" : "FF",
      "timestamp" : "2021-01-18 15:07:51.289 -0700",
      "identifier" : "Log",
      "scriptName" : "Untitled1.script",
      "handlerLine" : 12
    },
    {
      "handlerName" : "on_untitled1",
      "message" : "FF",
      "timestamp" : "2021-01-18 15:07:51.290 -0700",
      "identifier" : "Log",
      "scriptName" : "Untitled1.script",
      "handlerLine" : 12
    },
    {
      "handlerName" : "on_untitled1",
      "message" : "ColorList",
      "timestamp" : "2021-01-18 15:07:51.291 -0700",
      "identifier" : "Log",
      "scriptName" : "Untitled1.script",
      "handlerLine" : 17
    },
    {
      "identifier" : "EndTestCase",
      "message" : "(Duration:\"0.254435\", Errors:\"0\", Exceptions:\"0\", StartTime:\"2021-01-18 15:07:51 -0700\", Successes:\"1\", TestCase:\"Untitled1.script\", Warnings:\"0\")",
      "timestamp" : "2021-01-18 15:07:51.474 -0700"
    },
    {
      "identifier" : "SUCCESS",
      "message" : "Execution Time 0:00:00 Untitled1.script",
      "timestamp" : "2021-01-18 15:07:51.482 -0700"
    }
  ],
  "createdTimestamp" : "2021-01-18 15:07:51.219 -0700"
}