﻿Date Run,Status,Time,# of Errors,# of Warnings,# of Exceptions,Log File,Return Value,Error Message,# of Successes
2001-01-01 00:00:00 +0000,"Aborted",0:01:48,1,0,0,"20200304_140127.551/LogFile.txt","","",0
2001-01-01 00:00:00 +0000,"Success",0:02:04,0,0,0,"20200304_140347.824/LogFile.txt","","",1
2001-01-01 00:00:00 +0000,"Success",0:02:04,0,0,0,"20200304_140654.397/LogFile.txt","","",1
2001-01-01 00:00:00 +0000,"Success",0:00:02,0,0,0,"20200304_143213.738/LogFile.txt","","",1
2001-01-01 00:00:00 +0000,"Success",0:00:03,0,0,0,"20200304_143233.084/LogFile.txt","","",1
2020-03-04 21:35:16 +0000,"Success",0:00:03,0,0,0,"20200304_143516.143/LogFile.txt","","",1
2020-03-04 21:35:45 +0000,"Success",0:01:51,0,0,0,"20200304_143545.620/LogFile.txt","","",1
2020-03-04 21:39:01 +0000,"Aborted",0:00:08,1,0,0,"20200304_143901.157/LogFile.txt","","",0
2020-03-04 21:49:22 +0000,"Success",0:01:57,0,0,0,"20200304_144922.212/LogFile.txt","","",1
2020-03-04 22:14:38 +0000,"Failure",0:00:00,1,0,0,"20200304_151438.215/LogFile.txt","","SenseTalk Compiler Exception -- in index:\nSyntax Error at line 4: Syntax Error - can't understand ""into"" at character 57",0
2020-03-04 22:14:44 +0000,"Success",0:02:49,0,0,0,"20200304_151444.924/LogFile.txt","","",1
2020-03-04 22:27:00 +0000,"Success",0:02:53,0,0,0,"20200304_152700.348/LogFile.txt","","",1
2020-03-04 22:32:35 +0000,"Failure",0:00:01,1,0,0,"20200304_153235.960/LogFile.txt","","InvalidParameter -- Parameter(s) to coloratlocation() must specify a valid point or image (got (552,274))",0
2020-03-04 22:32:51 +0000,"Failure",0:00:01,1,0,0,"20200304_153251.838/LogFile.txt","","InvalidParameter -- Parameter(s) to coloratlocation() must specify a valid point or image (got (552,274))",0
2020-03-04 22:34:17 +0000,"Failure",0:00:01,1,0,0,"20200304_153417.652/LogFile.txt","","InvalidParameter -- Parameter(s) to coloratlocation() must specify a valid point or image (got (552,274))",0
2020-03-04 22:34:31 +0000,"Success",0:03:30,0,0,0,"20200304_153431.620/LogFile.txt","","",1
