﻿<?xml version="1.0"?>
<runHistory script="index">
 <run>
  <RunDate>2001-01-01 00:00:00 +0000</RunDate>
  <Status>Aborted</Status>
  <Duration>108.966702</Duration>
  <Errors>1</Errors>
  <Warnings>0</Warnings>
  <Exceptions>0</Exceptions>
  <Successes>0</Successes>
  <LogFile>20200304_140127.551/LogFile.txt</LogFile>
  <ReturnValue></ReturnValue>
  <ErrorMessage></ErrorMessage>
 </run>
 <run>
  <RunDate>2001-01-01 00:00:00 +0000</RunDate>
  <Status>Success</Status>
  <Duration>124.687973</Duration>
  <Errors>0</Errors>
  <Warnings>0</Warnings>
  <Exceptions>0</Exceptions>
  <Successes>1</Successes>
  <LogFile>20200304_140347.824/LogFile.txt</LogFile>
  <ReturnValue></ReturnValue>
  <ErrorMessage></ErrorMessage>
 </run>
 <run>
  <RunDate>2001-01-01 00:00:00 +0000</RunDate>
  <Status>Success</Status>
  <Duration>124.191528</Duration>
  <Errors>0</Errors>
  <Warnings>0</Warnings>
  <Exceptions>0</Exceptions>
  <Successes>1</Successes>
  <LogFile>20200304_140654.397/LogFile.txt</LogFile>
  <ReturnValue></ReturnValue>
  <ErrorMessage></ErrorMessage>
 </run>
 <run>
  <RunDate>2001-01-01 00:00:00 +0000</RunDate>
  <Status>Success</Status>
  <Duration>2.982829</Duration>
  <Errors>0</Errors>
  <Warnings>0</Warnings>
  <Exceptions>0</Exceptions>
  <Successes>1</Successes>
  <LogFile>20200304_143213.738/LogFile.txt</LogFile>
  <ReturnValue></ReturnValue>
  <ErrorMessage></ErrorMessage>
 </run>
 <run>
  <RunDate>2001-01-01 00:00:00 +0000</RunDate>
  <Status>Success</Status>
  <Duration>3.348514</Duration>
  <Errors>0</Errors>
  <Warnings>0</Warnings>
  <Exceptions>0</Exceptions>
  <Successes>1</Successes>
  <LogFile>20200304_143233.084/LogFile.txt</LogFile>
  <ReturnValue></ReturnValue>
  <ErrorMessage></ErrorMessage>
 </run>
 <run>
  <RunDate>2020-03-04 21:35:16 +0000</RunDate>
  <Status>Success</Status>
  <Duration>3.119279</Duration>
  <Errors>0</Errors>
  <Warnings>0</Warnings>
  <Exceptions>0</Exceptions>
  <Successes>1</Successes>
  <LogFile>20200304_143516.143/LogFile.txt</LogFile>
  <ReturnValue></ReturnValue>
  <ErrorMessage></ErrorMessage>
 </run>
 <run>
  <RunDate>2020-03-04 21:35:45 +0000</RunDate>
  <Status>Success</Status>
  <Duration>111.310787</Duration>
  <Errors>0</Errors>
  <Warnings>0</Warnings>
  <Exceptions>0</Exceptions>
  <Successes>1</Successes>
  <LogFile>20200304_143545.620/LogFile.txt</LogFile>
  <ReturnValue></ReturnValue>
  <ErrorMessage></ErrorMessage>
 </run>
 <run>
  <RunDate>2020-03-04 21:39:01 +0000</RunDate>
  <Status>Aborted</Status>
  <Duration>8.578400</Duration>
  <Errors>1</Errors>
  <Warnings>0</Warnings>
  <Exceptions>0</Exceptions>
  <Successes>0</Successes>
  <LogFile>20200304_143901.157/LogFile.txt</LogFile>
  <ReturnValue></ReturnValue>
  <ErrorMessage></ErrorMessage>
 </run>
 <run>
  <RunDate>2020-03-04 21:49:22 +0000</RunDate>
  <Status>Success</Status>
  <Duration>117.282476</Duration>
  <Errors>0</Errors>
  <Warnings>0</Warnings>
  <Exceptions>0</Exceptions>
  <Successes>1</Successes>
  <LogFile>20200304_144922.212/LogFile.txt</LogFile>
  <ReturnValue></ReturnValue>
  <ErrorMessage></ErrorMessage>
 </run>
 <run>
  <RunDate>2020-03-04 22:14:38 +0000</RunDate>
  <Status>Failure</Status>
  <Duration>0.005119</Duration>
  <Errors>1</Errors>
  <Warnings>0</Warnings>
  <Exceptions>0</Exceptions>
  <Successes>0</Successes>
  <LogFile>20200304_151438.215/LogFile.txt</LogFile>
  <ReturnValue></ReturnValue>
  <ErrorMessage>SenseTalk Compiler Exception -- in index:
Syntax Error at line 4: Syntax Error - can&#x27;t understand &quot;into&quot; at character 57</ErrorMessage>
 </run>
 <run>
  <RunDate>2020-03-04 22:14:44 +0000</RunDate>
  <Status>Success</Status>
  <Duration>169.832115</Duration>
  <Errors>0</Errors>
  <Warnings>0</Warnings>
  <Exceptions>0</Exceptions>
  <Successes>1</Successes>
  <LogFile>20200304_151444.924/LogFile.txt</LogFile>
  <ReturnValue></ReturnValue>
  <ErrorMessage></ErrorMessage>
 </run>
 <run>
  <RunDate>2020-03-04 22:27:00 +0000</RunDate>
  <Status>Success</Status>
  <Duration>173.701846</Duration>
  <Errors>0</Errors>
  <Warnings>0</Warnings>
  <Exceptions>0</Exceptions>
  <Successes>1</Successes>
  <LogFile>20200304_152700.348/LogFile.txt</LogFile>
  <ReturnValue></ReturnValue>
  <ErrorMessage></ErrorMessage>
 </run>
 <run>
  <RunDate>2020-03-04 22:32:35 +0000</RunDate>
  <Status>Failure</Status>
  <Duration>1.268077</Duration>
  <Errors>1</Errors>
  <Warnings>0</Warnings>
  <Exceptions>0</Exceptions>
  <Successes>0</Successes>
  <LogFile>20200304_153235.960/LogFile.txt</LogFile>
  <ReturnValue></ReturnValue>
  <ErrorMessage>InvalidParameter -- Parameter(s) to coloratlocation() must specify a valid point or image (got (552,274))</ErrorMessage>
 </run>
 <run>
  <RunDate>2020-03-04 22:32:51 +0000</RunDate>
  <Status>Failure</Status>
  <Duration>1.132365</Duration>
  <Errors>1</Errors>
  <Warnings>0</Warnings>
  <Exceptions>0</Exceptions>
  <Successes>0</Successes>
  <LogFile>20200304_153251.838/LogFile.txt</LogFile>
  <ReturnValue></ReturnValue>
  <ErrorMessage>InvalidParameter -- Parameter(s) to coloratlocation() must specify a valid point or image (got (552,274))</ErrorMessage>
 </run>
 <run>
  <RunDate>2020-03-04 22:34:17 +0000</RunDate>
  <Status>Failure</Status>
  <Duration>1.077069</Duration>
  <Errors>1</Errors>
  <Warnings>0</Warnings>
  <Exceptions>0</Exceptions>
  <Successes>0</Successes>
  <LogFile>20200304_153417.652/LogFile.txt</LogFile>
  <ReturnValue></ReturnValue>
  <ErrorMessage>InvalidParameter -- Parameter(s) to coloratlocation() must specify a valid point or image (got (552,274))</ErrorMessage>
 </run>
 <run>
  <RunDate>2020-03-04 22:34:31 +0000</RunDate>
  <Status>Success</Status>
  <Duration>210.257592</Duration>
  <Errors>0</Errors>
  <Warnings>0</Warnings>
  <Exceptions>0</Exceptions>
  <Successes>1</Successes>
  <LogFile>20200304_153431.620/LogFile.txt</LogFile>
  <ReturnValue></ReturnValue>
  <ErrorMessage></ErrorMessage>
 </run>
</runHistory>
