{
  "entries" : [
    {
      "identifier" : "START",
      "message" : "Running Main.script",
      "timestamp" : "2020-05-29 11:25:06.384 -0600"
    },
    {
      "handlerName" : "function_locaterrectangle",
      "message" : "(323,271,1390,734)",
      "identifier" : "capturescreen",
      "image" : "\/Users\/randyhesse\/Documents\/Simple_Examples\/AI Modeling\/facial_recognition_v2.suite\/Resources\/InputPicture.png",
      "handlerLine" : 5,
      "timestamp" : "2020-05-29 11:25:07.596 -0600",
      "scriptName" : ""
    },
    {
      "handlerName" : "function_locaterrectangle",
      "message" : "export GOPATH=\"\/Users\/randyhesse\/go\"; cd \"\/Users\/randyhesse\/Documents\/Simple_Examples\/AI Modeling\/facial_recognition_v2.suite\/Resources\/\"&& \/usr\/local\/bin\/go run \"\/Users\/randyhesse\/Documents\/Simple_Examples\/AI Modeling\/facial_recognition_v2.suite\/Resources\/FaceR.go\" \"haarcascade_eye.xml\" \"InputPicture.png\" \"OutputPicture.png\"",
      "timestamp" : "2020-05-29 11:25:07.606 -0600",
      "identifier" : "Log",
      "scriptName" : "",
      "handlerLine" : 19
    },
    {
      "handlerName" : "function_locaterrectangle",
      "timestamp" : "2020-05-29 11:25:07.615 -0600",
      "identifier" : "pausescript",
      "scriptName" : "",
      "handlerLine" : 20
    },
    {
      "identifier" : "EndTestCase",
      "message" : "(Duration:\"537.890996\", Errors:\"1\", Exceptions:\"0\", StartTime:\"2020-05-29 11:25:06 -0600\", Successes:\"0\", TestCase:\"Main.script\", Warnings:\"0\")",
      "timestamp" : "2020-05-29 11:34:04.279 -0600"
    },
    {
      "identifier" : "ABORTED",
      "message" : "Execution Time 0:08:57 Main.script",
      "timestamp" : "2020-05-29 11:34:04.294 -0600"
    }
  ],
  "createdTimestamp" : "2020-05-29 11:25:06.387 -0600"
}