{
  "entries" : [
    {
      "identifier" : "START",
      "message" : "Running GeneratingHolds.script",
      "timestamp" : "2018-11-20 21:05:57.109 -0500"
    },
    {
      "identifier" : "EndTestCase",
      "message" : "(Duration:\"0.612766\", Errors:\"0\", Exceptions:\"0\", StartTime:\"2018-11-20 21:05:57 -0500\", Successes:\"1\", TestCase:\"GeneratingHolds.script\", Warnings:\"0\")",
      "timestamp" : "2018-11-20 21:05:57.746 -0500"
    },
    {
      "identifier" : "SUCCESS",
      "message" : "Execution Time 0:00:00 GeneratingHolds.script",
      "timestamp" : "2018-11-20 21:05:57.801 -0500"
    }
  ],
  "createdTimestamp" : "2018-11-20 21:05:57.134 -0500"
}