{
  "entries" : [
    {
      "identifier" : "START",
      "message" : "Running Master.script",
      "timestamp" : "2018-11-26 13:13:21.695 -0500"
    },
    {
      "identifier" : "EndTestCase",
      "message" : "(Duration:\"0.872179\", Errors:\"1\", Exceptions:\"0\", StartTime:\"2018-11-26 13:13:21 -0500\", Successes:\"0\", TestCase:\"Master.script\", Warnings:\"0\")",
      "timestamp" : "2018-11-26 13:13:22.601 -0500"
    },
    {
      "message" : "STUnknownMessage ERROR: No Such Command: 'four' -- Execution Time 0:00:00 Master.script",
      "timestamp" : "2018-11-26 13:13:24.082 -0500",
      "identifier" : "FAILURE",
      "image" : "Screen_Error.png"
    }
  ],
  "createdTimestamp" : "2018-11-26 13:13:21.728 -0500"
}