{
  "entries" : [
    {
      "identifier" : "START",
      "message" : "Running index.script",
      "timestamp" : "2021-01-18 12:14:01.535 -0700"
    },
    {
      "handlerName" : "on_definecolorarea",
      "message" : "calculating...",
      "timestamp" : "2021-01-18 12:14:01.780 -0700",
      "identifier" : "Log",
      "scriptName" : "",
      "handlerLine" : 27
    },
    {
      "handlerName" : "on_index",
      "message" : "[[247,146,57],[239,93,66],[239,199,0],[82,190,49]]",
      "timestamp" : "2021-01-18 12:14:01.783 -0700",
      "identifier" : "Log",
      "scriptName" : "index.script",
      "handlerLine" : 20
    },
    {
      "handlerName" : "function_pixelmatch",
      "message" : "Pixel Count is: 880",
      "timestamp" : "2021-01-18 12:14:01.801 -0700",
      "identifier" : "Log",
      "scriptName" : "",
      "handlerLine" : 9
    },
    {
      "handlerName" : "on_index",
      "message" : "0",
      "timestamp" : "2021-01-18 12:15:05.595 -0700",
      "identifier" : "Log",
      "scriptName" : "index.script",
      "handlerLine" : 27
    },
    {
      "identifier" : "EndTestCase",
      "message" : "(Duration:\"64.152929\", Errors:\"0\", Exceptions:\"0\", StartTime:\"2021-01-18 12:14:01 -0700\", Successes:\"1\", TestCase:\"index.script\", Warnings:\"0\")",
      "timestamp" : "2021-01-18 12:15:05.689 -0700"
    },
    {
      "identifier" : "SUCCESS",
      "message" : "Execution Time 0:01:04 index.script",
      "timestamp" : "2021-01-18 12:15:05.697 -0700"
    }
  ],
  "createdTimestamp" : "2021-01-18 12:14:01.536 -0700"
}