﻿<?xml version="1.0"?>
<runHistory script="States/Zero">
 <run>
  <RunDate>2017-07-03 13:59:41.248 -0600</RunDate>
  <Status>Failure</Status>
  <Duration>0.009254</Duration>
  <Errors>1</Errors>
  <Warnings>0</Warnings>
  <Exceptions>1</Exceptions>
  <Successes>0</Successes>
  <LogFile>20170703_135941.248/LogFile.txt</LogFile>
  <ReturnValue></ReturnValue>
  <ErrorMessage>File Not Found -- click Error - Could Not Open Image: Test/A/Contacts</ErrorMessage>
 </run>
 <run>
  <RunDate>2017-07-03 14:00:16.582 -0600</RunDate>
  <Status>Success</Status>
  <Duration>0.167066</Duration>
  <Errors>0</Errors>
  <Warnings>0</Warnings>
  <Exceptions>0</Exceptions>
  <Successes>1</Successes>
  <LogFile>20170703_140016.582/LogFile.txt</LogFile>
  <ReturnValue></ReturnValue>
  <ErrorMessage></ErrorMessage>
 </run>
 <run>
  <RunDate>2017-07-11 09:14:49.802 -0600</RunDate>
  <Status>Success</Status>
  <Duration>0.187405</Duration>
  <Errors>0</Errors>
  <Warnings>0</Warnings>
  <Exceptions>0</Exceptions>
  <Successes>1</Successes>
  <LogFile>20170711_091449.802/LogFile.txt</LogFile>
  <ReturnValue></ReturnValue>
  <ErrorMessage></ErrorMessage>
 </run>
 <run>
  <RunDate>2017-07-14 09:19:16.041 -0600</RunDate>
  <Status>Success</Status>
  <Duration>0.164471</Duration>
  <Errors>0</Errors>
  <Warnings>0</Warnings>
  <Exceptions>0</Exceptions>
  <Successes>1</Successes>
  <LogFile>20170714_091916.041/LogFile.txt</LogFile>
  <ReturnValue></ReturnValue>
  <ErrorMessage></ErrorMessage>
 </run>
 <run>
  <RunDate>2017-07-14 10:51:05.328 -0600</RunDate>
  <Status>Success</Status>
  <Duration>0.227333</Duration>
  <Errors>0</Errors>
  <Warnings>0</Warnings>
  <Exceptions>0</Exceptions>
  <Successes>1</Successes>
  <LogFile>20170714_105105.328/LogFile.txt</LogFile>
  <ReturnValue></ReturnValue>
  <ErrorMessage></ErrorMessage>
 </run>
</runHistory>
