﻿Date Run,Status,Time,# of Errors,# of Warnings,# of Exceptions,Log File,Return Value,Error Message,# of Successes
2017-07-03 13:59:41.248 -0600,"Failure",0:00:00,1,0,1,"20170703_135941.248/LogFile.txt","","File Not Found -- click Error - Could Not Open Image: Test/A/Contacts",0
2017-07-03 14:00:16.582 -0600,"Success",0:00:00,0,0,0,"20170703_140016.582/LogFile.txt","","",1
2017-07-11 09:14:49.802 -0600,"Success",0:00:00,0,0,0,"20170711_091449.802/LogFile.txt","","",1
2017-07-14 09:19:16.041 -0600,"Success",0:00:00,0,0,0,"20170714_091916.041/LogFile.txt","","",1
2017-07-14 10:51:05.328 -0600,"Success",0:00:00,0,0,0,"20170714_105105.328/LogFile.txt","","",1
