{
  "entries" : [
    {
      "identifier" : "START",
      "message" : "Running Example VerifyResponse.script",
      "timestamp" : "2020-08-05 10:34:15.159 -0600"
    },
    {
      "handlerName" : "on_example_verifyresponse",
      "message" : "Data from response body: {hand:\"wave\"}",
      "timestamp" : "2020-08-05 10:34:15.420 -0600",
      "identifier" : "Log",
      "scriptName" : "Example VerifyResponse.script",
      "handlerLine" : 6
    },
    {
      "handlerName" : "on_example_verifyresponse",
      "message" : "Hand was able to wave",
      "timestamp" : "2020-08-05 10:34:15.425 -0600",
      "identifier" : "LogSuccess",
      "scriptName" : "Example VerifyResponse.script",
      "handlerLine" : 11
    },
    {
      "identifier" : "EndTestCase",
      "message" : "(Duration:\"1.479344\", Errors:\"1\", Exceptions:\"0\", StartTime:\"2020-08-05 10:34:15 -0600\", Successes:\"1\", TestCase:\"Example VerifyResponse.script\", Warnings:\"0\")",
      "timestamp" : "2020-08-05 10:34:16.641 -0600"
    },
    {
      "message" : "AssertionFailed True (assertion: responseData.\"data\".\"hand\" = \"waave\"; actually: wave IS NOT equal to waave) -- Execution Time 0:00:01 Example VerifyResponse.script",
      "timestamp" : "2020-08-05 10:34:20.595 -0600",
      "identifier" : "FAILURE",
      "image" : "Screen_Error.png"
    }
  ],
  "createdTimestamp" : "2020-08-05 10:34:15.161 -0600"
}