{
  "entries" : [
    {
      "identifier" : "START",
      "message" : "Running QA_Script.script",
      "timestamp" : "2019-04-18 16:02:24.985 -0600"
    },
    {
      "handlerName" : "on_qa_script",
      "message" : " From the QA Script",
      "timestamp" : "2019-04-18 16:02:25.096 -0600",
      "identifier" : "Log",
      "scriptName" : "QA_Script.script",
      "handlerLine" : 4
    },
    {
      "handlerName" : "on_somethinghandler",
      "message" : "Some Handler from Bacground Classes",
      "timestamp" : "2019-04-18 16:02:25.131 -0600",
      "identifier" : "Log",
      "scriptName" : "Classes\/Background_Classes.script",
      "handlerLine" : 3
    },
    {
      "identifier" : "EndTestCase",
      "message" : "(Duration:\"0.378728\", Errors:\"0\", Exceptions:\"0\", StartTime:\"2019-04-18 16:02:24 -0600\", Successes:\"1\", TestCase:\"QA_Script.script\", Warnings:\"0\")",
      "timestamp" : "2019-04-18 16:02:25.365 -0600"
    },
    {
      "identifier" : "SUCCESS",
      "message" : "Execution Time 0:00:00 QA_Script.script",
      "timestamp" : "2019-04-18 16:02:25.380 -0600"
    }
  ],
  "createdTimestamp" : "2019-04-18 16:02:24.986 -0600"
}