{
  "entries" : [
    {
      "identifier" : "START",
      "message" : "Running Main.script",
      "timestamp" : "2021-03-31 10:21:20.787 -0600"
    },
    {
      "handlerName" : "on_main",
      "message" : "Overwritting Folder",
      "timestamp" : "2021-03-31 10:21:20.831 -0600",
      "identifier" : "LogWarning",
      "scriptName" : "Main.script",
      "handlerLine" : 11
    },
    {
      "handlerName" : "on_buildhtml",
      "message" : "Building HTML Step Page: table.html",
      "timestamp" : "2021-03-31 10:21:20.970 -0600",
      "identifier" : "Log",
      "scriptName" : "",
      "handlerLine" : 7
    },
    {
      "handlerName" : "on_buildhtml",
      "message" : "Building HTML Report Page: index.html",
      "timestamp" : "2021-03-31 10:21:21.017 -0600",
      "identifier" : "Log",
      "scriptName" : "Utilities\/BuildReport.script",
      "handlerLine" : 8
    },
    {
      "identifier" : "EndTestCase",
      "message" : "(Duration:\"0.368707\", Errors:\"0\", Exceptions:\"0\", StartTime:\"2021-03-31 10:21:20 -0600\", Successes:\"1\", TestCase:\"Main.script\", Warnings:\"1\")",
      "timestamp" : "2021-03-31 10:21:21.156 -0600"
    },
    {
      "identifier" : "SUCCESS",
      "message" : "Execution Time 0:00:00 Main.script",
      "timestamp" : "2021-03-31 10:21:21.162 -0600"
    }
  ],
  "createdTimestamp" : "2021-03-31 10:21:20.787 -0600"
}