﻿Date Run,Status,Time,# of Errors,# of Warnings,# of Exceptions,Log File,Return Value,Error Message,# of Successes
2020-08-05 10:28:54.321 -0600,"Success",0:00:01,0,0,0,"20200805_102854.321/LogFile.txt","","",1
2020-08-05 10:29:28.617 -0600,"Success",0:00:01,0,0,0,"20200805_102928.617/LogFile.txt","","",1
2020-08-05 10:29:49.969 -0600,"Success",0:00:01,0,0,0,"20200805_102949.969/LogFile.txt","","",1
2020-08-05 10:30:07.637 -0600,"Success",0:00:01,0,0,0,"20200805_103007.637/LogFile.txt","","",1
2020-08-05 10:30:21.382 -0600,"Success",0:00:01,0,0,0,"20200805_103021.382/LogFile.txt","","",1
2020-08-05 10:30:37.660 -0600,"Failure",0:00:00,1,0,0,"20200805_103037.660/LogFile.txt","","SenseTalk Compiler Exception -- in verifyresponse:\nSyntax Error at line 10: Syntax Error - can't understand [end of line] at character 4",0
2020-08-05 10:31:39.097 -0600,"Failure",0:00:00,1,0,0,"20200805_103139.097/LogFile.txt","","SenseTalk Compiler Exception -- in verifyresponse:\nSyntax Error at line 15: Syntax Error - can't understand [end of line] at character 3",0
2020-08-05 10:31:49.546 -0600,"Success",0:00:02,0,0,0,"20200805_103149.546/LogFile.txt","","",1
2020-08-05 10:33:55.689 -0600,"Success",0:00:01,0,0,0,"20200805_103355.689/LogFile.txt","","",2
2020-08-05 10:34:15.153 -0600,"Failure",0:00:01,1,0,0,"20200805_103415.153/LogFile.txt","","AssertionFailed -- True (assertion: responseData.""data"".""hand"" = ""waave""; actually: wave IS NOT equal to waave)",1
2020-08-05 10:35:51.215 -0600,"Success",0:00:01,0,0,0,"20200805_103551.215/LogFile.txt","","",2
2020-08-05 10:35:57.501 -0600,"Failure",0:00:01,1,0,0,"20200805_103557.501/LogFile.txt","","AssertionFailed --  (assertion: responseData.""data"".""hand"" = ""waave""; actually: wave IS NOT equal to waave)",1
2020-08-05 10:36:11.714 -0600,"Success",0:00:01,0,0,0,"20200805_103611.714/LogFile.txt","","",2
