﻿<?xml version="1.0"?>
<runHistory script="VerifyResponse">
 <run>
  <RunDate>2020-08-05 10:28:54.321 -0600</RunDate>
  <Status>Success</Status>
  <Duration>1.859726</Duration>
  <Errors>0</Errors>
  <Warnings>0</Warnings>
  <Exceptions>0</Exceptions>
  <Successes>1</Successes>
  <LogFile>20200805_102854.321/LogFile.txt</LogFile>
  <ReturnValue></ReturnValue>
  <ErrorMessage></ErrorMessage>
 </run>
 <run>
  <RunDate>2020-08-05 10:29:28.617 -0600</RunDate>
  <Status>Success</Status>
  <Duration>1.959973</Duration>
  <Errors>0</Errors>
  <Warnings>0</Warnings>
  <Exceptions>0</Exceptions>
  <Successes>1</Successes>
  <LogFile>20200805_102928.617/LogFile.txt</LogFile>
  <ReturnValue></ReturnValue>
  <ErrorMessage></ErrorMessage>
 </run>
 <run>
  <RunDate>2020-08-05 10:29:49.969 -0600</RunDate>
  <Status>Success</Status>
  <Duration>1.739127</Duration>
  <Errors>0</Errors>
  <Warnings>0</Warnings>
  <Exceptions>0</Exceptions>
  <Successes>1</Successes>
  <LogFile>20200805_102949.969/LogFile.txt</LogFile>
  <ReturnValue></ReturnValue>
  <ErrorMessage></ErrorMessage>
 </run>
 <run>
  <RunDate>2020-08-05 10:30:07.637 -0600</RunDate>
  <Status>Success</Status>
  <Duration>1.450068</Duration>
  <Errors>0</Errors>
  <Warnings>0</Warnings>
  <Exceptions>0</Exceptions>
  <Successes>1</Successes>
  <LogFile>20200805_103007.637/LogFile.txt</LogFile>
  <ReturnValue></ReturnValue>
  <ErrorMessage></ErrorMessage>
 </run>
 <run>
  <RunDate>2020-08-05 10:30:21.382 -0600</RunDate>
  <Status>Success</Status>
  <Duration>1.666640</Duration>
  <Errors>0</Errors>
  <Warnings>0</Warnings>
  <Exceptions>0</Exceptions>
  <Successes>1</Successes>
  <LogFile>20200805_103021.382/LogFile.txt</LogFile>
  <ReturnValue></ReturnValue>
  <ErrorMessage></ErrorMessage>
 </run>
 <run>
  <RunDate>2020-08-05 10:30:37.660 -0600</RunDate>
  <Status>Failure</Status>
  <Duration>0.011015</Duration>
  <Errors>1</Errors>
  <Warnings>0</Warnings>
  <Exceptions>0</Exceptions>
  <Successes>0</Successes>
  <LogFile>20200805_103037.660/LogFile.txt</LogFile>
  <ReturnValue></ReturnValue>
  <ErrorMessage>SenseTalk Compiler Exception -- in verifyresponse:
Syntax Error at line 10: Syntax Error - can&#x27;t understand [end of line] at character 4</ErrorMessage>
 </run>
 <run>
  <RunDate>2020-08-05 10:31:39.097 -0600</RunDate>
  <Status>Failure</Status>
  <Duration>0.007940</Duration>
  <Errors>1</Errors>
  <Warnings>0</Warnings>
  <Exceptions>0</Exceptions>
  <Successes>0</Successes>
  <LogFile>20200805_103139.097/LogFile.txt</LogFile>
  <ReturnValue></ReturnValue>
  <ErrorMessage>SenseTalk Compiler Exception -- in verifyresponse:
Syntax Error at line 15: Syntax Error - can&#x27;t understand [end of line] at character 3</ErrorMessage>
 </run>
 <run>
  <RunDate>2020-08-05 10:31:49.546 -0600</RunDate>
  <Status>Success</Status>
  <Duration>2.557570</Duration>
  <Errors>0</Errors>
  <Warnings>0</Warnings>
  <Exceptions>0</Exceptions>
  <Successes>1</Successes>
  <LogFile>20200805_103149.546/LogFile.txt</LogFile>
  <ReturnValue></ReturnValue>
  <ErrorMessage></ErrorMessage>
 </run>
 <run>
  <RunDate>2020-08-05 10:33:55.689 -0600</RunDate>
  <Status>Success</Status>
  <Duration>1.649800</Duration>
  <Errors>0</Errors>
  <Warnings>0</Warnings>
  <Exceptions>0</Exceptions>
  <Successes>2</Successes>
  <LogFile>20200805_103355.689/LogFile.txt</LogFile>
  <ReturnValue></ReturnValue>
  <ErrorMessage></ErrorMessage>
 </run>
 <run>
  <RunDate>2020-08-05 10:34:15.153 -0600</RunDate>
  <Status>Failure</Status>
  <Duration>1.487636</Duration>
  <Errors>1</Errors>
  <Warnings>0</Warnings>
  <Exceptions>0</Exceptions>
  <Successes>1</Successes>
  <LogFile>20200805_103415.153/LogFile.txt</LogFile>
  <ReturnValue></ReturnValue>
  <ErrorMessage>AssertionFailed -- True (assertion: responseData.&quot;data&quot;.&quot;hand&quot; = &quot;waave&quot;; actually: wave IS NOT equal to waave)</ErrorMessage>
 </run>
 <run>
  <RunDate>2020-08-05 10:35:51.215 -0600</RunDate>
  <Status>Success</Status>
  <Duration>1.841329</Duration>
  <Errors>0</Errors>
  <Warnings>0</Warnings>
  <Exceptions>0</Exceptions>
  <Successes>2</Successes>
  <LogFile>20200805_103551.215/LogFile.txt</LogFile>
  <ReturnValue></ReturnValue>
  <ErrorMessage></ErrorMessage>
 </run>
 <run>
  <RunDate>2020-08-05 10:35:57.501 -0600</RunDate>
  <Status>Failure</Status>
  <Duration>1.996237</Duration>
  <Errors>1</Errors>
  <Warnings>0</Warnings>
  <Exceptions>0</Exceptions>
  <Successes>1</Successes>
  <LogFile>20200805_103557.501/LogFile.txt</LogFile>
  <ReturnValue></ReturnValue>
  <ErrorMessage>AssertionFailed --  (assertion: responseData.&quot;data&quot;.&quot;hand&quot; = &quot;waave&quot;; actually: wave IS NOT equal to waave)</ErrorMessage>
 </run>
 <run>
  <RunDate>2020-08-05 10:36:11.714 -0600</RunDate>
  <Status>Success</Status>
  <Duration>1.710651</Duration>
  <Errors>0</Errors>
  <Warnings>0</Warnings>
  <Exceptions>0</Exceptions>
  <Successes>2</Successes>
  <LogFile>20200805_103611.714/LogFile.txt</LogFile>
  <ReturnValue></ReturnValue>
  <ErrorMessage></ErrorMessage>
 </run>
</runHistory>
