{
  "entries" : [
    {
      "identifier" : "START",
      "message" : "Running VerifyResponse.script",
      "timestamp" : "2020-08-05 10:31:39.101 -0600"
    },
    {
      "identifier" : "EndTestCase",
      "message" : "(Duration:\"0.001383\", Errors:\"1\", Exceptions:\"0\", StartTime:\"2020-08-05 10:31:39 -0600\", Successes:\"0\", TestCase:\"VerifyResponse.script\", Warnings:\"0\")",
      "timestamp" : "2020-08-05 10:31:39.105 -0600"
    },
    {
      "message" : "SenseTalk Compiler Exception in verifyresponse:\\nSyntax Error at line 15: Syntax Error - can't understand [end of line] at character 3 -- Execution Time 0:00:00 VerifyResponse.script",
      "timestamp" : "2020-08-05 10:31:43.256 -0600",
      "identifier" : "FAILURE",
      "image" : "Screen_Error.png"
    }
  ],
  "createdTimestamp" : "2020-08-05 10:31:39.103 -0600"
}