{
  "entries" : [
    {
      "identifier" : "START",
      "message" : "Running Main.script",
      "timestamp" : "2020-04-28 11:24:32.321 -0600"
    },
    {
      "handlerName" : "function_locaterrectangle",
      "message" : "(0,0,1920,1080)",
      "identifier" : "capturescreen",
      "image" : "\/Users\/randyhesse\/Documents\/Simple_Examples\/AI Modeling\/facial_recognition_v2.suite\/Resources\/InputPicture.png",
      "handlerLine" : 5,
      "timestamp" : "2020-04-28 11:24:32.796 -0600",
      "scriptName" : ""
    },
    {
      "handlerName" : "on_main",
      "message" : "[[1486,872,1530,916],[550,542,645,637],[722,546,819,643],[901,552,965,616],[1015,545,1089,619],[206,814,292,900],[333,817,412,896],[488,807,586,905],[33,815,125,907],[1516,777,1606,867],[1642,244,1815,417],[142,287,262,407],[360,320,438,398],[499,324,571,396],[992,309,1086,403],[1160,312,1249,401],[1410,331,1509,430],[60,538,198,676],[1214,175,1309,270],[1649,509,1822,682],[1347,451,1605,709],[307,535,448,676],[13,229,259,475],[673,238,890,455],[709,195,766,252],[646,779,801,934],[1482,904,1516,938],[34,208,63,237],[981,211,1009,239],[1130,218,1152,240],[1072,680,1379,987],[1226,202,1276,252],[574,208,613,247],[1602,208,1645,251],[1335,198,1394,257],[1190,519,1303,632],[1052,414,1385,747],[1132,507,1316,691],[310,219,333,242],[1203,632,1251,680],[458,237,479,258],[1514,375,1538,399],[1151,623,1213,685],[170,379,200,409]]",
      "timestamp" : "2020-04-28 11:24:35.934 -0600",
      "identifier" : "Log",
      "scriptName" : "Main.script",
      "handlerLine" : 17
    },
    {
      "handlerName" : "on_main",
      "message" : "(1486,872,1530,916)",
      "identifier" : "capturescreen",
      "image" : "1.png",
      "handlerLine" : 24,
      "timestamp" : "2020-04-28 11:24:36.322 -0600",
      "scriptName" : "Main.script"
    },
    {
      "handlerName" : "on_main",
      "message" : "(550,542,645,637)",
      "identifier" : "capturescreen",
      "image" : "2.png",
      "handlerLine" : 24,
      "timestamp" : "2020-04-28 11:24:36.839 -0600",
      "scriptName" : "Main.script"
    },
    {
      "handlerName" : "on_main",
      "message" : "(722,546,819,643)",
      "identifier" : "capturescreen",
      "image" : "3.png",
      "handlerLine" : 24,
      "timestamp" : "2020-04-28 11:24:37.358 -0600",
      "scriptName" : "Main.script"
    },
    {
      "handlerName" : "on_main",
      "message" : "(901,552,965,616)",
      "identifier" : "capturescreen",
      "image" : "4.png",
      "handlerLine" : 24,
      "timestamp" : "2020-04-28 11:24:37.874 -0600",
      "scriptName" : "Main.script"
    },
    {
      "handlerName" : "on_main",
      "message" : "(1015,545,1089,619)",
      "identifier" : "capturescreen",
      "image" : "5.png",
      "handlerLine" : 24,
      "timestamp" : "2020-04-28 11:24:38.386 -0600",
      "scriptName" : "Main.script"
    },
    {
      "handlerName" : "on_main",
      "message" : "(206,814,292,900)",
      "identifier" : "capturescreen",
      "image" : "6.png",
      "handlerLine" : 24,
      "timestamp" : "2020-04-28 11:24:38.896 -0600",
      "scriptName" : "Main.script"
    },
    {
      "handlerName" : "on_main",
      "message" : "(333,817,412,896)",
      "identifier" : "capturescreen",
      "image" : "7.png",
      "handlerLine" : 24,
      "timestamp" : "2020-04-28 11:24:39.412 -0600",
      "scriptName" : "Main.script"
    },
    {
      "handlerName" : "on_main",
      "message" : "(488,807,586,905)",
      "identifier" : "capturescreen",
      "image" : "8.png",
      "handlerLine" : 24,
      "timestamp" : "2020-04-28 11:24:39.927 -0600",
      "scriptName" : "Main.script"
    },
    {
      "handlerName" : "on_main",
      "message" : "(33,815,125,907)",
      "identifier" : "capturescreen",
      "image" : "9.png",
      "handlerLine" : 24,
      "timestamp" : "2020-04-28 11:24:40.447 -0600",
      "scriptName" : "Main.script"
    },
    {
      "handlerName" : "on_main",
      "message" : "(1516,777,1606,867)",
      "identifier" : "capturescreen",
      "image" : "10.png",
      "handlerLine" : 24,
      "timestamp" : "2020-04-28 11:24:40.961 -0600",
      "scriptName" : "Main.script"
    },
    {
      "handlerName" : "on_main",
      "message" : "(1642,244,1815,417)",
      "identifier" : "capturescreen",
      "image" : "11.png",
      "handlerLine" : 24,
      "timestamp" : "2020-04-28 11:24:41.478 -0600",
      "scriptName" : "Main.script"
    },
    {
      "handlerName" : "on_main",
      "message" : "(142,287,262,407)",
      "identifier" : "capturescreen",
      "image" : "12.png",
      "handlerLine" : 24,
      "timestamp" : "2020-04-28 11:24:41.993 -0600",
      "scriptName" : "Main.script"
    },
    {
      "handlerName" : "on_main",
      "message" : "(360,320,438,398)",
      "identifier" : "capturescreen",
      "image" : "13.png",
      "handlerLine" : 24,
      "timestamp" : "2020-04-28 11:24:42.507 -0600",
      "scriptName" : "Main.script"
    },
    {
      "handlerName" : "on_main",
      "message" : "(499,324,571,396)",
      "identifier" : "capturescreen",
      "image" : "14.png",
      "handlerLine" : 24,
      "timestamp" : "2020-04-28 11:24:43.020 -0600",
      "scriptName" : "Main.script"
    },
    {
      "handlerName" : "on_main",
      "message" : "(992,309,1086,403)",
      "identifier" : "capturescreen",
      "image" : "15.png",
      "handlerLine" : 24,
      "timestamp" : "2020-04-28 11:24:43.534 -0600",
      "scriptName" : "Main.script"
    },
    {
      "handlerName" : "on_main",
      "message" : "(1160,312,1249,401)",
      "identifier" : "capturescreen",
      "image" : "16.png",
      "handlerLine" : 24,
      "timestamp" : "2020-04-28 11:24:44.046 -0600",
      "scriptName" : "Main.script"
    },
    {
      "handlerName" : "on_main",
      "message" : "(1410,331,1509,430)",
      "identifier" : "capturescreen",
      "image" : "17.png",
      "handlerLine" : 24,
      "timestamp" : "2020-04-28 11:24:44.559 -0600",
      "scriptName" : "Main.script"
    },
    {
      "handlerName" : "on_main",
      "message" : "(60,538,198,676)",
      "identifier" : "capturescreen",
      "image" : "18.png",
      "handlerLine" : 24,
      "timestamp" : "2020-04-28 11:24:45.070 -0600",
      "scriptName" : "Main.script"
    },
    {
      "handlerName" : "on_main",
      "message" : "(1214,175,1309,270)",
      "identifier" : "capturescreen",
      "image" : "19.png",
      "handlerLine" : 24,
      "timestamp" : "2020-04-28 11:24:45.580 -0600",
      "scriptName" : "Main.script"
    },
    {
      "handlerName" : "on_main",
      "message" : "(1649,509,1822,682)",
      "identifier" : "capturescreen",
      "image" : "20.png",
      "handlerLine" : 24,
      "timestamp" : "2020-04-28 11:24:46.098 -0600",
      "scriptName" : "Main.script"
    },
    {
      "handlerName" : "on_main",
      "message" : "(1347,451,1605,709)",
      "identifier" : "capturescreen",
      "image" : "21.png",
      "handlerLine" : 24,
      "timestamp" : "2020-04-28 11:24:46.619 -0600",
      "scriptName" : "Main.script"
    },
    {
      "handlerName" : "on_main",
      "message" : "(307,535,448,676)",
      "identifier" : "capturescreen",
      "image" : "22.png",
      "handlerLine" : 24,
      "timestamp" : "2020-04-28 11:24:47.140 -0600",
      "scriptName" : "Main.script"
    },
    {
      "handlerName" : "on_main",
      "message" : "(13,229,259,475)",
      "identifier" : "capturescreen",
      "image" : "23.png",
      "handlerLine" : 24,
      "timestamp" : "2020-04-28 11:24:47.661 -0600",
      "scriptName" : "Main.script"
    },
    {
      "handlerName" : "on_main",
      "message" : "(673,238,890,455)",
      "identifier" : "capturescreen",
      "image" : "24.png",
      "handlerLine" : 24,
      "timestamp" : "2020-04-28 11:24:48.181 -0600",
      "scriptName" : "Main.script"
    },
    {
      "handlerName" : "on_main",
      "message" : "(709,195,766,252)",
      "identifier" : "capturescreen",
      "image" : "25.png",
      "handlerLine" : 24,
      "timestamp" : "2020-04-28 11:24:48.692 -0600",
      "scriptName" : "Main.script"
    },
    {
      "handlerName" : "on_main",
      "message" : "(646,779,801,934)",
      "identifier" : "capturescreen",
      "image" : "26.png",
      "handlerLine" : 24,
      "timestamp" : "2020-04-28 11:24:49.209 -0600",
      "scriptName" : "Main.script"
    },
    {
      "handlerName" : "on_main",
      "message" : "(1482,904,1516,938)",
      "identifier" : "capturescreen",
      "image" : "27.png",
      "handlerLine" : 24,
      "timestamp" : "2020-04-28 11:24:49.727 -0600",
      "scriptName" : "Main.script"
    },
    {
      "handlerName" : "on_main",
      "message" : "(34,208,63,237)",
      "identifier" : "capturescreen",
      "image" : "28.png",
      "handlerLine" : 24,
      "timestamp" : "2020-04-28 11:24:50.242 -0600",
      "scriptName" : "Main.script"
    },
    {
      "handlerName" : "on_main",
      "message" : "(981,211,1009,239)",
      "identifier" : "capturescreen",
      "image" : "29.png",
      "handlerLine" : 24,
      "timestamp" : "2020-04-28 11:24:50.761 -0600",
      "scriptName" : "Main.script"
    },
    {
      "handlerName" : "on_main",
      "message" : "(1130,218,1152,240)",
      "identifier" : "capturescreen",
      "image" : "30.png",
      "handlerLine" : 24,
      "timestamp" : "2020-04-28 11:24:51.280 -0600",
      "scriptName" : "Main.script"
    },
    {
      "handlerName" : "on_main",
      "message" : "(1072,680,1379,987)",
      "identifier" : "capturescreen",
      "image" : "31.png",
      "handlerLine" : 24,
      "timestamp" : "2020-04-28 11:24:51.801 -0600",
      "scriptName" : "Main.script"
    },
    {
      "handlerName" : "on_main",
      "message" : "(1226,202,1276,252)",
      "identifier" : "capturescreen",
      "image" : "32.png",
      "handlerLine" : 24,
      "timestamp" : "2020-04-28 11:24:52.313 -0600",
      "scriptName" : "Main.script"
    },
    {
      "handlerName" : "on_main",
      "message" : "(574,208,613,247)",
      "identifier" : "capturescreen",
      "image" : "33.png",
      "handlerLine" : 24,
      "timestamp" : "2020-04-28 11:24:52.824 -0600",
      "scriptName" : "Main.script"
    },
    {
      "handlerName" : "on_main",
      "message" : "(1602,208,1645,251)",
      "identifier" : "capturescreen",
      "image" : "34.png",
      "handlerLine" : 24,
      "timestamp" : "2020-04-28 11:24:53.334 -0600",
      "scriptName" : "Main.script"
    },
    {
      "handlerName" : "on_main",
      "message" : "(1335,198,1394,257)",
      "identifier" : "capturescreen",
      "image" : "35.png",
      "handlerLine" : 24,
      "timestamp" : "2020-04-28 11:24:53.847 -0600",
      "scriptName" : "Main.script"
    },
    {
      "handlerName" : "on_main",
      "message" : "(1190,519,1303,632)",
      "identifier" : "capturescreen",
      "image" : "36.png",
      "handlerLine" : 24,
      "timestamp" : "2020-04-28 11:24:54.362 -0600",
      "scriptName" : "Main.script"
    },
    {
      "handlerName" : "on_main",
      "message" : "(1052,414,1385,747)",
      "identifier" : "capturescreen",
      "image" : "37.png",
      "handlerLine" : 24,
      "timestamp" : "2020-04-28 11:24:54.884 -0600",
      "scriptName" : "Main.script"
    },
    {
      "handlerName" : "on_main",
      "message" : "(1132,507,1316,691)",
      "identifier" : "capturescreen",
      "image" : "38.png",
      "handlerLine" : 24,
      "timestamp" : "2020-04-28 11:24:55.399 -0600",
      "scriptName" : "Main.script"
    },
    {
      "handlerName" : "on_main",
      "message" : "(310,219,333,242)",
      "identifier" : "capturescreen",
      "image" : "39.png",
      "handlerLine" : 24,
      "timestamp" : "2020-04-28 11:24:55.911 -0600",
      "scriptName" : "Main.script"
    },
    {
      "handlerName" : "on_main",
      "message" : "(1203,632,1251,680)",
      "identifier" : "capturescreen",
      "image" : "40.png",
      "handlerLine" : 24,
      "timestamp" : "2020-04-28 11:24:56.426 -0600",
      "scriptName" : "Main.script"
    },
    {
      "handlerName" : "on_main",
      "message" : "(458,237,479,258)",
      "identifier" : "capturescreen",
      "image" : "41.png",
      "handlerLine" : 24,
      "timestamp" : "2020-04-28 11:24:56.940 -0600",
      "scriptName" : "Main.script"
    },
    {
      "handlerName" : "on_main",
      "message" : "(1514,375,1538,399)",
      "identifier" : "capturescreen",
      "image" : "42.png",
      "handlerLine" : 24,
      "timestamp" : "2020-04-28 11:24:57.452 -0600",
      "scriptName" : "Main.script"
    },
    {
      "handlerName" : "on_main",
      "message" : "(1151,623,1213,685)",
      "identifier" : "capturescreen",
      "image" : "43.png",
      "handlerLine" : 24,
      "timestamp" : "2020-04-28 11:24:57.963 -0600",
      "scriptName" : "Main.script"
    },
    {
      "handlerName" : "on_main",
      "message" : "(170,379,200,409)",
      "identifier" : "capturescreen",
      "image" : "44.png",
      "handlerLine" : 24,
      "timestamp" : "2020-04-28 11:24:58.478 -0600",
      "scriptName" : "Main.script"
    },
    {
      "identifier" : "EndTestCase",
      "message" : "(Duration:\"27.492049\", Errors:\"0\", Exceptions:\"0\", StartTime:\"2020-04-28 11:24:32 -0600\", Successes:\"1\", TestCase:\"Main.script\", Warnings:\"0\")",
      "timestamp" : "2020-04-28 11:24:59.820 -0600"
    },
    {
      "identifier" : "SUCCESS",
      "message" : "Execution Time 0:00:27 Main.script",
      "timestamp" : "2020-04-28 11:24:59.854 -0600"
    }
  ],
  "createdTimestamp" : "2020-04-28 11:24:32.325 -0600"
}