{
  "entries" : [
    {
      "identifier" : "START",
      "message" : "Running ReadOutPut.script",
      "timestamp" : "2019-03-18 09:40:01.898 -0600"
    },
    {
      "handlerName" : "on_readoutput",
      "message" : "at (196,186,218,207)",
      "identifier" : "imagerectangle",
      "image" : "Putty Command Window",
      "handlerLine" : 6,
      "timestamp" : "2019-03-18 09:40:02.841 -0600",
      "scriptName" : "ReadOutPut.script"
    },
    {
      "handlerName" : "on_readoutput",
      "message" : "found 6 images",
      "identifier" : "everyimagerectangle",
      "image" : "(TEXT:\"demo@\")",
      "handlerLine" : 7,
      "timestamp" : "2019-03-18 09:40:05.388 -0600",
      "scriptName" : "ReadOutPut.script"
    },
    {
      "identifier" : "readtext",
      "message" : "(192,639,591,730)",
      "timestamp" : "2019-03-18 09:40:05.565 -0600"
    },
    {
      "handlerName" : "on_readoutput",
      "message" : "aspnet_client\\npub\\nreadme.txt",
      "timestamp" : "2019-03-18 09:40:05.583 -0600",
      "identifier" : "Log",
      "scriptName" : "ReadOutPut.script",
      "handlerLine" : 16
    },
    {
      "identifier" : "EndTestCase",
      "message" : "(Duration:\"4.247877\", Errors:\"0\", Exceptions:\"0\", StartTime:\"2019-03-18 09:40:01 -0600\", Successes:\"1\", TestCase:\"ReadOutPut.script\", Warnings:\"0\")",
      "timestamp" : "2019-03-18 09:40:06.148 -0600"
    },
    {
      "identifier" : "SUCCESS",
      "message" : "Execution Time 0:00:04 ReadOutPut.script",
      "timestamp" : "2019-03-18 09:40:06.177 -0600"
    }
  ],
  "createdTimestamp" : "2019-03-18 09:40:01.900 -0600"
}