{
  "entries" : [
    {
      "identifier" : "START",
      "message" : "Running GeneratePatient.script",
      "timestamp" : "2018-11-20 19:58:27.567 -0500"
    },
    {
      "handlerName" : "on_generatepatient",
      "message" : "(@\"Date of Birth\":\"2005-10-03\", @\"First Name\":\"Carrie\", @\"Last Name\":\"Woman\", Marital:\"Domestic\", @\"Medical Record Number\":\"692321\", @\"Middle Name\":\"O\", Sex:\"Male\", @\"Social Security\":\"249025069\", Suffix:\"Ms\")",
      "timestamp" : "2018-11-20 19:58:27.621 -0500",
      "identifier" : "Log",
      "scriptName" : "GeneratePatient.script",
      "handlerLine" : 21
    },
    {
      "identifier" : "EndTestCase",
      "message" : "(Duration:\"0.248946\", Errors:\"0\", Exceptions:\"0\", StartTime:\"2018-11-20 19:58:27 -0500\", Successes:\"1\", TestCase:\"GeneratePatient.script\", Warnings:\"0\")",
      "timestamp" : "2018-11-20 19:58:27.841 -0500"
    },
    {
      "identifier" : "SUCCESS",
      "message" : "Execution Time 0:00:00 GeneratePatient.script",
      "timestamp" : "2018-11-20 19:58:27.891 -0500"
    }
  ],
  "createdTimestamp" : "2018-11-20 19:58:27.592 -0500"
}