{
  "entries" : [
    {
      "identifier" : "START",
      "message" : "Running Example OverLoad API.script",
      "timestamp" : "2020-08-11 10:36:54.921 -0600"
    },
    {
      "handlerName" : "on_example_overload_api",
      "message" : "{\"args\":{},\"data\":{\"Foot\":\"shake\"},\"files\":{},\"form\":{},\"headers\":{\"x-forwarded-proto\":\"https\",\"x-forwarded-port\":\"443\",\"host\":\"postman-echo.com\",\"x-amzn-trace-id\":\"Root=1-5f32c927-4d164d1877df44d8463f0198\",\"content-length\":\"16\",\"content-type\":\"application\/json\",\"accept\":\"*\/*\",\"user-agent\":\"Eggplant\/20.1.0 (Mac OS X Version 10.15.6 (Build 19G73))\",\"accept-language\":\"en-US;q=1, fr-US;q=0.9, de-US;q=0.8, zh-Hans-US;q=0.7, zh-Hant-US;q=0.6, ja-US;q=0.5\",\"accept-encoding\":\"gzip, deflate, br\"},\"json\":{\"Foot\":\"shake\"},\"url\":\"https:\/\/postman-echo.com\/post\"}",
      "timestamp" : "2020-08-11 10:36:55.086 -0600",
      "identifier" : "Log",
      "scriptName" : "Example OverLoad API.script",
      "handlerLine" : 15
    },
    {
      "identifier" : "EndTestCase",
      "message" : "(Duration:\"0.666631\", Errors:\"0\", Exceptions:\"0\", StartTime:\"2020-08-11 10:36:54 -0600\", Successes:\"1\", TestCase:\"Example OverLoad API.script\", Warnings:\"0\")",
      "timestamp" : "2020-08-11 10:36:55.589 -0600"
    },
    {
      "identifier" : "SUCCESS",
      "message" : "Execution Time 0:00:00 Example OverLoad API.script",
      "timestamp" : "2020-08-11 10:36:55.600 -0600"
    }
  ],
  "createdTimestamp" : "2020-08-11 10:36:54.922 -0600"
}