﻿<?xml version="1.0"?>
<runHistory script="Example Customer Write Log">
 <run>
  <RunDate>2017-08-26 16:36:29.447 -0600</RunDate>
  <Status>Success</Status>
  <Duration>8.280517</Duration>
  <Errors>0</Errors>
  <Warnings>0</Warnings>
  <Exceptions>0</Exceptions>
  <Successes>1</Successes>
  <LogFile>20170826_163629.447/LogFile.txt</LogFile>
  <ReturnValue></ReturnValue>
  <ErrorMessage></ErrorMessage>
 </run>
 <run>
  <RunDate>2017-08-26 16:37:47.972 -0600</RunDate>
  <Status>Success</Status>
  <Duration>5.279328</Duration>
  <Errors>0</Errors>
  <Warnings>0</Warnings>
  <Exceptions>0</Exceptions>
  <Successes>1</Successes>
  <LogFile>20170826_163747.972/LogFile.txt</LogFile>
  <ReturnValue></ReturnValue>
  <ErrorMessage></ErrorMessage>
 </run>
 <run>
  <RunDate>2017-08-26 16:39:54.883 -0600</RunDate>
  <Status>Success</Status>
  <Duration>5.298169</Duration>
  <Errors>0</Errors>
  <Warnings>0</Warnings>
  <Exceptions>0</Exceptions>
  <Successes>1</Successes>
  <LogFile>20170826_163954.883/LogFile.txt</LogFile>
  <ReturnValue></ReturnValue>
  <ErrorMessage></ErrorMessage>
 </run>
 <run>
  <RunDate>2017-08-26 16:40:28.052 -0600</RunDate>
  <Status>Success</Status>
  <Duration>5.299285</Duration>
  <Errors>0</Errors>
  <Warnings>0</Warnings>
  <Exceptions>0</Exceptions>
  <Successes>1</Successes>
  <LogFile>20170826_164028.052/LogFile.txt</LogFile>
  <ReturnValue></ReturnValue>
  <ErrorMessage></ErrorMessage>
 </run>
 <run>
  <RunDate>2017-08-26 16:40:56.520 -0600</RunDate>
  <Status>Success</Status>
  <Duration>5.277518</Duration>
  <Errors>0</Errors>
  <Warnings>0</Warnings>
  <Exceptions>0</Exceptions>
  <Successes>1</Successes>
  <LogFile>20170826_164056.520/LogFile.txt</LogFile>
  <ReturnValue></ReturnValue>
  <ErrorMessage></ErrorMessage>
 </run>
 <run>
  <RunDate>2017-08-26 16:49:09.331 -0600</RunDate>
  <Status>Success</Status>
  <Duration>5.280800</Duration>
  <Errors>0</Errors>
  <Warnings>0</Warnings>
  <Exceptions>0</Exceptions>
  <Successes>1</Successes>
  <LogFile>20170826_164909.331/LogFile.txt</LogFile>
  <ReturnValue></ReturnValue>
  <ErrorMessage></ErrorMessage>
 </run>
 <run>
  <RunDate>2017-08-26 16:49:38.924 -0600</RunDate>
  <Status>Success</Status>
  <Duration>5.267866</Duration>
  <Errors>0</Errors>
  <Warnings>0</Warnings>
  <Exceptions>0</Exceptions>
  <Successes>1</Successes>
  <LogFile>20170826_164938.924/LogFile.txt</LogFile>
  <ReturnValue></ReturnValue>
  <ErrorMessage></ErrorMessage>
 </run>
 <run>
  <RunDate>2017-08-26 16:51:05.720 -0600</RunDate>
  <Status>Success</Status>
  <Duration>0.263343</Duration>
  <Errors>0</Errors>
  <Warnings>0</Warnings>
  <Exceptions>0</Exceptions>
  <Successes>1</Successes>
  <LogFile>20170826_165105.720/LogFile.txt</LogFile>
  <ReturnValue></ReturnValue>
  <ErrorMessage></ErrorMessage>
 </run>
 <run>
  <RunDate>2017-08-26 16:51:13.282 -0600</RunDate>
  <Status>Success</Status>
  <Duration>0.226979</Duration>
  <Errors>0</Errors>
  <Warnings>0</Warnings>
  <Exceptions>0</Exceptions>
  <Successes>1</Successes>
  <LogFile>20170826_165113.282/LogFile.txt</LogFile>
  <ReturnValue></ReturnValue>
  <ErrorMessage></ErrorMessage>
 </run>
 <run>
  <RunDate>2017-08-26 16:56:27.277 -0600</RunDate>
  <Status>Failure</Status>
  <Duration>0.281098</Duration>
  <Errors>1</Errors>
  <Warnings>0</Warnings>
  <Exceptions>0</Exceptions>
  <Successes>0</Successes>
  <LogFile>20170826_165627.277/LogFile.txt</LogFile>
  <ReturnValue></ReturnValue>
  <ErrorMessage>SRUN_BadValue -- Bad value for Object expression.  Looking for an object or script identifier, got &#x27;((08/26/17,04:56:27 PM,Error1),(08/26/17,04:56:27 PM,Error2),(08/26/17,04:56:27 PM,Error3))&#x27;.</ErrorMessage>
 </run>
 <run>
  <RunDate>2017-08-26 16:56:35.893 -0600</RunDate>
  <Status>Success</Status>
  <Duration>0.304731</Duration>
  <Errors>0</Errors>
  <Warnings>0</Warnings>
  <Exceptions>0</Exceptions>
  <Successes>1</Successes>
  <LogFile>20170826_165635.893/LogFile.txt</LogFile>
  <ReturnValue></ReturnValue>
  <ErrorMessage></ErrorMessage>
 </run>
 <run>
  <RunDate>2017-08-26 16:58:30.918 -0600</RunDate>
  <Status>Success</Status>
  <Duration>0.315006</Duration>
  <Errors>0</Errors>
  <Warnings>0</Warnings>
  <Exceptions>0</Exceptions>
  <Successes>1</Successes>
  <LogFile>20170826_165830.918/LogFile.txt</LogFile>
  <ReturnValue></ReturnValue>
  <ErrorMessage></ErrorMessage>
 </run>
 <run>
  <RunDate>2017-08-26 16:58:51.405 -0600</RunDate>
  <Status>Success</Status>
  <Duration>0.374297</Duration>
  <Errors>0</Errors>
  <Warnings>0</Warnings>
  <Exceptions>0</Exceptions>
  <Successes>1</Successes>
  <LogFile>20170826_165851.405/LogFile.txt</LogFile>
  <ReturnValue></ReturnValue>
  <ErrorMessage></ErrorMessage>
 </run>
 <run>
  <RunDate>2017-08-26 17:00:33.208 -0600</RunDate>
  <Status>Success</Status>
  <Duration>0.337112</Duration>
  <Errors>0</Errors>
  <Warnings>0</Warnings>
  <Exceptions>0</Exceptions>
  <Successes>1</Successes>
  <LogFile>20170826_170033.208/LogFile.txt</LogFile>
  <ReturnValue></ReturnValue>
  <ErrorMessage></ErrorMessage>
 </run>
 <run>
  <RunDate>2017-08-26 17:01:29.140 -0600</RunDate>
  <Status>Failure</Status>
  <Duration>0.281378</Duration>
  <Errors>1</Errors>
  <Warnings>0</Warnings>
  <Exceptions>0</Exceptions>
  <Successes>0</Successes>
  <LogFile>20170826_170129.140/LogFile.txt</LogFile>
  <ReturnValue></ReturnValue>
  <ErrorMessage>STInvalidParameters -- Function cell should be called with between 1 and 3 parameters</ErrorMessage>
 </run>
 <run>
  <RunDate>2017-08-26 17:01:37.446 -0600</RunDate>
  <Status>Success</Status>
  <Duration>0.298804</Duration>
  <Errors>0</Errors>
  <Warnings>0</Warnings>
  <Exceptions>0</Exceptions>
  <Successes>1</Successes>
  <LogFile>20170826_170137.446/LogFile.txt</LogFile>
  <ReturnValue></ReturnValue>
  <ErrorMessage></ErrorMessage>
 </run>
 <run>
  <RunDate>2017-08-26 17:02:14.629 -0600</RunDate>
  <Status>Success</Status>
  <Duration>0.295711</Duration>
  <Errors>0</Errors>
  <Warnings>0</Warnings>
  <Exceptions>0</Exceptions>
  <Successes>1</Successes>
  <LogFile>20170826_170214.629/LogFile.txt</LogFile>
  <ReturnValue></ReturnValue>
  <ErrorMessage></ErrorMessage>
 </run>
 <run>
  <RunDate>2017-08-26 17:03:25.941 -0600</RunDate>
  <Status>Success</Status>
  <Duration>0.296013</Duration>
  <Errors>0</Errors>
  <Warnings>0</Warnings>
  <Exceptions>0</Exceptions>
  <Successes>1</Successes>
  <LogFile>20170826_170325.941/LogFile.txt</LogFile>
  <ReturnValue></ReturnValue>
  <ErrorMessage></ErrorMessage>
 </run>
 <run>
  <RunDate>2017-08-26 17:03:59.669 -0600</RunDate>
  <Status>Success</Status>
  <Duration>0.317887</Duration>
  <Errors>0</Errors>
  <Warnings>0</Warnings>
  <Exceptions>0</Exceptions>
  <Successes>1</Successes>
  <LogFile>20170826_170359.669/LogFile.txt</LogFile>
  <ReturnValue></ReturnValue>
  <ErrorMessage></ErrorMessage>
 </run>
 <run>
  <RunDate>2017-08-26 17:04:15.905 -0600</RunDate>
  <Status>Success</Status>
  <Duration>0.289494</Duration>
  <Errors>0</Errors>
  <Warnings>0</Warnings>
  <Exceptions>0</Exceptions>
  <Successes>1</Successes>
  <LogFile>20170826_170415.905/LogFile.txt</LogFile>
  <ReturnValue></ReturnValue>
  <ErrorMessage></ErrorMessage>
 </run>
 <run>
  <RunDate>2017-08-26 17:04:57.100 -0600</RunDate>
  <Status>Success</Status>
  <Duration>0.286619</Duration>
  <Errors>0</Errors>
  <Warnings>0</Warnings>
  <Exceptions>0</Exceptions>
  <Successes>1</Successes>
  <LogFile>20170826_170457.100/LogFile.txt</LogFile>
  <ReturnValue></ReturnValue>
  <ErrorMessage></ErrorMessage>
 </run>
 <run>
  <RunDate>2017-08-26 17:05:09.168 -0600</RunDate>
  <Status>Success</Status>
  <Duration>0.297653</Duration>
  <Errors>0</Errors>
  <Warnings>0</Warnings>
  <Exceptions>0</Exceptions>
  <Successes>1</Successes>
  <LogFile>20170826_170509.168/LogFile.txt</LogFile>
  <ReturnValue></ReturnValue>
  <ErrorMessage></ErrorMessage>
 </run>
 <run>
  <RunDate>2017-09-11 11:30:08.809 -0600</RunDate>
  <Status>Success</Status>
  <Duration>0.379909</Duration>
  <Errors>0</Errors>
  <Warnings>0</Warnings>
  <Exceptions>0</Exceptions>
  <Successes>1</Successes>
  <LogFile>20170911_113008.809/LogFile.txt</LogFile>
  <ReturnValue></ReturnValue>
  <ErrorMessage></ErrorMessage>
 </run>
 <run>
  <RunDate>2017-09-14 15:56:11.400 -0700</RunDate>
  <Status>Success</Status>
  <Duration>5.258716</Duration>
  <Errors>0</Errors>
  <Warnings>0</Warnings>
  <Exceptions>0</Exceptions>
  <Successes>1</Successes>
  <LogFile>20170914_155611.400/LogFile.txt</LogFile>
  <ReturnValue></ReturnValue>
  <ErrorMessage></ErrorMessage>
 </run>
</runHistory>
