{
  "entries" : [
    {
      "identifier" : "START",
      "message" : "Running Script1.script",
      "timestamp" : "2020-05-14 10:02:40.321 -0600"
    },
    {
      "identifier" : "EndTestCase",
      "message" : "(Duration:\"17.660571\", Errors:\"1\", Exceptions:\"0\", StartTime:\"2020-05-14 10:02:40 -0600\", Successes:\"0\", TestCase:\"Script1.script\", Warnings:\"0\")",
      "timestamp" : "2020-05-14 10:02:57.983 -0600"
    },
    {
      "identifier" : "ABORTED",
      "message" : "Execution Time 0:00:17 Script1.script",
      "timestamp" : "2020-05-14 10:02:57.985 -0600"
    }
  ],
  "createdTimestamp" : "2020-05-14 10:02:40.322 -0600"
}