{
  "entries" : [
    {
      "identifier" : "START",
      "message" : "Running GeneratePatient.script",
      "timestamp" : "2018-11-20 19:58:21.678 -0500"
    },
    {
      "handlerName" : "on_generatepatient",
      "message" : "(@\"Date of Birth\":\"1988-12-16\", @\"First Name\":\"Darth\", @\"Last Name\":\"Simpson\", Marital:\"Widowed\", @\"Medical Record Number\":\"185951\", @\"Middle Name\":\"U\", Sex:\"Male\", @\"Social Security\":\"840201270\", Suffix:\"Ms\")",
      "timestamp" : "2018-11-20 19:58:21.766 -0500",
      "identifier" : "Log",
      "scriptName" : "GeneratePatient.script",
      "handlerLine" : 21
    },
    {
      "identifier" : "EndTestCase",
      "message" : "(Duration:\"0.287014\", Errors:\"0\", Exceptions:\"0\", StartTime:\"2018-11-20 19:58:21 -0500\", Successes:\"1\", TestCase:\"GeneratePatient.script\", Warnings:\"0\")",
      "timestamp" : "2018-11-20 19:58:21.996 -0500"
    },
    {
      "identifier" : "SUCCESS",
      "message" : "Execution Time 0:00:00 GeneratePatient.script",
      "timestamp" : "2018-11-20 19:58:22.044 -0500"
    }
  ],
  "createdTimestamp" : "2018-11-20 19:58:21.709 -0500"
}