{
  "entries" : [
    {
      "identifier" : "START",
      "message" : "Running Script1.script",
      "timestamp" : "2020-05-14 10:03:13.585 -0600"
    },
    {
      "handlerName" : "on_script1",
      "message" : "{authenticationtype:\"None\", httpmethod:\"POST\", mimeType:\"application\/json\", oauthToken:\"\", password:\"*********\", requestbody:{password:\"Spr1ng2016\", username:\"randy.hesse@eggplant.io\"}, requestbodyformat:\"Form Url Encoded\", requestheaders:\"\", responseBody:@\"{\\\"access_token\\\": \\\"eyJ0eXAiOiJKV1QiLCJhbGciOiJIUzI1NiJ9.eyJleHAiOjE1OTAwNzY5OTQsImlhdCI6MTU4OTQ3MjE5NCwiaXNzIjoiZWdncGxhbnRhaS5jb20iLCJ1c2VyIjp7InVzZXJuYW1lIjoicmFuZHkuaGVzc2VAZWdncGxhbnQuaW8iLCJyb2xlIjoiQWRtaW4ifSwicmFuZCI6NTY4MzEzNDE4MjAzNzF9.urwLXYgyhMiwRGBJ9qMK7MXD3PaWdx-W4t2P6owZNME\\\", \\\"expires_in\\\": 604800, \\\"token_type\\\": \\\"bearer\\\", \\\"user_id\\\": \\\"6b2b39cd-4a6f-40bf-8a68-c598552e13a3\\\"}\\n\", responseCookies:{:}, responseHeaders:{@\"Access-Control-Allow-Origin\":\"*\", Connection:\"keep-alive\", @\"Content-Length\":\"387\", @\"Content-Type\":\"application\/json\", Date:\"Thu, 14 May 2020 16:03:14 GMT\", Server:\"nginx\/1.17.4\"}, responseTime:0.436504, statusCode:200, url:\"http:\/\/3.23.61.8:8000\/ai\/auth\", username:\"\"}",
      "timestamp" : "2020-05-14 10:03:14.146 -0600",
      "identifier" : "Log",
      "scriptName" : "Script1.script",
      "handlerLine" : 14
    },
    {
      "identifier" : "EndTestCase",
      "message" : "(Duration:\"0.977956\", Errors:\"0\", Exceptions:\"0\", StartTime:\"2020-05-14 10:03:13 -0600\", Successes:\"1\", TestCase:\"Script1.script\", Warnings:\"0\")",
      "timestamp" : "2020-05-14 10:03:14.564 -0600"
    },
    {
      "identifier" : "SUCCESS",
      "message" : "Execution Time 0:00:00 Script1.script",
      "timestamp" : "2020-05-14 10:03:14.570 -0600"
    }
  ],
  "createdTimestamp" : "2020-05-14 10:03:13.586 -0600"
}