{
  "entries" : [
    {
      "identifier" : "START",
      "message" : "Running GoFind.script",
      "timestamp" : "2020-04-27 15:24:24.305 -0600"
    },
    {
      "handlerName" : "on_gofind",
      "message" : "Input Full Path Test.jpg\\nOutput Full Path output.jpg\\ndetected (1532,270)-(1641,379)\\ndetected (940,347)-(1200,607)\\ndetected (1298,224)-(1560,486)\\ndetected (347,243)-(647,543)\\n",
      "timestamp" : "2020-04-27 15:24:28.122 -0600",
      "identifier" : "Log",
      "scriptName" : "GoFind.script",
      "handlerLine" : 20
    },
    {
      "identifier" : "EndTestCase",
      "message" : "(Duration:\"4.631747\", Errors:\"0\", Exceptions:\"0\", StartTime:\"2020-04-27 15:24:24 -0600\", Successes:\"1\", TestCase:\"GoFind.script\", Warnings:\"0\")",
      "timestamp" : "2020-04-27 15:24:28.940 -0600"
    },
    {
      "identifier" : "SUCCESS",
      "message" : "Execution Time 0:00:04 GoFind.script",
      "timestamp" : "2020-04-27 15:24:28.962 -0600"
    }
  ],
  "createdTimestamp" : "2020-04-27 15:24:24.307 -0600"
}