{
  "entries" : [
    {
      "identifier" : "START",
      "message" : "Running AdvanceDates.script",
      "timestamp" : "2018-11-26 16:49:55.251 -0500"
    },
    {
      "handlerName" : "on_advancedates",
      "message" : "(2018-11-28,hello,2018-11-28,2018-11-29,2018-11-30,2018-12-01)",
      "timestamp" : "2018-11-26 16:49:55.293 -0500",
      "identifier" : "Log",
      "scriptName" : "AdvanceDates.script",
      "handlerLine" : 15
    },
    {
      "identifier" : "EndTestCase",
      "message" : "(Duration:\"0.291016\", Errors:\"0\", Exceptions:\"0\", StartTime:\"2018-11-26 16:49:55 -0500\", Successes:\"1\", TestCase:\"AdvanceDates.script\", Warnings:\"0\")",
      "timestamp" : "2018-11-26 16:49:55.565 -0500"
    },
    {
      "identifier" : "SUCCESS",
      "message" : "Execution Time 0:00:00 AdvanceDates.script",
      "timestamp" : "2018-11-26 16:49:55.615 -0500"
    }
  ],
  "createdTimestamp" : "2018-11-26 16:49:55.274 -0500"
}