{
  "entries" : [
    {
      "identifier" : "START",
      "message" : "Running GetAuthAPI.apitest",
      "timestamp" : "2020-05-14 09:14:57.196 -0600"
    },
    {
      "identifier" : "LogWarning",
      "message" : "Validation Warning: Empty request body.",
      "timestamp" : "2020-05-14 09:14:57.211 -0600"
    },
    {
      "identifier" : "EndTestCase",
      "message" : "(Duration:\"1.022421\", Errors:\"0\", Exceptions:\"0\", StartTime:\"2020-05-14 09:14:57 -0600\", Successes:\"1\", TestCase:\"GetAuthAPI.apitest\", Warnings:\"1\")",
      "timestamp" : "2020-05-14 09:14:58.220 -0600"
    },
    {
      "identifier" : "SUCCESS",
      "message" : "Execution Time 0:00:01 GetAuthAPI.apitest",
      "timestamp" : "2020-05-14 09:14:58.227 -0600"
    }
  ],
  "createdTimestamp" : "2020-05-14 09:14:57.197 -0600"
}