{
  "entries" : [
    {
      "identifier" : "START",
      "message" : "Running Script1.script",
      "timestamp" : "2018-10-18 09:12:44.224 -0600"
    },
    {
      "handlerName" : "on_script1",
      "message" : "YES",
      "timestamp" : "2018-10-18 09:12:44.339 -0600",
      "identifier" : "Log",
      "scriptName" : "Script1.script",
      "handlerLine" : 7
    },
    {
      "handlerName" : "on_script1",
      "message" : "Script1.script",
      "timestamp" : "2018-10-18 09:12:44.350 -0600",
      "identifier" : "Log",
      "scriptName" : "Script1.script",
      "handlerLine" : 16
    },
    {
      "identifier" : "EndTestCase",
      "message" : "(Duration:\"0.371871\", Errors:\"0\", Exceptions:\"0\", StartTime:\"2018-10-18 09:12:44 -0600\", Successes:\"1\", TestCase:\"Script1.script\", Warnings:\"0\")",
      "timestamp" : "2018-10-18 09:12:44.611 -0600"
    },
    {
      "identifier" : "SUCCESS",
      "message" : "Execution Time 0:00:00 Script1.script",
      "timestamp" : "2018-10-18 09:12:44.637 -0600"
    }
  ],
  "created_timestamp" : "2018-10-18 09:12:44.238 -0600"
}