{
  "entries" : [
    {
      "identifier" : "START",
      "message" : "Running Untitled1.script",
      "timestamp" : "2021-01-18 13:59:14.963 -0700"
    },
    {
      "handlerName" : "on_untitled1",
      "message" : "ColorCount",
      "timestamp" : "2021-01-18 13:59:15.011 -0700",
      "identifier" : "Log",
      "scriptName" : "Untitled1.script",
      "handlerLine" : 21
    },
    {
      "identifier" : "EndTestCase",
      "message" : "(Duration:\"0.186334\", Errors:\"0\", Exceptions:\"0\", StartTime:\"2021-01-18 13:59:14 -0700\", Successes:\"1\", TestCase:\"Untitled1.script\", Warnings:\"0\")",
      "timestamp" : "2021-01-18 13:59:15.150 -0700"
    },
    {
      "identifier" : "SUCCESS",
      "message" : "Execution Time 0:00:00 Untitled1.script",
      "timestamp" : "2021-01-18 13:59:15.157 -0700"
    }
  ],
  "createdTimestamp" : "2021-01-18 13:59:14.963 -0700"
}