{
  "entries" : [
    {
      "identifier" : "START",
      "message" : "Running Master.script",
      "timestamp" : "2018-11-26 13:01:26.464 -0500"
    },
    {
      "handlerName" : "on_one",
      "message" : "one",
      "timestamp" : "2018-11-26 13:01:26.568 -0500",
      "identifier" : "Log",
      "scriptName" : "",
      "handlerLine" : 3
    },
    {
      "identifier" : "EndTestCase",
      "message" : "(Duration:\"0.60885\", Errors:\"0\", Exceptions:\"0\", StartTime:\"2018-11-26 13:01:26 -0500\", Successes:\"1\", TestCase:\"Master.script\", Warnings:\"0\")",
      "timestamp" : "2018-11-26 13:01:27.094 -0500"
    },
    {
      "identifier" : "SUCCESS",
      "message" : "Execution Time 0:00:00 Master.script",
      "timestamp" : "2018-11-26 13:01:27.153 -0500"
    }
  ],
  "createdTimestamp" : "2018-11-26 13:01:26.485 -0500"
}