{
  "entries" : [
    {
      "identifier" : "START",
      "message" : "Running Example Post.apitest",
      "timestamp" : "2020-07-13 09:38:49.896 -0600"
    },
    {
      "identifier" : "EndTestCase",
      "message" : "(Duration:\"0.570813\", Errors:\"0\", Exceptions:\"0\", StartTime:\"2020-07-13 09:38:49 -0600\", Successes:\"1\", TestCase:\"Example Post.apitest\", Warnings:\"0\")",
      "timestamp" : "2020-07-13 09:38:50.469 -0600"
    },
    {
      "identifier" : "SUCCESS",
      "message" : "Execution Time 0:00:00 Example Post.apitest",
      "timestamp" : "2020-07-13 09:38:50.476 -0600"
    }
  ],
  "createdTimestamp" : "2020-07-13 09:38:49.897 -0600"
}