{
  "entries" : [
    {
      "identifier" : "START",
      "message" : "Running GetAuthAPI.apitest",
      "timestamp" : "2020-05-14 09:36:28.917 -0600"
    },
    {
      "identifier" : "LogWarning",
      "message" : "Validation Warning: Empty request body.",
      "timestamp" : "2020-05-14 09:36:28.929 -0600"
    },
    {
      "identifier" : "EndTestCase",
      "message" : "(Duration:\"0.509696\", Errors:\"0\", Exceptions:\"0\", StartTime:\"2020-05-14 09:36:28 -0600\", Successes:\"1\", TestCase:\"GetAuthAPI.apitest\", Warnings:\"1\")",
      "timestamp" : "2020-05-14 09:36:29.428 -0600"
    },
    {
      "identifier" : "SUCCESS",
      "message" : "Execution Time 0:00:00 GetAuthAPI.apitest",
      "timestamp" : "2020-05-14 09:36:29.440 -0600"
    }
  ],
  "createdTimestamp" : "2020-05-14 09:36:28.918 -0600"
}