{
  "entries" : [
    {
      "identifier" : "START",
      "message" : "Running index Second.script",
      "timestamp" : "2018-11-28 15:41:45.473 -0500"
    },
    {
      "identifier" : "EndTestCase",
      "message" : "(Duration:\"6.178402\", Errors:\"0\", Exceptions:\"0\", StartTime:\"2018-11-28 15:41:45 -0500\", Successes:\"1\", TestCase:\"index Second.script\", Warnings:\"0\")",
      "timestamp" : "2018-11-28 15:41:51.681 -0500"
    },
    {
      "identifier" : "SUCCESS",
      "message" : "Execution Time 0:00:06 index Second.script",
      "timestamp" : "2018-11-28 15:41:51.742 -0500"
    }
  ],
  "createdTimestamp" : "2018-11-28 15:41:45.502 -0500"
}