{
  "entries" : [
    {
      "identifier" : "START",
      "message" : "Running AuthAPI2.apitest",
      "timestamp" : "2020-05-14 11:37:00.367 -0600"
    },
    {
      "identifier" : "EndTestCase",
      "message" : "(Duration:\"1.134013\", Errors:\"0\", Exceptions:\"0\", StartTime:\"2020-05-14 11:37:00 -0600\", Successes:\"1\", TestCase:\"AuthAPI2.apitest\", Warnings:\"0\")",
      "timestamp" : "2020-05-14 11:37:01.502 -0600"
    },
    {
      "identifier" : "SUCCESS",
      "message" : "Execution Time 0:00:01 AuthAPI2.apitest",
      "timestamp" : "2020-05-14 11:37:01.514 -0600"
    }
  ],
  "createdTimestamp" : "2020-05-14 11:37:00.368 -0600"
}