{
  "entries" : [
    {
      "identifier" : "START",
      "message" : "Running Master.script",
      "timestamp" : "2018-11-29 14:02:55.899 -0700"
    },
    {
      "identifier" : "EndTestCase",
      "message" : "(Duration:\"0.500435\", Errors:\"1\", Exceptions:\"0\", StartTime:\"2018-11-29 14:02:55 -0700\", Successes:\"0\", TestCase:\"Master.script\", Warnings:\"0\")",
      "timestamp" : "2018-11-29 14:02:56.435 -0700"
    },
    {
      "message" : "Invalid Object These objects were not found: '\/Utilities\/Script1.script' -- Execution Time 0:00:00 Master.script",
      "timestamp" : "2018-11-29 14:02:57.592 -0700",
      "identifier" : "FAILURE",
      "image" : "Screen_Error.png"
    }
  ],
  "createdTimestamp" : "2018-11-29 14:02:55.934 -0700"
}