{
  "entries" : [
    {
      "identifier" : "START",
      "message" : "Running Master.script",
      "timestamp" : "2018-11-26 14:36:18.119 -0500"
    },
    {
      "handlerName" : "on_master",
      "message" : "(\/Utilities\/Script1,\/Utilities\/Script3,\/Utilities\/Script2)",
      "timestamp" : "2018-11-26 14:36:18.209 -0500",
      "identifier" : "Log",
      "scriptName" : "Master.script",
      "handlerLine" : 19
    },
    {
      "identifier" : "EndTestCase",
      "message" : "(Duration:\"0.351092\", Errors:\"1\", Exceptions:\"0\", StartTime:\"2018-11-26 14:36:18 -0500\", Successes:\"0\", TestCase:\"Master.script\", Warnings:\"0\")",
      "timestamp" : "2018-11-26 14:36:18.493 -0500"
    },
    {
      "message" : "SRUN_BadValue Bad value for Object expression.  Looking for an object or script identifier, got '(\/Utilities\/Script1,\/Utilities\/Script3,\/Utilities\/Script2)'. -- Execution Time 0:00:00 Master.script",
      "timestamp" : "2018-11-26 14:36:22.769 -0500",
      "identifier" : "FAILURE",
      "image" : "Screen_Error.png"
    }
  ],
  "createdTimestamp" : "2018-11-26 14:36:18.142 -0500"
}