{
  "entries" : [
    {
      "identifier" : "START",
      "message" : "Running index.script",
      "timestamp" : "2021-01-18 12:07:00.767 -0700"
    },
    {
      "handlerName" : "on_definecolorarea",
      "message" : "calculating...",
      "timestamp" : "2021-01-18 12:07:00.999 -0700",
      "identifier" : "Log",
      "scriptName" : "",
      "handlerLine" : 27
    },
    {
      "handlerName" : "function_averagecolor",
      "message" : "NO valid Type: DEC or HEX",
      "timestamp" : "2021-01-18 12:07:01.020 -0700",
      "identifier" : "LogWarning",
      "scriptName" : "",
      "handlerLine" : 18
    },
    {
      "handlerName" : "on_index",
      "message" : "averageColorReturn",
      "timestamp" : "2021-01-18 12:07:01.023 -0700",
      "identifier" : "Log",
      "scriptName" : "index.script",
      "handlerLine" : 23
    },
    {
      "handlerName" : "function_pixelmatch",
      "message" : "Pixel Count is: 880",
      "timestamp" : "2021-01-18 12:07:01.027 -0700",
      "identifier" : "Log",
      "scriptName" : "",
      "handlerLine" : 9
    },
    {
      "handlerName" : "on_index",
      "message" : "0",
      "timestamp" : "2021-01-18 12:07:01.103 -0700",
      "identifier" : "Log",
      "scriptName" : "index.script",
      "handlerLine" : 26
    },
    {
      "identifier" : "EndTestCase",
      "message" : "(Duration:\"0.425725\", Errors:\"0\", Exceptions:\"0\", StartTime:\"2021-01-18 12:07:00 -0700\", Successes:\"1\", TestCase:\"index.script\", Warnings:\"1\")",
      "timestamp" : "2021-01-18 12:07:01.194 -0700"
    },
    {
      "identifier" : "SUCCESS",
      "message" : "Execution Time 0:00:00 index.script",
      "timestamp" : "2021-01-18 12:07:01.202 -0700"
    }
  ],
  "createdTimestamp" : "2021-01-18 12:07:00.768 -0700"
}