{
  "entries" : [
    {
      "identifier" : "START",
      "message" : "Running index.script",
      "timestamp" : "2021-01-18 12:21:37.594 -0700"
    },
    {
      "handlerName" : "on_definecolorarea",
      "message" : "calculating...",
      "timestamp" : "2021-01-18 12:21:37.671 -0700",
      "identifier" : "Log",
      "scriptName" : "",
      "handlerLine" : 27
    },
    {
      "handlerName" : "on_index",
      "message" : "{Light_Red:121}",
      "timestamp" : "2021-01-18 12:21:38.566 -0700",
      "identifier" : "Log",
      "scriptName" : "index.script",
      "handlerLine" : 28
    },
    {
      "identifier" : "EndTestCase",
      "message" : "(Duration:\"1.095232\", Errors:\"0\", Exceptions:\"0\", StartTime:\"2021-01-18 12:21:37 -0700\", Successes:\"1\", TestCase:\"index.script\", Warnings:\"0\")",
      "timestamp" : "2021-01-18 12:21:38.690 -0700"
    },
    {
      "identifier" : "SUCCESS",
      "message" : "Execution Time 0:00:01 index.script",
      "timestamp" : "2021-01-18 12:21:38.700 -0700"
    }
  ],
  "createdTimestamp" : "2021-01-18 12:21:37.595 -0700"
}