{
  "entries" : [
    {
      "identifier" : "START",
      "message" : "Running AdvanceDates.script",
      "timestamp" : "2018-11-26 16:57:31.736 -0500"
    },
    {
      "handlerName" : "on_advancedates",
      "message" : "(,2018-12-02,,2018-12-06,)",
      "timestamp" : "2018-11-26 16:57:31.839 -0500",
      "identifier" : "Log",
      "scriptName" : "AdvanceDates.script",
      "handlerLine" : 18
    },
    {
      "identifier" : "EndTestCase",
      "message" : "(Duration:\"0.371098\", Errors:\"0\", Exceptions:\"0\", StartTime:\"2018-11-26 16:57:31 -0500\", Successes:\"1\", TestCase:\"AdvanceDates.script\", Warnings:\"0\")",
      "timestamp" : "2018-11-26 16:57:32.142 -0500"
    },
    {
      "identifier" : "SUCCESS",
      "message" : "Execution Time 0:00:00 AdvanceDates.script",
      "timestamp" : "2018-11-26 16:57:32.200 -0500"
    }
  ],
  "createdTimestamp" : "2018-11-26 16:57:31.771 -0500"
}