﻿<?xml version="1.0"?>
<runHistory script="Library">
 <run>
  <RunDate>2016-08-31 08:52:37.931 -0600</RunDate>
  <Status>Failure</Status>
  <Duration>0.878535</Duration>
  <Errors>1</Errors>
  <Warnings>0</Warnings>
  <Exceptions>0</Exceptions>
  <Successes>0</Successes>
  <LogFile>20160831_085237.931/LogFile.txt</LogFile>
  <ReturnValue></ReturnValue>
  <ErrorMessage>STUnknownMessage -- ERROR: No Such Command: &#x27;msubtract&#x27;</ErrorMessage>
 </run>
 <run>
  <RunDate>2016-08-31 09:12:25.966 -0600</RunDate>
  <Status>Success</Status>
  <Duration>1.232226</Duration>
  <Errors>0</Errors>
  <Warnings>0</Warnings>
  <Exceptions>0</Exceptions>
  <Successes>1</Successes>
  <LogFile>20160831_091225.966/LogFile.txt</LogFile>
  <ReturnValue></ReturnValue>
  <ErrorMessage></ErrorMessage>
 </run>
 <run>
  <RunDate>2016-08-31 09:12:55.999 -0600</RunDate>
  <Status>Success</Status>
  <Duration>1.232657</Duration>
  <Errors>0</Errors>
  <Warnings>0</Warnings>
  <Exceptions>0</Exceptions>
  <Successes>1</Successes>
  <LogFile>20160831_091255.999/LogFile.txt</LogFile>
  <ReturnValue></ReturnValue>
  <ErrorMessage></ErrorMessage>
 </run>
 <run>
  <RunDate>2016-08-31 09:13:08.572 -0600</RunDate>
  <Status>Success</Status>
  <Duration>1.216599</Duration>
  <Errors>0</Errors>
  <Warnings>0</Warnings>
  <Exceptions>0</Exceptions>
  <Successes>1</Successes>
  <LogFile>20160831_091308.572/LogFile.txt</LogFile>
  <ReturnValue></ReturnValue>
  <ErrorMessage></ErrorMessage>
 </run>
 <run>
  <RunDate>2016-09-27 12:24:50.794 -0600</RunDate>
  <Status>Success</Status>
  <Duration>0.618976</Duration>
  <Errors>0</Errors>
  <Warnings>0</Warnings>
  <Exceptions>0</Exceptions>
  <Successes>1</Successes>
  <LogFile>20160927_122450.794/LogFile.txt</LogFile>
  <ReturnValue></ReturnValue>
  <ErrorMessage></ErrorMessage>
 </run>
</runHistory>
