{
  "entries" : [
    {
      "identifier" : "START",
      "message" : "Running MainFromSuite.script",
      "timestamp" : "2021-04-12 15:23:16.338 -0600"
    },
    {
      "handlerName" : "on_definelocation",
      "message" : "Overwritting Folder",
      "timestamp" : "2021-04-12 15:23:16.525 -0600",
      "identifier" : "LogWarning",
      "scriptName" : "",
      "handlerLine" : 3
    },
    {
      "handlerName" : "on_moveresultcontents",
      "message" : "\/Users\/ranhesse\/Documents\/Simple_Examples\/Customer HTML Reports\/Sample Suite.suite\/Results\/Workflow01\/20210301_194448.575\/.success",
      "timestamp" : "2021-04-12 15:23:16.772 -0600",
      "identifier" : "LogWarning",
      "scriptName" : "",
      "handlerLine" : 7
    },
    {
      "handlerName" : "on_moveresultcontents",
      "message" : "\/Users\/ranhesse\/Documents\/Simple_Examples\/Customer HTML Reports\/Sample Suite.suite\/Results\/Workflow01\/20210301_194448.575\/Product.png",
      "timestamp" : "2021-04-12 15:23:16.774 -0600",
      "identifier" : "LogWarning",
      "scriptName" : "",
      "handlerLine" : 7
    },
    {
      "handlerName" : "on_moveresultcontents",
      "message" : "\/Users\/ranhesse\/Documents\/Simple_Examples\/Customer HTML Reports\/Sample Suite.suite\/Results\/Workflow01\/20210301_194448.575\/Product.png",
      "timestamp" : "2021-04-12 15:23:16.775 -0600",
      "identifier" : "Log",
      "scriptName" : "",
      "handlerLine" : 9
    },
    {
      "handlerName" : "on_moveresultcontents",
      "message" : "\/Users\/ranhesse\/Documents\/Simple_Examples\/Customer HTML Reports\/Sample Suite.suite\/Results\/Workflow01\/20210301_194448.575\/LogFile.xml",
      "timestamp" : "2021-04-12 15:23:16.776 -0600",
      "identifier" : "LogWarning",
      "scriptName" : "",
      "handlerLine" : 7
    },
    {
      "handlerName" : "on_moveresultcontents",
      "message" : "\/Users\/ranhesse\/Documents\/Simple_Examples\/Customer HTML Reports\/Sample Suite.suite\/Results\/Workflow01\/20210301_194448.575\/LogFile.txt",
      "timestamp" : "2021-04-12 15:23:16.778 -0600",
      "identifier" : "LogWarning",
      "scriptName" : "",
      "handlerLine" : 7
    },
    {
      "handlerName" : "on_moveresultcontents",
      "message" : "\/Users\/ranhesse\/Documents\/Simple_Examples\/Customer HTML Reports\/Sample Suite.suite\/Results\/Workflow01\/20210301_194448.575\/LogFile.json",
      "timestamp" : "2021-04-12 15:23:16.779 -0600",
      "identifier" : "LogWarning",
      "scriptName" : "",
      "handlerLine" : 7
    },
    {
      "handlerName" : "on_definelocation",
      "message" : "Overwritting Folder",
      "timestamp" : "2021-04-12 15:23:16.807 -0600",
      "identifier" : "LogWarning",
      "scriptName" : "",
      "handlerLine" : 3
    },
    {
      "handlerName" : "on_moveresultcontents",
      "message" : "\/Users\/ranhesse\/Documents\/Simple_Examples\/Customer HTML Reports\/Sample Suite.suite\/Results\/Workflow01\/20210301_194416.595\/.success",
      "timestamp" : "2021-04-12 15:23:17.056 -0600",
      "identifier" : "LogWarning",
      "scriptName" : "",
      "handlerLine" : 7
    },
    {
      "handlerName" : "on_moveresultcontents",
      "message" : "\/Users\/ranhesse\/Documents\/Simple_Examples\/Customer HTML Reports\/Sample Suite.suite\/Results\/Workflow01\/20210301_194416.595\/Product.png",
      "timestamp" : "2021-04-12 15:23:17.057 -0600",
      "identifier" : "LogWarning",
      "scriptName" : "",
      "handlerLine" : 7
    },
    {
      "handlerName" : "on_moveresultcontents",
      "message" : "\/Users\/ranhesse\/Documents\/Simple_Examples\/Customer HTML Reports\/Sample Suite.suite\/Results\/Workflow01\/20210301_194416.595\/Product.png",
      "timestamp" : "2021-04-12 15:23:17.059 -0600",
      "identifier" : "Log",
      "scriptName" : "",
      "handlerLine" : 9
    },
    {
      "handlerName" : "on_moveresultcontents",
      "message" : "\/Users\/ranhesse\/Documents\/Simple_Examples\/Customer HTML Reports\/Sample Suite.suite\/Results\/Workflow01\/20210301_194416.595\/LogFile.xml",
      "timestamp" : "2021-04-12 15:23:17.060 -0600",
      "identifier" : "LogWarning",
      "scriptName" : "",
      "handlerLine" : 7
    },
    {
      "handlerName" : "on_moveresultcontents",
      "message" : "\/Users\/ranhesse\/Documents\/Simple_Examples\/Customer HTML Reports\/Sample Suite.suite\/Results\/Workflow01\/20210301_194416.595\/LogFile.txt",
      "timestamp" : "2021-04-12 15:23:17.062 -0600",
      "identifier" : "LogWarning",
      "scriptName" : "",
      "handlerLine" : 7
    },
    {
      "handlerName" : "on_moveresultcontents",
      "message" : "\/Users\/ranhesse\/Documents\/Simple_Examples\/Customer HTML Reports\/Sample Suite.suite\/Results\/Workflow01\/20210301_194416.595\/LogFile.json",
      "timestamp" : "2021-04-12 15:23:17.063 -0600",
      "identifier" : "LogWarning",
      "scriptName" : "",
      "handlerLine" : 7
    },
    {
      "handlerName" : "on_definelocation",
      "message" : "Overwritting Folder",
      "timestamp" : "2021-04-12 15:23:17.093 -0600",
      "identifier" : "LogWarning",
      "scriptName" : "",
      "handlerLine" : 3
    },
    {
      "handlerName" : "on_moveresultcontents",
      "message" : "\/Users\/ranhesse\/Documents\/Simple_Examples\/Customer HTML Reports\/Sample Suite.suite\/Results\/Workflow02\/20210301_201248.921\/.success",
      "timestamp" : "2021-04-12 15:23:17.392 -0600",
      "identifier" : "LogWarning",
      "scriptName" : "",
      "handlerLine" : 7
    },
    {
      "handlerName" : "on_moveresultcontents",
      "message" : "\/Users\/ranhesse\/Documents\/Simple_Examples\/Customer HTML Reports\/Sample Suite.suite\/Results\/Workflow02\/20210301_201248.921\/GoogleLoaded.png",
      "timestamp" : "2021-04-12 15:23:17.394 -0600",
      "identifier" : "LogWarning",
      "scriptName" : "",
      "handlerLine" : 7
    },
    {
      "handlerName" : "on_moveresultcontents",
      "message" : "\/Users\/ranhesse\/Documents\/Simple_Examples\/Customer HTML Reports\/Sample Suite.suite\/Results\/Workflow02\/20210301_201248.921\/GoogleLoaded.png",
      "timestamp" : "2021-04-12 15:23:17.395 -0600",
      "identifier" : "Log",
      "scriptName" : "",
      "handlerLine" : 9
    },
    {
      "handlerName" : "on_moveresultcontents",
      "message" : "\/Users\/ranhesse\/Documents\/Simple_Examples\/Customer HTML Reports\/Sample Suite.suite\/Results\/Workflow02\/20210301_201248.921\/Product.png",
      "timestamp" : "2021-04-12 15:23:17.396 -0600",
      "identifier" : "LogWarning",
      "scriptName" : "",
      "handlerLine" : 7
    },
    {
      "handlerName" : "on_moveresultcontents",
      "message" : "\/Users\/ranhesse\/Documents\/Simple_Examples\/Customer HTML Reports\/Sample Suite.suite\/Results\/Workflow02\/20210301_201248.921\/Product.png",
      "timestamp" : "2021-04-12 15:23:17.397 -0600",
      "identifier" : "Log",
      "scriptName" : "",
      "handlerLine" : 9
    },
    {
      "handlerName" : "on_moveresultcontents",
      "message" : "\/Users\/ranhesse\/Documents\/Simple_Examples\/Customer HTML Reports\/Sample Suite.suite\/Results\/Workflow02\/20210301_201248.921\/LogFile.xml",
      "timestamp" : "2021-04-12 15:23:17.399 -0600",
      "identifier" : "LogWarning",
      "scriptName" : "",
      "handlerLine" : 7
    },
    {
      "handlerName" : "on_moveresultcontents",
      "message" : "\/Users\/ranhesse\/Documents\/Simple_Examples\/Customer HTML Reports\/Sample Suite.suite\/Results\/Workflow02\/20210301_201248.921\/LogFile.txt",
      "timestamp" : "2021-04-12 15:23:17.401 -0600",
      "identifier" : "LogWarning",
      "scriptName" : "",
      "handlerLine" : 7
    },
    {
      "handlerName" : "on_moveresultcontents",
      "message" : "\/Users\/ranhesse\/Documents\/Simple_Examples\/Customer HTML Reports\/Sample Suite.suite\/Results\/Workflow02\/20210301_201248.921\/LogFile.json",
      "timestamp" : "2021-04-12 15:23:17.402 -0600",
      "identifier" : "LogWarning",
      "scriptName" : "",
      "handlerLine" : 7
    },
    {
      "handlerName" : "on_definelocation",
      "message" : "Overwritting Folder",
      "timestamp" : "2021-04-12 15:23:17.427 -0600",
      "identifier" : "LogWarning",
      "scriptName" : "",
      "handlerLine" : 3
    },
    {
      "handlerName" : "on_moveresultcontents",
      "message" : "\/Users\/ranhesse\/Documents\/Simple_Examples\/Customer HTML Reports\/Sample Suite.suite\/Results\/Workflow02\/20210301_201300.294\/.success",
      "timestamp" : "2021-04-12 15:23:17.740 -0600",
      "identifier" : "LogWarning",
      "scriptName" : "",
      "handlerLine" : 7
    },
    {
      "handlerName" : "on_moveresultcontents",
      "message" : "\/Users\/ranhesse\/Documents\/Simple_Examples\/Customer HTML Reports\/Sample Suite.suite\/Results\/Workflow02\/20210301_201300.294\/GoogleLoaded.png",
      "timestamp" : "2021-04-12 15:23:17.741 -0600",
      "identifier" : "LogWarning",
      "scriptName" : "",
      "handlerLine" : 7
    },
    {
      "handlerName" : "on_moveresultcontents",
      "message" : "\/Users\/ranhesse\/Documents\/Simple_Examples\/Customer HTML Reports\/Sample Suite.suite\/Results\/Workflow02\/20210301_201300.294\/GoogleLoaded.png",
      "timestamp" : "2021-04-12 15:23:17.742 -0600",
      "identifier" : "Log",
      "scriptName" : "",
      "handlerLine" : 9
    },
    {
      "handlerName" : "on_moveresultcontents",
      "message" : "\/Users\/ranhesse\/Documents\/Simple_Examples\/Customer HTML Reports\/Sample Suite.suite\/Results\/Workflow02\/20210301_201300.294\/Product.png",
      "timestamp" : "2021-04-12 15:23:17.744 -0600",
      "identifier" : "LogWarning",
      "scriptName" : "",
      "handlerLine" : 7
    },
    {
      "handlerName" : "on_moveresultcontents",
      "message" : "\/Users\/ranhesse\/Documents\/Simple_Examples\/Customer HTML Reports\/Sample Suite.suite\/Results\/Workflow02\/20210301_201300.294\/Product.png",
      "timestamp" : "2021-04-12 15:23:17.745 -0600",
      "identifier" : "Log",
      "scriptName" : "",
      "handlerLine" : 9
    },
    {
      "handlerName" : "on_moveresultcontents",
      "message" : "\/Users\/ranhesse\/Documents\/Simple_Examples\/Customer HTML Reports\/Sample Suite.suite\/Results\/Workflow02\/20210301_201300.294\/LogFile.xml",
      "timestamp" : "2021-04-12 15:23:17.746 -0600",
      "identifier" : "LogWarning",
      "scriptName" : "",
      "handlerLine" : 7
    },
    {
      "handlerName" : "on_moveresultcontents",
      "message" : "\/Users\/ranhesse\/Documents\/Simple_Examples\/Customer HTML Reports\/Sample Suite.suite\/Results\/Workflow02\/20210301_201300.294\/LogFile.txt",
      "timestamp" : "2021-04-12 15:23:17.748 -0600",
      "identifier" : "LogWarning",
      "scriptName" : "",
      "handlerLine" : 7
    },
    {
      "handlerName" : "on_moveresultcontents",
      "message" : "\/Users\/ranhesse\/Documents\/Simple_Examples\/Customer HTML Reports\/Sample Suite.suite\/Results\/Workflow02\/20210301_201300.294\/LogFile.json",
      "timestamp" : "2021-04-12 15:23:17.749 -0600",
      "identifier" : "LogWarning",
      "scriptName" : "",
      "handlerLine" : 7
    },
    {
      "handlerName" : "on_definelocation",
      "message" : "Overwritting Folder",
      "timestamp" : "2021-04-12 15:23:17.772 -0600",
      "identifier" : "LogWarning",
      "scriptName" : "",
      "handlerLine" : 3
    },
    {
      "handlerName" : "on_moveresultcontents",
      "message" : "\/Users\/ranhesse\/Documents\/Simple_Examples\/Customer HTML Reports\/Sample Suite.suite\/Results\/Workflow02\/20210301_201241.059\/.success",
      "timestamp" : "2021-04-12 15:23:18.061 -0600",
      "identifier" : "LogWarning",
      "scriptName" : "",
      "handlerLine" : 7
    },
    {
      "handlerName" : "on_moveresultcontents",
      "message" : "\/Users\/ranhesse\/Documents\/Simple_Examples\/Customer HTML Reports\/Sample Suite.suite\/Results\/Workflow02\/20210301_201241.059\/GoogleLoaded.png",
      "timestamp" : "2021-04-12 15:23:18.062 -0600",
      "identifier" : "LogWarning",
      "scriptName" : "",
      "handlerLine" : 7
    },
    {
      "handlerName" : "on_moveresultcontents",
      "message" : "\/Users\/ranhesse\/Documents\/Simple_Examples\/Customer HTML Reports\/Sample Suite.suite\/Results\/Workflow02\/20210301_201241.059\/GoogleLoaded.png",
      "timestamp" : "2021-04-12 15:23:18.063 -0600",
      "identifier" : "Log",
      "scriptName" : "",
      "handlerLine" : 9
    },
    {
      "handlerName" : "on_moveresultcontents",
      "message" : "\/Users\/ranhesse\/Documents\/Simple_Examples\/Customer HTML Reports\/Sample Suite.suite\/Results\/Workflow02\/20210301_201241.059\/Product.png",
      "timestamp" : "2021-04-12 15:23:18.065 -0600",
      "identifier" : "LogWarning",
      "scriptName" : "",
      "handlerLine" : 7
    },
    {
      "handlerName" : "on_moveresultcontents",
      "message" : "\/Users\/ranhesse\/Documents\/Simple_Examples\/Customer HTML Reports\/Sample Suite.suite\/Results\/Workflow02\/20210301_201241.059\/Product.png",
      "timestamp" : "2021-04-12 15:23:18.066 -0600",
      "identifier" : "Log",
      "scriptName" : "",
      "handlerLine" : 9
    },
    {
      "handlerName" : "on_moveresultcontents",
      "message" : "\/Users\/ranhesse\/Documents\/Simple_Examples\/Customer HTML Reports\/Sample Suite.suite\/Results\/Workflow02\/20210301_201241.059\/LogFile.xml",
      "timestamp" : "2021-04-12 15:23:18.068 -0600",
      "identifier" : "LogWarning",
      "scriptName" : "",
      "handlerLine" : 7
    },
    {
      "handlerName" : "on_moveresultcontents",
      "message" : "\/Users\/ranhesse\/Documents\/Simple_Examples\/Customer HTML Reports\/Sample Suite.suite\/Results\/Workflow02\/20210301_201241.059\/LogFile.txt",
      "timestamp" : "2021-04-12 15:23:18.069 -0600",
      "identifier" : "LogWarning",
      "scriptName" : "",
      "handlerLine" : 7
    },
    {
      "handlerName" : "on_moveresultcontents",
      "message" : "\/Users\/ranhesse\/Documents\/Simple_Examples\/Customer HTML Reports\/Sample Suite.suite\/Results\/Workflow02\/20210301_201241.059\/LogFile.json",
      "timestamp" : "2021-04-12 15:23:18.071 -0600",
      "identifier" : "LogWarning",
      "scriptName" : "",
      "handlerLine" : 7
    },
    {
      "identifier" : "EndTestCase",
      "message" : "(Duration:\"1.876107\", Errors:\"0\", Exceptions:\"0\", StartTime:\"2021-04-12 15:23:16 -0600\", Successes:\"1\", TestCase:\"MainFromSuite.script\", Warnings:\"33\")",
      "timestamp" : "2021-04-12 15:23:18.216 -0600"
    },
    {
      "identifier" : "SUCCESS",
      "message" : "Execution Time 0:00:01 MainFromSuite.script",
      "timestamp" : "2021-04-12 15:23:18.230 -0600"
    }
  ],
  "createdTimestamp" : "2021-04-12 15:23:16.340 -0600"
}