{
  "entries" : [
    {
      "identifier" : "START",
      "message" : "Running VerifyResponse.script",
      "timestamp" : "2020-08-05 10:29:49.974 -0600"
    },
    {
      "handlerName" : "on_verifyresponse",
      "message" : "{hand:\"wave\"}",
      "timestamp" : "2020-08-05 10:29:50.240 -0600",
      "identifier" : "Log",
      "scriptName" : "VerifyResponse.script",
      "handlerLine" : 6
    },
    {
      "identifier" : "EndTestCase",
      "message" : "(Duration:\"1.731439\", Errors:\"0\", Exceptions:\"0\", StartTime:\"2020-08-05 10:29:49 -0600\", Successes:\"1\", TestCase:\"VerifyResponse.script\", Warnings:\"0\")",
      "timestamp" : "2020-08-05 10:29:51.710 -0600"
    },
    {
      "identifier" : "SUCCESS",
      "message" : "Execution Time 0:00:01 VerifyResponse.script",
      "timestamp" : "2020-08-05 10:29:51.724 -0600"
    }
  ],
  "createdTimestamp" : "2020-08-05 10:29:49.977 -0600"
}