{
  "entries" : [
    {
      "identifier" : "START",
      "message" : "Running Main02.script",
      "timestamp" : "2021-04-10 21:51:12.372 -0600"
    },
    {
      "handlerName" : "on_grabstatistics",
      "message" : "{ReportStats:{_capturescreen:1, _click:2, _endtestcase:1, _log:1, _start:1, _success:1, _typetext:6, _waitfor:3}, TotalSteps:16}",
      "timestamp" : "2021-04-10 21:51:12.529 -0600",
      "identifier" : "Log",
      "scriptName" : "",
      "handlerLine" : 20
    },
    {
      "handlerName" : "on_grabstatistics",
      "timestamp" : "2021-04-10 21:51:12.530 -0600",
      "identifier" : "pausescript",
      "scriptName" : "",
      "handlerLine" : 21
    },
    {
      "identifier" : "EndTestCase",
      "message" : "(Duration:\"13.223746\", Errors:\"1\", Exceptions:\"0\", StartTime:\"2021-04-10 21:51:12 -0600\", Successes:\"0\", TestCase:\"Main02.script\", Warnings:\"0\")",
      "timestamp" : "2021-04-10 21:51:25.597 -0600"
    },
    {
      "identifier" : "ABORTED",
      "message" : "Execution Time 0:00:13 Main02.script",
      "timestamp" : "2021-04-10 21:51:25.598 -0600"
    }
  ],
  "createdTimestamp" : "2021-04-10 21:51:12.373 -0600"
}