{
  "entries" : [
    {
      "identifier" : "START",
      "message" : "Running Main02.script",
      "timestamp" : "2021-04-09 09:44:52.172 -0600"
    },
    {
      "identifier" : "EndTestCase",
      "message" : "(Duration:\"0.585641\", Errors:\"0\", Exceptions:\"0\", StartTime:\"2021-04-09 09:44:52 -0600\", Successes:\"1\", TestCase:\"Main02.script\", Warnings:\"0\")",
      "timestamp" : "2021-04-09 09:44:52.760 -0600"
    },
    {
      "identifier" : "SUCCESS",
      "message" : "Execution Time 0:00:00 Main02.script",
      "timestamp" : "2021-04-09 09:44:52.767 -0600"
    }
  ],
  "createdTimestamp" : "2021-04-09 09:44:52.173 -0600"
}