{
  "entries" : [
    {
      "identifier" : "START",
      "message" : "Running Untitled.script",
      "timestamp" : "2018-11-29 14:21:57.741 -0700"
    },
    {
      "handlerName" : "on_untitled",
      "message" : "(Script1.script,Script3.script,Script2.script)",
      "timestamp" : "2018-11-29 14:21:57.816 -0700",
      "identifier" : "Log",
      "scriptName" : "Untitled.script",
      "handlerLine" : 6
    },
    {
      "handlerName" : "on_one",
      "message" : " the one",
      "timestamp" : "2018-11-29 14:21:57.873 -0700",
      "identifier" : "Log",
      "scriptName" : "",
      "handlerLine" : 3
    },
    {
      "identifier" : "EndTestCase",
      "message" : "(Duration:\"0.541569\", Errors:\"0\", Exceptions:\"0\", StartTime:\"2018-11-29 14:21:57 -0700\", Successes:\"1\", TestCase:\"Untitled.script\", Warnings:\"0\")",
      "timestamp" : "2018-11-29 14:21:58.313 -0700"
    },
    {
      "identifier" : "SUCCESS",
      "message" : "Execution Time 0:00:00 Untitled.script",
      "timestamp" : "2018-11-29 14:21:58.370 -0700"
    }
  ],
  "createdTimestamp" : "2018-11-29 14:21:57.771 -0700"
}