{
  "entries" : [
    {
      "identifier" : "START",
      "message" : "Running MainFromSuite.script",
      "timestamp" : "2021-04-10 22:27:33.610 -0600"
    },
    {
      "handlerName" : "on_mainfromsuite",
      "message" : "Workflow01",
      "timestamp" : "2021-04-10 22:27:33.666 -0600",
      "identifier" : "Log",
      "scriptName" : "MainFromSuite.script",
      "handlerLine" : 16
    },
    {
      "handlerName" : "on_mainfromsuite",
      "message" : "Workflow02",
      "timestamp" : "2021-04-10 22:27:33.667 -0600",
      "identifier" : "Log",
      "scriptName" : "MainFromSuite.script",
      "handlerLine" : 16
    },
    {
      "identifier" : "EndTestCase",
      "message" : "(Duration:\"0.17426\", Errors:\"0\", Exceptions:\"0\", StartTime:\"2021-04-10 22:27:33 -0600\", Successes:\"1\", TestCase:\"MainFromSuite.script\", Warnings:\"0\")",
      "timestamp" : "2021-04-10 22:27:33.785 -0600"
    },
    {
      "identifier" : "SUCCESS",
      "message" : "Execution Time 0:00:00 MainFromSuite.script",
      "timestamp" : "2021-04-10 22:27:33.794 -0600"
    }
  ],
  "createdTimestamp" : "2021-04-10 22:27:33.610 -0600"
}