{
  "entries" : [
    {
      "identifier" : "START",
      "message" : "Running ReadOutPut.script",
      "timestamp" : "2019-03-18 09:39:31.024 -0600"
    },
    {
      "handlerName" : "on_readoutput",
      "message" : "at (196,186,218,207)",
      "identifier" : "imagerectangle",
      "image" : "Putty Command Window",
      "handlerLine" : 6,
      "timestamp" : "2019-03-18 09:39:31.942 -0600",
      "scriptName" : "ReadOutPut.script"
    },
    {
      "handlerName" : "on_readoutput",
      "message" : "found 1 images",
      "identifier" : "everyimagerectangle",
      "image" : "(TEXT:\"demo@\")",
      "handlerLine" : 7,
      "timestamp" : "2019-03-18 09:39:33.399 -0600",
      "scriptName" : "ReadOutPut.script"
    },
    {
      "handlerName" : "on_readoutput",
      "message" : "Could Not Open Image: (empty)",
      "timestamp" : "2019-03-18 09:39:33.408 -0600",
      "identifier" : "Exception",
      "scriptName" : "ReadOutPut.script",
      "handlerLine" : 16
    },
    {
      "identifier" : "EndTestCase",
      "message" : "(Duration:\"2.832308\", Errors:\"1\", Exceptions:\"1\", StartTime:\"2019-03-18 09:39:31 -0600\", Successes:\"0\", TestCase:\"ReadOutPut.script\", Warnings:\"0\")",
      "timestamp" : "2019-03-18 09:39:33.858 -0600"
    },
    {
      "message" : "File Not Found readtext Error - Could Not Open Image: (empty) -- Execution Time 0:00:02 ReadOutPut.script",
      "timestamp" : "2019-03-18 09:39:34.769 -0600",
      "identifier" : "FAILURE",
      "image" : "Screen_Error.png"
    }
  ],
  "createdTimestamp" : "2019-03-18 09:39:31.025 -0600"
}