{
  "entries" : [
    {
      "identifier" : "START",
      "message" : "Running Untitled1.script",
      "timestamp" : "2018-11-29 13:38:09.350 -0700"
    },
    {
      "identifier" : "EndTestCase",
      "message" : "(Duration:\"0.602079\", Errors:\"1\", Exceptions:\"0\", StartTime:\"2018-11-29 13:38:09 -0700\", Successes:\"0\", TestCase:\"Untitled1.script\", Warnings:\"0\")",
      "timestamp" : "2018-11-29 13:38:09.985 -0700"
    },
    {
      "message" : "STUnknownMessage ERROR: No Such Command: 'five' -- Execution Time 0:00:00 Untitled1.script",
      "timestamp" : "2018-11-29 13:38:11.094 -0700",
      "identifier" : "FAILURE",
      "image" : "Screen_Error.png"
    }
  ],
  "createdTimestamp" : "2018-11-29 13:38:09.383 -0700"
}