{
  "entries" : [
    {
      "identifier" : "START",
      "message" : "Running Main02.script",
      "timestamp" : "2021-04-10 23:35:57.938 -0600"
    },
    {
      "handlerName" : "on_definelocation",
      "message" : "Overwritting Folder",
      "timestamp" : "2021-04-10 23:35:57.996 -0600",
      "identifier" : "LogWarning",
      "scriptName" : "",
      "handlerLine" : 3
    },
    {
      "handlerName" : "on_htmlreport",
      "message" : "{date:\"2021-03-01\", ReportStats:{capturescreen:1, click:2, endtestcase:1, log:1, start:1, success:1, typetext:6, waitfor:3}, scriptname:\"Workflow01.script\", Suitename:\"Sample Suite.suite\", time:\"19:44:16.599 -0700\", TotalSteps:16}",
      "timestamp" : "2021-04-10 23:35:58.142 -0600",
      "identifier" : "Log",
      "scriptName" : "",
      "handlerLine" : 4
    },
    {
      "identifier" : "EndTestCase",
      "message" : "(Duration:\"0.325301\", Errors:\"0\", Exceptions:\"0\", StartTime:\"2021-04-10 23:35:57 -0600\", Successes:\"1\", TestCase:\"Main02.script\", Warnings:\"1\")",
      "timestamp" : "2021-04-10 23:35:58.265 -0600"
    },
    {
      "identifier" : "SUCCESS",
      "message" : "Execution Time 0:00:00 Main02.script",
      "timestamp" : "2021-04-10 23:35:58.274 -0600"
    }
  ],
  "createdTimestamp" : "2021-04-10 23:35:57.939 -0600"
}