{
  "entries" : [
    {
      "identifier" : "START",
      "message" : "Running AdvanceDates.script",
      "timestamp" : "2018-11-26 16:55:06.828 -0500"
    },
    {
      "handlerName" : "on_advancedates",
      "message" : "(2018-11-26,2018-11-27,Helo,2018-12-03,2018-12-05)",
      "timestamp" : "2018-11-26 16:55:06.921 -0500",
      "identifier" : "Log",
      "scriptName" : "AdvanceDates.script",
      "handlerLine" : 11
    },
    {
      "identifier" : "EndTestCase",
      "message" : "(Duration:\"0.430161\", Errors:\"0\", Exceptions:\"0\", StartTime:\"2018-11-26 16:55:06 -0500\", Successes:\"1\", TestCase:\"AdvanceDates.script\", Warnings:\"0\")",
      "timestamp" : "2018-11-26 16:55:07.288 -0500"
    },
    {
      "identifier" : "SUCCESS",
      "message" : "Execution Time 0:00:00 AdvanceDates.script",
      "timestamp" : "2018-11-26 16:55:07.349 -0500"
    }
  ],
  "createdTimestamp" : "2018-11-26 16:55:06.858 -0500"
}