{
  "entries" : [
    {
      "identifier" : "START",
      "message" : "Running Example Post Json.apitest",
      "timestamp" : "2020-09-11 07:46:57.103 -0600"
    },
    {
      "identifier" : "EndTestCase",
      "message" : "(Duration:\"1.099456\", Errors:\"0\", Exceptions:\"0\", StartTime:\"2020-09-11 07:46:57 -0600\", Successes:\"1\", TestCase:\"Example Post Json.apitest\", Warnings:\"0\")",
      "timestamp" : "2020-09-11 07:46:58.205 -0600"
    },
    {
      "identifier" : "SUCCESS",
      "message" : "Execution Time 0:00:01 Example Post Json.apitest",
      "timestamp" : "2020-09-11 07:46:58.246 -0600"
    }
  ],
  "createdTimestamp" : "2020-09-11 07:46:57.105 -0600"
}