{
  "entries" : [
    {
      "identifier" : "START",
      "message" : "Running ReadOutPut.script",
      "timestamp" : "2019-03-18 09:40:15.768 -0600"
    },
    {
      "handlerName" : "on_readoutput",
      "message" : "at (196,186,218,207)",
      "identifier" : "imagerectangle",
      "image" : "Putty Command Window",
      "handlerLine" : 6,
      "timestamp" : "2019-03-18 09:40:16.758 -0600",
      "scriptName" : "ReadOutPut.script"
    },
    {
      "handlerName" : "on_readoutput",
      "message" : "found 7 images",
      "identifier" : "everyimagerectangle",
      "image" : "(TEXT:\"demo@\")",
      "handlerLine" : 7,
      "timestamp" : "2019-03-18 09:40:19.347 -0600",
      "scriptName" : "ReadOutPut.script"
    },
    {
      "identifier" : "readtext",
      "message" : "(192,747,591,784)",
      "timestamp" : "2019-03-18 09:40:19.431 -0600"
    },
    {
      "handlerName" : "on_readoutput",
      "message" : "demo",
      "timestamp" : "2019-03-18 09:40:19.432 -0600",
      "identifier" : "Log",
      "scriptName" : "ReadOutPut.script",
      "handlerLine" : 16
    },
    {
      "identifier" : "EndTestCase",
      "message" : "(Duration:\"4.209221\", Errors:\"0\", Exceptions:\"0\", StartTime:\"2019-03-18 09:40:15 -0600\", Successes:\"1\", TestCase:\"ReadOutPut.script\", Warnings:\"0\")",
      "timestamp" : "2019-03-18 09:40:19.979 -0600"
    },
    {
      "identifier" : "SUCCESS",
      "message" : "Execution Time 0:00:04 ReadOutPut.script",
      "timestamp" : "2019-03-18 09:40:19.995 -0600"
    }
  ],
  "createdTimestamp" : "2019-03-18 09:40:15.769 -0600"
}