{
  "entries" : [
    {
      "identifier" : "START",
      "message" : "Running Untitled1.script",
      "timestamp" : "2021-01-18 14:41:06.211 -0700"
    },
    {
      "handlerName" : "on_untitled1",
      "message" : "{FFAECE:16, FFCB08:5}",
      "timestamp" : "2021-01-18 14:41:06.301 -0700",
      "identifier" : "Log",
      "scriptName" : "Untitled1.script",
      "handlerLine" : 36
    },
    {
      "identifier" : "EndTestCase",
      "message" : "(Duration:\"0.207938\", Errors:\"0\", Exceptions:\"0\", StartTime:\"2021-01-18 14:41:06 -0700\", Successes:\"1\", TestCase:\"Untitled1.script\", Warnings:\"0\")",
      "timestamp" : "2021-01-18 14:41:06.420 -0700"
    },
    {
      "identifier" : "SUCCESS",
      "message" : "Execution Time 0:00:00 Untitled1.script",
      "timestamp" : "2021-01-18 14:41:06.428 -0700"
    }
  ],
  "createdTimestamp" : "2021-01-18 14:41:06.212 -0700"
}