{
  "entries" : [
    {
      "identifier" : "START",
      "message" : "Running Main.script",
      "timestamp" : "2020-04-28 11:29:52.085 -0600"
    },
    {
      "handlerName" : "function_locaterrectangle",
      "message" : "(0,0,1920,1080)",
      "identifier" : "capturescreen",
      "image" : "\/Users\/randyhesse\/Documents\/Simple_Examples\/AI Modeling\/facial_recognition_v2.suite\/Resources\/InputPicture.png",
      "handlerLine" : 5,
      "timestamp" : "2020-04-28 11:29:52.737 -0600",
      "scriptName" : ""
    },
    {
      "handlerName" : "on_main",
      "message" : "[[420,238,687,505],[1208,221,1505,518],[411,624,709,922],[802,222,1103,523],[830,643,1096,909],[1212,633,1499,920]]",
      "timestamp" : "2020-04-28 11:29:55.021 -0600",
      "identifier" : "Log",
      "scriptName" : "Main.script",
      "handlerLine" : 17
    },
    {
      "handlerName" : "on_main",
      "message" : "(420,238,687,505)",
      "identifier" : "capturescreen",
      "image" : "1.png",
      "handlerLine" : 24,
      "timestamp" : "2020-04-28 11:29:55.272 -0600",
      "scriptName" : "Main.script"
    },
    {
      "handlerName" : "on_main",
      "message" : "(1208,221,1505,518)",
      "identifier" : "capturescreen",
      "image" : "2.png",
      "handlerLine" : 24,
      "timestamp" : "2020-04-28 11:29:55.795 -0600",
      "scriptName" : "Main.script"
    },
    {
      "handlerName" : "on_main",
      "message" : "(411,624,709,922)",
      "identifier" : "capturescreen",
      "image" : "3.png",
      "handlerLine" : 24,
      "timestamp" : "2020-04-28 11:29:56.317 -0600",
      "scriptName" : "Main.script"
    },
    {
      "handlerName" : "on_main",
      "message" : "(802,222,1103,523)",
      "identifier" : "capturescreen",
      "image" : "4.png",
      "handlerLine" : 24,
      "timestamp" : "2020-04-28 11:29:56.842 -0600",
      "scriptName" : "Main.script"
    },
    {
      "handlerName" : "on_main",
      "message" : "(830,643,1096,909)",
      "identifier" : "capturescreen",
      "image" : "5.png",
      "handlerLine" : 24,
      "timestamp" : "2020-04-28 11:29:57.362 -0600",
      "scriptName" : "Main.script"
    },
    {
      "handlerName" : "on_main",
      "message" : "(1212,633,1499,920)",
      "identifier" : "capturescreen",
      "image" : "6.png",
      "handlerLine" : 24,
      "timestamp" : "2020-04-28 11:29:57.883 -0600",
      "scriptName" : "Main.script"
    },
    {
      "identifier" : "EndTestCase",
      "message" : "(Duration:\"7.650216\", Errors:\"0\", Exceptions:\"0\", StartTime:\"2020-04-28 11:29:52 -0600\", Successes:\"1\", TestCase:\"Main.script\", Warnings:\"0\")",
      "timestamp" : "2020-04-28 11:29:59.738 -0600"
    },
    {
      "identifier" : "SUCCESS",
      "message" : "Execution Time 0:00:07 Main.script",
      "timestamp" : "2020-04-28 11:29:59.776 -0600"
    }
  ],
  "createdTimestamp" : "2020-04-28 11:29:52.086 -0600"
}