{
  "entries" : [
    {
      "identifier" : "START",
      "message" : "Running GeneratePatientAPI.script",
      "timestamp" : "2018-11-26 17:18:05.863 -0500"
    },
    {
      "handlerName" : "on_generatepatientapi",
      "message" : "((@\"First Name\":\"Zachary\", Gender:\"male\", @\"Last Name\":\"Barrett\"),(@\"First Name\":\"Kathryn\", Gender:\"female\", @\"Last Name\":\"Warren\"))",
      "timestamp" : "2018-11-26 17:18:06.250 -0500",
      "identifier" : "Log",
      "scriptName" : "GeneratePatientAPI.script",
      "handlerLine" : 28
    },
    {
      "identifier" : "EndTestCase",
      "message" : "(Duration:\"0.669683\", Errors:\"0\", Exceptions:\"0\", StartTime:\"2018-11-26 17:18:05 -0500\", Successes:\"1\", TestCase:\"GeneratePatientAPI.script\", Warnings:\"0\")",
      "timestamp" : "2018-11-26 17:18:06.555 -0500"
    },
    {
      "identifier" : "SUCCESS",
      "message" : "Execution Time 0:00:00 GeneratePatientAPI.script",
      "timestamp" : "2018-11-26 17:18:06.605 -0500"
    }
  ],
  "createdTimestamp" : "2018-11-26 17:18:05.886 -0500"
}