{
  "entries" : [
    {
      "identifier" : "START",
      "message" : "Running AdvanceDates.script",
      "timestamp" : "2018-11-26 16:46:52.593 -0500"
    },
    {
      "handlerName" : "on_advancedates",
      "message" : "(2018-11-27,2018-11-29,2018-11-30,2018-12-04,2018-12-04)",
      "timestamp" : "2018-11-26 16:46:52.684 -0500",
      "identifier" : "Log",
      "scriptName" : "AdvanceDates.script",
      "handlerLine" : 7
    },
    {
      "identifier" : "EndTestCase",
      "message" : "(Duration:\"0.42261\", Errors:\"0\", Exceptions:\"0\", StartTime:\"2018-11-26 16:46:52 -0500\", Successes:\"1\", TestCase:\"AdvanceDates.script\", Warnings:\"0\")",
      "timestamp" : "2018-11-26 16:46:53.042 -0500"
    },
    {
      "identifier" : "SUCCESS",
      "message" : "Execution Time 0:00:00 AdvanceDates.script",
      "timestamp" : "2018-11-26 16:46:53.097 -0500"
    }
  ],
  "createdTimestamp" : "2018-11-26 16:46:52.619 -0500"
}