{
  "entries" : [
    {
      "identifier" : "START",
      "message" : "Running Script1.script",
      "timestamp" : "2020-05-14 09:31:40.325 -0600"
    },
    {
      "identifier" : "EndTestCase",
      "message" : "(Duration:\"67.679891\", Errors:\"1\", Exceptions:\"0\", StartTime:\"2020-05-14 09:31:40 -0600\", Successes:\"0\", TestCase:\"Script1.script\", Warnings:\"0\")",
      "timestamp" : "2020-05-14 09:32:48.013 -0600"
    },
    {
      "identifier" : "ABORTED",
      "message" : "Execution Time 0:01:07 Script1.script",
      "timestamp" : "2020-05-14 09:32:48.015 -0600"
    }
  ],
  "createdTimestamp" : "2020-05-14 09:31:40.331 -0600"
}