{
  "entries" : [
    {
      "identifier" : "START",
      "message" : "Running GeneratingHolds.script",
      "timestamp" : "2018-11-20 20:58:06.483 -0500"
    },
    {
      "identifier" : "EndTestCase",
      "message" : "(Duration:\"0.637006\", Errors:\"1\", Exceptions:\"0\", StartTime:\"2018-11-20 20:58:06 -0500\", Successes:\"0\", TestCase:\"GeneratingHolds.script\", Warnings:\"0\")",
      "timestamp" : "2018-11-20 20:58:07.155 -0500"
    },
    {
      "message" : "Invalid Range Only numeric, date\/time, and character ranges are supported. -- Execution Time 0:00:00 GeneratingHolds.script",
      "timestamp" : "2018-11-20 20:58:07.225 -0500",
      "identifier" : "FAILURE",
      "image" : "Screen_Error.png"
    }
  ],
  "createdTimestamp" : "2018-11-20 20:58:06.518 -0500"
}