﻿<?xml version="1.0"?>
<statistics>
 <script name="index">
  <LastStatus>Success</LastStatus>
  <NumberOfRuns>10</NumberOfRuns>
  <NumberOfFails>0</NumberOfFails>
  <FirstRun>2016-11-01 22:00:46 -0400</FirstRun>
  <LastRun>2016-11-02 08:15:35 -0400</LastRun>
  <TotalTimeOnSuccess>3.757081</TotalTimeOnSuccess>
 </script>
 <script name="Read3">
  <LastStatus>Success</LastStatus>
  <NumberOfRuns>9</NumberOfRuns>
  <NumberOfFails>1</NumberOfFails>
  <FirstRun>2016-11-01 22:35:42 -0400</FirstRun>
  <LastRun>2016-11-01 22:41:32 -0400</LastRun>
  <TotalTimeOnSuccess>8.649959</TotalTimeOnSuccess>
 </script>
 <script name="Read2">
  <LastStatus>Success</LastStatus>
  <NumberOfRuns>5</NumberOfRuns>
  <NumberOfFails>0</NumberOfFails>
  <FirstRun>2016-11-01 22:20:45 -0400</FirstRun>
  <LastRun>2016-11-01 22:23:37 -0400</LastRun>
  <TotalTimeOnSuccess>4.474194</TotalTimeOnSuccess>
 </script>
 <script name="Read1">
  <LastStatus>Success</LastStatus>
  <NumberOfRuns>10</NumberOfRuns>
  <NumberOfFails>0</NumberOfFails>
  <FirstRun>2016-11-01 22:05:58 -0400</FirstRun>
  <LastRun>2016-11-02 08:10:02 -0400</LastRun>
  <TotalTimeOnSuccess>7.279111</TotalTimeOnSuccess>
 </script>
 <script name="Read4">
  <LastStatus>Success</LastStatus>
  <NumberOfRuns>20</NumberOfRuns>
  <NumberOfFails>4</NumberOfFails>
  <FirstRun>2016-11-01 22:44:00 -0400</FirstRun>
  <LastRun>2016-11-01 22:59:44 -0400</LastRun>
  <TotalTimeOnSuccess>72.194447</TotalTimeOnSuccess>
 </script>
</statistics>
