﻿<?xml version="1.0"?>
<runHistory script="Examples/Help">
 <run>
  <RunDate>2017-07-26 12:51:06.277 -0600</RunDate>
  <Status>Success</Status>
  <Duration>0.568873</Duration>
  <Errors>0</Errors>
  <Warnings>0</Warnings>
  <Exceptions>0</Exceptions>
  <Successes>1</Successes>
  <LogFile>20170726_125106.277/LogFile.txt</LogFile>
  <ReturnValue></ReturnValue>
  <ErrorMessage></ErrorMessage>
 </run>
 <run>
  <RunDate>2017-08-16 10:39:16.248 -0600</RunDate>
  <Status>Success</Status>
  <Duration>0.432568</Duration>
  <Errors>0</Errors>
  <Warnings>0</Warnings>
  <Exceptions>0</Exceptions>
  <Successes>1</Successes>
  <LogFile>20170816_103916.248/LogFile.txt</LogFile>
  <ReturnValue></ReturnValue>
  <ErrorMessage></ErrorMessage>
 </run>
 <run>
  <RunDate>2017-08-16 10:39:50.340 -0600</RunDate>
  <Status>Success</Status>
  <Duration>0.431222</Duration>
  <Errors>0</Errors>
  <Warnings>0</Warnings>
  <Exceptions>0</Exceptions>
  <Successes>1</Successes>
  <LogFile>20170816_103950.340/LogFile.txt</LogFile>
  <ReturnValue></ReturnValue>
  <ErrorMessage></ErrorMessage>
 </run>
</runHistory>
