{
  "entries" : [
    {
      "identifier" : "START",
      "message" : "Running Example Post Form Data.apitest",
      "timestamp" : "2020-07-13 09:47:50.328 -0600"
    },
    {
      "identifier" : "LogWarning",
      "message" : "Validation Warning: Empty request body.",
      "timestamp" : "2020-07-13 09:47:50.343 -0600"
    },
    {
      "identifier" : "EndTestCase",
      "message" : "(Duration:\"0.697502\", Errors:\"0\", Exceptions:\"0\", StartTime:\"2020-07-13 09:47:50 -0600\", Successes:\"1\", TestCase:\"Example Post Form Data.apitest\", Warnings:\"1\")",
      "timestamp" : "2020-07-13 09:47:51.028 -0600"
    },
    {
      "identifier" : "SUCCESS",
      "message" : "Execution Time 0:00:00 Example Post Form Data.apitest",
      "timestamp" : "2020-07-13 09:47:51.039 -0600"
    }
  ],
  "createdTimestamp" : "2020-07-13 09:47:50.329 -0600"
}