{
  "entries" : [
    {
      "identifier" : "START",
      "message" : "Running AdvanceDates.script",
      "timestamp" : "2018-11-26 16:56:23.498 -0500"
    },
    {
      "handlerName" : "on_advancedates",
      "message" : "(,,,2018-12-03,)",
      "timestamp" : "2018-11-26 16:56:23.588 -0500",
      "identifier" : "Log",
      "scriptName" : "AdvanceDates.script",
      "handlerLine" : 15
    },
    {
      "identifier" : "EndTestCase",
      "message" : "(Duration:\"0.444873\", Errors:\"0\", Exceptions:\"0\", StartTime:\"2018-11-26 16:56:23 -0500\", Successes:\"1\", TestCase:\"AdvanceDates.script\", Warnings:\"0\")",
      "timestamp" : "2018-11-26 16:56:23.976 -0500"
    },
    {
      "identifier" : "SUCCESS",
      "message" : "Execution Time 0:00:00 AdvanceDates.script",
      "timestamp" : "2018-11-26 16:56:24.041 -0500"
    }
  ],
  "createdTimestamp" : "2018-11-26 16:56:23.531 -0500"
}