{
  "entries" : [
    {
      "identifier" : "START",
      "message" : "Running Example Basic Authentication.apitest",
      "timestamp" : "2020-07-13 10:08:50.914 -0600"
    },
    {
      "identifier" : "EndTestCase",
      "message" : "(Duration:\"1.284227\", Errors:\"0\", Exceptions:\"0\", StartTime:\"2020-07-13 10:08:50 -0600\", Successes:\"1\", TestCase:\"Example Basic Authentication.apitest\", Warnings:\"0\")",
      "timestamp" : "2020-07-13 10:08:52.201 -0600"
    },
    {
      "identifier" : "SUCCESS",
      "message" : "Execution Time 0:00:01 Example Basic Authentication.apitest",
      "timestamp" : "2020-07-13 10:08:52.228 -0600"
    }
  ],
  "createdTimestamp" : "2020-07-13 10:08:50.916 -0600"
}