{
  "entries" : [
    {
      "identifier" : "START",
      "message" : "Running Master1.script",
      "timestamp" : "2018-11-29 13:56:38.099 -0700"
    },
    {
      "handlerName" : "on_five",
      "message" : "the five",
      "timestamp" : "2018-11-29 13:56:38.467 -0700",
      "identifier" : "Log",
      "scriptName" : "",
      "handlerLine" : 3
    },
    {
      "identifier" : "EndTestCase",
      "message" : "(Duration:\"0.802674\", Errors:\"0\", Exceptions:\"0\", StartTime:\"2018-11-29 13:56:38 -0700\", Successes:\"1\", TestCase:\"Master1.script\", Warnings:\"0\")",
      "timestamp" : "2018-11-29 13:56:38.943 -0700"
    },
    {
      "identifier" : "SUCCESS",
      "message" : "Execution Time 0:00:00 Master1.script",
      "timestamp" : "2018-11-29 13:56:39.006 -0700"
    }
  ],
  "createdTimestamp" : "2018-11-29 13:56:38.140 -0700"
}