{
  "entries" : [
    {
      "identifier" : "START",
      "message" : "Running Untitled1.script",
      "timestamp" : "2020-04-27 14:49:41.396 -0600"
    },
    {
      "handlerName" : "on_untitled1",
      "message" : "cd \/Users\/randyhesse\/Documents\/Simple_Examples\/facial_recognition.suite\/Resources\/ && \/usr\/local\/bin\/go run \/Users\/randyhesse\/Documents\/Simple_Examples\/facial_recognition.suite\/Resources\/FaceR.go \"Test.jpg\" \"output.jpg\"",
      "timestamp" : "2020-04-27 14:49:41.498 -0600",
      "identifier" : "Log",
      "scriptName" : "Untitled1.script",
      "handlerLine" : 15
    },
    {
      "handlerName" : "on_untitled1",
      "timestamp" : "2020-04-27 14:49:41.867 -0600",
      "identifier" : "Log",
      "scriptName" : "Untitled1.script",
      "handlerLine" : 18
    },
    {
      "identifier" : "EndTestCase",
      "message" : "(Duration:\"0.947853\", Errors:\"0\", Exceptions:\"0\", StartTime:\"2020-04-27 14:49:41 -0600\", Successes:\"1\", TestCase:\"Untitled1.script\", Warnings:\"0\")",
      "timestamp" : "2020-04-27 14:49:42.347 -0600"
    },
    {
      "identifier" : "SUCCESS",
      "message" : "Execution Time 0:00:00 Untitled1.script",
      "timestamp" : "2020-04-27 14:49:42.361 -0600"
    }
  ],
  "createdTimestamp" : "2020-04-27 14:49:41.398 -0600"
}