{
  "entries" : [
    {
      "identifier" : "START",
      "message" : "Running Example Post URL Encode.apitest",
      "timestamp" : "2020-07-13 09:44:53.763 -0600"
    },
    {
      "identifier" : "EndTestCase",
      "message" : "(Duration:\"0.635751\", Errors:\"0\", Exceptions:\"0\", StartTime:\"2020-07-13 09:44:53 -0600\", Successes:\"1\", TestCase:\"Example Post URL Encode.apitest\", Warnings:\"0\")",
      "timestamp" : "2020-07-13 09:44:54.400 -0600"
    },
    {
      "identifier" : "SUCCESS",
      "message" : "Execution Time 0:00:00 Example Post URL Encode.apitest",
      "timestamp" : "2020-07-13 09:44:54.410 -0600"
    }
  ],
  "createdTimestamp" : "2020-07-13 09:44:53.764 -0600"
}