{
  "entries" : [
    {
      "identifier" : "START",
      "message" : "Running index3.script",
      "timestamp" : "2018-11-20 20:51:32.048 -0500"
    },
    {
      "identifier" : "EndTestCase",
      "message" : "(Duration:\"0.513156\", Errors:\"1\", Exceptions:\"0\", StartTime:\"2018-11-20 20:51:32 -0500\", Successes:\"0\", TestCase:\"index3.script\", Warnings:\"0\")",
      "timestamp" : "2018-11-20 20:51:32.584 -0500"
    },
    {
      "message" : "STCSVConnectionError File not found: \/Users\/randyhesse\/Documents\/Simple Examples\/PatientHolding.suite\/Resources\/.csv -- Execution Time 0:00:00 index3.script",
      "timestamp" : "2018-11-20 20:51:32.661 -0500",
      "identifier" : "FAILURE",
      "image" : "Screen_Error.png"
    }
  ],
  "createdTimestamp" : "2018-11-20 20:51:32.071 -0500"
}