{
  "entries" : [
    {
      "identifier" : "START",
      "message" : "Running Untitled1.script",
      "timestamp" : "2021-01-18 14:22:44.827 -0700"
    },
    {
      "handlerName" : "on_untitled1",
      "message" : "FFAECE",
      "timestamp" : "2021-01-18 14:22:44.874 -0700",
      "identifier" : "Log",
      "scriptName" : "Untitled1.script",
      "handlerLine" : 32
    },
    {
      "handlerName" : "on_untitled1",
      "message" : "FFAECE",
      "timestamp" : "2021-01-18 14:22:44.876 -0700",
      "identifier" : "Log",
      "scriptName" : "Untitled1.script",
      "handlerLine" : 32
    },
    {
      "handlerName" : "on_untitled1",
      "message" : "FFAECE",
      "timestamp" : "2021-01-18 14:22:44.878 -0700",
      "identifier" : "Log",
      "scriptName" : "Untitled1.script",
      "handlerLine" : 32
    },
    {
      "handlerName" : "on_untitled1",
      "message" : "FFAECE",
      "timestamp" : "2021-01-18 14:22:44.879 -0700",
      "identifier" : "Log",
      "scriptName" : "Untitled1.script",
      "handlerLine" : 32
    },
    {
      "handlerName" : "on_untitled1",
      "message" : "FFAECE",
      "timestamp" : "2021-01-18 14:22:44.881 -0700",
      "identifier" : "Log",
      "scriptName" : "Untitled1.script",
      "handlerLine" : 32
    },
    {
      "handlerName" : "on_untitled1",
      "message" : "FFAECE",
      "timestamp" : "2021-01-18 14:22:44.883 -0700",
      "identifier" : "Log",
      "scriptName" : "Untitled1.script",
      "handlerLine" : 32
    },
    {
      "handlerName" : "on_untitled1",
      "message" : "FFAECE",
      "timestamp" : "2021-01-18 14:22:44.884 -0700",
      "identifier" : "Log",
      "scriptName" : "Untitled1.script",
      "handlerLine" : 32
    },
    {
      "handlerName" : "on_untitled1",
      "message" : "FFAECE",
      "timestamp" : "2021-01-18 14:22:44.886 -0700",
      "identifier" : "Log",
      "scriptName" : "Untitled1.script",
      "handlerLine" : 32
    },
    {
      "handlerName" : "on_untitled1",
      "message" : "FFAECE",
      "timestamp" : "2021-01-18 14:22:44.887 -0700",
      "identifier" : "Log",
      "scriptName" : "Untitled1.script",
      "handlerLine" : 32
    },
    {
      "handlerName" : "on_untitled1",
      "message" : "FFAECE",
      "timestamp" : "2021-01-18 14:22:44.888 -0700",
      "identifier" : "Log",
      "scriptName" : "Untitled1.script",
      "handlerLine" : 32
    },
    {
      "handlerName" : "on_untitled1",
      "message" : "FFAECE",
      "timestamp" : "2021-01-18 14:22:44.889 -0700",
      "identifier" : "Log",
      "scriptName" : "Untitled1.script",
      "handlerLine" : 32
    },
    {
      "handlerName" : "on_untitled1",
      "message" : "FFAECE",
      "timestamp" : "2021-01-18 14:22:44.891 -0700",
      "identifier" : "Log",
      "scriptName" : "Untitled1.script",
      "handlerLine" : 32
    },
    {
      "handlerName" : "on_untitled1",
      "message" : "FFAECE",
      "timestamp" : "2021-01-18 14:22:44.892 -0700",
      "identifier" : "Log",
      "scriptName" : "Untitled1.script",
      "handlerLine" : 32
    },
    {
      "handlerName" : "on_untitled1",
      "message" : "FFAECE",
      "timestamp" : "2021-01-18 14:22:44.893 -0700",
      "identifier" : "Log",
      "scriptName" : "Untitled1.script",
      "handlerLine" : 32
    },
    {
      "handlerName" : "on_untitled1",
      "message" : "FFAECE",
      "timestamp" : "2021-01-18 14:22:44.894 -0700",
      "identifier" : "Log",
      "scriptName" : "Untitled1.script",
      "handlerLine" : 32
    },
    {
      "handlerName" : "on_untitled1",
      "message" : "FFAECE",
      "timestamp" : "2021-01-18 14:22:44.895 -0700",
      "identifier" : "Log",
      "scriptName" : "Untitled1.script",
      "handlerLine" : 32
    },
    {
      "handlerName" : "on_untitled1",
      "message" : "FFCB08",
      "timestamp" : "2021-01-18 14:22:44.897 -0700",
      "identifier" : "Log",
      "scriptName" : "Untitled1.script",
      "handlerLine" : 32
    },
    {
      "handlerName" : "on_untitled1",
      "message" : "FFCB08",
      "timestamp" : "2021-01-18 14:22:44.899 -0700",
      "identifier" : "Log",
      "scriptName" : "Untitled1.script",
      "handlerLine" : 32
    },
    {
      "handlerName" : "on_untitled1",
      "message" : "FFCB08",
      "timestamp" : "2021-01-18 14:22:44.900 -0700",
      "identifier" : "Log",
      "scriptName" : "Untitled1.script",
      "handlerLine" : 32
    },
    {
      "handlerName" : "on_untitled1",
      "message" : "FFCB08",
      "timestamp" : "2021-01-18 14:22:44.901 -0700",
      "identifier" : "Log",
      "scriptName" : "Untitled1.script",
      "handlerLine" : 32
    },
    {
      "handlerName" : "on_untitled1",
      "message" : "FFCB08",
      "timestamp" : "2021-01-18 14:22:44.902 -0700",
      "identifier" : "Log",
      "scriptName" : "Untitled1.script",
      "handlerLine" : 32
    },
    {
      "identifier" : "EndTestCase",
      "message" : "(Duration:\"0.191446\", Errors:\"0\", Exceptions:\"0\", StartTime:\"2021-01-18 14:22:44 -0700\", Successes:\"1\", TestCase:\"Untitled1.script\", Warnings:\"0\")",
      "timestamp" : "2021-01-18 14:22:45.020 -0700"
    },
    {
      "identifier" : "SUCCESS",
      "message" : "Execution Time 0:00:00 Untitled1.script",
      "timestamp" : "2021-01-18 14:22:45.027 -0700"
    }
  ],
  "createdTimestamp" : "2021-01-18 14:22:44.828 -0700"
}