﻿<?xml version="1.0"?>
<runHistory script="AmazonApp-Feature">
 <run>
  <RunDate>2018-12-07 08:13:30.723 -0500</RunDate>
  <Status>Aborted</Status>
  <Duration>18.842093</Duration>
  <Errors>2</Errors>
  <Warnings>0</Warnings>
  <Exceptions>0</Exceptions>
  <Successes>1</Successes>
  <LogFile>20181207_081330.723/LogFile.txt</LogFile>
  <ReturnValue></ReturnValue>
  <ErrorMessage></ErrorMessage>
 </run>
 <run>
  <RunDate>2018-12-07 08:13:59.286 -0500</RunDate>
  <Status>Aborted</Status>
  <Duration>55.359801</Duration>
  <Errors>2</Errors>
  <Warnings>0</Warnings>
  <Exceptions>0</Exceptions>
  <Successes>1</Successes>
  <LogFile>20181207_081359.286/LogFile.txt</LogFile>
  <ReturnValue></ReturnValue>
  <ErrorMessage></ErrorMessage>
 </run>
 <run>
  <RunDate>2018-12-07 08:14:55.683 -0500</RunDate>
  <Status>Aborted</Status>
  <Duration>9.372337</Duration>
  <Errors>2</Errors>
  <Warnings>0</Warnings>
  <Exceptions>0</Exceptions>
  <Successes>1</Successes>
  <LogFile>20181207_081455.683/LogFile.txt</LogFile>
  <ReturnValue></ReturnValue>
  <ErrorMessage></ErrorMessage>
 </run>
 <run>
  <RunDate>2018-12-07 08:15:05.784 -0500</RunDate>
  <Status>Aborted</Status>
  <Duration>0.115758</Duration>
  <Errors>2</Errors>
  <Warnings>0</Warnings>
  <Exceptions>0</Exceptions>
  <Successes>0</Successes>
  <LogFile>20181207_081505.784/LogFile.txt</LogFile>
  <ReturnValue></ReturnValue>
  <ErrorMessage></ErrorMessage>
 </run>
 <run>
  <RunDate>2018-12-07 08:15:21.707 -0500</RunDate>
  <Status>Aborted</Status>
  <Duration>27.365985</Duration>
  <Errors>2</Errors>
  <Warnings>0</Warnings>
  <Exceptions>0</Exceptions>
  <Successes>1</Successes>
  <LogFile>20181207_081521.707/LogFile.txt</LogFile>
  <ReturnValue></ReturnValue>
  <ErrorMessage></ErrorMessage>
 </run>
 <run>
  <RunDate>2018-12-07 08:16:17.816 -0500</RunDate>
  <Status>Failure</Status>
  <Duration>22.598197</Duration>
  <Errors>12</Errors>
  <Warnings>0</Warnings>
  <Exceptions>11</Exceptions>
  <Successes>1</Successes>
  <LogFile>20181207_081617.816/LogFile.txt</LogFile>
  <ReturnValue></ReturnValue>
  <ErrorMessage>No Remote Connection -- typetext Error - Remote Connection Unavailable</ErrorMessage>
 </run>
 <run>
  <RunDate>2018-12-07 08:17:52.666 -0500</RunDate>
  <Status>Aborted</Status>
  <Duration>54.405310</Duration>
  <Errors>2</Errors>
  <Warnings>0</Warnings>
  <Exceptions>0</Exceptions>
  <Successes>1</Successes>
  <LogFile>20181207_081752.666/LogFile.txt</LogFile>
  <ReturnValue></ReturnValue>
  <ErrorMessage></ErrorMessage>
 </run>
 <run>
  <RunDate>2018-12-07 08:19:04.191 -0500</RunDate>
  <Status>Aborted</Status>
  <Duration>15.730806</Duration>
  <Errors>2</Errors>
  <Warnings>0</Warnings>
  <Exceptions>0</Exceptions>
  <Successes>1</Successes>
  <LogFile>20181207_081904.191/LogFile.txt</LogFile>
  <ReturnValue></ReturnValue>
  <ErrorMessage></ErrorMessage>
 </run>
 <run>
  <RunDate>2018-12-07 08:41:07.555 -0500</RunDate>
  <Status>Failure</Status>
  <Duration>295.347518</Duration>
  <Errors>2</Errors>
  <Warnings>0</Warnings>
  <Exceptions>1</Exceptions>
  <Successes>11</Successes>
  <LogFile>20181207_084107.555/LogFile.txt</LogFile>
  <ReturnValue></ReturnValue>
  <ErrorMessage>Image Not Found -- click Error - No Image Found On Screen: &quot;BackButton&quot;</ErrorMessage>
 </run>
 <run>
  <RunDate>2018-12-07 08:47:07.501 -0500</RunDate>
  <Status>Success</Status>
  <Duration>46.183904</Duration>
  <Errors>0</Errors>
  <Warnings>0</Warnings>
  <Exceptions>0</Exceptions>
  <Successes>12</Successes>
  <LogFile>20181207_084707.501/LogFile.txt</LogFile>
  <ReturnValue></ReturnValue>
  <ErrorMessage></ErrorMessage>
 </run>
 <run>
  <RunDate>2018-12-07 08:48:04.837 -0500</RunDate>
  <Status>Success</Status>
  <Duration>44.580347</Duration>
  <Errors>0</Errors>
  <Warnings>0</Warnings>
  <Exceptions>0</Exceptions>
  <Successes>12</Successes>
  <LogFile>20181207_084804.837/LogFile.txt</LogFile>
  <ReturnValue></ReturnValue>
  <ErrorMessage></ErrorMessage>
 </run>
 <run>
  <RunDate>2018-12-07 08:49:10.435 -0500</RunDate>
  <Status>Success</Status>
  <Duration>412.355084</Duration>
  <Errors>0</Errors>
  <Warnings>0</Warnings>
  <Exceptions>0</Exceptions>
  <Successes>12</Successes>
  <LogFile>20181207_084910.435/LogFile.txt</LogFile>
  <ReturnValue></ReturnValue>
  <ErrorMessage></ErrorMessage>
 </run>
 <run>
  <RunDate>2018-12-18 11:08:53.960 -0500</RunDate>
  <Status>Success</Status>
  <Duration>66.475706</Duration>
  <Errors>0</Errors>
  <Warnings>0</Warnings>
  <Exceptions>0</Exceptions>
  <Successes>12</Successes>
  <LogFile>20181218_110853.960/LogFile.txt</LogFile>
  <ReturnValue></ReturnValue>
  <ErrorMessage></ErrorMessage>
 </run>
 <run>
  <RunDate>2018-12-19 11:59:38.493 -0500</RunDate>
  <Status>Success</Status>
  <Duration>2.744212</Duration>
  <Errors>0</Errors>
  <Warnings>0</Warnings>
  <Exceptions>0</Exceptions>
  <Successes>12</Successes>
  <LogFile>20181219_115938.493/LogFile.txt</LogFile>
  <ReturnValue></ReturnValue>
  <ErrorMessage></ErrorMessage>
 </run>
 <run>
  <RunDate>2018-12-19 11:59:54.060 -0500</RunDate>
  <Status>Success</Status>
  <Duration>0.379432</Duration>
  <Errors>0</Errors>
  <Warnings>0</Warnings>
  <Exceptions>0</Exceptions>
  <Successes>3</Successes>
  <LogFile>20181219_115954.060/LogFile.txt</LogFile>
  <ReturnValue></ReturnValue>
  <ErrorMessage></ErrorMessage>
 </run>
 <run>
  <RunDate>2018-12-19 12:00:00.173 -0500</RunDate>
  <Status>Success</Status>
  <Duration>0.116564</Duration>
  <Errors>0</Errors>
  <Warnings>0</Warnings>
  <Exceptions>0</Exceptions>
  <Successes>1</Successes>
  <LogFile>20181219_120000.173/LogFile.txt</LogFile>
  <ReturnValue></ReturnValue>
  <ErrorMessage></ErrorMessage>
 </run>
 <run>
  <RunDate>2018-12-19 12:00:08.766 -0500</RunDate>
  <Status>Success</Status>
  <Duration>0.072688</Duration>
  <Errors>0</Errors>
  <Warnings>1</Warnings>
  <Exceptions>0</Exceptions>
  <Successes>1</Successes>
  <LogFile>20181219_120008.766/LogFile.txt</LogFile>
  <ReturnValue></ReturnValue>
  <ErrorMessage></ErrorMessage>
 </run>
 <run>
  <RunDate>2018-12-19 12:00:15.473 -0500</RunDate>
  <Status>Success</Status>
  <Duration>0.122652</Duration>
  <Errors>0</Errors>
  <Warnings>0</Warnings>
  <Exceptions>0</Exceptions>
  <Successes>1</Successes>
  <LogFile>20181219_120015.473/LogFile.txt</LogFile>
  <ReturnValue></ReturnValue>
  <ErrorMessage></ErrorMessage>
 </run>
 <run>
  <RunDate>2018-12-19 12:00:33.964 -0500</RunDate>
  <Status>Success</Status>
  <Duration>0.079791</Duration>
  <Errors>0</Errors>
  <Warnings>1</Warnings>
  <Exceptions>0</Exceptions>
  <Successes>1</Successes>
  <LogFile>20181219_120033.964/LogFile.txt</LogFile>
  <ReturnValue></ReturnValue>
  <ErrorMessage></ErrorMessage>
 </run>
 <run>
  <RunDate>2018-12-19 12:00:43.048 -0500</RunDate>
  <Status>Success</Status>
  <Duration>0.117909</Duration>
  <Errors>0</Errors>
  <Warnings>0</Warnings>
  <Exceptions>0</Exceptions>
  <Successes>1</Successes>
  <LogFile>20181219_120043.048/LogFile.txt</LogFile>
  <ReturnValue></ReturnValue>
  <ErrorMessage></ErrorMessage>
 </run>
 <run>
  <RunDate>2019-01-02 11:16:13.603 -0700</RunDate>
  <Status>Success</Status>
  <Duration>2.323291</Duration>
  <Errors>0</Errors>
  <Warnings>1</Warnings>
  <Exceptions>0</Exceptions>
  <Successes>11</Successes>
  <LogFile>20190102_111613.603/LogFile.txt</LogFile>
  <ReturnValue></ReturnValue>
  <ErrorMessage></ErrorMessage>
 </run>
 <run>
  <RunDate>2019-01-02 13:26:35.613 -0700</RunDate>
  <Status>Success</Status>
  <Duration>2.394688</Duration>
  <Errors>0</Errors>
  <Warnings>1</Warnings>
  <Exceptions>0</Exceptions>
  <Successes>11</Successes>
  <LogFile>20190102_132635.613/LogFile.txt</LogFile>
  <ReturnValue></ReturnValue>
  <ErrorMessage></ErrorMessage>
 </run>
</runHistory>
