{
  "entries" : [
    {
      "identifier" : "START",
      "message" : "Running AuthAPI2.apitest",
      "timestamp" : "2020-05-14 11:07:59.242 -0600"
    },
    {
      "identifier" : "EndTestCase",
      "message" : "(Duration:\"1.123372\", Errors:\"0\", Exceptions:\"0\", StartTime:\"2020-05-14 11:07:59 -0600\", Successes:\"1\", TestCase:\"AuthAPI2.apitest\", Warnings:\"0\")",
      "timestamp" : "2020-05-14 11:08:00.367 -0600"
    },
    {
      "identifier" : "SUCCESS",
      "message" : "Execution Time 0:00:01 AuthAPI2.apitest",
      "timestamp" : "2020-05-14 11:08:00.374 -0600"
    }
  ],
  "createdTimestamp" : "2020-05-14 11:07:59.243 -0600"
}