{
  "entries" : [
    {
      "identifier" : "START",
      "message" : "Running AdvanceDates.script",
      "timestamp" : "2018-11-26 16:55:23.614 -0500"
    },
    {
      "handlerName" : "on_advancedates",
      "message" : "(,2018-11-26,2018-11-29,2018-12-01,2018-12-03)",
      "timestamp" : "2018-11-26 16:55:23.704 -0500",
      "identifier" : "Log",
      "scriptName" : "AdvanceDates.script",
      "handlerLine" : 11
    },
    {
      "identifier" : "EndTestCase",
      "message" : "(Duration:\"0.368428\", Errors:\"0\", Exceptions:\"0\", StartTime:\"2018-11-26 16:55:23 -0500\", Successes:\"1\", TestCase:\"AdvanceDates.script\", Warnings:\"0\")",
      "timestamp" : "2018-11-26 16:55:24.009 -0500"
    },
    {
      "identifier" : "SUCCESS",
      "message" : "Execution Time 0:00:00 AdvanceDates.script",
      "timestamp" : "2018-11-26 16:55:24.059 -0500"
    }
  ],
  "createdTimestamp" : "2018-11-26 16:55:23.640 -0500"
}