{
  "entries" : [
    {
      "identifier" : "START",
      "message" : "Running index.script",
      "timestamp" : "2020-03-04 15:27:00.351 -0700"
    },
    {
      "handlerName" : "on_initialize",
      "message" : "Finding all the color",
      "timestamp" : "2020-03-04 15:27:00.510 -0700",
      "identifier" : "Log",
      "scriptName" : "",
      "handlerLine" : 2
    },
    {
      "handlerName" : "on_initialize",
      "message" : "calculating...",
      "timestamp" : "2020-03-04 15:27:04.847 -0700",
      "identifier" : "Log",
      "scriptName" : "",
      "handlerLine" : 31
    },
    {
      "handlerName" : "on_index",
      "message" : "16641",
      "timestamp" : "2020-03-04 15:27:04.874 -0700",
      "identifier" : "Log",
      "scriptName" : "index.script",
      "handlerLine" : 13
    },
    {
      "handlerName" : "function_pixelmatch",
      "message" : "Pixel Count is: 16641",
      "timestamp" : "2020-03-04 15:27:04.958 -0700",
      "identifier" : "Log",
      "scriptName" : "",
      "handlerLine" : 9
    },
    {
      "handlerName" : "function_pixelmatch",
      "message" : "Still working on it...",
      "timestamp" : "2020-03-04 15:27:16.050 -0700",
      "identifier" : "Log",
      "scriptName" : "",
      "handlerLine" : 39
    },
    {
      "handlerName" : "function_pixelmatch",
      "message" : "Still working on it...",
      "timestamp" : "2020-03-04 15:27:26.167 -0700",
      "identifier" : "Log",
      "scriptName" : "",
      "handlerLine" : 39
    },
    {
      "handlerName" : "function_pixelmatch",
      "message" : "Still working on it...",
      "timestamp" : "2020-03-04 15:27:35.824 -0700",
      "identifier" : "Log",
      "scriptName" : "",
      "handlerLine" : 39
    },
    {
      "handlerName" : "function_pixelmatch",
      "message" : "Still working on it...",
      "timestamp" : "2020-03-04 15:27:45.225 -0700",
      "identifier" : "Log",
      "scriptName" : "",
      "handlerLine" : 39
    },
    {
      "handlerName" : "function_pixelmatch",
      "message" : "Still working on it...",
      "timestamp" : "2020-03-04 15:27:54.135 -0700",
      "identifier" : "Log",
      "scriptName" : "",
      "handlerLine" : 39
    },
    {
      "handlerName" : "function_pixelmatch",
      "message" : "Still working on it...",
      "timestamp" : "2020-03-04 15:28:03.425 -0700",
      "identifier" : "Log",
      "scriptName" : "",
      "handlerLine" : 39
    },
    {
      "handlerName" : "function_pixelmatch",
      "message" : "Still working on it...",
      "timestamp" : "2020-03-04 15:28:17.469 -0700",
      "identifier" : "Log",
      "scriptName" : "",
      "handlerLine" : 39
    },
    {
      "handlerName" : "function_pixelmatch",
      "message" : "Still working on it...",
      "timestamp" : "2020-03-04 15:28:30.402 -0700",
      "identifier" : "Log",
      "scriptName" : "",
      "handlerLine" : 39
    },
    {
      "handlerName" : "function_pixelmatch",
      "message" : "Still working on it...",
      "timestamp" : "2020-03-04 15:28:39.564 -0700",
      "identifier" : "Log",
      "scriptName" : "",
      "handlerLine" : 39
    },
    {
      "handlerName" : "function_pixelmatch",
      "message" : "Still working on it...",
      "timestamp" : "2020-03-04 15:28:48.601 -0700",
      "identifier" : "Log",
      "scriptName" : "",
      "handlerLine" : 39
    },
    {
      "handlerName" : "function_pixelmatch",
      "message" : "Still working on it...",
      "timestamp" : "2020-03-04 15:28:57.300 -0700",
      "identifier" : "Log",
      "scriptName" : "",
      "handlerLine" : 39
    },
    {
      "handlerName" : "function_pixelmatch",
      "message" : "Still working on it...",
      "timestamp" : "2020-03-04 15:29:05.329 -0700",
      "identifier" : "Log",
      "scriptName" : "",
      "handlerLine" : 39
    },
    {
      "handlerName" : "function_pixelmatch",
      "message" : "Still working on it...",
      "timestamp" : "2020-03-04 15:29:12.794 -0700",
      "identifier" : "Log",
      "scriptName" : "",
      "handlerLine" : 39
    },
    {
      "handlerName" : "function_pixelmatch",
      "message" : "Still working on it...",
      "timestamp" : "2020-03-04 15:29:21.410 -0700",
      "identifier" : "Log",
      "scriptName" : "",
      "handlerLine" : 39
    },
    {
      "handlerName" : "function_pixelmatch",
      "message" : "Still working on it...",
      "timestamp" : "2020-03-04 15:29:31.567 -0700",
      "identifier" : "Log",
      "scriptName" : "",
      "handlerLine" : 39
    },
    {
      "handlerName" : "function_pixelmatch",
      "message" : "Still working on it...",
      "timestamp" : "2020-03-04 15:29:41.086 -0700",
      "identifier" : "Log",
      "scriptName" : "",
      "handlerLine" : 39
    },
    {
      "handlerName" : "on_index",
      "message" : "(Defined_Green:\"8817\", Defined_Orange:\"10523\", Defined_Red:\"15295\", Defined_Yellow:\"7553\")",
      "timestamp" : "2020-03-04 15:29:52.710 -0700",
      "identifier" : "Log",
      "scriptName" : "index.script",
      "handlerLine" : 23
    },
    {
      "identifier" : "EndTestCase",
      "message" : "(Duration:\"173.697247\", Errors:\"0\", Exceptions:\"0\", StartTime:\"2020-03-04 15:27:00 -0700\", Successes:\"1\", TestCase:\"index.script\", Warnings:\"0\")",
      "timestamp" : "2020-03-04 15:29:54.051 -0700"
    },
    {
      "identifier" : "SUCCESS",
      "message" : "Execution Time 0:02:53 index.script",
      "timestamp" : "2020-03-04 15:29:54.060 -0700"
    }
  ],
  "createdTimestamp" : "2020-03-04 15:27:00.353 -0700"
}