﻿<?xml version="1.0"?>
<statistics>
 <script name="Example Put-API">
  <LastStatus>Success</LastStatus>
  <NumberOfRuns>4</NumberOfRuns>
  <NumberOfFails>0</NumberOfFails>
  <FirstRun>2020-07-13 09:57:15 -0600</FirstRun>
  <LastRun>2020-07-15 11:00:57 -0600</LastRun>
  <TotalTimeOnSuccess>4.375684</TotalTimeOnSuccess>
 </script>
 <script name="Example Response Status Code-API">
  <LastStatus>Success</LastStatus>
  <NumberOfRuns>2</NumberOfRuns>
  <NumberOfFails>0</NumberOfFails>
  <FirstRun>2020-07-15 10:48:08 -0600</FirstRun>
  <LastRun>2020-07-15 10:48:14 -0600</LastRun>
  <TotalTimeOnSuccess>2.705704</TotalTimeOnSuccess>
 </script>
 <script name="Example Get-API">
  <LastStatus>Success</LastStatus>
  <NumberOfRuns>1</NumberOfRuns>
  <NumberOfFails>0</NumberOfFails>
  <FirstRun>2020-07-13 09:36:00 -0600</FirstRun>
  <LastRun>2020-07-13 09:36:00 -0600</LastRun>
  <TotalTimeOnSuccess>0.792026</TotalTimeOnSuccess>
 </script>
 <script name="Example Post Form URL Encoded-API">
  <LastStatus>Success</LastStatus>
  <NumberOfRuns>10</NumberOfRuns>
  <NumberOfFails>0</NumberOfFails>
  <FirstRun>2020-07-13 09:47:58 -0600</FirstRun>
  <LastRun>2020-07-13 09:53:38 -0600</LastRun>
  <TotalTimeOnSuccess>8.539979</TotalTimeOnSuccess>
 </script>
 <script name="Example Delay Response-API">
  <LastStatus>Success</LastStatus>
  <NumberOfRuns>1</NumberOfRuns>
  <NumberOfFails>0</NumberOfFails>
  <FirstRun>2020-07-15 10:49:01 -0600</FirstRun>
  <LastRun>2020-07-15 10:49:01 -0600</LastRun>
  <TotalTimeOnSuccess>3.273302</TotalTimeOnSuccess>
 </script>
 <script name="Example Basic OAuth-API">
  <LastStatus>Success</LastStatus>
  <NumberOfRuns>33</NumberOfRuns>
  <NumberOfFails>0</NumberOfFails>
  <FirstRun>2020-07-13 10:10:03 -0600</FirstRun>
  <LastRun>2020-07-15 10:45:40 -0600</LastRun>
  <TotalTimeOnSuccess>41.120554</TotalTimeOnSuccess>
 </script>
 <script name="Example Post Form URL Encoded Json-API">
  <LastStatus>Success</LastStatus>
  <NumberOfRuns>9</NumberOfRuns>
  <NumberOfFails>0</NumberOfFails>
  <FirstRun>2020-07-13 09:36:41 -0600</FirstRun>
  <LastRun>2020-07-13 09:45:11 -0600</LastRun>
  <TotalTimeOnSuccess>5.236683</TotalTimeOnSuccess>
 </script>
 <script name="Example Post Form Data-API">
  <LastStatus>Success</LastStatus>
  <NumberOfRuns>6</NumberOfRuns>
  <NumberOfFails>0</NumberOfFails>
  <FirstRun>2020-07-13 09:47:26 -0600</FirstRun>
  <LastRun>2020-07-13 09:54:54 -0600</LastRun>
  <TotalTimeOnSuccess>4.580331</TotalTimeOnSuccess>
 </script>
 <script name="Example Post Json-API">
  <LastStatus>Success</LastStatus>
  <NumberOfRuns>1</NumberOfRuns>
  <NumberOfFails>0</NumberOfFails>
  <FirstRun>2020-07-15 10:25:59 -0600</FirstRun>
  <LastRun>2020-07-15 10:25:59 -0600</LastRun>
  <TotalTimeOnSuccess>1.118604</TotalTimeOnSuccess>
 </script>
 <script name="Example Get Request Headers-API">
  <LastStatus>Success</LastStatus>
  <NumberOfRuns>8</NumberOfRuns>
  <NumberOfFails>0</NumberOfFails>
  <FirstRun>2020-07-13 10:01:06 -0600</FirstRun>
  <LastRun>2020-07-15 10:25:53 -0600</LastRun>
  <TotalTimeOnSuccess>7.545193</TotalTimeOnSuccess>
 </script>
 <script name="Example Post Form URL Encoded Text-API">
  <LastStatus>Success</LastStatus>
  <NumberOfRuns>6</NumberOfRuns>
  <NumberOfFails>0</NumberOfFails>
  <FirstRun>2020-07-13 09:40:27 -0600</FirstRun>
  <LastRun>2020-07-13 09:44:53 -0600</LastRun>
  <TotalTimeOnSuccess>4.262580</TotalTimeOnSuccess>
 </script>
 <script name="Example Get Response Headers-API">
  <LastStatus>Success</LastStatus>
  <NumberOfRuns>2</NumberOfRuns>
  <NumberOfFails>0</NumberOfFails>
  <FirstRun>2020-07-13 10:03:43 -0600</FirstRun>
  <LastRun>2020-07-13 10:04:08 -0600</LastRun>
  <TotalTimeOnSuccess>1.828579</TotalTimeOnSuccess>
 </script>
 <script name="TestAllAPIs">
  <LastStatus>Success</LastStatus>
  <NumberOfRuns>1</NumberOfRuns>
  <NumberOfFails>0</NumberOfFails>
  <FirstRun>2020-07-15 10:59:35 -0600</FirstRun>
  <LastRun>2020-07-15 10:59:35 -0600</LastRun>
  <TotalTimeOnSuccess>5.016965</TotalTimeOnSuccess>
 </script>
 <script name="Example Basic Authentication-API">
  <LastStatus>Success</LastStatus>
  <NumberOfRuns>2</NumberOfRuns>
  <NumberOfFails>0</NumberOfFails>
  <FirstRun>2020-07-13 10:08:50 -0600</FirstRun>
  <LastRun>2020-07-15 10:25:48 -0600</LastRun>
  <TotalTimeOnSuccess>2.721849</TotalTimeOnSuccess>
 </script>
</statistics>
