﻿Script,Last Status,Runs,Fails,First Run,Last Run,Avg Time(Success)
Example Put-API,Success,4,0,2020-07-13 09:57:15 -0600,2020-07-15 11:00:57 -0600,0:00:01
Example Response Status Code-API,Success,2,0,2020-07-15 10:48:08 -0600,2020-07-15 10:48:14 -0600,0:00:01
Example Get-API,Success,1,0,2020-07-13 09:36:00 -0600,2020-07-13 09:36:00 -0600,0:00:00
Example Post Form URL Encoded-API,Success,10,0,2020-07-13 09:47:58 -0600,2020-07-13 09:53:38 -0600,0:00:00
Example Delay Response-API,Success,1,0,2020-07-15 10:49:01 -0600,2020-07-15 10:49:01 -0600,0:00:03
Example Basic OAuth-API,Success,33,0,2020-07-13 10:10:03 -0600,2020-07-15 10:45:40 -0600,0:00:01
Example Post Form URL Encoded Json-API,Success,9,0,2020-07-13 09:36:41 -0600,2020-07-13 09:45:11 -0600,0:00:00
Example Post Form Data-API,Success,6,0,2020-07-13 09:47:26 -0600,2020-07-13 09:54:54 -0600,0:00:00
Example Post Json-API,Success,1,0,2020-07-15 10:25:59 -0600,2020-07-15 10:25:59 -0600,0:00:01
Example Get Request Headers-API,Success,8,0,2020-07-13 10:01:06 -0600,2020-07-15 10:25:53 -0600,0:00:00
Example Post Form URL Encoded Text-API,Success,6,0,2020-07-13 09:40:27 -0600,2020-07-13 09:44:53 -0600,0:00:00
Example Get Response Headers-API,Success,2,0,2020-07-13 10:03:43 -0600,2020-07-13 10:04:08 -0600,0:00:00
TestAllAPIs,Success,1,0,2020-07-15 10:59:35 -0600,2020-07-15 10:59:35 -0600,0:00:05
Example Basic Authentication-API,Success,2,0,2020-07-13 10:08:50 -0600,2020-07-15 10:25:48 -0600,0:00:01
