{
  "entries" : [
    {
      "identifier" : "START",
      "message" : "Running GeneratePatientAPI.script",
      "timestamp" : "2018-11-26 17:17:35.424 -0500"
    },
    {
      "handlerName" : "on_generatepatientapi",
      "message" : "[{\"name\":\"Benjamin\",\"surname\":\"Stephens\",\"gender\":\"male\",\"region\":\"United States\"},{\"name\":\"Bryan\",\"surname\":\"Hansen\",\"gender\":\"male\",\"region\":\"United States\"}]",
      "timestamp" : "2018-11-26 17:17:35.967 -0500",
      "identifier" : "Log",
      "scriptName" : "GeneratePatientAPI.script",
      "handlerLine" : 21
    },
    {
      "handlerName" : "on_generatepatientapi",
      "message" : "[{\"name\":\"Benjamin\",\"surname\":\"Stephens\",\"gender\":\"male\",\"region\":\"United States\"},{\"name\":\"Bryan\",\"surname\":\"Hansen\",\"gender\":\"male\",\"region\":\"United States\"}]",
      "timestamp" : "2018-11-26 17:17:36.018 -0500",
      "identifier" : "Log",
      "scriptName" : "GeneratePatientAPI.script",
      "handlerLine" : 21
    },
    {
      "identifier" : "EndTestCase",
      "message" : "(Duration:\"0.865722\", Errors:\"0\", Exceptions:\"0\", StartTime:\"2018-11-26 17:17:35 -0500\", Successes:\"1\", TestCase:\"GeneratePatientAPI.script\", Warnings:\"0\")",
      "timestamp" : "2018-11-26 17:17:36.312 -0500"
    },
    {
      "identifier" : "SUCCESS",
      "message" : "Execution Time 0:00:00 GeneratePatientAPI.script",
      "timestamp" : "2018-11-26 17:17:36.364 -0500"
    }
  ],
  "createdTimestamp" : "2018-11-26 17:17:35.446 -0500"
}