{
  "entries" : [
    {
      "identifier" : "START",
      "message" : "Running Script1.script",
      "timestamp" : "2020-05-14 09:19:38.585 -0600"
    },
    {
      "identifier" : "EndTestCase",
      "message" : "(Duration:\"263.734783\", Errors:\"1\", Exceptions:\"0\", StartTime:\"2020-05-14 09:19:38 -0600\", Successes:\"0\", TestCase:\"Script1.script\", Warnings:\"0\")",
      "timestamp" : "2020-05-14 09:24:02.321 -0600"
    },
    {
      "identifier" : "ABORTED",
      "message" : "Execution Time 0:04:23 Script1.script",
      "timestamp" : "2020-05-14 09:24:02.325 -0600"
    }
  ],
  "createdTimestamp" : "2020-05-14 09:19:38.586 -0600"
}