﻿<?xml version="1.0"?>
<statistics>
 <script name="MainSingleData">
  <LastStatus>Success</LastStatus>
  <NumberOfRuns>2</NumberOfRuns>
  <NumberOfFails>0</NumberOfFails>
  <FirstRun>2020-07-30 13:56:30 -0600</FirstRun>
  <LastRun>2020-07-30 13:56:35 -0600</LastRun>
  <TotalTimeOnSuccess>1.395523</TotalTimeOnSuccess>
 </script>
 <script name="Main">
  <LastStatus>Success</LastStatus>
  <NumberOfRuns>21</NumberOfRuns>
  <NumberOfFails>1</NumberOfFails>
  <FirstRun>2020-07-30 13:36:34 -0600</FirstRun>
  <LastRun>2020-07-30 13:55:30 -0600</LastRun>
  <TotalTimeOnSuccess>15.264133</TotalTimeOnSuccess>
 </script>
</statistics>
