﻿<?xml version="1.0"?>
<statistics>
 <script name="Script1">
  <LastStatus>Success</LastStatus>
  <NumberOfRuns>13</NumberOfRuns>
  <NumberOfFails>0</NumberOfFails>
  <FirstRun>2018-10-18 08:40:03 -0600</FirstRun>
  <LastRun>2018-10-18 10:14:35 -0600</LastRun>
  <TotalTimeOnSuccess>9.920710</TotalTimeOnSuccess>
 </script>
 <script name="Script2">
  <LastStatus>Failure</LastStatus>
  <NumberOfRuns>9</NumberOfRuns>
  <NumberOfFails>3</NumberOfFails>
  <FirstRun>2018-10-18 10:07:55 -0600</FirstRun>
  <LastRun>2018-10-18 10:14:39 -0600</LastRun>
  <TotalTimeOnSuccess>1.936249</TotalTimeOnSuccess>
 </script>
</statistics>
