{
  "entries" : [
    {
      "identifier" : "START",
      "message" : "Running Example Post Form Data.apitest",
      "timestamp" : "2020-07-13 09:54:40.694 -0600"
    },
    {
      "identifier" : "EndTestCase",
      "message" : "(Duration:\"0.615181\", Errors:\"0\", Exceptions:\"0\", StartTime:\"2020-07-13 09:54:40 -0600\", Successes:\"1\", TestCase:\"Example Post Form Data.apitest\", Warnings:\"0\")",
      "timestamp" : "2020-07-13 09:54:41.311 -0600"
    },
    {
      "identifier" : "SUCCESS",
      "message" : "Execution Time 0:00:00 Example Post Form Data.apitest",
      "timestamp" : "2020-07-13 09:54:41.322 -0600"
    }
  ],
  "createdTimestamp" : "2020-07-13 09:54:40.695 -0600"
}