{
  "entries" : [
    {
      "identifier" : "START",
      "message" : "Running index Second.script",
      "timestamp" : "2018-11-28 15:41:26.201 -0500"
    },
    {
      "identifier" : "EndTestCase",
      "message" : "(Duration:\"6.654348\", Errors:\"0\", Exceptions:\"0\", StartTime:\"2018-11-28 15:41:26 -0500\", Successes:\"1\", TestCase:\"index Second.script\", Warnings:\"0\")",
      "timestamp" : "2018-11-28 15:41:32.884 -0500"
    },
    {
      "identifier" : "SUCCESS",
      "message" : "Execution Time 0:00:06 index Second.script",
      "timestamp" : "2018-11-28 15:41:32.941 -0500"
    }
  ],
  "createdTimestamp" : "2018-11-28 15:41:26.230 -0500"
}