﻿<?xml version="1.0" encoding="UTF-8" ?>
<runHistory script="Untitled">
 <run>
  <RunDate>2021-04-08 13:08:34.513 -0600</RunDate>
  <Status>Success</Status>
  <Duration>0.216539</Duration>
  <Errors>0</Errors>
  <Warnings>0</Warnings>
  <Exceptions>0</Exceptions>
  <Successes>1</Successes>
  <LogFile>20210408_130834.513/LogFile.txt</LogFile>
  <ReturnValue></ReturnValue>
  <ErrorMessage></ErrorMessage>
 </run>
 <run>
  <RunDate>2021-04-10 21:54:17.995 -0600</RunDate>
  <Status>Success</Status>
  <Duration>0.247806</Duration>
  <Errors>0</Errors>
  <Warnings>0</Warnings>
  <Exceptions>0</Exceptions>
  <Successes>1</Successes>
  <LogFile>20210410_215417.995/LogFile.txt</LogFile>
  <ReturnValue></ReturnValue>
  <ErrorMessage></ErrorMessage>
 </run>
 <run>
  <RunDate>2021-04-10 21:54:30.645 -0600</RunDate>
  <Status>Success</Status>
  <Duration>0.225504</Duration>
  <Errors>0</Errors>
  <Warnings>0</Warnings>
  <Exceptions>0</Exceptions>
  <Successes>1</Successes>
  <LogFile>20210410_215430.645/LogFile.txt</LogFile>
  <ReturnValue></ReturnValue>
  <ErrorMessage></ErrorMessage>
 </run>
 <run>
  <RunDate>2021-04-10 21:59:50.621 -0600</RunDate>
  <Status>Success</Status>
  <Duration>0.198982</Duration>
  <Errors>0</Errors>
  <Warnings>0</Warnings>
  <Exceptions>0</Exceptions>
  <Successes>1</Successes>
  <LogFile>20210410_215950.621/LogFile.txt</LogFile>
  <ReturnValue></ReturnValue>
  <ErrorMessage></ErrorMessage>
 </run>
 <run>
  <RunDate>2021-04-10 22:00:50.031 -0600</RunDate>
  <Status>Success</Status>
  <Duration>0.196079</Duration>
  <Errors>0</Errors>
  <Warnings>0</Warnings>
  <Exceptions>0</Exceptions>
  <Successes>1</Successes>
  <LogFile>20210410_220050.031/LogFile.txt</LogFile>
  <ReturnValue></ReturnValue>
  <ErrorMessage></ErrorMessage>
 </run>
 <run>
  <RunDate>2021-04-10 22:01:34.950 -0600</RunDate>
  <Status>Success</Status>
  <Duration>0.193787</Duration>
  <Errors>0</Errors>
  <Warnings>0</Warnings>
  <Exceptions>0</Exceptions>
  <Successes>1</Successes>
  <LogFile>20210410_220134.950/LogFile.txt</LogFile>
  <ReturnValue></ReturnValue>
  <ErrorMessage></ErrorMessage>
 </run>
 <run>
  <RunDate>2021-04-10 22:01:55.639 -0600</RunDate>
  <Status>Success</Status>
  <Duration>0.190240</Duration>
  <Errors>0</Errors>
  <Warnings>0</Warnings>
  <Exceptions>0</Exceptions>
  <Successes>1</Successes>
  <LogFile>20210410_220155.639/LogFile.txt</LogFile>
  <ReturnValue></ReturnValue>
  <ErrorMessage></ErrorMessage>
 </run>
 <run>
  <RunDate>2021-04-10 22:02:26.082 -0600</RunDate>
  <Status>Failure</Status>
  <Duration>0.199404</Duration>
  <Errors>1</Errors>
  <Warnings>0</Warnings>
  <Exceptions>1</Exceptions>
  <Successes>0</Successes>
  <LogFile>20210410_220226.082/LogFile.txt</LogFile>
  <ReturnValue></ReturnValue>
  <ErrorMessage>Error Running Script Command -- add Error - Too Few Parameters, please use waitfor time, image1[, imageX]</ErrorMessage>
 </run>
 <run>
  <RunDate>2021-04-10 22:02:38.899 -0600</RunDate>
  <Status>Failure</Status>
  <Duration>0.203541</Duration>
  <Errors>1</Errors>
  <Warnings>0</Warnings>
  <Exceptions>1</Exceptions>
  <Successes>0</Successes>
  <LogFile>20210410_220238.899/LogFile.txt</LogFile>
  <ReturnValue></ReturnValue>
  <ErrorMessage>Error Running Script Command -- add Error - Too Few Parameters, please use waitfor time, image1[, imageX]</ErrorMessage>
 </run>
 <run>
  <RunDate>2021-04-10 22:03:00.802 -0600</RunDate>
  <Status>Failure</Status>
  <Duration>0.187547</Duration>
  <Errors>1</Errors>
  <Warnings>0</Warnings>
  <Exceptions>1</Exceptions>
  <Successes>0</Successes>
  <LogFile>20210410_220300.802/LogFile.txt</LogFile>
  <ReturnValue></ReturnValue>
  <ErrorMessage>Error Running Script Command -- add Error - Too Few Parameters, please use waitfor time, image1[, imageX]</ErrorMessage>
 </run>
 <run>
  <RunDate>2021-04-10 22:03:15.065 -0600</RunDate>
  <Status>Success</Status>
  <Duration>0.203680</Duration>
  <Errors>0</Errors>
  <Warnings>0</Warnings>
  <Exceptions>0</Exceptions>
  <Successes>1</Successes>
  <LogFile>20210410_220315.065/LogFile.txt</LogFile>
  <ReturnValue></ReturnValue>
  <ErrorMessage></ErrorMessage>
 </run>
 <run>
  <RunDate>2021-04-10 22:03:52.878 -0600</RunDate>
  <Status>Success</Status>
  <Duration>0.191822</Duration>
  <Errors>0</Errors>
  <Warnings>0</Warnings>
  <Exceptions>0</Exceptions>
  <Successes>1</Successes>
  <LogFile>20210410_220352.878/LogFile.txt</LogFile>
  <ReturnValue></ReturnValue>
  <ErrorMessage></ErrorMessage>
 </run>
 <run>
  <RunDate>2021-04-10 22:04:13.271 -0600</RunDate>
  <Status>Success</Status>
  <Duration>0.192572</Duration>
  <Errors>0</Errors>
  <Warnings>0</Warnings>
  <Exceptions>0</Exceptions>
  <Successes>1</Successes>
  <LogFile>20210410_220413.271/LogFile.txt</LogFile>
  <ReturnValue></ReturnValue>
  <ErrorMessage></ErrorMessage>
 </run>
 <run>
  <RunDate>2021-04-10 22:14:38.364 -0600</RunDate>
  <Status>Success</Status>
  <Duration>0.205473</Duration>
  <Errors>0</Errors>
  <Warnings>0</Warnings>
  <Exceptions>0</Exceptions>
  <Successes>1</Successes>
  <LogFile>20210410_221438.364/LogFile.txt</LogFile>
  <ReturnValue></ReturnValue>
  <ErrorMessage></ErrorMessage>
 </run>
 <run>
  <RunDate>2021-04-10 22:15:16.872 -0600</RunDate>
  <Status>Success</Status>
  <Duration>0.206701</Duration>
  <Errors>0</Errors>
  <Warnings>0</Warnings>
  <Exceptions>0</Exceptions>
  <Successes>1</Successes>
  <LogFile>20210410_221516.872/LogFile.txt</LogFile>
  <ReturnValue></ReturnValue>
  <ErrorMessage></ErrorMessage>
 </run>
 <run>
  <RunDate>2021-04-10 22:15:44.938 -0600</RunDate>
  <Status>Success</Status>
  <Duration>0.183480</Duration>
  <Errors>0</Errors>
  <Warnings>0</Warnings>
  <Exceptions>0</Exceptions>
  <Successes>1</Successes>
  <LogFile>20210410_221544.938/LogFile.txt</LogFile>
  <ReturnValue></ReturnValue>
  <ErrorMessage></ErrorMessage>
 </run>
 <run>
  <RunDate>2021-04-10 22:16:12.110 -0600</RunDate>
  <Status>Success</Status>
  <Duration>0.208551</Duration>
  <Errors>0</Errors>
  <Warnings>0</Warnings>
  <Exceptions>0</Exceptions>
  <Successes>1</Successes>
  <LogFile>20210410_221612.110/LogFile.txt</LogFile>
  <ReturnValue></ReturnValue>
  <ErrorMessage></ErrorMessage>
 </run>
 <run>
  <RunDate>2021-04-10 22:18:31.346 -0600</RunDate>
  <Status>Success</Status>
  <Duration>0.216297</Duration>
  <Errors>0</Errors>
  <Warnings>0</Warnings>
  <Exceptions>0</Exceptions>
  <Successes>1</Successes>
  <LogFile>20210410_221831.346/LogFile.txt</LogFile>
  <ReturnValue></ReturnValue>
  <ErrorMessage></ErrorMessage>
 </run>
 <run>
  <RunDate>2021-04-10 22:18:42.635 -0600</RunDate>
  <Status>Success</Status>
  <Duration>0.210141</Duration>
  <Errors>0</Errors>
  <Warnings>0</Warnings>
  <Exceptions>0</Exceptions>
  <Successes>1</Successes>
  <LogFile>20210410_221842.635/LogFile.txt</LogFile>
  <ReturnValue></ReturnValue>
  <ErrorMessage></ErrorMessage>
 </run>
 <run>
  <RunDate>2021-04-10 22:19:16.484 -0600</RunDate>
  <Status>Success</Status>
  <Duration>0.223955</Duration>
  <Errors>0</Errors>
  <Warnings>0</Warnings>
  <Exceptions>0</Exceptions>
  <Successes>1</Successes>
  <LogFile>20210410_221916.484/LogFile.txt</LogFile>
  <ReturnValue></ReturnValue>
  <ErrorMessage></ErrorMessage>
 </run>
 <run>
  <RunDate>2021-04-10 22:55:05.546 -0600</RunDate>
  <Status>Failure</Status>
  <Duration>0.176208</Duration>
  <Errors>1</Errors>
  <Warnings>0</Warnings>
  <Exceptions>0</Exceptions>
  <Successes>0</Successes>
  <LogFile>20210410_225505.546/LogFile.txt</LogFile>
  <ReturnValue></ReturnValue>
  <ErrorMessage>STFileException -- Failed to read file /Users/ranhesse/Documents/Simple_Examples/Customer HTML Reports/Sample Suite.suite/Results/Workflow01/20210301_194416.595</ErrorMessage>
 </run>
 <run>
  <RunDate>2021-04-10 22:55:21.713 -0600</RunDate>
  <Status>Success</Status>
  <Duration>0.233466</Duration>
  <Errors>0</Errors>
  <Warnings>0</Warnings>
  <Exceptions>0</Exceptions>
  <Successes>1</Successes>
  <LogFile>20210410_225521.713/LogFile.txt</LogFile>
  <ReturnValue></ReturnValue>
  <ErrorMessage></ErrorMessage>
 </run>
 <run>
  <RunDate>2021-04-10 23:01:45.586 -0600</RunDate>
  <Status>Success</Status>
  <Duration>0.236975</Duration>
  <Errors>0</Errors>
  <Warnings>0</Warnings>
  <Exceptions>0</Exceptions>
  <Successes>1</Successes>
  <LogFile>20210410_230145.586/LogFile.txt</LogFile>
  <ReturnValue></ReturnValue>
  <ErrorMessage></ErrorMessage>
 </run>
 <run>
  <RunDate>2021-04-10 23:01:48.244 -0600</RunDate>
  <Status>Success</Status>
  <Duration>0.235220</Duration>
  <Errors>0</Errors>
  <Warnings>0</Warnings>
  <Exceptions>0</Exceptions>
  <Successes>1</Successes>
  <LogFile>20210410_230148.244/LogFile.txt</LogFile>
  <ReturnValue></ReturnValue>
  <ErrorMessage></ErrorMessage>
 </run>
 <run>
  <RunDate>2021-04-10 23:02:12.118 -0600</RunDate>
  <Status>Success</Status>
  <Duration>0.243285</Duration>
  <Errors>0</Errors>
  <Warnings>0</Warnings>
  <Exceptions>0</Exceptions>
  <Successes>1</Successes>
  <LogFile>20210410_230212.118/LogFile.txt</LogFile>
  <ReturnValue></ReturnValue>
  <ErrorMessage></ErrorMessage>
 </run>
 <run>
  <RunDate>2021-04-10 23:02:36.158 -0600</RunDate>
  <Status>Success</Status>
  <Duration>0.224735</Duration>
  <Errors>0</Errors>
  <Warnings>0</Warnings>
  <Exceptions>0</Exceptions>
  <Successes>1</Successes>
  <LogFile>20210410_230236.158/LogFile.txt</LogFile>
  <ReturnValue></ReturnValue>
  <ErrorMessage></ErrorMessage>
 </run>
 <run>
  <RunDate>2021-04-10 23:03:20.650 -0600</RunDate>
  <Status>Success</Status>
  <Duration>0.210255</Duration>
  <Errors>0</Errors>
  <Warnings>0</Warnings>
  <Exceptions>0</Exceptions>
  <Successes>1</Successes>
  <LogFile>20210410_230320.650/LogFile.txt</LogFile>
  <ReturnValue></ReturnValue>
  <ErrorMessage></ErrorMessage>
 </run>
 <run>
  <RunDate>2021-04-10 23:07:39.456 -0600</RunDate>
  <Status>Success</Status>
  <Duration>0.220650</Duration>
  <Errors>0</Errors>
  <Warnings>0</Warnings>
  <Exceptions>0</Exceptions>
  <Successes>1</Successes>
  <LogFile>20210410_230739.456/LogFile.txt</LogFile>
  <ReturnValue></ReturnValue>
  <ErrorMessage></ErrorMessage>
 </run>
 <run>
  <RunDate>2021-04-10 23:08:32.524 -0600</RunDate>
  <Status>Success</Status>
  <Duration>0.242571</Duration>
  <Errors>0</Errors>
  <Warnings>0</Warnings>
  <Exceptions>0</Exceptions>
  <Successes>1</Successes>
  <LogFile>20210410_230832.524/LogFile.txt</LogFile>
  <ReturnValue></ReturnValue>
  <ErrorMessage></ErrorMessage>
 </run>
 <run>
  <RunDate>2021-04-10 23:08:51.242 -0600</RunDate>
  <Status>Success</Status>
  <Duration>0.230798</Duration>
  <Errors>0</Errors>
  <Warnings>0</Warnings>
  <Exceptions>0</Exceptions>
  <Successes>1</Successes>
  <LogFile>20210410_230851.242/LogFile.txt</LogFile>
  <ReturnValue></ReturnValue>
  <ErrorMessage></ErrorMessage>
 </run>
 <run>
  <RunDate>2021-04-10 23:22:51.687 -0600</RunDate>
  <Status>Success</Status>
  <Duration>0.230630</Duration>
  <Errors>0</Errors>
  <Warnings>0</Warnings>
  <Exceptions>0</Exceptions>
  <Successes>1</Successes>
  <LogFile>20210410_232251.687/LogFile.txt</LogFile>
  <ReturnValue></ReturnValue>
  <ErrorMessage></ErrorMessage>
 </run>
 <run>
  <RunDate>2021-04-10 23:39:08.331 -0600</RunDate>
  <Status>Success</Status>
  <Duration>0.253121</Duration>
  <Errors>0</Errors>
  <Warnings>0</Warnings>
  <Exceptions>0</Exceptions>
  <Successes>1</Successes>
  <LogFile>20210410_233908.331/LogFile.txt</LogFile>
  <ReturnValue></ReturnValue>
  <ErrorMessage></ErrorMessage>
 </run>
 <run>
  <RunDate>2021-04-12 15:24:16.295 -0600</RunDate>
  <Status>Failure</Status>
  <Duration>0.265970</Duration>
  <Errors>1</Errors>
  <Warnings>0</Warnings>
  <Exceptions>0</Exceptions>
  <Successes>0</Successes>
  <LogFile>20210412_152416.295/LogFile.txt</LogFile>
  <ReturnValue></ReturnValue>
  <ErrorMessage>NSInvalidArgumentException -- data parameter is nil</ErrorMessage>
 </run>
 <run>
  <RunDate>2021-04-12 15:24:29.946 -0600</RunDate>
  <Status>Success</Status>
  <Duration>0.332970</Duration>
  <Errors>0</Errors>
  <Warnings>0</Warnings>
  <Exceptions>0</Exceptions>
  <Successes>1</Successes>
  <LogFile>20210412_152429.946/LogFile.txt</LogFile>
  <ReturnValue></ReturnValue>
  <ErrorMessage></ErrorMessage>
 </run>
</runHistory>
