{
  "entries" : [
    {
      "identifier" : "START",
      "message" : "Running index.script",
      "timestamp" : "2021-01-18 12:21:47.531 -0700"
    },
    {
      "handlerName" : "on_definecolorarea",
      "message" : "calculating...",
      "timestamp" : "2021-01-18 12:21:47.623 -0700",
      "identifier" : "Log",
      "scriptName" : "",
      "handlerLine" : 27
    },
    {
      "handlerName" : "on_index",
      "message" : "{Light_Red:121}",
      "timestamp" : "2021-01-18 12:21:48.470 -0700",
      "identifier" : "Log",
      "scriptName" : "index.script",
      "handlerLine" : 28
    },
    {
      "identifier" : "EndTestCase",
      "message" : "(Duration:\"1.03011\", Errors:\"0\", Exceptions:\"0\", StartTime:\"2021-01-18 12:21:47 -0700\", Successes:\"1\", TestCase:\"index.script\", Warnings:\"0\")",
      "timestamp" : "2021-01-18 12:21:48.562 -0700"
    },
    {
      "identifier" : "SUCCESS",
      "message" : "Execution Time 0:00:01 index.script",
      "timestamp" : "2021-01-18 12:21:48.569 -0700"
    }
  ],
  "createdTimestamp" : "2021-01-18 12:21:47.532 -0700"
}