{
  "entries" : [
    {
      "identifier" : "START",
      "message" : "Running GeneratingHolds.script",
      "timestamp" : "2018-11-20 21:01:04.706 -0500"
    },
    {
      "handlerName" : "on_generatingholds",
      "message" : "2018-11-21",
      "timestamp" : "2018-11-20 21:01:04.879 -0500",
      "identifier" : "Log",
      "scriptName" : "GeneratingHolds.script",
      "handlerLine" : 14
    },
    {
      "identifier" : "EndTestCase",
      "message" : "(Duration:\"0.970302\", Errors:\"0\", Exceptions:\"0\", StartTime:\"2018-11-20 21:01:04 -0500\", Successes:\"1\", TestCase:\"GeneratingHolds.script\", Warnings:\"0\")",
      "timestamp" : "2018-11-20 21:01:05.708 -0500"
    },
    {
      "identifier" : "SUCCESS",
      "message" : "Execution Time 0:00:01 GeneratingHolds.script",
      "timestamp" : "2018-11-20 21:01:05.779 -0500"
    }
  ],
  "createdTimestamp" : "2018-11-20 21:01:04.738 -0500"
}