﻿<?xml version="1.0"?>
<runHistory script="Master2">
 <run>
  <RunDate>2019-04-18 17:20:33.449 -0600</RunDate>
  <Status>Success</Status>
  <Duration>0.105917</Duration>
  <Errors>0</Errors>
  <Warnings>0</Warnings>
  <Exceptions>0</Exceptions>
  <Successes>1</Successes>
  <LogFile>20190418_172033.449/LogFile.txt</LogFile>
  <ReturnValue></ReturnValue>
  <ErrorMessage></ErrorMessage>
 </run>
 <run>
  <RunDate>2019-04-18 19:15:51.221 -0600</RunDate>
  <Status>Success</Status>
  <Duration>0.382586</Duration>
  <Errors>0</Errors>
  <Warnings>0</Warnings>
  <Exceptions>0</Exceptions>
  <Successes>1</Successes>
  <LogFile>20190418_191551.221/LogFile.txt</LogFile>
  <ReturnValue></ReturnValue>
  <ErrorMessage></ErrorMessage>
 </run>
</runHistory>
