{
  "entries" : [
    {
      "identifier" : "START",
      "message" : "Running Script1.script",
      "timestamp" : "2020-05-14 09:53:11.201 -0600"
    },
    {
      "identifier" : "EndTestCase",
      "message" : "(Duration:\"51.31535\", Errors:\"1\", Exceptions:\"0\", StartTime:\"2020-05-14 09:53:11 -0600\", Successes:\"0\", TestCase:\"Script1.script\", Warnings:\"0\")",
      "timestamp" : "2020-05-14 09:54:02.518 -0600"
    },
    {
      "identifier" : "ABORTED",
      "message" : "Execution Time 0:00:51 Script1.script",
      "timestamp" : "2020-05-14 09:54:02.520 -0600"
    }
  ],
  "createdTimestamp" : "2020-05-14 09:53:11.202 -0600"
}