{
  "entries" : [
    {
      "identifier" : "START",
      "message" : "Running Master.script",
      "timestamp" : "2018-11-26 13:18:46.162 -0500"
    },
    {
      "identifier" : "EndTestCase",
      "message" : "(Duration:\"0.603373\", Errors:\"1\", Exceptions:\"0\", StartTime:\"2018-11-26 13:18:46 -0500\", Successes:\"0\", TestCase:\"Master.script\", Warnings:\"0\")",
      "timestamp" : "2018-11-26 13:18:46.796 -0500"
    },
    {
      "message" : "STUnknownMessage ERROR: No Such Function: 'new' -- Execution Time 0:00:00 Master.script",
      "timestamp" : "2018-11-26 13:18:48.285 -0500",
      "identifier" : "FAILURE",
      "image" : "Screen_Error.png"
    }
  ],
  "createdTimestamp" : "2018-11-26 13:18:46.193 -0500"
}