{
  "entries" : [
    {
      "identifier" : "START",
      "message" : "Running Main02.script",
      "timestamp" : "2021-04-10 23:38:52.261 -0600"
    },
    {
      "handlerName" : "on_definelocation",
      "message" : "Overwritting Folder",
      "timestamp" : "2021-04-10 23:38:52.344 -0600",
      "identifier" : "LogWarning",
      "scriptName" : "",
      "handlerLine" : 3
    },
    {
      "handlerName" : "on_htmlreport",
      "message" : "{Author:\"Randy Hesse\", CompanyName:\"Eggplant\", date:\"2021-03-01\", email:\"Randy.hesse@keysight.com\", Location:\"Boulder, CO\", ReportStats:{capturescreen:1, click:2, endtestcase:1, log:1, start:1, success:1, typetext:6, waitfor:3}, scriptname:\"Workflow01.script\", Suitename:\"Sample Suite.suite\", TelephoneNumber:\"(303) 555-0614\", time:\"19:44:16.599 -0700\", TotalSteps:16}",
      "timestamp" : "2021-04-10 23:38:52.478 -0600",
      "identifier" : "Log",
      "scriptName" : "",
      "handlerLine" : 4
    },
    {
      "identifier" : "EndTestCase",
      "message" : "(Duration:\"0.332305\", Errors:\"0\", Exceptions:\"0\", StartTime:\"2021-04-10 23:38:52 -0600\", Successes:\"1\", TestCase:\"Main02.script\", Warnings:\"1\")",
      "timestamp" : "2021-04-10 23:38:52.595 -0600"
    },
    {
      "identifier" : "SUCCESS",
      "message" : "Execution Time 0:00:00 Main02.script",
      "timestamp" : "2021-04-10 23:38:52.605 -0600"
    }
  ],
  "createdTimestamp" : "2021-04-10 23:38:52.262 -0600"
}