{
  "entries" : [
    {
      "identifier" : "START",
      "message" : "Running Main02.script",
      "timestamp" : "2021-04-10 21:51:39.903 -0600"
    },
    {
      "handlerName" : "on_grabstatistics",
      "message" : "Too Few Parameters, please use waitfor time, image1[, imageX]",
      "timestamp" : "2021-04-10 21:51:39.988 -0600",
      "identifier" : "Exception",
      "scriptName" : "",
      "handlerLine" : 9
    },
    {
      "identifier" : "EndTestCase",
      "message" : "(Duration:\"0.167064\", Errors:\"1\", Exceptions:\"1\", StartTime:\"2021-04-10 21:51:39 -0600\", Successes:\"0\", TestCase:\"Main02.script\", Warnings:\"0\")",
      "timestamp" : "2021-04-10 21:51:40.071 -0600"
    },
    {
      "identifier" : "FAILURE",
      "message" : "Error Running Script Command add Error - Too Few Parameters, please use waitfor time, image1[, imageX] -- Execution Time 0:00:00 Main02.script",
      "timestamp" : "2021-04-10 21:51:40.080 -0600"
    }
  ],
  "createdTimestamp" : "2021-04-10 21:51:39.904 -0600"
}