{
  "entries" : [
    {
      "identifier" : "START",
      "message" : "Running Main02.script",
      "timestamp" : "2021-04-10 23:26:03.621 -0600"
    },
    {
      "handlerName" : "on_definelocation",
      "message" : "Overwritting Folder",
      "timestamp" : "2021-04-10 23:26:03.698 -0600",
      "identifier" : "LogWarning",
      "scriptName" : "",
      "handlerLine" : 3
    },
    {
      "handlerName" : "on_htmlreport",
      "message" : "{Author:\"Randy Hesse\", CompanyName:\"Eggplant\", email:\"Randy.hesse@keysight.com\", Location:\"Boulder, CO\", ReportStats:{capturescreen:1, click:2, endtestcase:1, log:1, start:1, success:1, typetext:6, waitfor:3}, Suitename:\"Sample Suite.suite\", TelephoneNumber:\"(303) 555-0614\", TotalSteps:16}",
      "timestamp" : "2021-04-10 23:26:03.820 -0600",
      "identifier" : "Log",
      "scriptName" : "",
      "handlerLine" : 4
    },
    {
      "identifier" : "EndTestCase",
      "message" : "(Duration:\"0.330425\", Errors:\"1\", Exceptions:\"0\", StartTime:\"2021-04-10 23:26:03 -0600\", Successes:\"0\", TestCase:\"Main02.script\", Warnings:\"1\")",
      "timestamp" : "2021-04-10 23:26:03.952 -0600"
    },
    {
      "identifier" : "FAILURE",
      "message" : "STInvalidDate Value is not a date: '{Author:\"Randy Hesse\", Comp...' -- Execution Time 0:00:00 Main02.script",
      "timestamp" : "2021-04-10 23:26:03.961 -0600"
    }
  ],
  "createdTimestamp" : "2021-04-10 23:26:03.622 -0600"
}