{
  "entries" : [
    {
      "identifier" : "START",
      "message" : "Running Master.script",
      "timestamp" : "2018-11-26 14:35:49.709 -0500"
    },
    {
      "handlerName" : "on_master",
      "message" : "(\/Utilities\/Script1,\/Utilities\/Script3,\/Utilities\/Script2)",
      "timestamp" : "2018-11-26 14:35:49.789 -0500",
      "identifier" : "Log",
      "scriptName" : "Master.script",
      "handlerLine" : 19
    },
    {
      "handlerName" : "on_five",
      "message" : "five",
      "timestamp" : "2018-11-26 14:35:49.840 -0500",
      "identifier" : "Log",
      "scriptName" : "",
      "handlerLine" : 3
    },
    {
      "identifier" : "EndTestCase",
      "message" : "(Duration:\"0.336579\", Errors:\"0\", Exceptions:\"0\", StartTime:\"2018-11-26 14:35:49 -0500\", Successes:\"1\", TestCase:\"Master.script\", Warnings:\"0\")",
      "timestamp" : "2018-11-26 14:35:50.069 -0500"
    },
    {
      "identifier" : "SUCCESS",
      "message" : "Execution Time 0:00:00 Master.script",
      "timestamp" : "2018-11-26 14:35:50.119 -0500"
    }
  ],
  "createdTimestamp" : "2018-11-26 14:35:49.733 -0500"
}