{
  "entries" : [
    {
      "identifier" : "START",
      "message" : "Running AdvanceDates.script",
      "timestamp" : "2018-11-26 16:49:58.994 -0500"
    },
    {
      "handlerName" : "on_advancedates",
      "message" : "(2018-11-26,2018-11-28,2018-12-01,hello,2018-12-05,2018-12-05)",
      "timestamp" : "2018-11-26 16:49:59.037 -0500",
      "identifier" : "Log",
      "scriptName" : "AdvanceDates.script",
      "handlerLine" : 15
    },
    {
      "identifier" : "EndTestCase",
      "message" : "(Duration:\"0.302109\", Errors:\"0\", Exceptions:\"0\", StartTime:\"2018-11-26 16:49:59 -0500\", Successes:\"1\", TestCase:\"AdvanceDates.script\", Warnings:\"0\")",
      "timestamp" : "2018-11-26 16:49:59.317 -0500"
    },
    {
      "identifier" : "SUCCESS",
      "message" : "Execution Time 0:00:00 AdvanceDates.script",
      "timestamp" : "2018-11-26 16:49:59.368 -0500"
    }
  ],
  "createdTimestamp" : "2018-11-26 16:49:59.014 -0500"
}