{
  "entries" : [
    {
      "identifier" : "START",
      "message" : "Running Script1.script",
      "timestamp" : "2020-05-14 09:50:44.114 -0600"
    },
    {
      "identifier" : "EndTestCase",
      "message" : "(Duration:\"10.410381\", Errors:\"1\", Exceptions:\"0\", StartTime:\"2020-05-14 09:50:44 -0600\", Successes:\"0\", TestCase:\"Script1.script\", Warnings:\"0\")",
      "timestamp" : "2020-05-14 09:50:54.526 -0600"
    },
    {
      "identifier" : "ABORTED",
      "message" : "Execution Time 0:00:10 Script1.script",
      "timestamp" : "2020-05-14 09:50:54.528 -0600"
    }
  ],
  "createdTimestamp" : "2020-05-14 09:50:44.115 -0600"
}