{
  "entries" : [
    {
      "identifier" : "START",
      "message" : "Running index.script",
      "timestamp" : "2021-01-18 12:15:28.925 -0700"
    },
    {
      "handlerName" : "on_definecolorarea",
      "message" : "calculating...",
      "timestamp" : "2021-01-18 12:15:29.067 -0700",
      "identifier" : "Log",
      "scriptName" : "",
      "handlerLine" : 27
    },
    {
      "handlerName" : "on_index",
      "message" : "[[247,146,57],[239,93,66],[239,199,0],[82,190,49]]",
      "timestamp" : "2021-01-18 12:15:29.070 -0700",
      "identifier" : "Log",
      "scriptName" : "index.script",
      "handlerLine" : 20
    },
    {
      "handlerName" : "function_pixelmatch",
      "message" : "Pixel Count is: 399",
      "timestamp" : "2021-01-18 12:15:29.077 -0700",
      "identifier" : "Log",
      "scriptName" : "",
      "handlerLine" : 9
    },
    {
      "identifier" : "EndTestCase",
      "message" : "(Duration:\"11.386772\", Errors:\"1\", Exceptions:\"0\", StartTime:\"2021-01-18 12:15:28 -0700\", Successes:\"0\", TestCase:\"index.script\", Warnings:\"0\")",
      "timestamp" : "2021-01-18 12:15:40.313 -0700"
    },
    {
      "identifier" : "ABORTED",
      "message" : "Execution Time 0:00:11 index.script",
      "timestamp" : "2021-01-18 12:15:40.314 -0700"
    }
  ],
  "createdTimestamp" : "2021-01-18 12:15:28.926 -0700"
}