{
  "entries" : [
    {
      "identifier" : "START",
      "message" : "Running Example Basic Authentication.apitest",
      "timestamp" : "2020-07-15 10:25:48.214 -0600"
    },
    {
      "identifier" : "EndTestCase",
      "message" : "(Duration:\"1.427297\", Errors:\"0\", Exceptions:\"0\", StartTime:\"2020-07-15 10:25:48 -0600\", Successes:\"1\", TestCase:\"Example Basic Authentication.apitest\", Warnings:\"0\")",
      "timestamp" : "2020-07-15 10:25:49.643 -0600"
    },
    {
      "identifier" : "SUCCESS",
      "message" : "Execution Time 0:00:01 Example Basic Authentication.apitest",
      "timestamp" : "2020-07-15 10:25:49.676 -0600"
    }
  ],
  "createdTimestamp" : "2020-07-15 10:25:48.215 -0600"
}