{
  "entries" : [
    {
      "identifier" : "START",
      "message" : "Running Master.script",
      "timestamp" : "2019-04-18 19:04:50.039 -0600"
    },
    {
      "handlerName" : "on_master",
      "message" : "Starting Script....",
      "timestamp" : "2019-04-18 19:04:50.119 -0600",
      "identifier" : "Log",
      "scriptName" : "Master.script",
      "handlerLine" : 6
    },
    {
      "handlerName" : "on_master",
      "message" : "Environment is = ",
      "timestamp" : "2019-04-18 19:04:50.121 -0600",
      "identifier" : "Log",
      "scriptName" : "Master.script",
      "handlerLine" : 7
    },
    {
      "handlerName" : "on_master",
      "message" : "Environment is  unknown.  Automation will now exit.",
      "timestamp" : "2019-04-18 19:04:50.122 -0600",
      "identifier" : "Log",
      "scriptName" : "Master.script",
      "handlerLine" : 16
    },
    {
      "handlerName" : "on_master",
      "message" : "Test End",
      "timestamp" : "2019-04-18 19:04:50.123 -0600",
      "identifier" : "Log",
      "scriptName" : "Master.script",
      "handlerLine" : 19
    },
    {
      "identifier" : "EndTestCase",
      "message" : "(Duration:\"0.276865\", Errors:\"0\", Exceptions:\"0\", StartTime:\"2019-04-18 19:04:50 -0600\", Successes:\"1\", TestCase:\"Master.script\", Warnings:\"0\")",
      "timestamp" : "2019-04-18 19:04:50.318 -0600"
    },
    {
      "identifier" : "SUCCESS",
      "message" : "Execution Time 0:00:00 Master.script",
      "timestamp" : "2019-04-18 19:04:50.337 -0600"
    }
  ],
  "createdTimestamp" : "2019-04-18 19:04:50.041 -0600"
}