{
  "entries" : [
    {
      "identifier" : "START",
      "message" : "Running Script1.script",
      "timestamp" : "2020-05-14 09:16:37.780 -0600"
    },
    {
      "handlerName" : "on_script1",
      "message" : "Validation Warning: Empty request body.",
      "timestamp" : "2020-05-14 09:16:37.891 -0600",
      "identifier" : "LogWarning",
      "scriptName" : "Script1.script",
      "handlerLine" : 17
    },
    {
      "identifier" : "EndTestCase",
      "message" : "(Duration:\"1.560463\", Errors:\"1\", Exceptions:\"0\", StartTime:\"2020-05-14 09:16:37 -0600\", Successes:\"0\", TestCase:\"Script1.script\", Warnings:\"1\")",
      "timestamp" : "2020-05-14 09:16:39.342 -0600"
    },
    {
      "identifier" : "FAILURE",
      "message" : "Invalid JSON Can't get value of JSON expression 'A valid token must be passed.' (reason: Invalid value around character 0.) -- Execution Time 0:00:01 Script1.script",
      "timestamp" : "2020-05-14 09:16:39.351 -0600"
    }
  ],
  "createdTimestamp" : "2020-05-14 09:16:37.781 -0600"
}