{
  "entries" : [
    {
      "identifier" : "START",
      "message" : "Running Master.script",
      "timestamp" : "2018-11-26 12:35:36.381 -0500"
    },
    {
      "handlerName" : "on_master",
      "message" : "()",
      "timestamp" : "2018-11-26 12:35:36.502 -0500",
      "identifier" : "Log",
      "scriptName" : "Master.script",
      "handlerLine" : 8
    },
    {
      "identifier" : "EndTestCase",
      "message" : "(Duration:\"0.7362\", Errors:\"0\", Exceptions:\"0\", StartTime:\"2018-11-26 12:35:36 -0500\", Successes:\"1\", TestCase:\"Master.script\", Warnings:\"0\")",
      "timestamp" : "2018-11-26 12:35:37.147 -0500"
    },
    {
      "identifier" : "SUCCESS",
      "message" : "Execution Time 0:00:00 Master.script",
      "timestamp" : "2018-11-26 12:35:37.212 -0500"
    }
  ],
  "createdTimestamp" : "2018-11-26 12:35:36.411 -0500"
}