{
  "entries" : [
    {
      "identifier" : "START",
      "message" : "Running Master.script",
      "timestamp" : "2018-11-26 12:46:31.375 -0500"
    },
    {
      "handlerName" : "on_master",
      "message" : "(Script1.script,Script2.script)",
      "timestamp" : "2018-11-26 12:46:31.480 -0500",
      "identifier" : "Log",
      "scriptName" : "Master.script",
      "handlerLine" : 8
    },
    {
      "identifier" : "EndTestCase",
      "message" : "(Duration:\"0.714788\", Errors:\"1\", Exceptions:\"0\", StartTime:\"2018-11-26 12:46:31 -0500\", Successes:\"0\", TestCase:\"Master.script\", Warnings:\"0\")",
      "timestamp" : "2018-11-26 12:46:32.121 -0500"
    },
    {
      "message" : "SRUN_BadValue Bad value for Object expression.  Looking for an object or script identifier, got 'Modules\/Verify'. -- Execution Time 0:00:00 Master.script",
      "timestamp" : "2018-11-26 12:46:33.589 -0500",
      "identifier" : "FAILURE",
      "image" : "Screen_Error.png"
    }
  ],
  "createdTimestamp" : "2018-11-26 12:46:31.406 -0500"
}