{
  "entries" : [
    {
      "identifier" : "START",
      "message" : "Running AuthAPI2.apitest",
      "timestamp" : "2020-05-14 11:04:57.593 -0600"
    },
    {
      "identifier" : "EndTestCase",
      "message" : "(Duration:\"0.735035\", Errors:\"0\", Exceptions:\"0\", StartTime:\"2020-05-14 11:04:57 -0600\", Successes:\"1\", TestCase:\"AuthAPI2.apitest\", Warnings:\"0\")",
      "timestamp" : "2020-05-14 11:04:58.330 -0600"
    },
    {
      "identifier" : "SUCCESS",
      "message" : "Execution Time 0:00:00 AuthAPI2.apitest",
      "timestamp" : "2020-05-14 11:04:58.337 -0600"
    }
  ],
  "createdTimestamp" : "2020-05-14 11:04:57.594 -0600"
}