{
  "entries" : [
    {
      "identifier" : "START",
      "message" : "Running Master.script",
      "timestamp" : "2018-11-26 12:52:21.324 -0500"
    },
    {
      "identifier" : "EndTestCase",
      "message" : "(Duration:\"0.834056\", Errors:\"1\", Exceptions:\"0\", StartTime:\"2018-11-26 12:52:21 -0500\", Successes:\"0\", TestCase:\"Master.script\", Warnings:\"0\")",
      "timestamp" : "2018-11-26 12:52:22.194 -0500"
    },
    {
      "message" : "SRUN_BadValue Bad value for Object expression.  Looking for an object or script identifier, got '((:),(:))'. -- Execution Time 0:00:00 Master.script",
      "timestamp" : "2018-11-26 12:52:23.665 -0500",
      "identifier" : "FAILURE",
      "image" : "Screen_Error.png"
    }
  ],
  "createdTimestamp" : "2018-11-26 12:52:21.360 -0500"
}