﻿<?xml version="1.0"?>
<runHistory script="Processing/Create">
 <run>
  <RunDate>2018-11-17 12:36:44.306 -0500</RunDate>
  <Status>Success</Status>
  <Duration>0.573361</Duration>
  <Errors>0</Errors>
  <Warnings>0</Warnings>
  <Exceptions>0</Exceptions>
  <Successes>1</Successes>
  <LogFile>20181117_123644.306/LogFile.txt</LogFile>
  <ReturnValue></ReturnValue>
  <ErrorMessage></ErrorMessage>
 </run>
 <run>
  <RunDate>2018-11-21 17:29:00.181 -0500</RunDate>
  <Status>Success</Status>
  <Duration>0.410938</Duration>
  <Errors>0</Errors>
  <Warnings>0</Warnings>
  <Exceptions>0</Exceptions>
  <Successes>1</Successes>
  <LogFile>20181121_172900.181/LogFile.txt</LogFile>
  <ReturnValue></ReturnValue>
  <ErrorMessage></ErrorMessage>
 </run>
 <run>
  <RunDate>2018-11-21 17:29:01.398 -0500</RunDate>
  <Status>Success</Status>
  <Duration>0.423195</Duration>
  <Errors>0</Errors>
  <Warnings>0</Warnings>
  <Exceptions>0</Exceptions>
  <Successes>1</Successes>
  <LogFile>20181121_172901.398/LogFile.txt</LogFile>
  <ReturnValue></ReturnValue>
  <ErrorMessage></ErrorMessage>
 </run>
 <run>
  <RunDate>2018-11-21 17:29:02.653 -0500</RunDate>
  <Status>Success</Status>
  <Duration>0.407643</Duration>
  <Errors>0</Errors>
  <Warnings>0</Warnings>
  <Exceptions>0</Exceptions>
  <Successes>1</Successes>
  <LogFile>20181121_172902.653/LogFile.txt</LogFile>
  <ReturnValue></ReturnValue>
  <ErrorMessage></ErrorMessage>
 </run>
 <run>
  <RunDate>2018-11-21 17:30:41.788 -0500</RunDate>
  <Status>Success</Status>
  <Duration>0.417866</Duration>
  <Errors>0</Errors>
  <Warnings>0</Warnings>
  <Exceptions>0</Exceptions>
  <Successes>1</Successes>
  <LogFile>20181121_173041.788/LogFile.txt</LogFile>
  <ReturnValue></ReturnValue>
  <ErrorMessage></ErrorMessage>
 </run>
 <run>
  <RunDate>2018-11-21 17:30:43.008 -0500</RunDate>
  <Status>Success</Status>
  <Duration>0.409373</Duration>
  <Errors>0</Errors>
  <Warnings>0</Warnings>
  <Exceptions>0</Exceptions>
  <Successes>1</Successes>
  <LogFile>20181121_173043.008/LogFile.txt</LogFile>
  <ReturnValue></ReturnValue>
  <ErrorMessage></ErrorMessage>
 </run>
 <run>
  <RunDate>2018-11-21 17:30:43.614 -0500</RunDate>
  <Status>Success</Status>
  <Duration>0.427006</Duration>
  <Errors>0</Errors>
  <Warnings>0</Warnings>
  <Exceptions>0</Exceptions>
  <Successes>1</Successes>
  <LogFile>20181121_173043.614/LogFile.txt</LogFile>
  <ReturnValue></ReturnValue>
  <ErrorMessage></ErrorMessage>
 </run>
 <run>
  <RunDate>2018-11-21 17:30:44.953 -0500</RunDate>
  <Status>Success</Status>
  <Duration>0.520511</Duration>
  <Errors>0</Errors>
  <Warnings>0</Warnings>
  <Exceptions>0</Exceptions>
  <Successes>1</Successes>
  <LogFile>20181121_173044.953/LogFile.txt</LogFile>
  <ReturnValue></ReturnValue>
  <ErrorMessage></ErrorMessage>
 </run>
 <run>
  <RunDate>2018-11-21 17:30:45.699 -0500</RunDate>
  <Status>Success</Status>
  <Duration>0.483640</Duration>
  <Errors>0</Errors>
  <Warnings>0</Warnings>
  <Exceptions>0</Exceptions>
  <Successes>1</Successes>
  <LogFile>20181121_173045.699/LogFile.txt</LogFile>
  <ReturnValue></ReturnValue>
  <ErrorMessage></ErrorMessage>
 </run>
 <run>
  <RunDate>2018-11-21 17:30:49.306 -0500</RunDate>
  <Status>Failure</Status>
  <Duration>0.497290</Duration>
  <Errors>1</Errors>
  <Warnings>0</Warnings>
  <Exceptions>0</Exceptions>
  <Successes>0</Successes>
  <LogFile>20181121_173049.306/LogFile.txt</LogFile>
  <ReturnValue></ReturnValue>
  <ErrorMessage>Script Error -- Number of Errors logged: 1</ErrorMessage>
 </run>
 <run>
  <RunDate>2018-11-21 17:30:50.006 -0500</RunDate>
  <Status>Failure</Status>
  <Duration>0.589910</Duration>
  <Errors>1</Errors>
  <Warnings>0</Warnings>
  <Exceptions>0</Exceptions>
  <Successes>0</Successes>
  <LogFile>20181121_173050.006/LogFile.txt</LogFile>
  <ReturnValue></ReturnValue>
  <ErrorMessage>Script Error -- Number of Errors logged: 1</ErrorMessage>
 </run>
 <run>
  <RunDate>2018-11-21 17:30:50.817 -0500</RunDate>
  <Status>Failure</Status>
  <Duration>0.491291</Duration>
  <Errors>1</Errors>
  <Warnings>0</Warnings>
  <Exceptions>0</Exceptions>
  <Successes>0</Successes>
  <LogFile>20181121_173050.817/LogFile.txt</LogFile>
  <ReturnValue></ReturnValue>
  <ErrorMessage>Script Error -- Number of Errors logged: 1</ErrorMessage>
 </run>
 <run>
  <RunDate>2018-11-21 17:30:51.596 -0500</RunDate>
  <Status>Success</Status>
  <Duration>0.442304</Duration>
  <Errors>0</Errors>
  <Warnings>0</Warnings>
  <Exceptions>0</Exceptions>
  <Successes>1</Successes>
  <LogFile>20181121_173051.596/LogFile.txt</LogFile>
  <ReturnValue></ReturnValue>
  <ErrorMessage></ErrorMessage>
 </run>
 <run>
  <RunDate>2018-11-21 17:39:09.598 -0500</RunDate>
  <Status>Failure</Status>
  <Duration>0.499501</Duration>
  <Errors>1</Errors>
  <Warnings>0</Warnings>
  <Exceptions>0</Exceptions>
  <Successes>0</Successes>
  <LogFile>20181121_173909.598/LogFile.txt</LogFile>
  <ReturnValue></ReturnValue>
  <ErrorMessage>Script Error -- Number of Errors logged: 1</ErrorMessage>
 </run>
 <run>
  <RunDate>2018-11-21 17:39:10.460 -0500</RunDate>
  <Status>Failure</Status>
  <Duration>0.514836</Duration>
  <Errors>1</Errors>
  <Warnings>0</Warnings>
  <Exceptions>0</Exceptions>
  <Successes>0</Successes>
  <LogFile>20181121_173910.460/LogFile.txt</LogFile>
  <ReturnValue></ReturnValue>
  <ErrorMessage>Script Error -- Number of Errors logged: 1</ErrorMessage>
 </run>
 <run>
  <RunDate>2018-11-21 17:39:11.326 -0500</RunDate>
  <Status>Failure</Status>
  <Duration>0.506473</Duration>
  <Errors>1</Errors>
  <Warnings>0</Warnings>
  <Exceptions>0</Exceptions>
  <Successes>0</Successes>
  <LogFile>20181121_173911.326/LogFile.txt</LogFile>
  <ReturnValue></ReturnValue>
  <ErrorMessage>Script Error -- Number of Errors logged: 1</ErrorMessage>
 </run>
 <run>
  <RunDate>2018-11-21 17:39:12.203 -0500</RunDate>
  <Status>Success</Status>
  <Duration>0.452811</Duration>
  <Errors>0</Errors>
  <Warnings>0</Warnings>
  <Exceptions>0</Exceptions>
  <Successes>1</Successes>
  <LogFile>20181121_173912.203/LogFile.txt</LogFile>
  <ReturnValue></ReturnValue>
  <ErrorMessage></ErrorMessage>
 </run>
 <run>
  <RunDate>2018-11-21 17:39:13.029 -0500</RunDate>
  <Status>Success</Status>
  <Duration>0.446173</Duration>
  <Errors>0</Errors>
  <Warnings>0</Warnings>
  <Exceptions>0</Exceptions>
  <Successes>1</Successes>
  <LogFile>20181121_173913.029/LogFile.txt</LogFile>
  <ReturnValue></ReturnValue>
  <ErrorMessage></ErrorMessage>
 </run>
 <run>
  <RunDate>2018-11-21 17:39:13.842 -0500</RunDate>
  <Status>Success</Status>
  <Duration>0.433603</Duration>
  <Errors>0</Errors>
  <Warnings>0</Warnings>
  <Exceptions>0</Exceptions>
  <Successes>1</Successes>
  <LogFile>20181121_173913.842/LogFile.txt</LogFile>
  <ReturnValue></ReturnValue>
  <ErrorMessage></ErrorMessage>
 </run>
 <run>
  <RunDate>2018-11-21 17:39:14.668 -0500</RunDate>
  <Status>Success</Status>
  <Duration>0.451064</Duration>
  <Errors>0</Errors>
  <Warnings>0</Warnings>
  <Exceptions>0</Exceptions>
  <Successes>1</Successes>
  <LogFile>20181121_173914.668/LogFile.txt</LogFile>
  <ReturnValue></ReturnValue>
  <ErrorMessage></ErrorMessage>
 </run>
 <run>
  <RunDate>2018-11-21 17:49:50.240 -0500</RunDate>
  <Status>Success</Status>
  <Duration>0.423082</Duration>
  <Errors>0</Errors>
  <Warnings>0</Warnings>
  <Exceptions>0</Exceptions>
  <Successes>1</Successes>
  <LogFile>20181121_174950.240/LogFile.txt</LogFile>
  <ReturnValue></ReturnValue>
  <ErrorMessage></ErrorMessage>
 </run>
 <run>
  <RunDate>2018-11-21 17:49:51.558 -0500</RunDate>
  <Status>Success</Status>
  <Duration>0.415679</Duration>
  <Errors>0</Errors>
  <Warnings>0</Warnings>
  <Exceptions>0</Exceptions>
  <Successes>1</Successes>
  <LogFile>20181121_174951.558/LogFile.txt</LogFile>
  <ReturnValue></ReturnValue>
  <ErrorMessage></ErrorMessage>
 </run>
 <run>
  <RunDate>2018-11-21 17:49:52.823 -0500</RunDate>
  <Status>Success</Status>
  <Duration>0.446891</Duration>
  <Errors>0</Errors>
  <Warnings>0</Warnings>
  <Exceptions>0</Exceptions>
  <Successes>1</Successes>
  <LogFile>20181121_174952.823/LogFile.txt</LogFile>
  <ReturnValue></ReturnValue>
  <ErrorMessage></ErrorMessage>
 </run>
 <run>
  <RunDate>2018-11-21 17:49:53.536 -0500</RunDate>
  <Status>Success</Status>
  <Duration>0.469918</Duration>
  <Errors>0</Errors>
  <Warnings>0</Warnings>
  <Exceptions>0</Exceptions>
  <Successes>1</Successes>
  <LogFile>20181121_174953.536/LogFile.txt</LogFile>
  <ReturnValue></ReturnValue>
  <ErrorMessage></ErrorMessage>
 </run>
 <run>
  <RunDate>2018-11-21 17:49:54.238 -0500</RunDate>
  <Status>Success</Status>
  <Duration>0.447806</Duration>
  <Errors>0</Errors>
  <Warnings>0</Warnings>
  <Exceptions>0</Exceptions>
  <Successes>1</Successes>
  <LogFile>20181121_174954.238/LogFile.txt</LogFile>
  <ReturnValue></ReturnValue>
  <ErrorMessage></ErrorMessage>
 </run>
 <run>
  <RunDate>2018-11-21 17:51:05.613 -0500</RunDate>
  <Status>Failure</Status>
  <Duration>0.487427</Duration>
  <Errors>1</Errors>
  <Warnings>0</Warnings>
  <Exceptions>0</Exceptions>
  <Successes>0</Successes>
  <LogFile>20181121_175105.613/LogFile.txt</LogFile>
  <ReturnValue></ReturnValue>
  <ErrorMessage>Script Error -- Number of Errors logged: 1</ErrorMessage>
 </run>
 <run>
  <RunDate>2018-11-21 17:51:06.982 -0500</RunDate>
  <Status>Success</Status>
  <Duration>0.412470</Duration>
  <Errors>0</Errors>
  <Warnings>0</Warnings>
  <Exceptions>0</Exceptions>
  <Successes>1</Successes>
  <LogFile>20181121_175106.982/LogFile.txt</LogFile>
  <ReturnValue></ReturnValue>
  <ErrorMessage></ErrorMessage>
 </run>
 <run>
  <RunDate>2018-11-21 17:51:42.537 -0500</RunDate>
  <Status>Success</Status>
  <Duration>0.415011</Duration>
  <Errors>0</Errors>
  <Warnings>0</Warnings>
  <Exceptions>0</Exceptions>
  <Successes>1</Successes>
  <LogFile>20181121_175142.537/LogFile.txt</LogFile>
  <ReturnValue></ReturnValue>
  <ErrorMessage></ErrorMessage>
 </run>
 <run>
  <RunDate>2018-11-21 17:51:43.180 -0500</RunDate>
  <Status>Success</Status>
  <Duration>0.427132</Duration>
  <Errors>0</Errors>
  <Warnings>0</Warnings>
  <Exceptions>0</Exceptions>
  <Successes>1</Successes>
  <LogFile>20181121_175143.180/LogFile.txt</LogFile>
  <ReturnValue></ReturnValue>
  <ErrorMessage></ErrorMessage>
 </run>
 <run>
  <RunDate>2018-11-21 17:51:43.837 -0500</RunDate>
  <Status>Success</Status>
  <Duration>0.434495</Duration>
  <Errors>0</Errors>
  <Warnings>0</Warnings>
  <Exceptions>0</Exceptions>
  <Successes>1</Successes>
  <LogFile>20181121_175143.837/LogFile.txt</LogFile>
  <ReturnValue></ReturnValue>
  <ErrorMessage></ErrorMessage>
 </run>
 <run>
  <RunDate>2018-11-21 17:51:44.475 -0500</RunDate>
  <Status>Failure</Status>
  <Duration>0.509408</Duration>
  <Errors>1</Errors>
  <Warnings>0</Warnings>
  <Exceptions>0</Exceptions>
  <Successes>0</Successes>
  <LogFile>20181121_175144.475/LogFile.txt</LogFile>
  <ReturnValue></ReturnValue>
  <ErrorMessage>Script Error -- Number of Errors logged: 1</ErrorMessage>
 </run>
 <run>
  <RunDate>2018-11-21 17:51:45.215 -0500</RunDate>
  <Status>Success</Status>
  <Duration>0.436050</Duration>
  <Errors>0</Errors>
  <Warnings>0</Warnings>
  <Exceptions>0</Exceptions>
  <Successes>1</Successes>
  <LogFile>20181121_175145.215/LogFile.txt</LogFile>
  <ReturnValue></ReturnValue>
  <ErrorMessage></ErrorMessage>
 </run>
 <run>
  <RunDate>2018-11-21 17:51:45.857 -0500</RunDate>
  <Status>Success</Status>
  <Duration>0.430177</Duration>
  <Errors>0</Errors>
  <Warnings>0</Warnings>
  <Exceptions>0</Exceptions>
  <Successes>1</Successes>
  <LogFile>20181121_175145.857/LogFile.txt</LogFile>
  <ReturnValue></ReturnValue>
  <ErrorMessage></ErrorMessage>
 </run>
 <run>
  <RunDate>2018-11-21 18:33:55.664 -0500</RunDate>
  <Status>Success</Status>
  <Duration>0.289764</Duration>
  <Errors>0</Errors>
  <Warnings>0</Warnings>
  <Exceptions>0</Exceptions>
  <Successes>1</Successes>
  <LogFile>20181121_183355.664/LogFile.txt</LogFile>
  <ReturnValue></ReturnValue>
  <ErrorMessage></ErrorMessage>
 </run>
 <run>
  <RunDate>2018-11-21 18:33:56.608 -0500</RunDate>
  <Status>Success</Status>
  <Duration>0.319954</Duration>
  <Errors>0</Errors>
  <Warnings>0</Warnings>
  <Exceptions>0</Exceptions>
  <Successes>1</Successes>
  <LogFile>20181121_183356.608/LogFile.txt</LogFile>
  <ReturnValue></ReturnValue>
  <ErrorMessage></ErrorMessage>
 </run>
 <run>
  <RunDate>2018-11-21 18:33:57.100 -0500</RunDate>
  <Status>Success</Status>
  <Duration>0.319032</Duration>
  <Errors>0</Errors>
  <Warnings>0</Warnings>
  <Exceptions>0</Exceptions>
  <Successes>1</Successes>
  <LogFile>20181121_183357.100/LogFile.txt</LogFile>
  <ReturnValue></ReturnValue>
  <ErrorMessage></ErrorMessage>
 </run>
 <run>
  <RunDate>2018-11-21 18:33:58.147 -0500</RunDate>
  <Status>Success</Status>
  <Duration>0.319138</Duration>
  <Errors>0</Errors>
  <Warnings>0</Warnings>
  <Exceptions>0</Exceptions>
  <Successes>1</Successes>
  <LogFile>20181121_183358.147/LogFile.txt</LogFile>
  <ReturnValue></ReturnValue>
  <ErrorMessage></ErrorMessage>
 </run>
 <run>
  <RunDate>2018-11-21 18:33:58.636 -0500</RunDate>
  <Status>Success</Status>
  <Duration>0.307280</Duration>
  <Errors>0</Errors>
  <Warnings>0</Warnings>
  <Exceptions>0</Exceptions>
  <Successes>1</Successes>
  <LogFile>20181121_183358.636/LogFile.txt</LogFile>
  <ReturnValue></ReturnValue>
  <ErrorMessage></ErrorMessage>
 </run>
 <run>
  <RunDate>2018-11-21 18:33:59.144 -0500</RunDate>
  <Status>Failure</Status>
  <Duration>0.357167</Duration>
  <Errors>1</Errors>
  <Warnings>0</Warnings>
  <Exceptions>0</Exceptions>
  <Successes>0</Successes>
  <LogFile>20181121_183359.144/LogFile.txt</LogFile>
  <ReturnValue></ReturnValue>
  <ErrorMessage>Script Error -- Number of Errors logged: 1</ErrorMessage>
 </run>
 <run>
  <RunDate>2018-11-21 18:33:59.741 -0500</RunDate>
  <Status>Success</Status>
  <Duration>0.291885</Duration>
  <Errors>0</Errors>
  <Warnings>0</Warnings>
  <Exceptions>0</Exceptions>
  <Successes>1</Successes>
  <LogFile>20181121_183359.741/LogFile.txt</LogFile>
  <ReturnValue></ReturnValue>
  <ErrorMessage></ErrorMessage>
 </run>
 <run>
  <RunDate>2018-11-21 18:34:00.206 -0500</RunDate>
  <Status>Success</Status>
  <Duration>0.298280</Duration>
  <Errors>0</Errors>
  <Warnings>0</Warnings>
  <Exceptions>0</Exceptions>
  <Successes>1</Successes>
  <LogFile>20181121_183400.206/LogFile.txt</LogFile>
  <ReturnValue></ReturnValue>
  <ErrorMessage></ErrorMessage>
 </run>
 <run>
  <RunDate>2018-11-21 18:34:00.722 -0500</RunDate>
  <Status>Success</Status>
  <Duration>0.305321</Duration>
  <Errors>0</Errors>
  <Warnings>0</Warnings>
  <Exceptions>0</Exceptions>
  <Successes>1</Successes>
  <LogFile>20181121_183400.722/LogFile.txt</LogFile>
  <ReturnValue></ReturnValue>
  <ErrorMessage></ErrorMessage>
 </run>
 <run>
  <RunDate>2018-11-21 18:34:01.246 -0500</RunDate>
  <Status>Success</Status>
  <Duration>0.310427</Duration>
  <Errors>0</Errors>
  <Warnings>0</Warnings>
  <Exceptions>0</Exceptions>
  <Successes>1</Successes>
  <LogFile>20181121_183401.246/LogFile.txt</LogFile>
  <ReturnValue></ReturnValue>
  <ErrorMessage></ErrorMessage>
 </run>
 <run>
  <RunDate>2018-11-21 18:35:30.462 -0500</RunDate>
  <Status>Success</Status>
  <Duration>0.320274</Duration>
  <Errors>0</Errors>
  <Warnings>0</Warnings>
  <Exceptions>0</Exceptions>
  <Successes>1</Successes>
  <LogFile>20181121_183530.462/LogFile.txt</LogFile>
  <ReturnValue></ReturnValue>
  <ErrorMessage></ErrorMessage>
 </run>
 <run>
  <RunDate>2018-11-21 18:35:31.476 -0500</RunDate>
  <Status>Success</Status>
  <Duration>0.296328</Duration>
  <Errors>0</Errors>
  <Warnings>0</Warnings>
  <Exceptions>0</Exceptions>
  <Successes>1</Successes>
  <LogFile>20181121_183531.476/LogFile.txt</LogFile>
  <ReturnValue></ReturnValue>
  <ErrorMessage></ErrorMessage>
 </run>
 <run>
  <RunDate>2018-11-21 18:35:31.942 -0500</RunDate>
  <Status>Failure</Status>
  <Duration>0.366522</Duration>
  <Errors>1</Errors>
  <Warnings>0</Warnings>
  <Exceptions>0</Exceptions>
  <Successes>0</Successes>
  <LogFile>20181121_183531.942/LogFile.txt</LogFile>
  <ReturnValue></ReturnValue>
  <ErrorMessage>Script Error -- Number of Errors logged: 1</ErrorMessage>
 </run>
 <run>
  <RunDate>2018-11-21 18:35:33.034 -0500</RunDate>
  <Status>Success</Status>
  <Duration>0.298043</Duration>
  <Errors>0</Errors>
  <Warnings>0</Warnings>
  <Exceptions>0</Exceptions>
  <Successes>1</Successes>
  <LogFile>20181121_183533.034/LogFile.txt</LogFile>
  <ReturnValue></ReturnValue>
  <ErrorMessage></ErrorMessage>
 </run>
 <run>
  <RunDate>2018-11-21 18:35:33.511 -0500</RunDate>
  <Status>Success</Status>
  <Duration>0.298658</Duration>
  <Errors>0</Errors>
  <Warnings>0</Warnings>
  <Exceptions>0</Exceptions>
  <Successes>1</Successes>
  <LogFile>20181121_183533.511/LogFile.txt</LogFile>
  <ReturnValue></ReturnValue>
  <ErrorMessage></ErrorMessage>
 </run>
 <run>
  <RunDate>2018-11-21 18:35:34.007 -0500</RunDate>
  <Status>Failure</Status>
  <Duration>0.391605</Duration>
  <Errors>1</Errors>
  <Warnings>0</Warnings>
  <Exceptions>0</Exceptions>
  <Successes>0</Successes>
  <LogFile>20181121_183534.007/LogFile.txt</LogFile>
  <ReturnValue></ReturnValue>
  <ErrorMessage>Script Error -- Number of Errors logged: 1</ErrorMessage>
 </run>
 <run>
  <RunDate>2018-11-21 18:35:34.629 -0500</RunDate>
  <Status>Success</Status>
  <Duration>0.326991</Duration>
  <Errors>0</Errors>
  <Warnings>0</Warnings>
  <Exceptions>0</Exceptions>
  <Successes>1</Successes>
  <LogFile>20181121_183534.629/LogFile.txt</LogFile>
  <ReturnValue></ReturnValue>
  <ErrorMessage></ErrorMessage>
 </run>
 <run>
  <RunDate>2018-11-21 18:35:35.128 -0500</RunDate>
  <Status>Success</Status>
  <Duration>0.307357</Duration>
  <Errors>0</Errors>
  <Warnings>0</Warnings>
  <Exceptions>0</Exceptions>
  <Successes>1</Successes>
  <LogFile>20181121_183535.128/LogFile.txt</LogFile>
  <ReturnValue></ReturnValue>
  <ErrorMessage></ErrorMessage>
 </run>
 <run>
  <RunDate>2018-11-21 18:35:35.625 -0500</RunDate>
  <Status>Success</Status>
  <Duration>0.302235</Duration>
  <Errors>0</Errors>
  <Warnings>0</Warnings>
  <Exceptions>0</Exceptions>
  <Successes>1</Successes>
  <LogFile>20181121_183535.625/LogFile.txt</LogFile>
  <ReturnValue></ReturnValue>
  <ErrorMessage></ErrorMessage>
 </run>
 <run>
  <RunDate>2018-11-21 18:35:36.141 -0500</RunDate>
  <Status>Failure</Status>
  <Duration>0.357868</Duration>
  <Errors>1</Errors>
  <Warnings>0</Warnings>
  <Exceptions>0</Exceptions>
  <Successes>0</Successes>
  <LogFile>20181121_183536.141/LogFile.txt</LogFile>
  <ReturnValue></ReturnValue>
  <ErrorMessage>Script Error -- Number of Errors logged: 1</ErrorMessage>
 </run>
 <run>
  <RunDate>2018-11-26 15:36:06.041 -0500</RunDate>
  <Status>Success</Status>
  <Duration>0.513050</Duration>
  <Errors>0</Errors>
  <Warnings>0</Warnings>
  <Exceptions>0</Exceptions>
  <Successes>1</Successes>
  <LogFile>20181126_153606.041/LogFile.txt</LogFile>
  <ReturnValue></ReturnValue>
  <ErrorMessage></ErrorMessage>
 </run>
 <run>
  <RunDate>2018-11-26 15:36:06.921 -0500</RunDate>
  <Status>Success</Status>
  <Duration>0.543499</Duration>
  <Errors>0</Errors>
  <Warnings>0</Warnings>
  <Exceptions>0</Exceptions>
  <Successes>1</Successes>
  <LogFile>20181126_153606.921/LogFile.txt</LogFile>
  <ReturnValue></ReturnValue>
  <ErrorMessage></ErrorMessage>
 </run>
 <run>
  <RunDate>2018-11-26 15:36:07.694 -0500</RunDate>
  <Status>Success</Status>
  <Duration>0.501270</Duration>
  <Errors>0</Errors>
  <Warnings>0</Warnings>
  <Exceptions>0</Exceptions>
  <Successes>1</Successes>
  <LogFile>20181126_153607.694/LogFile.txt</LogFile>
  <ReturnValue></ReturnValue>
  <ErrorMessage></ErrorMessage>
 </run>
 <run>
  <RunDate>2018-11-26 15:36:08.423 -0500</RunDate>
  <Status>Failure</Status>
  <Duration>0.561624</Duration>
  <Errors>1</Errors>
  <Warnings>0</Warnings>
  <Exceptions>0</Exceptions>
  <Successes>0</Successes>
  <LogFile>20181126_153608.423/LogFile.txt</LogFile>
  <ReturnValue></ReturnValue>
  <ErrorMessage>Script Error -- Number of Errors logged: 1</ErrorMessage>
 </run>
 <run>
  <RunDate>2018-11-26 15:36:13.452 -0500</RunDate>
  <Status>Success</Status>
  <Duration>0.564685</Duration>
  <Errors>0</Errors>
  <Warnings>0</Warnings>
  <Exceptions>0</Exceptions>
  <Successes>1</Successes>
  <LogFile>20181126_153613.452/LogFile.txt</LogFile>
  <ReturnValue></ReturnValue>
  <ErrorMessage></ErrorMessage>
 </run>
 <run>
  <RunDate>2018-11-26 15:36:14.291 -0500</RunDate>
  <Status>Failure</Status>
  <Duration>0.687337</Duration>
  <Errors>1</Errors>
  <Warnings>0</Warnings>
  <Exceptions>0</Exceptions>
  <Successes>0</Successes>
  <LogFile>20181126_153614.291/LogFile.txt</LogFile>
  <ReturnValue></ReturnValue>
  <ErrorMessage>Script Error -- Number of Errors logged: 1</ErrorMessage>
 </run>
 <run>
  <RunDate>2018-11-26 15:36:19.463 -0500</RunDate>
  <Status>Success</Status>
  <Duration>0.494519</Duration>
  <Errors>0</Errors>
  <Warnings>0</Warnings>
  <Exceptions>0</Exceptions>
  <Successes>1</Successes>
  <LogFile>20181126_153619.463/LogFile.txt</LogFile>
  <ReturnValue></ReturnValue>
  <ErrorMessage></ErrorMessage>
 </run>
 <run>
  <RunDate>2018-11-26 15:36:20.172 -0500</RunDate>
  <Status>Success</Status>
  <Duration>0.461567</Duration>
  <Errors>0</Errors>
  <Warnings>0</Warnings>
  <Exceptions>0</Exceptions>
  <Successes>1</Successes>
  <LogFile>20181126_153620.172/LogFile.txt</LogFile>
  <ReturnValue></ReturnValue>
  <ErrorMessage></ErrorMessage>
 </run>
 <run>
  <RunDate>2018-11-26 15:36:20.837 -0500</RunDate>
  <Status>Success</Status>
  <Duration>0.496492</Duration>
  <Errors>0</Errors>
  <Warnings>0</Warnings>
  <Exceptions>0</Exceptions>
  <Successes>1</Successes>
  <LogFile>20181126_153620.837/LogFile.txt</LogFile>
  <ReturnValue></ReturnValue>
  <ErrorMessage></ErrorMessage>
 </run>
 <run>
  <RunDate>2018-11-26 15:36:22.264 -0500</RunDate>
  <Status>Failure</Status>
  <Duration>0.678585</Duration>
  <Errors>1</Errors>
  <Warnings>0</Warnings>
  <Exceptions>0</Exceptions>
  <Successes>0</Successes>
  <LogFile>20181126_153622.264/LogFile.txt</LogFile>
  <ReturnValue></ReturnValue>
  <ErrorMessage>Script Error -- Number of Errors logged: 1</ErrorMessage>
 </run>
 <run>
  <RunDate>2018-11-26 15:36:46.417 -0500</RunDate>
  <Status>Success</Status>
  <Duration>0.452145</Duration>
  <Errors>0</Errors>
  <Warnings>0</Warnings>
  <Exceptions>0</Exceptions>
  <Successes>1</Successes>
  <LogFile>20181126_153646.417/LogFile.txt</LogFile>
  <ReturnValue></ReturnValue>
  <ErrorMessage></ErrorMessage>
 </run>
 <run>
  <RunDate>2018-11-26 15:36:47.092 -0500</RunDate>
  <Status>Success</Status>
  <Duration>0.549525</Duration>
  <Errors>0</Errors>
  <Warnings>0</Warnings>
  <Exceptions>0</Exceptions>
  <Successes>1</Successes>
  <LogFile>20181126_153647.092/LogFile.txt</LogFile>
  <ReturnValue></ReturnValue>
  <ErrorMessage></ErrorMessage>
 </run>
 <run>
  <RunDate>2018-11-26 15:38:22.369 -0500</RunDate>
  <Status>Success</Status>
  <Duration>0.459846</Duration>
  <Errors>0</Errors>
  <Warnings>0</Warnings>
  <Exceptions>0</Exceptions>
  <Successes>1</Successes>
  <LogFile>20181126_153822.369/LogFile.txt</LogFile>
  <ReturnValue></ReturnValue>
  <ErrorMessage></ErrorMessage>
 </run>
 <run>
  <RunDate>2018-11-26 15:38:23.081 -0500</RunDate>
  <Status>Failure</Status>
  <Duration>0.407821</Duration>
  <Errors>1</Errors>
  <Warnings>0</Warnings>
  <Exceptions>0</Exceptions>
  <Successes>0</Successes>
  <LogFile>20181126_153823.081/LogFile.txt</LogFile>
  <ReturnValue></ReturnValue>
  <ErrorMessage>Script Error -- Number of Errors logged: 1</ErrorMessage>
 </run>
 <run>
  <RunDate>2018-11-26 15:38:27.901 -0500</RunDate>
  <Status>Success</Status>
  <Duration>0.317384</Duration>
  <Errors>0</Errors>
  <Warnings>0</Warnings>
  <Exceptions>0</Exceptions>
  <Successes>1</Successes>
  <LogFile>20181126_153827.901/LogFile.txt</LogFile>
  <ReturnValue></ReturnValue>
  <ErrorMessage></ErrorMessage>
 </run>
 <run>
  <RunDate>2018-11-26 15:38:28.925 -0500</RunDate>
  <Status>Success</Status>
  <Duration>0.346831</Duration>
  <Errors>0</Errors>
  <Warnings>0</Warnings>
  <Exceptions>0</Exceptions>
  <Successes>1</Successes>
  <LogFile>20181126_153828.925/LogFile.txt</LogFile>
  <ReturnValue></ReturnValue>
  <ErrorMessage></ErrorMessage>
 </run>
 <run>
  <RunDate>2018-11-26 15:38:30.026 -0500</RunDate>
  <Status>Success</Status>
  <Duration>0.344466</Duration>
  <Errors>0</Errors>
  <Warnings>0</Warnings>
  <Exceptions>0</Exceptions>
  <Successes>1</Successes>
  <LogFile>20181126_153830.026/LogFile.txt</LogFile>
  <ReturnValue></ReturnValue>
  <ErrorMessage></ErrorMessage>
 </run>
 <run>
  <RunDate>2018-11-26 15:38:30.599 -0500</RunDate>
  <Status>Success</Status>
  <Duration>0.373053</Duration>
  <Errors>0</Errors>
  <Warnings>0</Warnings>
  <Exceptions>0</Exceptions>
  <Successes>1</Successes>
  <LogFile>20181126_153830.599/LogFile.txt</LogFile>
  <ReturnValue></ReturnValue>
  <ErrorMessage></ErrorMessage>
 </run>
 <run>
  <RunDate>2018-11-26 15:38:31.164 -0500</RunDate>
  <Status>Success</Status>
  <Duration>0.344587</Duration>
  <Errors>0</Errors>
  <Warnings>0</Warnings>
  <Exceptions>0</Exceptions>
  <Successes>1</Successes>
  <LogFile>20181126_153831.164/LogFile.txt</LogFile>
  <ReturnValue></ReturnValue>
  <ErrorMessage></ErrorMessage>
 </run>
 <run>
  <RunDate>2018-11-26 15:39:55.303 -0500</RunDate>
  <Status>Success</Status>
  <Duration>0.446266</Duration>
  <Errors>0</Errors>
  <Warnings>0</Warnings>
  <Exceptions>0</Exceptions>
  <Successes>1</Successes>
  <LogFile>20181126_153955.303/LogFile.txt</LogFile>
  <ReturnValue></ReturnValue>
  <ErrorMessage></ErrorMessage>
 </run>
 <run>
  <RunDate>2018-11-26 15:40:01.054 -0500</RunDate>
  <Status>Success</Status>
  <Duration>0.596450</Duration>
  <Errors>0</Errors>
  <Warnings>0</Warnings>
  <Exceptions>0</Exceptions>
  <Successes>1</Successes>
  <LogFile>20181126_154001.054/LogFile.txt</LogFile>
  <ReturnValue></ReturnValue>
  <ErrorMessage></ErrorMessage>
 </run>
 <run>
  <RunDate>2018-11-26 15:40:02.106 -0500</RunDate>
  <Status>Success</Status>
  <Duration>0.663936</Duration>
  <Errors>0</Errors>
  <Warnings>0</Warnings>
  <Exceptions>0</Exceptions>
  <Successes>1</Successes>
  <LogFile>20181126_154002.106/LogFile.txt</LogFile>
  <ReturnValue></ReturnValue>
  <ErrorMessage></ErrorMessage>
 </run>
 <run>
  <RunDate>2018-11-26 15:40:03.012 -0500</RunDate>
  <Status>Success</Status>
  <Duration>0.522446</Duration>
  <Errors>0</Errors>
  <Warnings>0</Warnings>
  <Exceptions>0</Exceptions>
  <Successes>1</Successes>
  <LogFile>20181126_154003.012/LogFile.txt</LogFile>
  <ReturnValue></ReturnValue>
  <ErrorMessage></ErrorMessage>
 </run>
 <run>
  <RunDate>2018-11-26 15:40:03.782 -0500</RunDate>
  <Status>Success</Status>
  <Duration>0.470281</Duration>
  <Errors>0</Errors>
  <Warnings>0</Warnings>
  <Exceptions>0</Exceptions>
  <Successes>1</Successes>
  <LogFile>20181126_154003.782/LogFile.txt</LogFile>
  <ReturnValue></ReturnValue>
  <ErrorMessage></ErrorMessage>
 </run>
 <run>
  <RunDate>2018-11-26 15:40:04.550 -0500</RunDate>
  <Status>Success</Status>
  <Duration>0.559116</Duration>
  <Errors>0</Errors>
  <Warnings>0</Warnings>
  <Exceptions>0</Exceptions>
  <Successes>1</Successes>
  <LogFile>20181126_154004.550/LogFile.txt</LogFile>
  <ReturnValue></ReturnValue>
  <ErrorMessage></ErrorMessage>
 </run>
 <run>
  <RunDate>2018-11-26 15:41:04.393 -0500</RunDate>
  <Status>Success</Status>
  <Duration>0.469806</Duration>
  <Errors>0</Errors>
  <Warnings>0</Warnings>
  <Exceptions>0</Exceptions>
  <Successes>1</Successes>
  <LogFile>20181126_154104.393/LogFile.txt</LogFile>
  <ReturnValue></ReturnValue>
  <ErrorMessage></ErrorMessage>
 </run>
 <run>
  <RunDate>2018-11-26 15:41:05.800 -0500</RunDate>
  <Status>Success</Status>
  <Duration>0.529746</Duration>
  <Errors>0</Errors>
  <Warnings>0</Warnings>
  <Exceptions>0</Exceptions>
  <Successes>1</Successes>
  <LogFile>20181126_154105.800/LogFile.txt</LogFile>
  <ReturnValue></ReturnValue>
  <ErrorMessage></ErrorMessage>
 </run>
 <run>
  <RunDate>2018-11-26 15:41:06.651 -0500</RunDate>
  <Status>Success</Status>
  <Duration>0.543608</Duration>
  <Errors>0</Errors>
  <Warnings>0</Warnings>
  <Exceptions>0</Exceptions>
  <Successes>1</Successes>
  <LogFile>20181126_154106.651/LogFile.txt</LogFile>
  <ReturnValue></ReturnValue>
  <ErrorMessage></ErrorMessage>
 </run>
 <run>
  <RunDate>2018-11-26 15:41:07.560 -0500</RunDate>
  <Status>Success</Status>
  <Duration>0.507924</Duration>
  <Errors>0</Errors>
  <Warnings>0</Warnings>
  <Exceptions>0</Exceptions>
  <Successes>1</Successes>
  <LogFile>20181126_154107.560/LogFile.txt</LogFile>
  <ReturnValue></ReturnValue>
  <ErrorMessage></ErrorMessage>
 </run>
 <run>
  <RunDate>2018-11-26 15:41:08.374 -0500</RunDate>
  <Status>Success</Status>
  <Duration>0.475074</Duration>
  <Errors>0</Errors>
  <Warnings>0</Warnings>
  <Exceptions>0</Exceptions>
  <Successes>1</Successes>
  <LogFile>20181126_154108.374/LogFile.txt</LogFile>
  <ReturnValue></ReturnValue>
  <ErrorMessage></ErrorMessage>
 </run>
 <run>
  <RunDate>2018-11-26 15:58:27.996 -0500</RunDate>
  <Status>Success</Status>
  <Duration>0.402799</Duration>
  <Errors>0</Errors>
  <Warnings>0</Warnings>
  <Exceptions>0</Exceptions>
  <Successes>1</Successes>
  <LogFile>20181126_155827.996/LogFile.txt</LogFile>
  <ReturnValue></ReturnValue>
  <ErrorMessage></ErrorMessage>
 </run>
 <run>
  <RunDate>2018-11-26 15:58:33.477 -0500</RunDate>
  <Status>Success</Status>
  <Duration>0.336701</Duration>
  <Errors>0</Errors>
  <Warnings>0</Warnings>
  <Exceptions>0</Exceptions>
  <Successes>1</Successes>
  <LogFile>20181126_155833.477/LogFile.txt</LogFile>
  <ReturnValue></ReturnValue>
  <ErrorMessage></ErrorMessage>
 </run>
 <run>
  <RunDate>2018-11-26 15:58:34.019 -0500</RunDate>
  <Status>Success</Status>
  <Duration>0.353876</Duration>
  <Errors>0</Errors>
  <Warnings>0</Warnings>
  <Exceptions>0</Exceptions>
  <Successes>1</Successes>
  <LogFile>20181126_155834.019/LogFile.txt</LogFile>
  <ReturnValue></ReturnValue>
  <ErrorMessage></ErrorMessage>
 </run>
 <run>
  <RunDate>2018-11-26 15:58:34.720 -0500</RunDate>
  <Status>Success</Status>
  <Duration>0.352735</Duration>
  <Errors>0</Errors>
  <Warnings>0</Warnings>
  <Exceptions>0</Exceptions>
  <Successes>1</Successes>
  <LogFile>20181126_155834.720/LogFile.txt</LogFile>
  <ReturnValue></ReturnValue>
  <ErrorMessage></ErrorMessage>
 </run>
 <run>
  <RunDate>2018-11-26 15:58:35.323 -0500</RunDate>
  <Status>Success</Status>
  <Duration>0.370646</Duration>
  <Errors>0</Errors>
  <Warnings>0</Warnings>
  <Exceptions>0</Exceptions>
  <Successes>1</Successes>
  <LogFile>20181126_155835.323/LogFile.txt</LogFile>
  <ReturnValue></ReturnValue>
  <ErrorMessage></ErrorMessage>
 </run>
 <run>
  <RunDate>2018-11-26 16:59:40.087 -0500</RunDate>
  <Status>Failure</Status>
  <Duration>0.374227</Duration>
  <Errors>1</Errors>
  <Warnings>0</Warnings>
  <Exceptions>0</Exceptions>
  <Successes>0</Successes>
  <LogFile>20181126_165940.087/LogFile.txt</LogFile>
  <ReturnValue></ReturnValue>
  <ErrorMessage>Script Error -- Number of Errors logged: 1</ErrorMessage>
 </run>
 <run>
  <RunDate>2018-11-26 16:59:40.667 -0500</RunDate>
  <Status>Success</Status>
  <Duration>0.304231</Duration>
  <Errors>0</Errors>
  <Warnings>0</Warnings>
  <Exceptions>0</Exceptions>
  <Successes>1</Successes>
  <LogFile>20181126_165940.667/LogFile.txt</LogFile>
  <ReturnValue></ReturnValue>
  <ErrorMessage></ErrorMessage>
 </run>
 <run>
  <RunDate>2018-11-26 16:59:41.142 -0500</RunDate>
  <Status>Success</Status>
  <Duration>0.319506</Duration>
  <Errors>0</Errors>
  <Warnings>0</Warnings>
  <Exceptions>0</Exceptions>
  <Successes>1</Successes>
  <LogFile>20181126_165941.142/LogFile.txt</LogFile>
  <ReturnValue></ReturnValue>
  <ErrorMessage></ErrorMessage>
 </run>
 <run>
  <RunDate>2018-11-26 16:59:42.226 -0500</RunDate>
  <Status>Success</Status>
  <Duration>0.311180</Duration>
  <Errors>0</Errors>
  <Warnings>0</Warnings>
  <Exceptions>0</Exceptions>
  <Successes>1</Successes>
  <LogFile>20181126_165942.226/LogFile.txt</LogFile>
  <ReturnValue></ReturnValue>
  <ErrorMessage></ErrorMessage>
 </run>
 <run>
  <RunDate>2018-11-26 16:59:42.768 -0500</RunDate>
  <Status>Success</Status>
  <Duration>0.346106</Duration>
  <Errors>0</Errors>
  <Warnings>0</Warnings>
  <Exceptions>0</Exceptions>
  <Successes>1</Successes>
  <LogFile>20181126_165942.768/LogFile.txt</LogFile>
  <ReturnValue></ReturnValue>
  <ErrorMessage></ErrorMessage>
 </run>
 <run>
  <RunDate>2018-11-26 16:59:43.338 -0500</RunDate>
  <Status>Success</Status>
  <Duration>0.347174</Duration>
  <Errors>0</Errors>
  <Warnings>0</Warnings>
  <Exceptions>0</Exceptions>
  <Successes>1</Successes>
  <LogFile>20181126_165943.338/LogFile.txt</LogFile>
  <ReturnValue></ReturnValue>
  <ErrorMessage></ErrorMessage>
 </run>
 <run>
  <RunDate>2018-11-26 16:59:43.872 -0500</RunDate>
  <Status>Success</Status>
  <Duration>0.394369</Duration>
  <Errors>0</Errors>
  <Warnings>0</Warnings>
  <Exceptions>0</Exceptions>
  <Successes>1</Successes>
  <LogFile>20181126_165943.872/LogFile.txt</LogFile>
  <ReturnValue></ReturnValue>
  <ErrorMessage></ErrorMessage>
 </run>
 <run>
  <RunDate>2018-11-26 16:59:44.486 -0500</RunDate>
  <Status>Failure</Status>
  <Duration>0.402566</Duration>
  <Errors>1</Errors>
  <Warnings>0</Warnings>
  <Exceptions>0</Exceptions>
  <Successes>0</Successes>
  <LogFile>20181126_165944.486/LogFile.txt</LogFile>
  <ReturnValue></ReturnValue>
  <ErrorMessage>Script Error -- Number of Errors logged: 1</ErrorMessage>
 </run>
 <run>
  <RunDate>2018-11-26 16:59:45.094 -0500</RunDate>
  <Status>Success</Status>
  <Duration>0.306389</Duration>
  <Errors>0</Errors>
  <Warnings>0</Warnings>
  <Exceptions>0</Exceptions>
  <Successes>1</Successes>
  <LogFile>20181126_165945.094/LogFile.txt</LogFile>
  <ReturnValue></ReturnValue>
  <ErrorMessage></ErrorMessage>
 </run>
 <run>
  <RunDate>2018-11-26 16:59:45.581 -0500</RunDate>
  <Status>Success</Status>
  <Duration>0.303076</Duration>
  <Errors>0</Errors>
  <Warnings>0</Warnings>
  <Exceptions>0</Exceptions>
  <Successes>1</Successes>
  <LogFile>20181126_165945.581/LogFile.txt</LogFile>
  <ReturnValue></ReturnValue>
  <ErrorMessage></ErrorMessage>
 </run>
 <run>
  <RunDate>2018-11-26 17:00:05.269 -0500</RunDate>
  <Status>Success</Status>
  <Duration>0.366330</Duration>
  <Errors>0</Errors>
  <Warnings>0</Warnings>
  <Exceptions>0</Exceptions>
  <Successes>1</Successes>
  <LogFile>20181126_170005.269/LogFile.txt</LogFile>
  <ReturnValue></ReturnValue>
  <ErrorMessage></ErrorMessage>
 </run>
 <run>
  <RunDate>2018-11-26 17:00:05.861 -0500</RunDate>
  <Status>Success</Status>
  <Duration>0.317000</Duration>
  <Errors>0</Errors>
  <Warnings>0</Warnings>
  <Exceptions>0</Exceptions>
  <Successes>1</Successes>
  <LogFile>20181126_170005.861/LogFile.txt</LogFile>
  <ReturnValue></ReturnValue>
  <ErrorMessage></ErrorMessage>
 </run>
 <run>
  <RunDate>2018-11-26 17:00:06.392 -0500</RunDate>
  <Status>Success</Status>
  <Duration>0.429920</Duration>
  <Errors>0</Errors>
  <Warnings>0</Warnings>
  <Exceptions>0</Exceptions>
  <Successes>1</Successes>
  <LogFile>20181126_170006.392/LogFile.txt</LogFile>
  <ReturnValue></ReturnValue>
  <ErrorMessage></ErrorMessage>
 </run>
 <run>
  <RunDate>2018-11-26 17:00:07.716 -0500</RunDate>
  <Status>Failure</Status>
  <Duration>0.443751</Duration>
  <Errors>1</Errors>
  <Warnings>0</Warnings>
  <Exceptions>0</Exceptions>
  <Successes>0</Successes>
  <LogFile>20181126_170007.716/LogFile.txt</LogFile>
  <ReturnValue></ReturnValue>
  <ErrorMessage>Script Error -- Number of Errors logged: 1</ErrorMessage>
 </run>
 <run>
  <RunDate>2018-11-26 17:00:08.390 -0500</RunDate>
  <Status>Success</Status>
  <Duration>0.312576</Duration>
  <Errors>0</Errors>
  <Warnings>0</Warnings>
  <Exceptions>0</Exceptions>
  <Successes>1</Successes>
  <LogFile>20181126_170008.390/LogFile.txt</LogFile>
  <ReturnValue></ReturnValue>
  <ErrorMessage></ErrorMessage>
 </run>
 <run>
  <RunDate>2018-11-26 17:00:08.941 -0500</RunDate>
  <Status>Success</Status>
  <Duration>0.394779</Duration>
  <Errors>0</Errors>
  <Warnings>0</Warnings>
  <Exceptions>0</Exceptions>
  <Successes>1</Successes>
  <LogFile>20181126_170008.941/LogFile.txt</LogFile>
  <ReturnValue></ReturnValue>
  <ErrorMessage></ErrorMessage>
 </run>
 <run>
  <RunDate>2018-11-26 17:00:09.615 -0500</RunDate>
  <Status>Success</Status>
  <Duration>0.533423</Duration>
  <Errors>0</Errors>
  <Warnings>0</Warnings>
  <Exceptions>0</Exceptions>
  <Successes>1</Successes>
  <LogFile>20181126_170009.615/LogFile.txt</LogFile>
  <ReturnValue></ReturnValue>
  <ErrorMessage></ErrorMessage>
 </run>
 <run>
  <RunDate>2018-11-26 17:00:10.429 -0500</RunDate>
  <Status>Failure</Status>
  <Duration>0.419766</Duration>
  <Errors>1</Errors>
  <Warnings>0</Warnings>
  <Exceptions>0</Exceptions>
  <Successes>0</Successes>
  <LogFile>20181126_170010.429/LogFile.txt</LogFile>
  <ReturnValue></ReturnValue>
  <ErrorMessage>Script Error -- Number of Errors logged: 1</ErrorMessage>
 </run>
 <run>
  <RunDate>2018-11-26 17:00:11.056 -0500</RunDate>
  <Status>Success</Status>
  <Duration>0.332728</Duration>
  <Errors>0</Errors>
  <Warnings>0</Warnings>
  <Exceptions>0</Exceptions>
  <Successes>1</Successes>
  <LogFile>20181126_170011.056/LogFile.txt</LogFile>
  <ReturnValue></ReturnValue>
  <ErrorMessage></ErrorMessage>
 </run>
 <run>
  <RunDate>2018-11-26 17:00:11.575 -0500</RunDate>
  <Status>Success</Status>
  <Duration>0.373652</Duration>
  <Errors>0</Errors>
  <Warnings>0</Warnings>
  <Exceptions>0</Exceptions>
  <Successes>1</Successes>
  <LogFile>20181126_170011.575/LogFile.txt</LogFile>
  <ReturnValue></ReturnValue>
  <ErrorMessage></ErrorMessage>
 </run>
 <run>
  <RunDate>2019-04-03 13:57:35.597 -0500</RunDate>
  <Status>Success</Status>
  <Duration>0.020038</Duration>
  <Errors>0</Errors>
  <Warnings>0</Warnings>
  <Exceptions>0</Exceptions>
  <Successes>1</Successes>
  <LogFile>20190403_135735.597/LogFile.txt</LogFile>
  <ReturnValue></ReturnValue>
  <ErrorMessage></ErrorMessage>
 </run>
 <run>
  <RunDate>2019-04-03 13:57:35.921 -0500</RunDate>
  <Status>Success</Status>
  <Duration>0.019607</Duration>
  <Errors>0</Errors>
  <Warnings>0</Warnings>
  <Exceptions>0</Exceptions>
  <Successes>1</Successes>
  <LogFile>20190403_135735.921/LogFile.txt</LogFile>
  <ReturnValue></ReturnValue>
  <ErrorMessage></ErrorMessage>
 </run>
 <run>
  <RunDate>2019-04-03 13:57:36.033 -0500</RunDate>
  <Status>Success</Status>
  <Duration>0.020820</Duration>
  <Errors>0</Errors>
  <Warnings>0</Warnings>
  <Exceptions>0</Exceptions>
  <Successes>1</Successes>
  <LogFile>20190403_135736.033/LogFile.txt</LogFile>
  <ReturnValue></ReturnValue>
  <ErrorMessage></ErrorMessage>
 </run>
 <run>
  <RunDate>2019-04-03 13:59:24.184 -0500</RunDate>
  <Status>Failure</Status>
  <Duration>0.018299</Duration>
  <Errors>1</Errors>
  <Warnings>0</Warnings>
  <Exceptions>0</Exceptions>
  <Successes>0</Successes>
  <LogFile>20190403_135924.184/LogFile.txt</LogFile>
  <ReturnValue></ReturnValue>
  <ErrorMessage>Script Error -- Number of Errors logged: 1</ErrorMessage>
 </run>
 <run>
  <RunDate>2019-04-03 13:59:24.840 -0500</RunDate>
  <Status>Success</Status>
  <Duration>0.015692</Duration>
  <Errors>0</Errors>
  <Warnings>0</Warnings>
  <Exceptions>0</Exceptions>
  <Successes>1</Successes>
  <LogFile>20190403_135924.840/LogFile.txt</LogFile>
  <ReturnValue></ReturnValue>
  <ErrorMessage></ErrorMessage>
 </run>
 <run>
  <RunDate>2019-04-03 13:59:24.935 -0500</RunDate>
  <Status>Failure</Status>
  <Duration>0.016276</Duration>
  <Errors>1</Errors>
  <Warnings>0</Warnings>
  <Exceptions>0</Exceptions>
  <Successes>0</Successes>
  <LogFile>20190403_135924.935/LogFile.txt</LogFile>
  <ReturnValue></ReturnValue>
  <ErrorMessage>Script Error -- Number of Errors logged: 1</ErrorMessage>
 </run>
 <run>
  <RunDate>2019-04-03 13:59:47.895 -0500</RunDate>
  <Status>Success</Status>
  <Duration>0.016682</Duration>
  <Errors>0</Errors>
  <Warnings>0</Warnings>
  <Exceptions>0</Exceptions>
  <Successes>1</Successes>
  <LogFile>20190403_135947.895/LogFile.txt</LogFile>
  <ReturnValue></ReturnValue>
  <ErrorMessage></ErrorMessage>
 </run>
 <run>
  <RunDate>2019-04-03 13:59:48.035 -0500</RunDate>
  <Status>Success</Status>
  <Duration>0.022051</Duration>
  <Errors>0</Errors>
  <Warnings>0</Warnings>
  <Exceptions>0</Exceptions>
  <Successes>1</Successes>
  <LogFile>20190403_135948.035/LogFile.txt</LogFile>
  <ReturnValue></ReturnValue>
  <ErrorMessage></ErrorMessage>
 </run>
 <run>
  <RunDate>2019-04-03 13:59:48.260 -0500</RunDate>
  <Status>Success</Status>
  <Duration>0.037785</Duration>
  <Errors>0</Errors>
  <Warnings>0</Warnings>
  <Exceptions>0</Exceptions>
  <Successes>1</Successes>
  <LogFile>20190403_135948.260/LogFile.txt</LogFile>
  <ReturnValue></ReturnValue>
  <ErrorMessage></ErrorMessage>
 </run>
 <run>
  <RunDate>2019-04-03 13:59:48.422 -0500</RunDate>
  <Status>Success</Status>
  <Duration>0.014102</Duration>
  <Errors>0</Errors>
  <Warnings>0</Warnings>
  <Exceptions>0</Exceptions>
  <Successes>1</Successes>
  <LogFile>20190403_135948.422/LogFile.txt</LogFile>
  <ReturnValue></ReturnValue>
  <ErrorMessage></ErrorMessage>
 </run>
 <run>
  <RunDate>2019-04-03 13:59:48.540 -0500</RunDate>
  <Status>Success</Status>
  <Duration>0.014134</Duration>
  <Errors>0</Errors>
  <Warnings>0</Warnings>
  <Exceptions>0</Exceptions>
  <Successes>1</Successes>
  <LogFile>20190403_135948.540/LogFile.txt</LogFile>
  <ReturnValue></ReturnValue>
  <ErrorMessage></ErrorMessage>
 </run>
 <run>
  <RunDate>2019-04-03 13:59:48.616 -0500</RunDate>
  <Status>Success</Status>
  <Duration>0.013095</Duration>
  <Errors>0</Errors>
  <Warnings>0</Warnings>
  <Exceptions>0</Exceptions>
  <Successes>1</Successes>
  <LogFile>20190403_135948.616/LogFile.txt</LogFile>
  <ReturnValue></ReturnValue>
  <ErrorMessage></ErrorMessage>
 </run>
 <run>
  <RunDate>2019-04-03 14:00:23.243 -0500</RunDate>
  <Status>Failure</Status>
  <Duration>0.015559</Duration>
  <Errors>1</Errors>
  <Warnings>0</Warnings>
  <Exceptions>0</Exceptions>
  <Successes>0</Successes>
  <LogFile>20190403_140023.243/LogFile.txt</LogFile>
  <ReturnValue></ReturnValue>
  <ErrorMessage>Script Error -- Number of Errors logged: 1</ErrorMessage>
 </run>
 <run>
  <RunDate>2019-04-03 14:00:23.751 -0500</RunDate>
  <Status>Success</Status>
  <Duration>0.018380</Duration>
  <Errors>0</Errors>
  <Warnings>0</Warnings>
  <Exceptions>0</Exceptions>
  <Successes>1</Successes>
  <LogFile>20190403_140023.751/LogFile.txt</LogFile>
  <ReturnValue></ReturnValue>
  <ErrorMessage></ErrorMessage>
 </run>
 <run>
  <RunDate>2019-04-03 14:00:23.953 -0500</RunDate>
  <Status>Success</Status>
  <Duration>0.021325</Duration>
  <Errors>0</Errors>
  <Warnings>0</Warnings>
  <Exceptions>0</Exceptions>
  <Successes>1</Successes>
  <LogFile>20190403_140023.953/LogFile.txt</LogFile>
  <ReturnValue></ReturnValue>
  <ErrorMessage></ErrorMessage>
 </run>
 <run>
  <RunDate>2019-04-03 14:00:24.083 -0500</RunDate>
  <Status>Success</Status>
  <Duration>0.015860</Duration>
  <Errors>0</Errors>
  <Warnings>0</Warnings>
  <Exceptions>0</Exceptions>
  <Successes>1</Successes>
  <LogFile>20190403_140024.083/LogFile.txt</LogFile>
  <ReturnValue></ReturnValue>
  <ErrorMessage></ErrorMessage>
 </run>
 <run>
  <RunDate>2019-04-03 14:00:24.195 -0500</RunDate>
  <Status>Success</Status>
  <Duration>0.022200</Duration>
  <Errors>0</Errors>
  <Warnings>0</Warnings>
  <Exceptions>0</Exceptions>
  <Successes>1</Successes>
  <LogFile>20190403_140024.195/LogFile.txt</LogFile>
  <ReturnValue></ReturnValue>
  <ErrorMessage></ErrorMessage>
 </run>
 <run>
  <RunDate>2019-04-03 14:00:24.289 -0500</RunDate>
  <Status>Failure</Status>
  <Duration>0.016294</Duration>
  <Errors>1</Errors>
  <Warnings>0</Warnings>
  <Exceptions>0</Exceptions>
  <Successes>0</Successes>
  <LogFile>20190403_140024.289/LogFile.txt</LogFile>
  <ReturnValue></ReturnValue>
  <ErrorMessage>Script Error -- Number of Errors logged: 1</ErrorMessage>
 </run>
 <run>
  <RunDate>2019-04-03 14:00:43.456 -0500</RunDate>
  <Status>Success</Status>
  <Duration>0.023474</Duration>
  <Errors>0</Errors>
  <Warnings>0</Warnings>
  <Exceptions>0</Exceptions>
  <Successes>1</Successes>
  <LogFile>20190403_140043.456/LogFile.txt</LogFile>
  <ReturnValue></ReturnValue>
  <ErrorMessage></ErrorMessage>
 </run>
 <run>
  <RunDate>2019-04-03 14:00:43.605 -0500</RunDate>
  <Status>Failure</Status>
  <Duration>0.022330</Duration>
  <Errors>1</Errors>
  <Warnings>0</Warnings>
  <Exceptions>0</Exceptions>
  <Successes>0</Successes>
  <LogFile>20190403_140043.605/LogFile.txt</LogFile>
  <ReturnValue></ReturnValue>
  <ErrorMessage>Script Error -- Number of Errors logged: 1</ErrorMessage>
 </run>
 <run>
  <RunDate>2019-04-03 14:00:44.084 -0500</RunDate>
  <Status>Success</Status>
  <Duration>0.020091</Duration>
  <Errors>0</Errors>
  <Warnings>0</Warnings>
  <Exceptions>0</Exceptions>
  <Successes>1</Successes>
  <LogFile>20190403_140044.084/LogFile.txt</LogFile>
  <ReturnValue></ReturnValue>
  <ErrorMessage></ErrorMessage>
 </run>
 <run>
  <RunDate>2019-04-03 14:00:44.313 -0500</RunDate>
  <Status>Success</Status>
  <Duration>0.023785</Duration>
  <Errors>0</Errors>
  <Warnings>0</Warnings>
  <Exceptions>0</Exceptions>
  <Successes>1</Successes>
  <LogFile>20190403_140044.313/LogFile.txt</LogFile>
  <ReturnValue></ReturnValue>
  <ErrorMessage></ErrorMessage>
 </run>
 <run>
  <RunDate>2019-04-03 14:00:44.584 -0500</RunDate>
  <Status>Success</Status>
  <Duration>0.022196</Duration>
  <Errors>0</Errors>
  <Warnings>0</Warnings>
  <Exceptions>0</Exceptions>
  <Successes>1</Successes>
  <LogFile>20190403_140044.584/LogFile.txt</LogFile>
  <ReturnValue></ReturnValue>
  <ErrorMessage></ErrorMessage>
 </run>
 <run>
  <RunDate>2019-04-03 14:00:44.690 -0500</RunDate>
  <Status>Success</Status>
  <Duration>0.017021</Duration>
  <Errors>0</Errors>
  <Warnings>0</Warnings>
  <Exceptions>0</Exceptions>
  <Successes>1</Successes>
  <LogFile>20190403_140044.690/LogFile.txt</LogFile>
  <ReturnValue></ReturnValue>
  <ErrorMessage></ErrorMessage>
 </run>
 <run>
  <RunDate>2019-04-03 14:02:30.649 -0500</RunDate>
  <Status>Success</Status>
  <Duration>0.013209</Duration>
  <Errors>0</Errors>
  <Warnings>0</Warnings>
  <Exceptions>0</Exceptions>
  <Successes>1</Successes>
  <LogFile>20190403_140230.649/LogFile.txt</LogFile>
  <ReturnValue></ReturnValue>
  <ErrorMessage></ErrorMessage>
 </run>
 <run>
  <RunDate>2019-04-03 14:02:42.085 -0500</RunDate>
  <Status>Success</Status>
  <Duration>0.012300</Duration>
  <Errors>0</Errors>
  <Warnings>0</Warnings>
  <Exceptions>0</Exceptions>
  <Successes>1</Successes>
  <LogFile>20190403_140242.085/LogFile.txt</LogFile>
  <ReturnValue></ReturnValue>
  <ErrorMessage></ErrorMessage>
 </run>
 <run>
  <RunDate>2019-04-03 14:03:24.641 -0500</RunDate>
  <Status>Success</Status>
  <Duration>0.014037</Duration>
  <Errors>0</Errors>
  <Warnings>0</Warnings>
  <Exceptions>0</Exceptions>
  <Successes>1</Successes>
  <LogFile>20190403_140324.641/LogFile.txt</LogFile>
  <ReturnValue></ReturnValue>
  <ErrorMessage></ErrorMessage>
 </run>
 <run>
  <RunDate>2019-04-03 14:03:24.801 -0500</RunDate>
  <Status>Success</Status>
  <Duration>0.019002</Duration>
  <Errors>0</Errors>
  <Warnings>0</Warnings>
  <Exceptions>0</Exceptions>
  <Successes>1</Successes>
  <LogFile>20190403_140324.801/LogFile.txt</LogFile>
  <ReturnValue></ReturnValue>
  <ErrorMessage></ErrorMessage>
 </run>
 <run>
  <RunDate>2019-04-03 14:03:24.950 -0500</RunDate>
  <Status>Success</Status>
  <Duration>0.020131</Duration>
  <Errors>0</Errors>
  <Warnings>0</Warnings>
  <Exceptions>0</Exceptions>
  <Successes>1</Successes>
  <LogFile>20190403_140324.950/LogFile.txt</LogFile>
  <ReturnValue></ReturnValue>
  <ErrorMessage></ErrorMessage>
 </run>
 <run>
  <RunDate>2019-04-03 14:03:25.044 -0500</RunDate>
  <Status>Success</Status>
  <Duration>0.016966</Duration>
  <Errors>0</Errors>
  <Warnings>0</Warnings>
  <Exceptions>0</Exceptions>
  <Successes>1</Successes>
  <LogFile>20190403_140325.044/LogFile.txt</LogFile>
  <ReturnValue></ReturnValue>
  <ErrorMessage></ErrorMessage>
 </run>
 <run>
  <RunDate>2019-04-03 14:03:25.330 -0500</RunDate>
  <Status>Success</Status>
  <Duration>0.029161</Duration>
  <Errors>0</Errors>
  <Warnings>0</Warnings>
  <Exceptions>0</Exceptions>
  <Successes>1</Successes>
  <LogFile>20190403_140325.330/LogFile.txt</LogFile>
  <ReturnValue></ReturnValue>
  <ErrorMessage></ErrorMessage>
 </run>
 <run>
  <RunDate>2019-04-03 14:03:25.534 -0500</RunDate>
  <Status>Success</Status>
  <Duration>0.016603</Duration>
  <Errors>0</Errors>
  <Warnings>0</Warnings>
  <Exceptions>0</Exceptions>
  <Successes>1</Successes>
  <LogFile>20190403_140325.534/LogFile.txt</LogFile>
  <ReturnValue></ReturnValue>
  <ErrorMessage></ErrorMessage>
 </run>
 <run>
  <RunDate>2019-04-03 14:03:25.708 -0500</RunDate>
  <Status>Success</Status>
  <Duration>0.014764</Duration>
  <Errors>0</Errors>
  <Warnings>0</Warnings>
  <Exceptions>0</Exceptions>
  <Successes>1</Successes>
  <LogFile>20190403_140325.708/LogFile.txt</LogFile>
  <ReturnValue></ReturnValue>
  <ErrorMessage></ErrorMessage>
 </run>
 <run>
  <RunDate>2019-04-03 14:03:25.792 -0500</RunDate>
  <Status>Success</Status>
  <Duration>0.011845</Duration>
  <Errors>0</Errors>
  <Warnings>0</Warnings>
  <Exceptions>0</Exceptions>
  <Successes>1</Successes>
  <LogFile>20190403_140325.792/LogFile.txt</LogFile>
  <ReturnValue></ReturnValue>
  <ErrorMessage></ErrorMessage>
 </run>
 <run>
  <RunDate>2019-04-03 14:03:26.145 -0500</RunDate>
  <Status>Success</Status>
  <Duration>0.014520</Duration>
  <Errors>0</Errors>
  <Warnings>0</Warnings>
  <Exceptions>0</Exceptions>
  <Successes>1</Successes>
  <LogFile>20190403_140326.145/LogFile.txt</LogFile>
  <ReturnValue></ReturnValue>
  <ErrorMessage></ErrorMessage>
 </run>
 <run>
  <RunDate>2019-04-03 14:03:26.487 -0500</RunDate>
  <Status>Failure</Status>
  <Duration>0.026077</Duration>
  <Errors>1</Errors>
  <Warnings>0</Warnings>
  <Exceptions>0</Exceptions>
  <Successes>0</Successes>
  <LogFile>20190403_140326.487/LogFile.txt</LogFile>
  <ReturnValue></ReturnValue>
  <ErrorMessage>Script Error -- Number of Errors logged: 1</ErrorMessage>
 </run>
 <run>
  <RunDate>2019-04-03 14:03:27.227 -0500</RunDate>
  <Status>Success</Status>
  <Duration>0.018569</Duration>
  <Errors>0</Errors>
  <Warnings>0</Warnings>
  <Exceptions>0</Exceptions>
  <Successes>1</Successes>
  <LogFile>20190403_140327.227/LogFile.txt</LogFile>
  <ReturnValue></ReturnValue>
  <ErrorMessage></ErrorMessage>
 </run>
 <run>
  <RunDate>2019-04-03 14:03:27.421 -0500</RunDate>
  <Status>Failure</Status>
  <Duration>0.020041</Duration>
  <Errors>1</Errors>
  <Warnings>0</Warnings>
  <Exceptions>0</Exceptions>
  <Successes>0</Successes>
  <LogFile>20190403_140327.421/LogFile.txt</LogFile>
  <ReturnValue></ReturnValue>
  <ErrorMessage>Script Error -- Number of Errors logged: 1</ErrorMessage>
 </run>
 <run>
  <RunDate>2019-04-03 14:03:27.886 -0500</RunDate>
  <Status>Success</Status>
  <Duration>0.013244</Duration>
  <Errors>0</Errors>
  <Warnings>0</Warnings>
  <Exceptions>0</Exceptions>
  <Successes>1</Successes>
  <LogFile>20190403_140327.886/LogFile.txt</LogFile>
  <ReturnValue></ReturnValue>
  <ErrorMessage></ErrorMessage>
 </run>
 <run>
  <RunDate>2019-04-03 14:03:28.127 -0500</RunDate>
  <Status>Success</Status>
  <Duration>0.018816</Duration>
  <Errors>0</Errors>
  <Warnings>0</Warnings>
  <Exceptions>0</Exceptions>
  <Successes>1</Successes>
  <LogFile>20190403_140328.127/LogFile.txt</LogFile>
  <ReturnValue></ReturnValue>
  <ErrorMessage></ErrorMessage>
 </run>
 <run>
  <RunDate>2019-04-03 14:03:28.218 -0500</RunDate>
  <Status>Failure</Status>
  <Duration>0.015732</Duration>
  <Errors>1</Errors>
  <Warnings>0</Warnings>
  <Exceptions>0</Exceptions>
  <Successes>0</Successes>
  <LogFile>20190403_140328.218/LogFile.txt</LogFile>
  <ReturnValue></ReturnValue>
  <ErrorMessage>Script Error -- Number of Errors logged: 1</ErrorMessage>
 </run>
 <run>
  <RunDate>2019-04-03 14:03:29.058 -0500</RunDate>
  <Status>Success</Status>
  <Duration>0.012529</Duration>
  <Errors>0</Errors>
  <Warnings>0</Warnings>
  <Exceptions>0</Exceptions>
  <Successes>1</Successes>
  <LogFile>20190403_140329.058/LogFile.txt</LogFile>
  <ReturnValue></ReturnValue>
  <ErrorMessage></ErrorMessage>
 </run>
 <run>
  <RunDate>2019-04-03 14:03:30.233 -0500</RunDate>
  <Status>Success</Status>
  <Duration>0.018090</Duration>
  <Errors>0</Errors>
  <Warnings>0</Warnings>
  <Exceptions>0</Exceptions>
  <Successes>1</Successes>
  <LogFile>20190403_140330.233/LogFile.txt</LogFile>
  <ReturnValue></ReturnValue>
  <ErrorMessage></ErrorMessage>
 </run>
 <run>
  <RunDate>2019-04-03 14:03:30.522 -0500</RunDate>
  <Status>Success</Status>
  <Duration>0.026756</Duration>
  <Errors>0</Errors>
  <Warnings>0</Warnings>
  <Exceptions>0</Exceptions>
  <Successes>1</Successes>
  <LogFile>20190403_140330.522/LogFile.txt</LogFile>
  <ReturnValue></ReturnValue>
  <ErrorMessage></ErrorMessage>
 </run>
 <run>
  <RunDate>2019-04-03 14:03:30.749 -0500</RunDate>
  <Status>Success</Status>
  <Duration>0.019204</Duration>
  <Errors>0</Errors>
  <Warnings>0</Warnings>
  <Exceptions>0</Exceptions>
  <Successes>1</Successes>
  <LogFile>20190403_140330.749/LogFile.txt</LogFile>
  <ReturnValue></ReturnValue>
  <ErrorMessage></ErrorMessage>
 </run>
 <run>
  <RunDate>2019-04-03 14:03:30.844 -0500</RunDate>
  <Status>Success</Status>
  <Duration>0.013913</Duration>
  <Errors>0</Errors>
  <Warnings>0</Warnings>
  <Exceptions>0</Exceptions>
  <Successes>1</Successes>
  <LogFile>20190403_140330.844/LogFile.txt</LogFile>
  <ReturnValue></ReturnValue>
  <ErrorMessage></ErrorMessage>
 </run>
 <run>
  <RunDate>2019-04-03 14:03:30.922 -0500</RunDate>
  <Status>Success</Status>
  <Duration>0.021121</Duration>
  <Errors>0</Errors>
  <Warnings>0</Warnings>
  <Exceptions>0</Exceptions>
  <Successes>1</Successes>
  <LogFile>20190403_140330.922/LogFile.txt</LogFile>
  <ReturnValue></ReturnValue>
  <ErrorMessage></ErrorMessage>
 </run>
 <run>
  <RunDate>2019-04-03 14:03:31.164 -0500</RunDate>
  <Status>Failure</Status>
  <Duration>0.017998</Duration>
  <Errors>1</Errors>
  <Warnings>0</Warnings>
  <Exceptions>0</Exceptions>
  <Successes>0</Successes>
  <LogFile>20190403_140331.164/LogFile.txt</LogFile>
  <ReturnValue></ReturnValue>
  <ErrorMessage>Script Error -- Number of Errors logged: 1</ErrorMessage>
 </run>
 <run>
  <RunDate>2019-04-03 14:03:31.880 -0500</RunDate>
  <Status>Failure</Status>
  <Duration>0.018499</Duration>
  <Errors>1</Errors>
  <Warnings>0</Warnings>
  <Exceptions>0</Exceptions>
  <Successes>0</Successes>
  <LogFile>20190403_140331.880/LogFile.txt</LogFile>
  <ReturnValue></ReturnValue>
  <ErrorMessage>Script Error -- Number of Errors logged: 1</ErrorMessage>
 </run>
 <run>
  <RunDate>2019-04-03 14:03:32.628 -0500</RunDate>
  <Status>Failure</Status>
  <Duration>0.024893</Duration>
  <Errors>1</Errors>
  <Warnings>0</Warnings>
  <Exceptions>0</Exceptions>
  <Successes>0</Successes>
  <LogFile>20190403_140332.628/LogFile.txt</LogFile>
  <ReturnValue></ReturnValue>
  <ErrorMessage>Script Error -- Number of Errors logged: 1</ErrorMessage>
 </run>
 <run>
  <RunDate>2019-04-03 14:03:33.132 -0500</RunDate>
  <Status>Failure</Status>
  <Duration>0.012996</Duration>
  <Errors>1</Errors>
  <Warnings>0</Warnings>
  <Exceptions>0</Exceptions>
  <Successes>0</Successes>
  <LogFile>20190403_140333.132/LogFile.txt</LogFile>
  <ReturnValue></ReturnValue>
  <ErrorMessage>Script Error -- Number of Errors logged: 1</ErrorMessage>
 </run>
 <run>
  <RunDate>2019-04-03 14:03:33.596 -0500</RunDate>
  <Status>Success</Status>
  <Duration>0.017257</Duration>
  <Errors>0</Errors>
  <Warnings>0</Warnings>
  <Exceptions>0</Exceptions>
  <Successes>1</Successes>
  <LogFile>20190403_140333.596/LogFile.txt</LogFile>
  <ReturnValue></ReturnValue>
  <ErrorMessage></ErrorMessage>
 </run>
 <run>
  <RunDate>2019-04-03 14:03:33.790 -0500</RunDate>
  <Status>Success</Status>
  <Duration>0.013929</Duration>
  <Errors>0</Errors>
  <Warnings>0</Warnings>
  <Exceptions>0</Exceptions>
  <Successes>1</Successes>
  <LogFile>20190403_140333.790/LogFile.txt</LogFile>
  <ReturnValue></ReturnValue>
  <ErrorMessage></ErrorMessage>
 </run>
 <run>
  <RunDate>2019-04-03 14:03:33.877 -0500</RunDate>
  <Status>Success</Status>
  <Duration>0.014779</Duration>
  <Errors>0</Errors>
  <Warnings>0</Warnings>
  <Exceptions>0</Exceptions>
  <Successes>1</Successes>
  <LogFile>20190403_140333.877/LogFile.txt</LogFile>
  <ReturnValue></ReturnValue>
  <ErrorMessage></ErrorMessage>
 </run>
 <run>
  <RunDate>2019-04-03 14:03:34.038 -0500</RunDate>
  <Status>Success</Status>
  <Duration>0.014951</Duration>
  <Errors>0</Errors>
  <Warnings>0</Warnings>
  <Exceptions>0</Exceptions>
  <Successes>1</Successes>
  <LogFile>20190403_140334.038/LogFile.txt</LogFile>
  <ReturnValue></ReturnValue>
  <ErrorMessage></ErrorMessage>
 </run>
 <run>
  <RunDate>2019-04-03 14:03:34.120 -0500</RunDate>
  <Status>Success</Status>
  <Duration>0.015001</Duration>
  <Errors>0</Errors>
  <Warnings>0</Warnings>
  <Exceptions>0</Exceptions>
  <Successes>1</Successes>
  <LogFile>20190403_140334.120/LogFile.txt</LogFile>
  <ReturnValue></ReturnValue>
  <ErrorMessage></ErrorMessage>
 </run>
 <run>
  <RunDate>2019-04-03 14:03:34.359 -0500</RunDate>
  <Status>Failure</Status>
  <Duration>0.019914</Duration>
  <Errors>1</Errors>
  <Warnings>0</Warnings>
  <Exceptions>0</Exceptions>
  <Successes>0</Successes>
  <LogFile>20190403_140334.359/LogFile.txt</LogFile>
  <ReturnValue></ReturnValue>
  <ErrorMessage>Script Error -- Number of Errors logged: 1</ErrorMessage>
 </run>
 <run>
  <RunDate>2019-04-03 14:03:34.864 -0500</RunDate>
  <Status>Success</Status>
  <Duration>0.011506</Duration>
  <Errors>0</Errors>
  <Warnings>0</Warnings>
  <Exceptions>0</Exceptions>
  <Successes>1</Successes>
  <LogFile>20190403_140334.864/LogFile.txt</LogFile>
  <ReturnValue></ReturnValue>
  <ErrorMessage></ErrorMessage>
 </run>
 <run>
  <RunDate>2019-04-03 14:03:35.051 -0500</RunDate>
  <Status>Success</Status>
  <Duration>0.021889</Duration>
  <Errors>0</Errors>
  <Warnings>0</Warnings>
  <Exceptions>0</Exceptions>
  <Successes>1</Successes>
  <LogFile>20190403_140335.051/LogFile.txt</LogFile>
  <ReturnValue></ReturnValue>
  <ErrorMessage></ErrorMessage>
 </run>
 <run>
  <RunDate>2019-04-03 14:03:35.274 -0500</RunDate>
  <Status>Failure</Status>
  <Duration>0.019693</Duration>
  <Errors>1</Errors>
  <Warnings>0</Warnings>
  <Exceptions>0</Exceptions>
  <Successes>0</Successes>
  <LogFile>20190403_140335.274/LogFile.txt</LogFile>
  <ReturnValue></ReturnValue>
  <ErrorMessage>Script Error -- Number of Errors logged: 1</ErrorMessage>
 </run>
 <run>
  <RunDate>2019-04-03 14:03:35.833 -0500</RunDate>
  <Status>Success</Status>
  <Duration>0.015197</Duration>
  <Errors>0</Errors>
  <Warnings>0</Warnings>
  <Exceptions>0</Exceptions>
  <Successes>1</Successes>
  <LogFile>20190403_140335.833/LogFile.txt</LogFile>
  <ReturnValue></ReturnValue>
  <ErrorMessage></ErrorMessage>
 </run>
 <run>
  <RunDate>2019-04-03 14:03:36.064 -0500</RunDate>
  <Status>Success</Status>
  <Duration>0.027148</Duration>
  <Errors>0</Errors>
  <Warnings>0</Warnings>
  <Exceptions>0</Exceptions>
  <Successes>1</Successes>
  <LogFile>20190403_140336.064/LogFile.txt</LogFile>
  <ReturnValue></ReturnValue>
  <ErrorMessage></ErrorMessage>
 </run>
 <run>
  <RunDate>2019-04-03 14:03:36.272 -0500</RunDate>
  <Status>Success</Status>
  <Duration>0.014741</Duration>
  <Errors>0</Errors>
  <Warnings>0</Warnings>
  <Exceptions>0</Exceptions>
  <Successes>1</Successes>
  <LogFile>20190403_140336.272/LogFile.txt</LogFile>
  <ReturnValue></ReturnValue>
  <ErrorMessage></ErrorMessage>
 </run>
 <run>
  <RunDate>2019-04-03 14:03:36.459 -0500</RunDate>
  <Status>Success</Status>
  <Duration>0.016876</Duration>
  <Errors>0</Errors>
  <Warnings>0</Warnings>
  <Exceptions>0</Exceptions>
  <Successes>1</Successes>
  <LogFile>20190403_140336.459/LogFile.txt</LogFile>
  <ReturnValue></ReturnValue>
  <ErrorMessage></ErrorMessage>
 </run>
 <run>
  <RunDate>2019-04-03 14:03:36.588 -0500</RunDate>
  <Status>Success</Status>
  <Duration>0.019453</Duration>
  <Errors>0</Errors>
  <Warnings>0</Warnings>
  <Exceptions>0</Exceptions>
  <Successes>1</Successes>
  <LogFile>20190403_140336.588/LogFile.txt</LogFile>
  <ReturnValue></ReturnValue>
  <ErrorMessage></ErrorMessage>
 </run>
 <run>
  <RunDate>2019-04-03 14:03:36.792 -0500</RunDate>
  <Status>Success</Status>
  <Duration>0.017077</Duration>
  <Errors>0</Errors>
  <Warnings>0</Warnings>
  <Exceptions>0</Exceptions>
  <Successes>1</Successes>
  <LogFile>20190403_140336.792/LogFile.txt</LogFile>
  <ReturnValue></ReturnValue>
  <ErrorMessage></ErrorMessage>
 </run>
 <run>
  <RunDate>2019-04-03 14:03:36.876 -0500</RunDate>
  <Status>Success</Status>
  <Duration>0.012393</Duration>
  <Errors>0</Errors>
  <Warnings>0</Warnings>
  <Exceptions>0</Exceptions>
  <Successes>1</Successes>
  <LogFile>20190403_140336.876/LogFile.txt</LogFile>
  <ReturnValue></ReturnValue>
  <ErrorMessage></ErrorMessage>
 </run>
 <run>
  <RunDate>2019-04-03 14:03:36.997 -0500</RunDate>
  <Status>Success</Status>
  <Duration>0.012359</Duration>
  <Errors>0</Errors>
  <Warnings>0</Warnings>
  <Exceptions>0</Exceptions>
  <Successes>1</Successes>
  <LogFile>20190403_140336.997/LogFile.txt</LogFile>
  <ReturnValue></ReturnValue>
  <ErrorMessage></ErrorMessage>
 </run>
 <run>
  <RunDate>2019-04-03 14:03:37.170 -0500</RunDate>
  <Status>Success</Status>
  <Duration>0.017089</Duration>
  <Errors>0</Errors>
  <Warnings>0</Warnings>
  <Exceptions>0</Exceptions>
  <Successes>1</Successes>
  <LogFile>20190403_140337.170/LogFile.txt</LogFile>
  <ReturnValue></ReturnValue>
  <ErrorMessage></ErrorMessage>
 </run>
 <run>
  <RunDate>2019-04-03 14:03:37.276 -0500</RunDate>
  <Status>Failure</Status>
  <Duration>0.020077</Duration>
  <Errors>1</Errors>
  <Warnings>0</Warnings>
  <Exceptions>0</Exceptions>
  <Successes>0</Successes>
  <LogFile>20190403_140337.276/LogFile.txt</LogFile>
  <ReturnValue></ReturnValue>
  <ErrorMessage>Script Error -- Number of Errors logged: 1</ErrorMessage>
 </run>
 <run>
  <RunDate>2019-04-03 14:03:38.313 -0500</RunDate>
  <Status>Failure</Status>
  <Duration>0.024206</Duration>
  <Errors>1</Errors>
  <Warnings>0</Warnings>
  <Exceptions>0</Exceptions>
  <Successes>0</Successes>
  <LogFile>20190403_140338.313/LogFile.txt</LogFile>
  <ReturnValue></ReturnValue>
  <ErrorMessage>Script Error -- Number of Errors logged: 1</ErrorMessage>
 </run>
 <run>
  <RunDate>2019-04-03 14:03:38.822 -0500</RunDate>
  <Status>Success</Status>
  <Duration>0.012510</Duration>
  <Errors>0</Errors>
  <Warnings>0</Warnings>
  <Exceptions>0</Exceptions>
  <Successes>1</Successes>
  <LogFile>20190403_140338.822/LogFile.txt</LogFile>
  <ReturnValue></ReturnValue>
  <ErrorMessage></ErrorMessage>
 </run>
 <run>
  <RunDate>2019-04-03 14:03:38.910 -0500</RunDate>
  <Status>Success</Status>
  <Duration>0.011487</Duration>
  <Errors>0</Errors>
  <Warnings>0</Warnings>
  <Exceptions>0</Exceptions>
  <Successes>1</Successes>
  <LogFile>20190403_140338.910/LogFile.txt</LogFile>
  <ReturnValue></ReturnValue>
  <ErrorMessage></ErrorMessage>
 </run>
 <run>
  <RunDate>2019-04-03 14:03:39.198 -0500</RunDate>
  <Status>Success</Status>
  <Duration>0.014436</Duration>
  <Errors>0</Errors>
  <Warnings>0</Warnings>
  <Exceptions>0</Exceptions>
  <Successes>1</Successes>
  <LogFile>20190403_140339.198/LogFile.txt</LogFile>
  <ReturnValue></ReturnValue>
  <ErrorMessage></ErrorMessage>
 </run>
 <run>
  <RunDate>2019-04-03 14:03:39.321 -0500</RunDate>
  <Status>Failure</Status>
  <Duration>0.011874</Duration>
  <Errors>1</Errors>
  <Warnings>0</Warnings>
  <Exceptions>0</Exceptions>
  <Successes>0</Successes>
  <LogFile>20190403_140339.321/LogFile.txt</LogFile>
  <ReturnValue></ReturnValue>
  <ErrorMessage>Script Error -- Number of Errors logged: 1</ErrorMessage>
 </run>
 <run>
  <RunDate>2019-04-03 14:03:39.855 -0500</RunDate>
  <Status>Success</Status>
  <Duration>0.016542</Duration>
  <Errors>0</Errors>
  <Warnings>0</Warnings>
  <Exceptions>0</Exceptions>
  <Successes>1</Successes>
  <LogFile>20190403_140339.855/LogFile.txt</LogFile>
  <ReturnValue></ReturnValue>
  <ErrorMessage></ErrorMessage>
 </run>
 <run>
  <RunDate>2019-04-03 14:03:40.048 -0500</RunDate>
  <Status>Success</Status>
  <Duration>0.012342</Duration>
  <Errors>0</Errors>
  <Warnings>0</Warnings>
  <Exceptions>0</Exceptions>
  <Successes>1</Successes>
  <LogFile>20190403_140340.048/LogFile.txt</LogFile>
  <ReturnValue></ReturnValue>
  <ErrorMessage></ErrorMessage>
 </run>
 <run>
  <RunDate>2019-10-09 14:14:51 +0000</RunDate>
  <Status>Failure</Status>
  <Duration>0.013284</Duration>
  <Errors>1</Errors>
  <Warnings>0</Warnings>
  <Exceptions>0</Exceptions>
  <Successes>0</Successes>
  <LogFile>20191009_101451.327/LogFile.txt</LogFile>
  <ReturnValue></ReturnValue>
  <ErrorMessage>Script Error -- Number of Errors logged: 1</ErrorMessage>
 </run>
 <run>
  <RunDate>2019-10-09 14:14:51 +0000</RunDate>
  <Status>Success</Status>
  <Duration>0.015589</Duration>
  <Errors>0</Errors>
  <Warnings>0</Warnings>
  <Exceptions>0</Exceptions>
  <Successes>1</Successes>
  <LogFile>20191009_101451.623/LogFile.txt</LogFile>
  <ReturnValue></ReturnValue>
  <ErrorMessage></ErrorMessage>
 </run>
 <run>
  <RunDate>2019-10-09 14:14:51 +0000</RunDate>
  <Status>Failure</Status>
  <Duration>0.023784</Duration>
  <Errors>1</Errors>
  <Warnings>0</Warnings>
  <Exceptions>0</Exceptions>
  <Successes>0</Successes>
  <LogFile>20191009_101451.886/LogFile.txt</LogFile>
  <ReturnValue></ReturnValue>
  <ErrorMessage>Script Error -- Number of Errors logged: 1</ErrorMessage>
 </run>
 <run>
  <RunDate>2019-10-09 14:14:52 +0000</RunDate>
  <Status>Failure</Status>
  <Duration>0.017782</Duration>
  <Errors>1</Errors>
  <Warnings>0</Warnings>
  <Exceptions>0</Exceptions>
  <Successes>0</Successes>
  <LogFile>20191009_101452.214/LogFile.txt</LogFile>
  <ReturnValue></ReturnValue>
  <ErrorMessage>Script Error -- Number of Errors logged: 1</ErrorMessage>
 </run>
 <run>
  <RunDate>2019-10-09 14:14:53 +0000</RunDate>
  <Status>Success</Status>
  <Duration>0.015640</Duration>
  <Errors>0</Errors>
  <Warnings>0</Warnings>
  <Exceptions>0</Exceptions>
  <Successes>1</Successes>
  <LogFile>20191009_101453.117/LogFile.txt</LogFile>
  <ReturnValue></ReturnValue>
  <ErrorMessage></ErrorMessage>
 </run>
 <run>
  <RunDate>2019-10-09 14:14:53 +0000</RunDate>
  <Status>Success</Status>
  <Duration>0.013621</Duration>
  <Errors>0</Errors>
  <Warnings>0</Warnings>
  <Exceptions>0</Exceptions>
  <Successes>1</Successes>
  <LogFile>20191009_101453.268/LogFile.txt</LogFile>
  <ReturnValue></ReturnValue>
  <ErrorMessage></ErrorMessage>
 </run>
 <run>
  <RunDate>2019-10-09 14:14:53 +0000</RunDate>
  <Status>Failure</Status>
  <Duration>0.014395</Duration>
  <Errors>1</Errors>
  <Warnings>0</Warnings>
  <Exceptions>0</Exceptions>
  <Successes>0</Successes>
  <LogFile>20191009_101453.429/LogFile.txt</LogFile>
  <ReturnValue></ReturnValue>
  <ErrorMessage>Script Error -- Number of Errors logged: 1</ErrorMessage>
 </run>
 <run>
  <RunDate>2019-10-09 14:14:53 +0000</RunDate>
  <Status>Failure</Status>
  <Duration>0.017811</Duration>
  <Errors>1</Errors>
  <Warnings>0</Warnings>
  <Exceptions>0</Exceptions>
  <Successes>0</Successes>
  <LogFile>20191009_101453.973/LogFile.txt</LogFile>
  <ReturnValue></ReturnValue>
  <ErrorMessage>Script Error -- Number of Errors logged: 1</ErrorMessage>
 </run>
 <run>
  <RunDate>2019-10-09 14:14:54 +0000</RunDate>
  <Status>Success</Status>
  <Duration>0.011852</Duration>
  <Errors>0</Errors>
  <Warnings>0</Warnings>
  <Exceptions>0</Exceptions>
  <Successes>1</Successes>
  <LogFile>20191009_101454.417/LogFile.txt</LogFile>
  <ReturnValue></ReturnValue>
  <ErrorMessage></ErrorMessage>
 </run>
 <run>
  <RunDate>2019-10-09 14:14:54 +0000</RunDate>
  <Status>Success</Status>
  <Duration>0.015823</Duration>
  <Errors>0</Errors>
  <Warnings>0</Warnings>
  <Exceptions>0</Exceptions>
  <Successes>1</Successes>
  <LogFile>20191009_101454.568/LogFile.txt</LogFile>
  <ReturnValue></ReturnValue>
  <ErrorMessage></ErrorMessage>
 </run>
 <run>
  <RunDate>2019-10-09 14:14:54 +0000</RunDate>
  <Status>Success</Status>
  <Duration>0.015073</Duration>
  <Errors>0</Errors>
  <Warnings>0</Warnings>
  <Exceptions>0</Exceptions>
  <Successes>1</Successes>
  <LogFile>20191009_101454.718/LogFile.txt</LogFile>
  <ReturnValue></ReturnValue>
  <ErrorMessage></ErrorMessage>
 </run>
 <run>
  <RunDate>2019-10-09 14:14:55 +0000</RunDate>
  <Status>Success</Status>
  <Duration>0.016535</Duration>
  <Errors>0</Errors>
  <Warnings>0</Warnings>
  <Exceptions>0</Exceptions>
  <Successes>1</Successes>
  <LogFile>20191009_101455.357/LogFile.txt</LogFile>
  <ReturnValue></ReturnValue>
  <ErrorMessage></ErrorMessage>
 </run>
 <run>
  <RunDate>2019-10-09 14:14:55 +0000</RunDate>
  <Status>Success</Status>
  <Duration>0.015967</Duration>
  <Errors>0</Errors>
  <Warnings>0</Warnings>
  <Exceptions>0</Exceptions>
  <Successes>1</Successes>
  <LogFile>20191009_101455.577/LogFile.txt</LogFile>
  <ReturnValue></ReturnValue>
  <ErrorMessage></ErrorMessage>
 </run>
 <run>
  <RunDate>2019-10-09 14:14:55 +0000</RunDate>
  <Status>Success</Status>
  <Duration>0.012500</Duration>
  <Errors>0</Errors>
  <Warnings>0</Warnings>
  <Exceptions>0</Exceptions>
  <Successes>1</Successes>
  <LogFile>20191009_101455.900/LogFile.txt</LogFile>
  <ReturnValue></ReturnValue>
  <ErrorMessage></ErrorMessage>
 </run>
 <run>
  <RunDate>2019-10-09 14:14:56 +0000</RunDate>
  <Status>Success</Status>
  <Duration>0.016846</Duration>
  <Errors>0</Errors>
  <Warnings>0</Warnings>
  <Exceptions>0</Exceptions>
  <Successes>1</Successes>
  <LogFile>20191009_101456.386/LogFile.txt</LogFile>
  <ReturnValue></ReturnValue>
  <ErrorMessage></ErrorMessage>
 </run>
 <run>
  <RunDate>2019-10-09 14:14:56 +0000</RunDate>
  <Status>Failure</Status>
  <Duration>0.016638</Duration>
  <Errors>1</Errors>
  <Warnings>0</Warnings>
  <Exceptions>0</Exceptions>
  <Successes>0</Successes>
  <LogFile>20191009_101456.650/LogFile.txt</LogFile>
  <ReturnValue></ReturnValue>
  <ErrorMessage>Script Error -- Number of Errors logged: 1</ErrorMessage>
 </run>
 <run>
  <RunDate>2019-10-09 14:14:57 +0000</RunDate>
  <Status>Failure</Status>
  <Duration>0.019372</Duration>
  <Errors>1</Errors>
  <Warnings>0</Warnings>
  <Exceptions>0</Exceptions>
  <Successes>0</Successes>
  <LogFile>20191009_101457.233/LogFile.txt</LogFile>
  <ReturnValue></ReturnValue>
  <ErrorMessage>Script Error -- Number of Errors logged: 1</ErrorMessage>
 </run>
 <run>
  <RunDate>2019-10-09 14:14:57 +0000</RunDate>
  <Status>Failure</Status>
  <Duration>0.016646</Duration>
  <Errors>1</Errors>
  <Warnings>0</Warnings>
  <Exceptions>0</Exceptions>
  <Successes>0</Successes>
  <LogFile>20191009_101457.664/LogFile.txt</LogFile>
  <ReturnValue></ReturnValue>
  <ErrorMessage>Script Error -- Number of Errors logged: 1</ErrorMessage>
 </run>
 <run>
  <RunDate>2019-10-09 14:14:58 +0000</RunDate>
  <Status>Success</Status>
  <Duration>0.018172</Duration>
  <Errors>0</Errors>
  <Warnings>0</Warnings>
  <Exceptions>0</Exceptions>
  <Successes>1</Successes>
  <LogFile>20191009_101458.487/LogFile.txt</LogFile>
  <ReturnValue></ReturnValue>
  <ErrorMessage></ErrorMessage>
 </run>
 <run>
  <RunDate>2019-10-09 14:14:58 +0000</RunDate>
  <Status>Success</Status>
  <Duration>0.017265</Duration>
  <Errors>0</Errors>
  <Warnings>0</Warnings>
  <Exceptions>0</Exceptions>
  <Successes>1</Successes>
  <LogFile>20191009_101458.672/LogFile.txt</LogFile>
  <ReturnValue></ReturnValue>
  <ErrorMessage></ErrorMessage>
 </run>
 <run>
  <RunDate>2019-10-09 14:19:38 +0000</RunDate>
  <Status>Failure</Status>
  <Duration>0.014302</Duration>
  <Errors>1</Errors>
  <Warnings>0</Warnings>
  <Exceptions>0</Exceptions>
  <Successes>0</Successes>
  <LogFile>20191009_101938.589/LogFile.txt</LogFile>
  <ReturnValue></ReturnValue>
  <ErrorMessage>Script Error -- Number of Errors logged: 1</ErrorMessage>
 </run>
 <run>
  <RunDate>2019-10-09 14:20:49 +0000</RunDate>
  <Status>Success</Status>
  <Duration>0.013938</Duration>
  <Errors>0</Errors>
  <Warnings>0</Warnings>
  <Exceptions>0</Exceptions>
  <Successes>1</Successes>
  <LogFile>20191009_102049.285/LogFile.txt</LogFile>
  <ReturnValue></ReturnValue>
  <ErrorMessage></ErrorMessage>
 </run>
 <run>
  <RunDate>2019-10-09 14:20:49 +0000</RunDate>
  <Status>Success</Status>
  <Duration>0.016479</Duration>
  <Errors>0</Errors>
  <Warnings>0</Warnings>
  <Exceptions>0</Exceptions>
  <Successes>1</Successes>
  <LogFile>20191009_102049.613/LogFile.txt</LogFile>
  <ReturnValue></ReturnValue>
  <ErrorMessage></ErrorMessage>
 </run>
 <run>
  <RunDate>2019-10-09 14:20:49 +0000</RunDate>
  <Status>Success</Status>
  <Duration>0.017543</Duration>
  <Errors>0</Errors>
  <Warnings>0</Warnings>
  <Exceptions>0</Exceptions>
  <Successes>1</Successes>
  <LogFile>20191009_102049.786/LogFile.txt</LogFile>
  <ReturnValue></ReturnValue>
  <ErrorMessage></ErrorMessage>
 </run>
 <run>
  <RunDate>2019-10-09 14:20:49 +0000</RunDate>
  <Status>Success</Status>
  <Duration>0.016096</Duration>
  <Errors>0</Errors>
  <Warnings>0</Warnings>
  <Exceptions>0</Exceptions>
  <Successes>1</Successes>
  <LogFile>20191009_102049.972/LogFile.txt</LogFile>
  <ReturnValue></ReturnValue>
  <ErrorMessage></ErrorMessage>
 </run>
</runHistory>
