{
  "entries" : [
    {
      "identifier" : "START",
      "message" : "Running Untitled1.script",
      "timestamp" : "2021-01-18 14:15:44.129 -0700"
    },
    {
      "handlerName" : "on_untitled1",
      "message" : "FFAECE",
      "timestamp" : "2021-01-18 14:15:44.175 -0700",
      "identifier" : "Log",
      "scriptName" : "Untitled1.script",
      "handlerLine" : 16
    },
    {
      "handlerName" : "on_untitled1",
      "message" : "FFAECE",
      "timestamp" : "2021-01-18 14:15:44.177 -0700",
      "identifier" : "Log",
      "scriptName" : "Untitled1.script",
      "handlerLine" : 16
    },
    {
      "handlerName" : "on_untitled1",
      "message" : "FFAECE",
      "timestamp" : "2021-01-18 14:15:44.178 -0700",
      "identifier" : "Log",
      "scriptName" : "Untitled1.script",
      "handlerLine" : 16
    },
    {
      "handlerName" : "on_untitled1",
      "message" : "FFAECE",
      "timestamp" : "2021-01-18 14:15:44.179 -0700",
      "identifier" : "Log",
      "scriptName" : "Untitled1.script",
      "handlerLine" : 16
    },
    {
      "handlerName" : "on_untitled1",
      "message" : "FFAECE",
      "timestamp" : "2021-01-18 14:15:44.180 -0700",
      "identifier" : "Log",
      "scriptName" : "Untitled1.script",
      "handlerLine" : 16
    },
    {
      "handlerName" : "on_untitled1",
      "message" : "FFAECE",
      "timestamp" : "2021-01-18 14:15:44.181 -0700",
      "identifier" : "Log",
      "scriptName" : "Untitled1.script",
      "handlerLine" : 16
    },
    {
      "handlerName" : "on_untitled1",
      "message" : "FFAECE",
      "timestamp" : "2021-01-18 14:15:44.182 -0700",
      "identifier" : "Log",
      "scriptName" : "Untitled1.script",
      "handlerLine" : 16
    },
    {
      "handlerName" : "on_untitled1",
      "message" : "FFAECE",
      "timestamp" : "2021-01-18 14:15:44.184 -0700",
      "identifier" : "Log",
      "scriptName" : "Untitled1.script",
      "handlerLine" : 16
    },
    {
      "handlerName" : "on_untitled1",
      "message" : "FFAECE",
      "timestamp" : "2021-01-18 14:15:44.185 -0700",
      "identifier" : "Log",
      "scriptName" : "Untitled1.script",
      "handlerLine" : 16
    },
    {
      "handlerName" : "on_untitled1",
      "message" : "FFAECE",
      "timestamp" : "2021-01-18 14:15:44.187 -0700",
      "identifier" : "Log",
      "scriptName" : "Untitled1.script",
      "handlerLine" : 16
    },
    {
      "handlerName" : "on_untitled1",
      "message" : "FFAECE",
      "timestamp" : "2021-01-18 14:15:44.188 -0700",
      "identifier" : "Log",
      "scriptName" : "Untitled1.script",
      "handlerLine" : 16
    },
    {
      "handlerName" : "on_untitled1",
      "message" : "FFAECE",
      "timestamp" : "2021-01-18 14:15:44.190 -0700",
      "identifier" : "Log",
      "scriptName" : "Untitled1.script",
      "handlerLine" : 16
    },
    {
      "handlerName" : "on_untitled1",
      "message" : "FFAECE",
      "timestamp" : "2021-01-18 14:15:44.191 -0700",
      "identifier" : "Log",
      "scriptName" : "Untitled1.script",
      "handlerLine" : 16
    },
    {
      "handlerName" : "on_untitled1",
      "message" : "FFAECE",
      "timestamp" : "2021-01-18 14:15:44.193 -0700",
      "identifier" : "Log",
      "scriptName" : "Untitled1.script",
      "handlerLine" : 16
    },
    {
      "handlerName" : "on_untitled1",
      "message" : "FFAECE",
      "timestamp" : "2021-01-18 14:15:44.194 -0700",
      "identifier" : "Log",
      "scriptName" : "Untitled1.script",
      "handlerLine" : 16
    },
    {
      "handlerName" : "on_untitled1",
      "message" : "FFAECE",
      "timestamp" : "2021-01-18 14:15:44.195 -0700",
      "identifier" : "Log",
      "scriptName" : "Untitled1.script",
      "handlerLine" : 16
    },
    {
      "handlerName" : "on_untitled1",
      "message" : "FFCB8",
      "timestamp" : "2021-01-18 14:15:44.196 -0700",
      "identifier" : "Log",
      "scriptName" : "Untitled1.script",
      "handlerLine" : 16
    },
    {
      "handlerName" : "on_untitled1",
      "message" : "FFCB8",
      "timestamp" : "2021-01-18 14:15:44.197 -0700",
      "identifier" : "Log",
      "scriptName" : "Untitled1.script",
      "handlerLine" : 16
    },
    {
      "handlerName" : "on_untitled1",
      "message" : "FFCB8",
      "timestamp" : "2021-01-18 14:15:44.199 -0700",
      "identifier" : "Log",
      "scriptName" : "Untitled1.script",
      "handlerLine" : 16
    },
    {
      "handlerName" : "on_untitled1",
      "message" : "FFCB8",
      "timestamp" : "2021-01-18 14:15:44.200 -0700",
      "identifier" : "Log",
      "scriptName" : "Untitled1.script",
      "handlerLine" : 16
    },
    {
      "handlerName" : "on_untitled1",
      "message" : "FFCB8",
      "timestamp" : "2021-01-18 14:15:44.201 -0700",
      "identifier" : "Log",
      "scriptName" : "Untitled1.script",
      "handlerLine" : 16
    },
    {
      "identifier" : "EndTestCase",
      "message" : "(Duration:\"0.207865\", Errors:\"0\", Exceptions:\"0\", StartTime:\"2021-01-18 14:15:44 -0700\", Successes:\"1\", TestCase:\"Untitled1.script\", Warnings:\"0\")",
      "timestamp" : "2021-01-18 14:15:44.338 -0700"
    },
    {
      "identifier" : "SUCCESS",
      "message" : "Execution Time 0:00:00 Untitled1.script",
      "timestamp" : "2021-01-18 14:15:44.345 -0700"
    }
  ],
  "createdTimestamp" : "2021-01-18 14:15:44.130 -0700"
}