{
  "entries" : [
    {
      "identifier" : "START",
      "message" : "Running Master.script",
      "timestamp" : "2018-11-26 14:22:14.202 -0500"
    },
    {
      "identifier" : "EndTestCase",
      "message" : "(Duration:\"0.432595\", Errors:\"1\", Exceptions:\"0\", StartTime:\"2018-11-26 14:22:14 -0500\", Successes:\"0\", TestCase:\"Master.script\", Warnings:\"0\")",
      "timestamp" : "2018-11-26 14:22:14.669 -0500"
    },
    {
      "message" : "SRUN_BadValue Bad value for Object expression.  Looking for an object or script identifier, got '(Utilities\/Script2,Utilities\/Script3)'. -- Execution Time 0:00:00 Master.script",
      "timestamp" : "2018-11-26 14:22:19.049 -0500",
      "identifier" : "FAILURE",
      "image" : "Screen_Error.png"
    }
  ],
  "createdTimestamp" : "2018-11-26 14:22:14.236 -0500"
}