{
  "entries" : [
    {
      "identifier" : "START",
      "message" : "Running index Second.script",
      "timestamp" : "2018-11-28 15:30:10.978 -0500"
    },
    {
      "identifier" : "EndTestCase",
      "message" : "(Duration:\"3.800291\", Errors:\"1\", Exceptions:\"0\", StartTime:\"2018-11-28 15:30:11 -0500\", Successes:\"0\", TestCase:\"index Second.script\", Warnings:\"0\")",
      "timestamp" : "2018-11-28 15:30:14.808 -0500"
    },
    {
      "identifier" : "FAILURE",
      "message" : "STCSVConnectionError File not found: \/Users\/randyhesse\/Documents\/Simple Examples\/Patient Holding\/PatientHoldingExpert.suite\/Resources\/CSVFilename.csv -- Execution Time 0:00:03 index Second.script",
      "timestamp" : "2018-11-28 15:30:14.868 -0500"
    }
  ],
  "createdTimestamp" : "2018-11-28 15:30:11.008 -0500"
}