{
  "entries" : [
    {
      "identifier" : "START",
      "message" : "Running Example Post.apitest",
      "timestamp" : "2020-07-13 09:36:41.929 -0600"
    },
    {
      "identifier" : "LogWarning",
      "message" : "Validation Warning: Empty request body.",
      "timestamp" : "2020-07-13 09:36:41.949 -0600"
    },
    {
      "identifier" : "EndTestCase",
      "message" : "(Duration:\"0.608581\", Errors:\"0\", Exceptions:\"0\", StartTime:\"2020-07-13 09:36:41 -0600\", Successes:\"1\", TestCase:\"Example Post.apitest\", Warnings:\"1\")",
      "timestamp" : "2020-07-13 09:36:42.540 -0600"
    },
    {
      "identifier" : "SUCCESS",
      "message" : "Execution Time 0:00:00 Example Post.apitest",
      "timestamp" : "2020-07-13 09:36:42.548 -0600"
    }
  ],
  "createdTimestamp" : "2020-07-13 09:36:41.931 -0600"
}