{
  "entries" : [
    {
      "identifier" : "START",
      "message" : "Running Main.script",
      "timestamp" : "2020-07-30 13:38:10.770 -0600"
    },
    {
      "handlerName" : "on_main",
      "message" : "{@\"Billing Date\":\"12\/6\/18\", @\"Charge Capture Date\":\"\", @\"Claims Date\":\"12\/7\/18\", @\"Coding Date\":\"12\/5\/18\", @\"Created Date\":\"12\/3\/18\", @\"Date of Birth\":\"6\/3\/17\", @\"First Name\":\"Jessica\", Gender:\"Female\", @\"Last Name\":\"Wheeler\", @\"Marital Status\":\"Married\", @\"Medical Record Number\":\"451976\", @\"Middle Name\":\"E\", @\"Social Security Number\":\"615-48-0563\", Suffix:\"Mrs\"}",
      "timestamp" : "2020-07-30 13:38:10.870 -0600",
      "identifier" : "Log",
      "scriptName" : "Main.script",
      "handlerLine" : 12
    },
    {
      "identifier" : "EndTestCase",
      "message" : "(Duration:\"0.454158\", Errors:\"0\", Exceptions:\"0\", StartTime:\"2020-07-30 13:38:10 -0600\", Successes:\"1\", TestCase:\"Main.script\", Warnings:\"0\")",
      "timestamp" : "2020-07-30 13:38:11.226 -0600"
    },
    {
      "identifier" : "SUCCESS",
      "message" : "Execution Time 0:00:00 Main.script",
      "timestamp" : "2020-07-30 13:38:11.238 -0600"
    }
  ],
  "createdTimestamp" : "2020-07-30 13:38:10.771 -0600"
}