{
  "entries" : [
    {
      "identifier" : "START",
      "message" : "Running Script1.script",
      "timestamp" : "2020-05-14 09:51:44.249 -0600"
    },
    {
      "identifier" : "EndTestCase",
      "message" : "(Duration:\"0.953233\", Errors:\"0\", Exceptions:\"0\", StartTime:\"2020-05-14 09:51:44 -0600\", Successes:\"1\", TestCase:\"Script1.script\", Warnings:\"0\")",
      "timestamp" : "2020-05-14 09:51:45.203 -0600"
    },
    {
      "identifier" : "SUCCESS",
      "message" : "Execution Time 0:00:00 Script1.script",
      "timestamp" : "2020-05-14 09:51:45.210 -0600"
    }
  ],
  "createdTimestamp" : "2020-05-14 09:51:44.249 -0600"
}