{
  "entries" : [
    {
      "identifier" : "START",
      "message" : "Running Master.script",
      "timestamp" : "2018-11-26 12:52:04.873 -0500"
    },
    {
      "handlerName" : "on_one",
      "message" : "one",
      "timestamp" : "2018-11-26 12:52:05.009 -0500",
      "identifier" : "Log",
      "scriptName" : "",
      "handlerLine" : 3
    },
    {
      "identifier" : "EndTestCase",
      "message" : "(Duration:\"0.634817\", Errors:\"0\", Exceptions:\"0\", StartTime:\"2018-11-26 12:52:04 -0500\", Successes:\"1\", TestCase:\"Master.script\", Warnings:\"0\")",
      "timestamp" : "2018-11-26 12:52:05.532 -0500"
    },
    {
      "identifier" : "SUCCESS",
      "message" : "Execution Time 0:00:00 Master.script",
      "timestamp" : "2018-11-26 12:52:05.581 -0500"
    }
  ],
  "createdTimestamp" : "2018-11-26 12:52:04.897 -0500"
}