{
  "entries" : [
    {
      "identifier" : "START",
      "message" : "Running index Second.script",
      "timestamp" : "2018-11-28 14:31:35.745 -0500"
    },
    {
      "handlerName" : "on_index_second",
      "message" : "((@\"Billing Date\":\"2018-12-02\", @\"Charge Capture Date\":\"2018-12-05\", @\"Claims Date\":\"2018-12-04\", @\"Coding Date\":\"\", @\"Created Date\":\"\", @\"Date of Birth\":\"2008-06-23\", @\"First Name\":\"Ashley\", Gender:\"Female\", @\"Last Name\":\"Mendez\", @\"Marital Status\":\"Single\", @\"Medical Record Number\":\"435989\", @\"Middle Name\":\"O\", @\"Social Security Number\":\"028-61-3772\", Suffix:\"Ms\"),(@\"Billing Date\":\"2018-12-02\", @\"Charge Capture Date\":\"2018-12-03\", @\"Claims Date\":\"2018-12-03\", @\"Coding Date\":\"\", @\"Created Date\":\"\", @\"Date of Birth\":\"2012-07-04\", @\"First Name\":\"Aaron\", Gender:\"Male\", @\"Last Name\":\"Owens\", @\"Marital Status\":\"Divorced\", @\"Medical Record Number\":\"008077\", @\"Middle Name\":\"L\", @\"Social Security Number\":\"999-44-5998\", Suffix:\"Mr\"),(@\"Billing Date\":\"2018-12-03\", @\"Charge Capture Date\":\"2018-12-07\", @\"Claims Date\":\"2018-12-07\", @\"Coding Date\":\"2018-12-01\", @\"Created Date\":\"2018-11-29\", @\"Date of Birth\":\"1996-02-20\", @\"First Name\":\"Christopher\", Gender:\"Male\", @\"Last Name\":\"Murphy\", @\"Marital Status\":\"Divorced\", @\"Medical Record Number\":\"757989\", @\"Middle Name\":\"J\", @\"Social Security Number\":\"854-59-5095\", Suffix:\"Mr\"),(@\"Billing Date\":\"2018-12-04\", @\"Charge Capture Date\":\"2018-12-08\", @\"Claims Date\":\"2018-12-05\", @\"Coding Date\":\"\", @\"Created Date\":\"2018-12-03\", @\"Date of Birth\":\"1995-09-27\", @\"First Name\":\"Steven\", Gender:\"Male\", @\"Last Name\":\"Schneider\", @\"Marital Status\":\"Domestic\", @\"Medical Record Number\":\"161710\", @\"Middle Name\":\"N\", @\"Social Security Number\":\"768-87-0971\", Suffix:\"Mr\"),(@\"Billing Date\":\"2018-12-02\", @\"Charge Capture Date\":\"\", @\"Claims Date\":\"\", @\"Coding Date\":\"2018-11-29\", @\"Created Date\":\"2018-11-28\", @\"Date of Birth\":\"1987-02-08\", @\"First Name\":\"Kathy\", Gender:\"Female\", @\"Last Name\":\"Larson\", @\"Marital Status\":\"Married\", @\"Medical Record Number\":\"939433\", @\"Middle Name\":\"T\", @\"Social Security Number\":\"823-59-2764\", Suffix:\"Mrs\"),(@\"Billing Date\":\"\", @\"Charge Capture Date\":\"2018-12-08\", @\"Claims Date\":\"2018-12-07\", @\"Coding Date\":\"2018-12-02\", @\"Created Date\":\"2018-12-01\", @\"Date of Birth\":\"2002-06-01\", @\"First Name\":\"Henry\", Gender:\"Male\", @\"Last Name\":\"Davidson\", @\"Marital Status\":\"Single\", @\"Medical Record Number\":\"560640\", @\"Middle Name\":\"D\", @\"Social Security Number\":\"155-79-3376\", Suffix:\"Mr\"),(@\"Billing Date\":\"\", @\"Charge Capture Date\":\"2018-12-07\", @\"Claims Date\":\"2018-12-06\", @\"Coding Date\":\"2018-12-01\", @\"Created Date\":\"\", @\"Date of Birth\":\"1992-04-13\", @\"First Name\":\"Louis\", Gender:\"Male\", @\"Last Name\":\"George\", @\"Marital Status\":\"Domestic\", @\"Medical Record Number\":\"983178\", @\"Middle Name\":\"P\", @\"Social Security Number\":\"632-54-8285\", Suffix:\"Mr\"),(@\"Billing Date\":\"2018-12-05\", @\"Charge Capture Date\":\"2018-12-08\", @\"Claims Date\":\"\", @\"Coding Date\":\"2018-12-03\", @\"Created Date\":\"\", @\"Date of Birth\":\"1986-06-23\", @\"First Name\":\"Jacqueline\", Gender:\"Female\", @\"Last Name\":\"Stanley\", @\"Marital Status\":\"Married\", @\"Medical Record Number\":\"259220\", @\"Middle Name\":\"D\", @\"Social Security Number\":\"098-55-6586\", Suffix:\"Mrs\"),(@\"Billing Date\":\"2018-12-03\", @\"Charge Capture Date\":\"2018-12-08\", @\"Claims Date\":\"2018-12-08\", @\"Coding Date\":\"\", @\"Created Date\":\"2018-11-30\", @\"Date of Birth\":\"1996-09-04\", @\"First Name\":\"Virginia\", Gender:\"Female\", @\"Last Name\":\"Ross\", @\"Marital Status\":\"Divorced\", @\"Medical Record Number\":\"316389\", @\"Middle Name\":\"U\", @\"Social Security Number\":\"684-93-7334\", Suffix:\"Dr\"),(@\"Billing Date\":\"2018-12-04\", @\"Charge Capture Date\":\"2018-12-08\", @\"Claims Date\":\"2018-12-05\", @\"Coding Date\":\"\", @\"Created Date\":\"\", @\"Date of Birth\":\"2011-02-28\", @\"First Name\":\"Roger\", Gender:\"Male\", @\"Last Name\":\"Garcia\", @\"Marital Status\":\"Widowed\", @\"Medical Record Number\":\"790826\", @\"Middle Name\":\"K\", @\"Social Security Number\":\"267-05-6974\", Suffix:\"Dr\"),(@\"Billing Date\":\"\", @\"Charge Capture Date\":\"\", @\"Claims Date\":\"2018-12-08\", @\"Coding Date\":\"2018-12-02\", @\"Created Date\":\"2018-11-29\", @\"Date of Birth\":\"2014-04-24\", @\"First Name\":\"Arthur\", Gender:\"Male\", @\"Last Name\":\"Wilson\", @\"Marital Status\":\"Domestic\", @\"Medical Record Number\":\"427966\", @\"Middle Name\":\"I\", @\"Social Security Number\":\"376-98-9208\", Suffix:\"Dr\"),(@\"Billing Date\":\"2018-11-30\", @\"Charge Capture Date\":\"\", @\"Claims Date\":\"2018-12-07\", @\"Coding Date\":\"2018-11-30\", @\"Created Date\":\"\", @\"Date of Birth\":\"1995-12-12\", @\"First Name\":\"Angela\", Gender:\"Female\", @\"Last Name\":\"Jordan\", @\"Marital Status\":\"Married\", @\"Medical Record Number\":\"776178\", @\"Middle Name\":\"T\", @\"Social Security Number\":\"285-84-5518\", Suffix:\"Mrs\"),(@\"Billing Date\":\"2018-12-02\", @\"Charge Capture Date\":\"2018-12-03\", @\"Claims Date\":\"2018-12-02\", @\"Coding Date\":\"\", @\"Created Date\":\"2018-11-30\", @\"Date of Birth\":\"2018-02-07\", @\"First Name\":\"Nicholas\", Gender:\"Male\", @\"Last Name\":\"Rose\", @\"Marital Status\":\"Divorced\", @\"Medical Record Number\":\"632725\", @\"Middle Name\":\"I\", @\"Social Security Number\":\"035-63-4809\", Suffix:\"Mr\"),(@\"Billing Date\":\"2018-11-30\", @\"Charge Capture Date\":\"2018-12-02\", @\"Claims Date\":\"2018-12-02\", @\"Coding Date\":\"\", @\"Created Date\":\"2018-11-28\", @\"Date of Birth\":\"1975-01-14\", @\"First Name\":\"Gloria\", Gender:\"Female\", @\"Last Name\":\"Turner\", @\"Marital Status\":\"Separated\", @\"Medical Record Number\":\"998368\", @\"Middle Name\":\"Z\", @\"Social Security Number\":\"875-87-2012\", Suffix:\"Ms\"),(@\"Billing Date\":\"2018-12-04\", @\"Charge Capture Date\":\"2018-12-07\", @\"Claims Date\":\"2018-12-05\", @\"Coding Date\":\"\", @\"Created Date\":\"2018-11-29\", @\"Date of Birth\":\"2018-11-25\", @\"First Name\":\"Robert\", Gender:\"Male\", @\"Last Name\":\"Burke\", @\"Marital Status\":\"Widowed\", @\"Medical Record Number\":\"800430\", @\"Middle Name\":\"U\", @\"Social Security Number\":\"900-47-2291\", Suffix:\"Mr\"),(@\"Billing Date\":\"\", @\"Charge Capture Date\":\"\", @\"Claims Date\":\"2018-12-07\", @\"Coding Date\":\"2018-12-04\", @\"Created Date\":\"2018-12-01\", @\"Date of Birth\":\"1974-10-31\", @\"First Name\":\"Philip\", Gender:\"Male\", @\"Last Name\":\"Richardson\", @\"Marital Status\":\"Single\", @\"Medical Record Number\":\"252888\", @\"Middle Name\":\"K\", @\"Social Security Number\":\"601-49-9309\", Suffix:\"Dr\"),(@\"Billing Date\":\"2018-12-04\", @\"Charge Capture Date\":\"2018-12-07\", @\"Claims Date\":\"\", @\"Coding Date\":\"2018-12-03\", @\"Created Date\":\"2018-11-30\", @\"Date of Birth\":\"2000-02-20\", @\"First Name\":\"Victoria\", Gender:\"Female\", @\"Last Name\":\"Hall\", @\"Marital Status\":\"Widowed\", @\"Medical Record Number\":\"836305\", @\"Middle Name\":\"H\", @\"Social Security Number\":\"460-88-8865\", Suffix:\"Ms\"),(@\"Billing Date\":\"2018-12-06\", @\"Charge Capture Date\":\"2018-12-07\", @\"Claims Date\":\"\", @\"Coding Date\":\"\", @\"Created Date\":\"2018-12-01\", @\"Date of Birth\":\"1972-04-20\", @\"First Name\":\"Samuel\", Gender:\"Male\", @\"Last Name\":\"Delgado\", @\"Marital Status\":\"Domestic\", @\"Medical Record Number\":\"497467\", @\"Middle Name\":\"R\", @\"Social Security Number\":\"010-93-8810\", Suffix:\"Dr\"),(@\"Billing Date\":\"2018-12-01\", @\"Charge Capture Date\":\"\", @\"Claims Date\":\"2018-12-06\", @\"Coding Date\":\"2018-11-29\", @\"Created Date\":\"2018-11-29\", @\"Date of Birth\":\"2002-05-14\", @\"First Name\":\"Ann\", Gender:\"Female\", @\"Last Name\":\"Reed\", @\"Marital Status\":\"Married\", @\"Medical Record Number\":\"547953\", @\"Middle Name\":\"V\", @\"Social Security Number\":\"955-50-7215\", Suffix:\"Mrs\"),(@\"Billing Date\":\"2018-12-04\", @\"Charge Capture Date\":\"2018-12-07\", @\"Claims Date\":\"\", @\"Coding Date\":\"\", @\"Created Date\":\"2018-11-29\", @\"Date of Birth\":\"1983-12-20\", @\"First Name\":\"Daniel\", Gender:\"Male\", @\"Last Name\":\"Jimenez\", @\"Marital Status\":\"Single\", @\"Medical Record Number\":\"860582\", @\"Middle Name\":\"Q\", @\"Social Security Number\":\"506-69-4769\", Suffix:\"Mr\"),(@\"Billing Date\":\"2018-12-03\", @\"Charge Capture Date\":\"\", @\"Claims Date\":\"2018-12-07\", @\"Coding Date\":\"2018-12-02\", @\"Created Date\":\"2018-12-01\", @\"Date of Birth\":\"1989-02-01\", @\"First Name\":\"Jeremy\", Gender:\"Male\", @\"Last Name\":\"Stewart\", @\"Marital Status\":\"Divorced\", @\"Medical Record Number\":\"227787\", @\"Middle Name\":\"E\", @\"Social Security Number\":\"776-43-7022\", Suffix:\"Mr\"),(@\"Billing Date\":\"2018-12-04\", @\"Charge Capture Date\":\"2018-12-07\", @\"Claims Date\":\"2018-12-04\", @\"Coding Date\":\"2018-11-29\", @\"Created Date\":\"2018-11-28\", @\"Date of Birth\":\"1984-06-16\", @\"First Name\":\"Joe\", Gender:\"Male\", @\"Last Name\":\"Daniels\", @\"Marital Status\":\"Widowed\", @\"Medical Record Number\":\"418463\", @\"Middle Name\":\"N\", @\"Social Security Number\":\"757-98-0509\", Suffix:\"Mr\"),(@\"Billing Date\":\"2018-12-06\", @\"Charge Capture Date\":\"2018-12-07\", @\"Claims Date\":\"\", @\"Coding Date\":\"\", @\"Created Date\":\"\", @\"Date of Birth\":\"2011-09-25\", @\"First Name\":\"Alice\", Gender:\"Female\", @\"Last Name\":\"Gutierrez\", @\"Marital Status\":\"Separated\", @\"Medical Record Number\":\"695825\", @\"Middle Name\":\"P\", @\"Social Security Number\":\"192-91-1691\", Suffix:\"Dr\"),(@\"Billing Date\":\"2018-12-02\", @\"Charge Capture Date\":\"2018-12-06\", @\"Claims Date\":\"2018-12-05\", @\"Coding Date\":\"2018-12-01\", @\"Created Date\":\"2018-11-28\", @\"Date of Birth\":\"1985-03-07\", @\"First Name\":\"Anna\", Gender:\"Female\", @\"Last Name\":\"Walters\", @\"Marital Status\":\"Widowed\", @\"Medical Record Number\":\"698958\", @\"Middle Name\":\"O\", @\"Social Security Number\":\"300-39-8668\", Suffix:\"Ms\"),(@\"Billing Date\":\"2018-12-04\", @\"Charge Capture Date\":\"2018-12-08\", @\"Claims Date\":\"2018-12-05\", @\"Coding Date\":\"2018-11-30\", @\"Created Date\":\"2018-11-30\", @\"Date of Birth\":\"2017-08-26\", @\"First Name\":\"Bryan\", Gender:\"Male\", @\"Last Name\":\"Contreras\", @\"Marital Status\":\"Divorced\", @\"Medical Record Number\":\"749478\", @\"Middle Name\":\"E\", @\"Social Security Number\":\"263-23-0106\", Suffix:\"Dr\"),(@\"Billing Date\":\"\", @\"Charge Capture Date\":\"2018-12-08\", @\"Claims Date\":\"2018-12-04\", @\"Coding Date\":\"2018-11-30\", @\"Created Date\":\"2018-11-28\", @\"Date of Birth\":\"1989-07-06\", @\"First Name\":\"Virginia\", Gender:\"Female\", @\"Last Name\":\"Richards\", @\"Marital Status\":\"Domestic\", @\"Medical Record Number\":\"575589\", @\"Middle Name\":\"F\", @\"Social Security Number\":\"538-74-3863\", Suffix:\"Ms\"),(@\"Billing Date\":\"\", @\"Charge Capture Date\":\"2018-12-08\", @\"Claims Date\":\"\", @\"Coding Date\":\"\", @\"Created Date\":\"\", @\"Date of Birth\":\"1985-08-08\", @\"First Name\":\"Jane\", Gender:\"Female\", @\"Last Name\":\"Harvey\", @\"Marital Status\":\"Married\", @\"Medical Record Number\":\"843190\", @\"Middle Name\":\"K\", @\"Social Security Number\":\"337-42-8134\", Suffix:\"Mrs\"),(@\"Billing Date\":\"2018-11-30\", @\"Charge Capture Date\":\"2018-12-06\", @\"Claims Date\":\"2018-12-01\", @\"Coding Date\":\"2018-11-29\", @\"Created Date\":\"2018-11-28\", @\"Date of Birth\":\"1985-02-21\", @\"First Name\":\"Kimberly\", Gender:\"Female\", @\"Last Name\":\"Roberts\", @\"Marital Status\":\"Married\", @\"Medical Record Number\":\"325790\", @\"Middle Name\":\"P\", @\"Social Security Number\":\"089-17-8601\", Suffix:\"Dr\"),(@\"Billing Date\":\"\", @\"Charge Capture Date\":\"2018-12-01\", @\"Claims Date\":\"2018-12-01\", @\"Coding Date\":\"\", @\"Created Date\":\"2018-11-29\", @\"Date of Birth\":\"2010-06-07\", @\"First Name\":\"Daniel\", Gender:\"Male\", @\"Last Name\":\"Harper\", @\"Marital Status\":\"Separated\", @\"Medical Record Number\":\"464626\", @\"Middle Name\":\"M\", @\"Social Security Number\":\"742-79-3235\", Suffix:\"Mr\"),(@\"Billing Date\":\"\", @\"Charge Capture Date\":\"2018-12-03\", @\"Claims Date\":\"2018-12-01\", @\"Coding Date\":\"2018-12-01\", @\"Created Date\":\"\", @\"Date of Birth\":\"2000-06-06\", @\"First Name\":\"Martha\", Gender:\"Female\", @\"Last Name\":\"Bates\", @\"Marital Status\":\"Married\", @\"Medical Record Number\":\"497534\", @\"Middle Name\":\"S\", @\"Social Security Number\":\"754-79-8065\", Suffix:\"Mrs\"),(@\"Billing Date\":\"2018-12-03\", @\"Charge Capture Date\":\"2018-12-07\", @\"Claims Date\":\"\", @\"Coding Date\":\"\", @\"Created Date\":\"\", @\"Date of Birth\":\"1996-05-25\", @\"First Name\":\"Thomas\", Gender:\"Male\", @\"Last Name\":\"Carlson\", @\"Marital Status\":\"Widowed\", @\"Medical Record Number\":\"666242\", @\"Middle Name\":\"F\", @\"Social Security Number\":\"326-18-7302\", Suffix:\"Dr\"),(@\"Billing Date\":\"2018-12-04\", @\"Charge Capture Date\":\"2018-12-08\", @\"Claims Date\":\"2018-12-07\", @\"Coding Date\":\"2018-12-03\", @\"Created Date\":\"2018-11-28\", @\"Date of Birth\":\"1991-11-05\", @\"First Name\":\"Richard\", Gender:\"Male\", @\"Last Name\":\"Kim\", @\"Marital Status\":\"Domestic\", @\"Medical Record Number\":\"186702\", @\"Middle Name\":\"A\", @\"Social Security Number\":\"601-01-5818\", Suffix:\"Mr\"),(@\"Billing Date\":\"\", @\"Charge Capture Date\":\"2018-12-08\", @\"Claims Date\":\"\", @\"Coding Date\":\"2018-12-02\", @\"Created Date\":\"\", @\"Date of Birth\":\"2010-10-01\", @\"First Name\":\"Joshua\", Gender:\"Male\", @\"Last Name\":\"Curtis\", @\"Marital Status\":\"Single\", @\"Medical Record Number\":\"552204\", @\"Middle Name\":\"X\", @\"Social Security Number\":\"240-10-2239\", Suffix:\"Dr\"),(@\"Billing Date\":\"\", @\"Charge Capture Date\":\"2018-12-04\", @\"Claims Date\":\"2018-12-03\", @\"Coding Date\":\"\", @\"Created Date\":\"\", @\"Date of Birth\":\"1994-11-20\", @\"First Name\":\"Lawrence\", Gender:\"Male\", @\"Last Name\":\"Salazar\", @\"Marital Status\":\"Domestic\", @\"Medical Record Number\":\"033130\", @\"Middle Name\":\"L\", @\"Social Security Number\":\"494-92-1250\", Suffix:\"Mr\"),(@\"Billing Date\":\"2018-12-07\", @\"Charge Capture Date\":\"2018-12-08\", @\"Claims Date\":\"2018-12-07\", @\"Coding Date\":\"\", @\"Created Date\":\"\", @\"Date of Birth\":\"2009-07-19\", @\"First Name\":\"Paul\", Gender:\"Male\", @\"Last Name\":\"Weber\", @\"Marital Status\":\"Domestic\", @\"Medical Record Number\":\"244633\", @\"Middle Name\":\"D\", @\"Social Security Number\":\"848-13-4510\", Suffix:\"Mr\"),(@\"Billing Date\":\"\", @\"Charge Capture Date\":\"2018-12-08\", @\"Claims Date\":\"2018-12-06\", @\"Coding Date\":\"\", @\"Created Date\":\"\", @\"Date of Birth\":\"1987-03-03\", @\"First Name\":\"Brittany\", Gender:\"Female\", @\"Last Name\":\"Perry\", @\"Marital Status\":\"Widowed\", @\"Medical Record Number\":\"874009\", @\"Middle Name\":\"W\", @\"Social Security Number\":\"552-63-4411\", Suffix:\"Dr\"),(@\"Billing Date\":\"2018-12-02\", @\"Charge Capture Date\":\"2018-12-07\", @\"Claims Date\":\"2018-12-05\", @\"Coding Date\":\"\", @\"Created Date\":\"2018-11-30\", @\"Date of Birth\":\"1986-02-22\", @\"First Name\":\"Dorothy\", Gender:\"Female\", @\"Last Name\":\"Garrett\", @\"Marital Status\":\"Married\", @\"Medical Record Number\":\"013194\", @\"Middle Name\":\"V\", @\"Social Security Number\":\"337-08-7601\", Suffix:\"Mrs\"),(@\"Billing Date\":\"\", @\"Charge Capture Date\":\"\", @\"Claims Date\":\"\", @\"Coding Date\":\"2018-12-04\", @\"Created Date\":\"2018-11-30\", @\"Date of Birth\":\"2006-03-05\", @\"First Name\":\"Jeremy\", Gender:\"Male\", @\"Last Name\":\"Hopkins\", @\"Marital Status\":\"Widowed\", @\"Medical Record Number\":\"685221\", @\"Middle Name\":\"A\", @\"Social Security Number\":\"408-87-6861\", Suffix:\"Mr\"),(@\"Billing Date\":\"\", @\"Charge Capture Date\":\"\", @\"Claims Date\":\"2018-12-02\", @\"Coding Date\":\"\", @\"Created Date\":\"2018-11-29\", @\"Date of Birth\":\"1980-10-20\", @\"First Name\":\"Emily\", Gender:\"Female\", @\"Last Name\":\"Foster\", @\"Marital Status\":\"Domestic\", @\"Medical Record Number\":\"486274\", @\"Middle Name\":\"T\", @\"Social Security Number\":\"144-00-7262\", Suffix:\"Ms\"),(@\"Billing Date\":\"\", @\"Charge Capture Date\":\"2018-12-08\", @\"Claims Date\":\"2018-12-08\", @\"Coding Date\":\"2018-12-04\", @\"Created Date\":\"\", @\"Date of Birth\":\"1997-10-04\", @\"First Name\":\"Ryan\", Gender:\"Male\", @\"Last Name\":\"Hopkins\", @\"Marital Status\":\"Domestic\", @\"Medical Record Number\":\"303360\", @\"Middle Name\":\"B\", @\"Social Security Number\":\"159-77-8859\", Suffix:\"Mr\"),(@\"Billing Date\":\"2018-12-06\", @\"Charge Capture Date\":\"2018-12-08\", @\"Claims Date\":\"2018-12-07\", @\"Coding Date\":\"\", @\"Created Date\":\"2018-12-03\", @\"Date of Birth\":\"1998-08-08\", @\"First Name\":\"Brittany\", Gender:\"Female\", @\"Last Name\":\"Lawrence\", @\"Marital Status\":\"Married\", @\"Medical Record Number\":\"646249\", @\"Middle Name\":\"D\", @\"Social Security Number\":\"774-40-6958\", Suffix:\"Mrs\"),(@\"Billing Date\":\"\", @\"Charge Capture Date\":\"\", @\"Claims Date\":\"2018-12-03\", @\"Coding Date\":\"\", @\"Created Date\":\"\", @\"Date of Birth\":\"1990-12-27\", @\"First Name\":\"Emily\", Gender:\"Female\", @\"Last Name\":\"Brown\", @\"Marital Status\":\"Widowed\", @\"Medical Record Number\":\"195060\", @\"Middle Name\":\"T\", @\"Social Security Number\":\"435-52-1501\", Suffix:\"Dr\"),(@\"Billing Date\":\"2018-12-02\", @\"Charge Capture Date\":\"\", @\"Claims Date\":\"2018-12-04\", @\"Coding Date\":\"2018-12-01\", @\"Created Date\":\"2018-11-29\", @\"Date of Birth\":\"1990-03-21\", @\"First Name\":\"Phillip\", Gender:\"Male\", @\"Last Name\":\"Hughes\", @\"Marital Status\":\"Divorced\", @\"Medical Record Number\":\"455498\", @\"Middle Name\":\"Q\", @\"Social Security Number\":\"836-33-3059\", Suffix:\"Dr\"),(@\"Billing Date\":\"2018-12-01\", @\"Charge Capture Date\":\"2018-12-04\", @\"Claims Date\":\"2018-12-04\", @\"Coding Date\":\"2018-11-30\", @\"Created Date\":\"\", @\"Date of Birth\":\"1998-12-12\", @\"First Name\":\"Sean\", Gender:\"Male\", @\"Last Name\":\"Lucas\", @\"Marital Status\":\"Married\", @\"Medical Record Number\":\"065124\", @\"Middle Name\":\"I\", @\"Social Security Number\":\"437-12-4485\", Suffix:\"Dr\"),(@\"Billing Date\":\"\", @\"Charge Capture Date\":\"2018-12-08\", @\"Claims Date\":\"2018-12-07\", @\"Coding Date\":\"\", @\"Created Date\":\"\", @\"Date of Birth\":\"1980-04-04\", @\"First Name\":\"Jessica\", Gender:\"Female\", @\"Last Name\":\"Elliott\", @\"Marital Status\":\"Married\", @\"Medical Record Number\":\"350354\", @\"Middle Name\":\"G\", @\"Social Security Number\":\"282-25-0905\", Suffix:\"Dr\"),(@\"Billing Date\":\"2018-12-04\", @\"Charge Capture Date\":\"2018-12-07\", @\"Claims Date\":\"\", @\"Coding Date\":\"2018-12-04\", @\"Created Date\":\"2018-11-28\", @\"Date of Birth\":\"1987-09-14\", @\"First Name\":\"Kelly\", Gender:\"Female\", @\"Last Name\":\"Perez\", @\"Marital Status\":\"Married\", @\"Medical Record Number\":\"045855\", @\"Middle Name\":\"K\", @\"Social Security Number\":\"135-23-7308\", Suffix:\"Mrs\"),(@\"Billing Date\":\"2018-12-03\", @\"Charge Capture Date\":\"2018-12-04\", @\"Claims Date\":\"2018-12-04\", @\"Coding Date\":\"2018-11-30\", @\"Created Date\":\"2018-11-29\", @\"Date of Birth\":\"1992-03-26\", @\"First Name\":\"Cheryl\", Gender:\"Female\", @\"Last Name\":\"Evans\", @\"Marital Status\":\"Widowed\", @\"Medical Record Number\":\"216332\", @\"Middle Name\":\"J\", @\"Social Security Number\":\"300-97-8627\", Suffix:\"Dr\"),(@\"Billing Date\":\"2018-12-04\", @\"Charge Capture Date\":\"2018-12-08\", @\"Claims Date\":\"2018-12-07\", @\"Coding Date\":\"2018-12-02\", @\"Created Date\":\"2018-11-29\", @\"Date of Birth\":\"1989-08-02\", @\"First Name\":\"Frances\", Gender:\"Female\", @\"Last Name\":\"Clark\", @\"Marital Status\":\"Married\", @\"Medical Record Number\":\"855460\", @\"Middle Name\":\"F\", @\"Social Security Number\":\"798-34-7936\", Suffix:\"Mrs\"),(@\"Billing Date\":\"\", @\"Charge Capture Date\":\"\", @\"Claims Date\":\"\", @\"Coding Date\":\"2018-11-30\", @\"Created Date\":\"2018-11-29\", @\"Date of Birth\":\"2012-01-19\", @\"First Name\":\"Virginia\", Gender:\"Female\", @\"Last Name\":\"Carpenter\", @\"Marital Status\":\"Widowed\", @\"Medical Record Number\":\"257503\", @\"Middle Name\":\"B\", @\"Social Security Number\":\"079-01-4715\", Suffix:\"Dr\"),(@\"Billing Date\":\"\", @\"Charge Capture Date\":\"\", @\"Claims Date\":\"2018-12-01\", @\"Coding Date\":\"\", @\"Created Date\":\"2018-11-28\", @\"Date of Birth\":\"1982-09-20\", @\"First Name\":\"Mary\", Gender:\"Female\", @\"Last Name\":\"Medina\", @\"Marital Status\":\"Domestic\", @\"Medical Record Number\":\"703012\", @\"Middle Name\":\"J\", @\"Social Security Number\":\"336-01-6763\", Suffix:\"Ms\"),(@\"Billing Date\":\"2018-12-05\", @\"Charge Capture Date\":\"\", @\"Claims Date\":\"2018-12-08\", @\"Coding Date\":\"2018-11-30\", @\"Created Date\":\"2018-11-28\", @\"Date of Birth\":\"2013-03-26\", @\"First Name\":\"Melissa\", Gender:\"Female\", @\"Last Name\":\"Foster\", @\"Marital Status\":\"Married\", @\"Medical Record Number\":\"099973\", @\"Middle Name\":\"M\", @\"Social Security Number\":\"704-49-6042\", Suffix:\"Mrs\"),(@\"Billing Date\":\"2018-11-29\", @\"Charge Capture Date\":\"\", @\"Claims Date\":\"\", @\"Coding Date\":\"\", @\"Created Date\":\"\", @\"Date of Birth\":\"1972-07-22\", @\"First Name\":\"Tyler\", Gender:\"Male\", @\"Last Name\":\"Martinez\", @\"Marital Status\":\"Separated\", @\"Medical Record Number\":\"780687\", @\"Middle Name\":\"F\", @\"Social Security Number\":\"171-09-5299\", Suffix:\"Mr\"),(@\"Billing Date\":\"2018-12-04\", @\"Charge Capture Date\":\"2018-12-07\", @\"Claims Date\":\"\", @\"Coding Date\":\"\", @\"Created Date\":\"2018-12-01\", @\"Date of Birth\":\"1971-02-02\", @\"First Name\":\"Carl\", Gender:\"Male\", @\"Last Name\":\"Peters\", @\"Marital Status\":\"Domestic\", @\"Medical Record Number\":\"606845\", @\"Middle Name\":\"B\", @\"Social Security Number\":\"366-13-0197\", Suffix:\"Mr\"),(@\"Billing Date\":\"2018-12-03\", @\"Charge Capture Date\":\"2018-12-07\", @\"Claims Date\":\"2018-12-06\", @\"Coding Date\":\"\", @\"Created Date\":\"2018-11-28\", @\"Date of Birth\":\"2009-02-07\", @\"First Name\":\"Henry\", Gender:\"Male\", @\"Last Name\":\"Wagner\", @\"Marital Status\":\"Married\", @\"Medical Record Number\":\"038673\", @\"Middle Name\":\"C\", @\"Social Security Number\":\"054-55-4853\", Suffix:\"Mr\"),(@\"Billing Date\":\"2018-12-02\", @\"Charge Capture Date\":\"2018-12-05\", @\"Claims Date\":\"\", @\"Coding Date\":\"2018-11-30\", @\"Created Date\":\"2018-11-29\", @\"Date of Birth\":\"1974-11-24\", @\"First Name\":\"Carol\", Gender:\"Female\", @\"Last Name\":\"Stephens\", @\"Marital Status\":\"Married\", @\"Medical Record Number\":\"065271\", @\"Middle Name\":\"K\", @\"Social Security Number\":\"656-66-9047\", Suffix:\"Mrs\"),(@\"Billing Date\":\"\", @\"Charge Capture Date\":\"2018-12-08\", @\"Claims Date\":\"2018-12-02\", @\"Coding Date\":\"\", @\"Created Date\":\"2018-11-28\", @\"Date of Birth\":\"2009-02-03\", @\"First Name\":\"Janet\", Gender:\"Female\", @\"Last Name\":\"Crawford\", @\"Marital Status\":\"Married\", @\"Medical Record Number\":\"748738\", @\"Middle Name\":\"D\", @\"Social Security Number\":\"395-63-9324\", Suffix:\"Mrs\"),(@\"Billing Date\":\"2018-12-06\", @\"Charge Capture Date\":\"2018-12-07\", @\"Claims Date\":\"2018-12-06\", @\"Coding Date\":\"2018-12-06\", @\"Created Date\":\"2018-12-04\", @\"Date of Birth\":\"1980-03-31\", @\"First Name\":\"Julie\", Gender:\"Female\", @\"Last Name\":\"Beck\", @\"Marital Status\":\"Separated\", @\"Medical Record Number\":\"215831\", @\"Middle Name\":\"U\", @\"Social Security Number\":\"077-57-2693\", Suffix:\"Ms\"),(@\"Billing Date\":\"2018-12-03\", @\"Charge Capture Date\":\"2018-12-06\", @\"Claims Date\":\"2018-12-05\", @\"Coding Date\":\"2018-12-03\", @\"Created Date\":\"2018-11-29\", @\"Date of Birth\":\"1981-10-28\", @\"First Name\":\"Phillip\", Gender:\"Male\", @\"Last Name\":\"Cook\", @\"Marital Status\":\"Separated\", @\"Medical Record Number\":\"812210\", @\"Middle Name\":\"F\", @\"Social Security Number\":\"128-47-2466\", Suffix:\"Mr\"),(@\"Billing Date\":\"2018-12-06\", @\"Charge Capture Date\":\"2018-12-08\", @\"Claims Date\":\"2018-12-07\", @\"Coding Date\":\"2018-12-03\", @\"Created Date\":\"\", @\"Date of Birth\":\"1993-03-07\", @\"First Name\":\"Amber\", Gender:\"Female\", @\"Last Name\":\"Guerrero\", @\"Marital Status\":\"Single\", @\"Medical Record Number\":\"434611\", @\"Middle Name\":\"A\", @\"Social Security Number\":\"276-71-0513\", Suffix:\"Dr\"),(@\"Billing Date\":\"2018-12-04\", @\"Charge Capture Date\":\"\", @\"Claims Date\":\"2018-12-06\", @\"Coding Date\":\"\", @\"Created Date\":\"\", @\"Date of Birth\":\"1991-08-20\", @\"First Name\":\"Alexander\", Gender:\"Male\", @\"Last Name\":\"Carr\", @\"Marital Status\":\"Single\", @\"Medical Record Number\":\"494336\", @\"Middle Name\":\"S\", @\"Social Security Number\":\"291-68-6742\", Suffix:\"Dr\"),(@\"Billing Date\":\"2018-12-04\", @\"Charge Capture Date\":\"\", @\"Claims Date\":\"2018-12-08\", @\"Coding Date\":\"\", @\"Created Date\":\"\", @\"Date of Birth\":\"2011-06-06\", @\"First Name\":\"Danielle\", Gender:\"Female\", @\"Last Name\":\"Guerrero\", @\"Marital Status\":\"Single\", @\"Medical Record Number\":\"667211\", @\"Middle Name\":\"L\", @\"Social Security Number\":\"233-41-1469\", Suffix:\"Dr\"),(@\"Billing Date\":\"\", @\"Charge Capture Date\":\"2018-12-08\", @\"Claims Date\":\"\", @\"Coding Date\":\"2018-12-01\", @\"Created Date\":\"2018-11-29\", @\"Date of Birth\":\"1976-05-27\", @\"First Name\":\"Michael\", Gender:\"Male\", @\"Last Name\":\"Pierce\", @\"Marital Status\":\"Married\", @\"Medical Record Number\":\"775764\", @\"Middle Name\":\"I\", @\"Social Security Number\":\"959-11-1935\", Suffix:\"Mr\"),(@\"Billing Date\":\"\", @\"Charge Capture Date\":\"2018-12-07\", @\"Claims Date\":\"2018-12-01\", @\"Coding Date\":\"2018-11-29\", @\"Created Date\":\"2018-11-29\", @\"Date of Birth\":\"1985-05-11\", @\"First Name\":\"Danielle\", Gender:\"Female\", @\"Last Name\":\"Martin\", @\"Marital Status\":\"Domestic\", @\"Medical Record Number\":\"443587\", @\"Middle Name\":\"G\", @\"Social Security Number\":\"117-10-1208\", Suffix:\"Dr\"),(@\"Billing Date\":\"2018-12-02\", @\"Charge Capture Date\":\"2018-12-07\", @\"Claims Date\":\"2018-12-05\", @\"Coding Date\":\"2018-11-30\", @\"Created Date\":\"2018-11-29\", @\"Date of Birth\":\"1976-09-19\", @\"First Name\":\"Samuel\", Gender:\"Male\", @\"Last Name\":\"Chen\", @\"Marital Status\":\"Divorced\", @\"Medical Record Number\":\"721176\", @\"Middle Name\":\"X\", @\"Social Security Number\":\"716-24-7287\", Suffix:\"Mr\"),(@\"Billing Date\":\"\", @\"Charge Capture Date\":\"\", @\"Claims Date\":\"2018-12-04\", @\"Coding Date\":\"2018-11-28\", @\"Created Date\":\"\", @\"Date of Birth\":\"1976-01-04\", @\"First Name\":\"Donald\", Gender:\"Male\", @\"Last Name\":\"Duncan\", @\"Marital Status\":\"Married\", @\"Medical Record Number\":\"511426\", @\"Middle Name\":\"W\", @\"Social Security Number\":\"272-06-4400\", Suffix:\"Mr\"),(@\"Billing Date\":\"2018-12-08\", @\"Charge Capture Date\":\"\", @\"Claims Date\":\"2018-12-08\", @\"Coding Date\":\"2018-11-29\", @\"Created Date\":\"\", @\"Date of Birth\":\"1989-10-20\", @\"First Name\":\"Kenneth\", Gender:\"Male\", @\"Last Name\":\"Garrett\", @\"Marital Status\":\"Widowed\", @\"Medical Record Number\":\"279485\", @\"Middle Name\":\"Z\", @\"Social Security Number\":\"469-30-1936\", Suffix:\"Dr\"),(@\"Billing Date\":\"2018-12-04\", @\"Charge Capture Date\":\"2018-12-08\", @\"Claims Date\":\"2018-12-08\", @\"Coding Date\":\"\", @\"Created Date\":\"2018-12-03\", @\"Date of Birth\":\"1997-04-26\", @\"First Name\":\"Hannah\", Gender:\"Female\", @\"Last Name\":\"Day\", @\"Marital Status\":\"Married\", @\"Medical Record Number\":\"295690\", @\"Middle Name\":\"U\", @\"Social Security Number\":\"723-63-0859\", Suffix:\"Mrs\"),(@\"Billing Date\":\"\", @\"Charge Capture Date\":\"\", @\"Claims Date\":\"\", @\"Coding Date\":\"\", @\"Created Date\":\"2018-11-29\", @\"Date of Birth\":\"1980-12-24\", @\"First Name\":\"Raymond\", Gender:\"Male\", @\"Last Name\":\"Wright\", @\"Marital Status\":\"Divorced\", @\"Medical Record Number\":\"268181\", @\"Middle Name\":\"P\", @\"Social Security Number\":\"031-69-7625\", Suffix:\"Mr\"),(@\"Billing Date\":\"2018-12-04\", @\"Charge Capture Date\":\"\", @\"Claims Date\":\"2018-12-05\", @\"Coding Date\":\"2018-12-03\", @\"Created Date\":\"2018-12-02\", @\"Date of Birth\":\"1995-10-27\", @\"First Name\":\"Russell\", Gender:\"Male\", @\"Last Name\":\"Davidson\", @\"Marital Status\":\"Widowed\", @\"Medical Record Number\":\"774535\", @\"Middle Name\":\"L\", @\"Social Security Number\":\"004-27-1003\", Suffix:\"Mr\"),(@\"Billing Date\":\"2018-12-05\", @\"Charge Capture Date\":\"\", @\"Claims Date\":\"2018-12-05\", @\"Coding Date\":\"2018-12-02\", @\"Created Date\":\"2018-11-30\", @\"Date of Birth\":\"2009-07-05\", @\"First Name\":\"Helen\", Gender:\"Female\", @\"Last Name\":\"Johnson\", @\"Marital Status\":\"Married\", @\"Medical Record Number\":\"872541\", @\"Middle Name\":\"J\", @\"Social Security Number\":\"459-01-9175\", Suffix:\"Mrs\"),(@\"Billing Date\":\"\", @\"Charge Capture Date\":\"2018-12-08\", @\"Claims Date\":\"2018-12-05\", @\"Coding Date\":\"2018-12-02\", @\"Created Date\":\"2018-11-29\", @\"Date of Birth\":\"1999-05-29\", @\"First Name\":\"Joan\", Gender:\"Female\", @\"Last Name\":\"Stevens\", @\"Marital Status\":\"Widowed\", @\"Medical Record Number\":\"372061\", @\"Middle Name\":\"W\", @\"Social Security Number\":\"309-30-2241\", Suffix:\"Dr\"),(@\"Billing Date\":\"2018-12-05\", @\"Charge Capture Date\":\"2018-12-08\", @\"Claims Date\":\"2018-12-05\", @\"Coding Date\":\"2018-12-04\", @\"Created Date\":\"2018-11-29\", @\"Date of Birth\":\"2010-03-31\", @\"First Name\":\"Scott\", Gender:\"Male\", @\"Last Name\":\"Edwards\", @\"Marital Status\":\"Divorced\", @\"Medical Record Number\":\"631145\", @\"Middle Name\":\"P\", @\"Social Security Number\":\"303-95-4330\", Suffix:\"Dr\"),(@\"Billing Date\":\"\", @\"Charge Capture Date\":\"2018-12-05\", @\"Claims Date\":\"\", @\"Coding Date\":\"\", @\"Created Date\":\"2018-11-28\", @\"Date of Birth\":\"2009-06-21\", @\"First Name\":\"Danielle\", Gender:\"Female\", @\"Last Name\":\"Oliver\", @\"Marital Status\":\"Married\", @\"Medical Record Number\":\"084185\", @\"Middle Name\":\"B\", @\"Social Security Number\":\"497-97-7563\", Suffix:\"Mrs\"),(@\"Billing Date\":\"\", @\"Charge Capture Date\":\"\", @\"Claims Date\":\"2018-12-05\", @\"Coding Date\":\"\", @\"Created Date\":\"2018-11-28\", @\"Date of Birth\":\"1982-09-17\", @\"First Name\":\"Megan\", Gender:\"Female\", @\"Last Name\":\"Perez\", @\"Marital Status\":\"Single\", @\"Medical Record Number\":\"667149\", @\"Middle Name\":\"N\", @\"Social Security Number\":\"406-33-0213\", Suffix:\"Ms\"),(@\"Billing Date\":\"2018-11-29\", @\"Charge Capture Date\":\"2018-12-08\", @\"Claims Date\":\"2018-12-02\", @\"Coding Date\":\"2018-11-29\", @\"Created Date\":\"2018-11-28\", @\"Date of Birth\":\"2006-11-25\", @\"First Name\":\"Ann\", Gender:\"Female\", @\"Last Name\":\"Weber\", @\"Marital Status\":\"Married\", @\"Medical Record Number\":\"911278\", @\"Middle Name\":\"W\", @\"Social Security Number\":\"474-44-8090\", Suffix:\"Mrs\"),(@\"Billing Date\":\"\", @\"Charge Capture Date\":\"\", @\"Claims Date\":\"2018-12-07\", @\"Coding Date\":\"2018-12-02\", @\"Created Date\":\"\", @\"Date of Birth\":\"2016-11-12\", @\"First Name\":\"Crystal\", Gender:\"Female\", @\"Last Name\":\"Cunningham\", @\"Marital Status\":\"Divorced\", @\"Medical Record Number\":\"754279\", @\"Middle Name\":\"H\", @\"Social Security Number\":\"047-09-7116\", Suffix:\"Ms\"),(@\"Billing Date\":\"2018-12-01\", @\"Charge Capture Date\":\"2018-12-07\", @\"Claims Date\":\"2018-12-05\", @\"Coding Date\":\"2018-11-30\", @\"Created Date\":\"\", @\"Date of Birth\":\"1989-03-26\", @\"First Name\":\"Jeremy\", Gender:\"Male\", @\"Last Name\":\"Alexander\", @\"Marital Status\":\"Single\", @\"Medical Record Number\":\"585200\", @\"Middle Name\":\"F\", @\"Social Security Number\":\"058-98-6758\", Suffix:\"Mr\"),(@\"Billing Date\":\"\", @\"Charge Capture Date\":\"2018-12-05\", @\"Claims Date\":\"\", @\"Coding Date\":\"2018-12-01\", @\"Created Date\":\"\", @\"Date of Birth\":\"1997-05-19\", @\"First Name\":\"William\", Gender:\"Male\", @\"Last Name\":\"Parker\", @\"Marital Status\":\"Separated\", @\"Medical Record Number\":\"224270\", @\"Middle Name\":\"N\", @\"Social Security Number\":\"484-18-8015\", Suffix:\"Dr\"),(@\"Billing Date\":\"2018-11-30\", @\"Charge Capture Date\":\"2018-12-03\", @\"Claims Date\":\"2018-12-03\", @\"Coding Date\":\"\", @\"Created Date\":\"2018-11-28\", @\"Date of Birth\":\"2010-08-30\", @\"First Name\":\"Eugene\", Gender:\"Male\", @\"Last Name\":\"Perry\", @\"Marital Status\":\"Single\", @\"Medical Record Number\":\"382396\", @\"Middle Name\":\"A\", @\"Social Security Number\":\"001-92-3731\", Suffix:\"Dr\"),(@\"Billing Date\":\"\", @\"Charge Capture Date\":\"\", @\"Claims Date\":\"2018-12-06\", @\"Coding Date\":\"2018-11-29\", @\"Created Date\":\"2018-11-28\", @\"Date of Birth\":\"2011-06-24\", @\"First Name\":\"Harold\", Gender:\"Male\", @\"Last Name\":\"Cooper\", @\"Marital Status\":\"Widowed\", @\"Medical Record Number\":\"818965\", @\"Middle Name\":\"Y\", @\"Social Security Number\":\"935-21-5284\", Suffix:\"Mr\"),(@\"Billing Date\":\"\", @\"Charge Capture Date\":\"2018-12-07\", @\"Claims Date\":\"\", @\"Coding Date\":\"2018-11-30\", @\"Created Date\":\"2018-11-30\", @\"Date of Birth\":\"1998-11-06\", @\"First Name\":\"Justin\", Gender:\"Male\", @\"Last Name\":\"Jenkins\", @\"Marital Status\":\"Domestic\", @\"Medical Record Number\":\"409978\", @\"Middle Name\":\"B\", @\"Social Security Number\":\"959-85-5129\", Suffix:\"Mr\"),(@\"Billing Date\":\"2018-11-30\", @\"Charge Capture Date\":\"\", @\"Claims Date\":\"\", @\"Coding Date\":\"2018-11-28\", @\"Created Date\":\"2018-11-28\", @\"Date of Birth\":\"2003-04-14\", @\"First Name\":\"Helen\", Gender:\"Female\", @\"Last Name\":\"George\", @\"Marital Status\":\"Widowed\", @\"Medical Record Number\":\"677306\", @\"Middle Name\":\"I\", @\"Social Security Number\":\"757-28-4081\", Suffix:\"Ms\"),(@\"Billing Date\":\"2018-11-30\", @\"Charge Capture Date\":\"2018-12-03\", @\"Claims Date\":\"\", @\"Coding Date\":\"2018-11-29\", @\"Created Date\":\"\", @\"Date of Birth\":\"2014-06-22\", @\"First Name\":\"Jonathan\", Gender:\"Male\", @\"Last Name\":\"Chavez\", @\"Marital Status\":\"Single\", @\"Medical Record Number\":\"052748\", @\"Middle Name\":\"Z\", @\"Social Security Number\":\"164-69-4859\", Suffix:\"Mr\"),(@\"Billing Date\":\"2018-12-06\", @\"Charge Capture Date\":\"\", @\"Claims Date\":\"2018-12-06\", @\"Coding Date\":\"2018-12-05\", @\"Created Date\":\"2018-11-28\", @\"Date of Birth\":\"2002-07-29\", @\"First Name\":\"Tammy\", Gender:\"Female\", @\"Last Name\":\"Williams\", @\"Marital Status\":\"Married\", @\"Medical Record Number\":\"786538\", @\"Middle Name\":\"N\", @\"Social Security Number\":\"088-81-8158\", Suffix:\"Mrs\"),(@\"Billing Date\":\"2018-12-06\", @\"Charge Capture Date\":\"\", @\"Claims Date\":\"2018-12-06\", @\"Coding Date\":\"2018-12-02\", @\"Created Date\":\"\", @\"Date of Birth\":\"1998-11-03\", @\"First Name\":\"Ronald\", Gender:\"Male\", @\"Last Name\":\"Meyer\", @\"Marital Status\":\"Domestic\", @\"Medical Record Number\":\"033360\", @\"Middle Name\":\"Y\", @\"Social Security Number\":\"118-69-9506\", Suffix:\"Mr\"),(@\"Billing Date\":\"2018-11-29\", @\"Charge Capture Date\":\"2018-12-05\", @\"Claims Date\":\"2018-11-29\", @\"Coding Date\":\"2018-11-28\", @\"Created Date\":\"2018-11-28\", @\"Date of Birth\":\"1977-01-25\", @\"First Name\":\"Gloria\", Gender:\"Female\", @\"Last Name\":\"Gibson\", @\"Marital Status\":\"Divorced\", @\"Medical Record Number\":\"673991\", @\"Middle Name\":\"E\", @\"Social Security Number\":\"196-97-8833\", Suffix:\"Ms\"),(@\"Billing Date\":\"2018-12-03\", @\"Charge Capture Date\":\"2018-12-06\", @\"Claims Date\":\"\", @\"Coding Date\":\"\", @\"Created Date\":\"2018-11-28\", @\"Date of Birth\":\"1971-01-10\", @\"First Name\":\"Jonathan\", Gender:\"Male\", @\"Last Name\":\"Palmer\", @\"Marital Status\":\"Single\", @\"Medical Record Number\":\"454614\", @\"Middle Name\":\"E\", @\"Social Security Number\":\"525-07-6842\", Suffix:\"Dr\"),(@\"Billing Date\":\"\", @\"Charge Capture Date\":\"2018-12-07\", @\"Claims Date\":\"2018-12-03\", @\"Coding Date\":\"\", @\"Created Date\":\"\", @\"Date of Birth\":\"1998-05-11\", @\"First Name\":\"Harold\", Gender:\"Male\", @\"Last Name\":\"George\", @\"Marital Status\":\"Single\", @\"Medical Record Number\":\"768631\", @\"Middle Name\":\"C\", @\"Social Security Number\":\"021-67-1725\", Suffix:\"Mr\"),(@\"Billing Date\":\"\", @\"Charge Capture Date\":\"2018-12-04\", @\"Claims Date\":\"\", @\"Coding Date\":\"2018-12-01\", @\"Created Date\":\"\", @\"Date of Birth\":\"1996-08-26\", @\"First Name\":\"Dennis\", Gender:\"Male\", @\"Last Name\":\"Hughes\", @\"Marital Status\":\"Single\", @\"Medical Record Number\":\"919047\", @\"Middle Name\":\"K\", @\"Social Security Number\":\"838-87-1082\", Suffix:\"Dr\"),(@\"Billing Date\":\"2018-12-04\", @\"Charge Capture Date\":\"\", @\"Claims Date\":\"\", @\"Coding Date\":\"2018-12-03\", @\"Created Date\":\"\", @\"Date of Birth\":\"2000-07-25\", @\"First Name\":\"Danielle\", Gender:\"Female\", @\"Last Name\":\"Ruiz\", @\"Marital Status\":\"Married\", @\"Medical Record Number\":\"365714\", @\"Middle Name\":\"P\", @\"Social Security Number\":\"472-84-7065\", Suffix:\"Mrs\"),(@\"Billing Date\":\"2018-11-30\", @\"Charge Capture Date\":\"2018-12-06\", @\"Claims Date\":\"2018-12-03\", @\"Coding Date\":\"2018-11-29\", @\"Created Date\":\"2018-11-28\", @\"Date of Birth\":\"1979-08-17\", @\"First Name\":\"Virginia\", Gender:\"Female\", @\"Last Name\":\"Perry\", @\"Marital Status\":\"Married\", @\"Medical Record Number\":\"359139\", @\"Middle Name\":\"X\", @\"Social Security Number\":\"672-83-2662\", Suffix:\"Mrs\"),(@\"Billing Date\":\"2018-11-29\", @\"Charge Capture Date\":\"2018-12-08\", @\"Claims Date\":\"2018-12-04\", @\"Coding Date\":\"\", @\"Created Date\":\"2018-11-28\", @\"Date of Birth\":\"2007-12-08\", @\"First Name\":\"Martha\", Gender:\"Female\", @\"Last Name\":\"Day\", @\"Marital Status\":\"Married\", @\"Medical Record Number\":\"141746\", @\"Middle Name\":\"X\", @\"Social Security Number\":\"731-22-2210\", Suffix:\"Mrs\"),(@\"Billing Date\":\"2018-12-03\", @\"Charge Capture Date\":\"2018-12-08\", @\"Claims Date\":\"2018-12-07\", @\"Coding Date\":\"2018-12-02\", @\"Created Date\":\"\", @\"Date of Birth\":\"1972-11-08\", @\"First Name\":\"Jane\", Gender:\"Female\", @\"Last Name\":\"Peterson\", @\"Marital Status\":\"Domestic\", @\"Medical Record Number\":\"193357\", @\"Middle Name\":\"C\", @\"Social Security Number\":\"186-37-8146\", Suffix:\"Dr\"),(@\"Billing Date\":\"2018-12-06\", @\"Charge Capture Date\":\"\", @\"Claims Date\":\"2018-12-06\", @\"Coding Date\":\"2018-12-05\", @\"Created Date\":\"\", @\"Date of Birth\":\"1976-11-17\", @\"First Name\":\"Danielle\", Gender:\"Female\", @\"Last Name\":\"Carpenter\", @\"Marital Status\":\"Married\", @\"Medical Record Number\":\"476010\", @\"Middle Name\":\"M\", @\"Social Security Number\":\"866-15-2627\", Suffix:\"Mrs\"),(@\"Billing Date\":\"\", @\"Charge Capture Date\":\"\", @\"Claims Date\":\"2018-12-07\", @\"Coding Date\":\"2018-11-29\", @\"Created Date\":\"\", @\"Date of Birth\":\"2018-10-25\", @\"First Name\":\"Matthew\", Gender:\"Male\", @\"Last Name\":\"Bishop\", @\"Marital Status\":\"Divorced\", @\"Medical Record Number\":\"997903\", @\"Middle Name\":\"B\", @\"Social Security Number\":\"783-19-6265\", Suffix:\"Dr\"),(@\"Billing Date\":\"2018-12-01\", @\"Charge Capture Date\":\"2018-12-07\", @\"Claims Date\":\"\", @\"Coding Date\":\"\", @\"Created Date\":\"\", @\"Date of Birth\":\"2014-05-20\", @\"First Name\":\"Ruth\", Gender:\"Female\", @\"Last Name\":\"Green\", @\"Marital Status\":\"Single\", @\"Medical Record Number\":\"206096\", @\"Middle Name\":\"N\", @\"Social Security Number\":\"511-87-3650\", Suffix:\"Ms\"),(@\"Billing Date\":\"\", @\"Charge Capture Date\":\"2018-12-08\", @\"Claims Date\":\"\", @\"Coding Date\":\"\", @\"Created Date\":\"\", @\"Date of Birth\":\"1991-10-06\", @\"First Name\":\"Lisa\", Gender:\"Female\", @\"Last Name\":\"Hansen\", @\"Marital Status\":\"Married\", @\"Medical Record Number\":\"862740\", @\"Middle Name\":\"V\", @\"Social Security Number\":\"138-99-2322\", Suffix:\"Mrs\"),(@\"Billing Date\":\"2018-12-03\", @\"Charge Capture Date\":\"2018-12-07\", @\"Claims Date\":\"2018-12-06\", @\"Coding Date\":\"2018-11-29\", @\"Created Date\":\"2018-11-29\", @\"Date of Birth\":\"1998-10-11\", @\"First Name\":\"Kenneth\", Gender:\"Male\", @\"Last Name\":\"Morris\", @\"Marital Status\":\"Separated\", @\"Medical Record Number\":\"564672\", @\"Middle Name\":\"C\", @\"Social Security Number\":\"049-33-2693\", Suffix:\"Mr\"),(@\"Billing Date\":\"\", @\"Charge Capture Date\":\"2018-12-05\", @\"Claims Date\":\"2018-12-05\", @\"Coding Date\":\"2018-11-30\", @\"Created Date\":\"\", @\"Date of Birth\":\"1989-10-10\", @\"First Name\":\"Jason\", Gender:\"Male\", @\"Last Name\":\"Santos\", @\"Marital Status\":\"Married\", @\"Medical Record Number\":\"350162\", @\"Middle Name\":\"Y\", @\"Social Security Number\":\"235-25-8274\", Suffix:\"Dr\"),(@\"Billing Date\":\"\", @\"Charge Capture Date\":\"2018-12-06\", @\"Claims Date\":\"\", @\"Coding Date\":\"2018-11-29\", @\"Created Date\":\"2018-11-28\", @\"Date of Birth\":\"1997-12-16\", @\"First Name\":\"Nicholas\", Gender:\"Male\", @\"Last Name\":\"Gonzalez\", @\"Marital Status\":\"Married\", @\"Medical Record Number\":\"298066\", @\"Middle Name\":\"S\", @\"Social Security Number\":\"553-73-8622\", Suffix:\"Mr\"),(@\"Billing Date\":\"2018-12-03\", @\"Charge Capture Date\":\"2018-12-08\", @\"Claims Date\":\"2018-12-06\", @\"Coding Date\":\"2018-11-30\", @\"Created Date\":\"\", @\"Date of Birth\":\"1970-04-16\", @\"First Name\":\"John\", Gender:\"Male\", @\"Last Name\":\"Cooper\", @\"Marital Status\":\"Widowed\", @\"Medical Record Number\":\"524044\", @\"Middle Name\":\"V\", @\"Social Security Number\":\"566-46-1140\", Suffix:\"Mr\"),(@\"Billing Date\":\"2018-12-05\", @\"Charge Capture Date\":\"\", @\"Claims Date\":\"2018-12-07\", @\"Coding Date\":\"2018-11-30\", @\"Created Date\":\"2018-11-29\", @\"Date of Birth\":\"2013-05-03\", @\"First Name\":\"Christian\", Gender:\"Male\", @\"Last Name\":\"Berry\", @\"Marital Status\":\"Single\", @\"Medical Record Number\":\"723156\", @\"Middle Name\":\"H\", @\"Social Security Number\":\"089-54-6433\", Suffix:\"Mr\"),(@\"Billing Date\":\"2018-12-05\", @\"Charge Capture Date\":\"2018-12-08\", @\"Claims Date\":\"\", @\"Coding Date\":\"2018-12-04\", @\"Created Date\":\"2018-12-04\", @\"Date of Birth\":\"1993-01-22\", @\"First Name\":\"Deborah\", Gender:\"Female\", @\"Last Name\":\"Burke\", @\"Marital Status\":\"Separated\", @\"Medical Record Number\":\"791014\", @\"Middle Name\":\"L\", @\"Social Security Number\":\"176-80-5224\", Suffix:\"Dr\"),(@\"Billing Date\":\"2018-12-04\", @\"Charge Capture Date\":\"2018-12-06\", @\"Claims Date\":\"2018-12-05\", @\"Coding Date\":\"2018-12-02\", @\"Created Date\":\"2018-11-28\", @\"Date of Birth\":\"2010-10-11\", @\"First Name\":\"Wayne\", Gender:\"Male\", @\"Last Name\":\"Duncan\", @\"Marital Status\":\"Married\", @\"Medical Record Number\":\"209624\", @\"Middle Name\":\"T\", @\"Social Security Number\":\"922-98-7482\", Suffix:\"Mr\"),(@\"Billing Date\":\"\", @\"Charge Capture Date\":\"\", @\"Claims Date\":\"2018-12-05\", @\"Coding Date\":\"2018-12-03\", @\"Created Date\":\"2018-11-30\", @\"Date of Birth\":\"2016-07-14\", @\"First Name\":\"Helen\", Gender:\"Female\", @\"Last Name\":\"Tran\", @\"Marital Status\":\"Separated\", @\"Medical Record Number\":\"957541\", @\"Middle Name\":\"Y\", @\"Social Security Number\":\"796-67-3666\", Suffix:\"Ms\"),(@\"Billing Date\":\"2018-12-01\", @\"Charge Capture Date\":\"2018-12-06\", @\"Claims Date\":\"\", @\"Coding Date\":\"\", @\"Created Date\":\"2018-11-28\", @\"Date of Birth\":\"1974-07-14\", @\"First Name\":\"Jessica\", Gender:\"Female\", @\"Last Name\":\"Jordan\", @\"Marital Status\":\"Married\", @\"Medical Record Number\":\"796935\", @\"Middle Name\":\"F\", @\"Social Security Number\":\"603-51-7444\", Suffix:\"Mrs\"),(@\"Billing Date\":\"\", @\"Charge Capture Date\":\"2018-12-08\", @\"Claims Date\":\"2018-12-05\", @\"Coding Date\":\"2018-11-29\", @\"Created Date\":\"\", @\"Date of Birth\":\"1977-02-23\", @\"First Name\":\"Frances\", Gender:\"Female\", @\"Last Name\":\"Ortega\", @\"Marital Status\":\"Divorced\", @\"Medical Record Number\":\"417567\", @\"Middle Name\":\"P\", @\"Social Security Number\":\"679-17-7698\", Suffix:\"Ms\"),(@\"Billing Date\":\"2018-12-02\", @\"Charge Capture Date\":\"\", @\"Claims Date\":\"\", @\"Coding Date\":\"2018-12-02\", @\"Created Date\":\"\", @\"Date of Birth\":\"2008-02-14\", @\"First Name\":\"Kathleen\", Gender:\"Female\", @\"Last Name\":\"James\", @\"Marital Status\":\"Married\", @\"Medical Record Number\":\"359219\", @\"Middle Name\":\"E\", @\"Social Security Number\":\"941-92-6594\", Suffix:\"Mrs\"),(@\"Billing Date\":\"2018-12-02\", @\"Charge Capture Date\":\"2018-12-04\", @\"Claims Date\":\"\", @\"Coding Date\":\"2018-12-01\", @\"Created Date\":\"\", @\"Date of Birth\":\"1971-02-08\", @\"First Name\":\"Joe\", Gender:\"Male\", @\"Last Name\":\"Fox\", @\"Marital Status\":\"Domestic\", @\"Medical Record Number\":\"899331\", @\"Middle Name\":\"F\", @\"Social Security Number\":\"064-45-2581\", Suffix:\"Mr\"),(@\"Billing Date\":\"2018-12-04\", @\"Charge Capture Date\":\"2018-12-08\", @\"Claims Date\":\"2018-12-07\", @\"Coding Date\":\"2018-12-01\", @\"Created Date\":\"2018-11-28\", @\"Date of Birth\":\"2012-06-21\", @\"First Name\":\"Juan\", Gender:\"Male\", @\"Last Name\":\"Perry\", @\"Marital Status\":\"Widowed\", @\"Medical Record Number\":\"660316\", @\"Middle Name\":\"Q\", @\"Social Security Number\":\"056-83-7478\", Suffix:\"Mr\"),(@\"Billing Date\":\"2018-12-05\", @\"Charge Capture Date\":\"2018-12-07\", @\"Claims Date\":\"2018-12-06\", @\"Coding Date\":\"2018-12-03\", @\"Created Date\":\"\", @\"Date of Birth\":\"2006-04-28\", @\"First Name\":\"Denise\", Gender:\"Female\", @\"Last Name\":\"Barnes\", @\"Marital Status\":\"Separated\", @\"Medical Record Number\":\"660425\", @\"Middle Name\":\"W\", @\"Social Security Number\":\"519-10-2526\", Suffix:\"Ms\"),(@\"Billing Date\":\"\", @\"Charge Capture Date\":\"\", @\"Claims Date\":\"2018-12-06\", @\"Coding Date\":\"2018-12-04\", @\"Created Date\":\"2018-12-03\", @\"Date of Birth\":\"2017-03-01\", @\"First Name\":\"Patricia\", Gender:\"Female\", @\"Last Name\":\"Scott\", @\"Marital Status\":\"Widowed\", @\"Medical Record Number\":\"851812\", @\"Middle Name\":\"U\", @\"Social Security Number\":\"082-60-0887\", Suffix:\"Ms\"),(@\"Billing Date\":\"\", @\"Charge Capture Date\":\"\", @\"Claims Date\":\"2018-12-03\", @\"Coding Date\":\"2018-11-28\", @\"Created Date\":\"2018-11-28\", @\"Date of Birth\":\"1980-09-06\", @\"First Name\":\"Cheryl\", Gender:\"Female\", @\"Last Name\":\"Bishop\", @\"Marital Status\":\"Separated\", @\"Medical Record Number\":\"048872\", @\"Middle Name\":\"E\", @\"Social Security Number\":\"031-18-8677\", Suffix:\"Dr\"),(@\"Billing Date\":\"2018-12-01\", @\"Charge Capture Date\":\"\", @\"Claims Date\":\"2018-12-04\", @\"Coding Date\":\"2018-11-30\", @\"Created Date\":\"2018-11-29\", @\"Date of Birth\":\"2010-06-26\", @\"First Name\":\"Margaret\", Gender:\"Female\", @\"Last Name\":\"Hanson\", @\"Marital Status\":\"Single\", @\"Medical Record Number\":\"959085\", @\"Middle Name\":\"V\", @\"Social Security Number\":\"069-05-5501\", Suffix:\"Dr\"),(@\"Billing Date\":\"2018-12-03\", @\"Charge Capture Date\":\"\", @\"Claims Date\":\"\", @\"Coding Date\":\"\", @\"Created Date\":\"2018-11-30\", @\"Date of Birth\":\"2005-08-21\", @\"First Name\":\"Kathleen\", Gender:\"Female\", @\"Last Name\":\"Reid\", @\"Marital Status\":\"Married\", @\"Medical Record Number\":\"892016\", @\"Middle Name\":\"H\", @\"Social Security Number\":\"576-96-5735\", Suffix:\"Mrs\"),(@\"Billing Date\":\"2018-12-02\", @\"Charge Capture Date\":\"2018-12-05\", @\"Claims Date\":\"2018-12-03\", @\"Coding Date\":\"2018-12-02\", @\"Created Date\":\"\", @\"Date of Birth\":\"2013-08-05\", @\"First Name\":\"Frances\", Gender:\"Female\", @\"Last Name\":\"Young\", @\"Marital Status\":\"Divorced\", @\"Medical Record Number\":\"225715\", @\"Middle Name\":\"W\", @\"Social Security Number\":\"446-90-4991\", Suffix:\"Ms\"),(@\"Billing Date\":\"\", @\"Charge Capture Date\":\"2018-12-07\", @\"Claims Date\":\"\", @\"Coding Date\":\"\", @\"Created Date\":\"2018-11-28\", @\"Date of Birth\":\"2012-03-27\", @\"First Name\":\"Eric\", Gender:\"Male\", @\"Last Name\":\"Burton\", @\"Marital Status\":\"Separated\", @\"Medical Record Number\":\"474149\", @\"Middle Name\":\"C\", @\"Social Security Number\":\"319-79-3824\", Suffix:\"Mr\"),(@\"Billing Date\":\"2018-12-02\", @\"Charge Capture Date\":\"2018-12-05\", @\"Claims Date\":\"\", @\"Coding Date\":\"2018-12-01\", @\"Created Date\":\"2018-11-29\", @\"Date of Birth\":\"1975-08-21\", @\"First Name\":\"Olivia\", Gender:\"Female\", @\"Last Name\":\"Hicks\", @\"Marital Status\":\"Married\", @\"Medical Record Number\":\"519842\", @\"Middle Name\":\"Y\", @\"Social Security Number\":\"181-85-3172\", Suffix:\"Mrs\"),(@\"Billing Date\":\"2018-12-06\", @\"Charge Capture Date\":\"\", @\"Claims Date\":\"2018-12-06\", @\"Coding Date\":\"2018-12-04\", @\"Created Date\":\"2018-12-02\", @\"Date of Birth\":\"1981-09-04\", @\"First Name\":\"Tyler\", Gender:\"Male\", @\"Last Name\":\"Roberts\", @\"Marital Status\":\"Domestic\", @\"Medical Record Number\":\"765379\", @\"Middle Name\":\"Z\", @\"Social Security Number\":\"595-34-3861\", Suffix:\"Dr\"),(@\"Billing Date\":\"\", @\"Charge Capture Date\":\"2018-12-08\", @\"Claims Date\":\"\", @\"Coding Date\":\"2018-12-03\", @\"Created Date\":\"\", @\"Date of Birth\":\"2004-01-13\", @\"First Name\":\"Rachel\", Gender:\"Female\", @\"Last Name\":\"Salazar\", @\"Marital Status\":\"Married\", @\"Medical Record Number\":\"806800\", @\"Middle Name\":\"Q\", @\"Social Security Number\":\"495-45-7105\", Suffix:\"Mrs\"),(@\"Billing Date\":\"\", @\"Charge Capture Date\":\"\", @\"Claims Date\":\"2018-12-03\", @\"Coding Date\":\"\", @\"Created Date\":\"2018-12-01\", @\"Date of Birth\":\"2007-04-11\", @\"First Name\":\"Edward\", Gender:\"Male\", @\"Last Name\":\"Alexander\", @\"Marital Status\":\"Widowed\", @\"Medical Record Number\":\"046667\", @\"Middle Name\":\"T\", @\"Social Security Number\":\"016-25-3603\", Suffix:\"Dr\"),(@\"Billing Date\":\"2018-12-06\", @\"Charge Capture Date\":\"2018-12-08\", @\"Claims Date\":\"2018-12-07\", @\"Coding Date\":\"2018-11-30\", @\"Created Date\":\"2018-11-28\", @\"Date of Birth\":\"1976-01-31\", @\"First Name\":\"Albert\", Gender:\"Male\", @\"Last Name\":\"Wells\", @\"Marital Status\":\"Domestic\", @\"Medical Record Number\":\"483898\", @\"Middle Name\":\"Y\", @\"Social Security Number\":\"369-60-0125\", Suffix:\"Mr\"),(@\"Billing Date\":\"2018-12-03\", @\"Charge Capture Date\":\"2018-12-06\", @\"Claims Date\":\"2018-12-05\", @\"Coding Date\":\"2018-12-02\", @\"Created Date\":\"2018-12-02\", @\"Date of Birth\":\"2007-12-24\", @\"First Name\":\"Brittany\", Gender:\"Female\", @\"Last Name\":\"Brewer\", @\"Marital Status\":\"Separated\", @\"Medical Record Number\":\"603699\", @\"Middle Name\":\"G\", @\"Social Security Number\":\"893-71-1763\", Suffix:\"Dr\"),(@\"Billing Date\":\"\", @\"Charge Capture Date\":\"2018-12-07\", @\"Claims Date\":\"\", @\"Coding Date\":\"\", @\"Created Date\":\"\", @\"Date of Birth\":\"2001-02-04\", @\"First Name\":\"Gary\", Gender:\"Male\", @\"Last Name\":\"Hoffman\", @\"Marital Status\":\"Single\", @\"Medical Record Number\":\"274010\", @\"Middle Name\":\"F\", @\"Social Security Number\":\"952-17-0073\", Suffix:\"Mr\"),(@\"Billing Date\":\"2018-12-01\", @\"Charge Capture Date\":\"2018-12-06\", @\"Claims Date\":\"\", @\"Coding Date\":\"2018-11-29\", @\"Created Date\":\"2018-11-28\", @\"Date of Birth\":\"1986-11-02\", @\"First Name\":\"Nathan\", Gender:\"Male\", @\"Last Name\":\"Castro\", @\"Marital Status\":\"Divorced\", @\"Medical Record Number\":\"708868\", @\"Middle Name\":\"M\", @\"Social Security Number\":\"101-57-1152\", Suffix:\"Dr\"),(@\"Billing Date\":\"2018-12-03\", @\"Charge Capture Date\":\"2018-12-05\", @\"Claims Date\":\"\", @\"Coding Date\":\"2018-12-02\", @\"Created Date\":\"\", @\"Date of Birth\":\"2014-05-04\", @\"First Name\":\"Danielle\", Gender:\"Female\", @\"Last Name\":\"Wagner\", @\"Marital Status\":\"Widowed\", @\"Medical Record Number\":\"405545\", @\"Middle Name\":\"R\", @\"Social Security Number\":\"742-65-7085\", Suffix:\"Ms\"),(@\"Billing Date\":\"\", @\"Charge Capture Date\":\"2018-12-08\", @\"Claims Date\":\"2018-12-08\", @\"Coding Date\":\"2018-12-02\", @\"Created Date\":\"\", @\"Date of Birth\":\"2007-01-12\", @\"First Name\":\"Vincent\", Gender:\"Male\", @\"Last Name\":\"Cox\", @\"Marital Status\":\"Divorced\", @\"Medical Record Number\":\"874818\", @\"Middle Name\":\"A\", @\"Social Security Number\":\"134-85-8859\", Suffix:\"Mr\"),(@\"Billing Date\":\"2018-12-05\", @\"Charge Capture Date\":\"2018-12-07\", @\"Claims Date\":\"2018-12-06\", @\"Coding Date\":\"\", @\"Created Date\":\"\", @\"Date of Birth\":\"1978-01-29\", @\"First Name\":\"Tammy\", Gender:\"Female\", @\"Last Name\":\"West\", @\"Marital Status\":\"Married\", @\"Medical Record Number\":\"879966\", @\"Middle Name\":\"Y\", @\"Social Security Number\":\"610-61-0654\", Suffix:\"Mrs\"),(@\"Billing Date\":\"2018-12-06\", @\"Charge Capture Date\":\"\", @\"Claims Date\":\"\", @\"Coding Date\":\"2018-11-30\", @\"Created Date\":\"\", @\"Date of Birth\":\"1978-04-06\", @\"First Name\":\"Richard\", Gender:\"Male\", @\"Last Name\":\"Kennedy\", @\"Marital Status\":\"Single\", @\"Medical Record Number\":\"177371\", @\"Middle Name\":\"N\", @\"Social Security Number\":\"555-59-7329\", Suffix:\"Dr\"),(@\"Billing Date\":\"\", @\"Charge Capture Date\":\"2018-12-04\", @\"Claims Date\":\"\", @\"Coding Date\":\"2018-11-30\", @\"Created Date\":\"\", @\"Date of Birth\":\"1978-12-27\", @\"First Name\":\"Ryan\", Gender:\"Male\", @\"Last Name\":\"Kelly\", @\"Marital Status\":\"Widowed\", @\"Medical Record Number\":\"246424\", @\"Middle Name\":\"Q\", @\"Social Security Number\":\"315-58-8292\", Suffix:\"Dr\"),(@\"Billing Date\":\"2018-12-02\", @\"Charge Capture Date\":\"\", @\"Claims Date\":\"2018-12-02\", @\"Coding Date\":\"2018-12-02\", @\"Created Date\":\"2018-12-02\", @\"Date of Birth\":\"1979-08-28\", @\"First Name\":\"Lori\", Gender:\"Female\", @\"Last Name\":\"Salazar\", @\"Marital Status\":\"Married\", @\"Medical Record Number\":\"446073\", @\"Middle Name\":\"F\", @\"Social Security Number\":\"885-93-7011\", Suffix:\"Mrs\"),(@\"Billing Date\":\"\", @\"Charge Capture Date\":\"\", @\"Claims Date\":\"2018-12-06\", @\"Coding Date\":\"2018-12-05\", @\"Created Date\":\"\", @\"Date of Birth\":\"1999-06-09\", @\"First Name\":\"Carl\", Gender:\"Male\", @\"Last Name\":\"Lawrence\", @\"Marital Status\":\"Married\", @\"Medical Record Number\":\"313605\", @\"Middle Name\":\"P\", @\"Social Security Number\":\"792-38-1030\", Suffix:\"Mr\"),(@\"Billing Date\":\"\", @\"Charge Capture Date\":\"\", @\"Claims Date\":\"2018-12-02\", @\"Coding Date\":\"\", @\"Created Date\":\"2018-11-29\", @\"Date of Birth\":\"2005-01-01\", @\"First Name\":\"Douglas\", Gender:\"Male\", @\"Last Name\":\"Jones\", @\"Marital Status\":\"Divorced\", @\"Medical Record Number\":\"744330\", @\"Middle Name\":\"Q\", @\"Social Security Number\":\"877-22-1261\", Suffix:\"Mr\"),(@\"Billing Date\":\"2018-12-03\", @\"Charge Capture Date\":\"\", @\"Claims Date\":\"2018-12-06\", @\"Coding Date\":\"\", @\"Created Date\":\"2018-11-29\", @\"Date of Birth\":\"2015-07-08\", @\"First Name\":\"Harry\", Gender:\"Male\", @\"Last Name\":\"Peters\", @\"Marital Status\":\"Married\", @\"Medical Record Number\":\"654661\", @\"Middle Name\":\"K\", @\"Social Security Number\":\"560-33-2934\", Suffix:\"Mr\"),(@\"Billing Date\":\"\", @\"Charge Capture Date\":\"2018-12-07\", @\"Claims Date\":\"\", @\"Coding Date\":\"2018-11-28\", @\"Created Date\":\"2018-11-28\", @\"Date of Birth\":\"2018-05-04\", @\"First Name\":\"Deborah\", Gender:\"Female\", @\"Last Name\":\"Willis\", @\"Marital Status\":\"Widowed\", @\"Medical Record Number\":\"779441\", @\"Middle Name\":\"B\", @\"Social Security Number\":\"870-76-2577\", Suffix:\"Dr\"),(@\"Billing Date\":\"2018-12-05\", @\"Charge Capture Date\":\"2018-12-08\", @\"Claims Date\":\"\", @\"Coding Date\":\"\", @\"Created Date\":\"\", @\"Date of Birth\":\"2018-10-12\", @\"First Name\":\"Barbara\", Gender:\"Female\", @\"Last Name\":\"Ortega\", @\"Marital Status\":\"Married\", @\"Medical Record Number\":\"367325\", @\"Middle Name\":\"N\", @\"Social Security Number\":\"803-14-0621\", Suffix:\"Mrs\"),(@\"Billing Date\":\"\", @\"Charge Capture Date\":\"\", @\"Claims Date\":\"2018-12-07\", @\"Coding Date\":\"2018-12-05\", @\"Created Date\":\"2018-12-02\", @\"Date of Birth\":\"1991-06-30\", @\"First Name\":\"Nathan\", Gender:\"Male\", @\"Last Name\":\"Fernandez\", @\"Marital Status\":\"Divorced\", @\"Medical Record Number\":\"139691\", @\"Middle Name\":\"S\", @\"Social Security Number\":\"399-30-0051\", Suffix:\"Mr\"),(@\"Billing Date\":\"\", @\"Charge Capture Date\":\"2018-12-07\", @\"Claims Date\":\"\", @\"Coding Date\":\"2018-12-03\", @\"Created Date\":\"2018-12-01\", @\"Date of Birth\":\"1988-03-31\", @\"First Name\":\"Frank\", Gender:\"Male\", @\"Last Name\":\"Hicks\", @\"Marital Status\":\"Divorced\", @\"Medical Record Number\":\"213845\", @\"Middle Name\":\"N\", @\"Social Security Number\":\"570-36-0482\", Suffix:\"Mr\"),(@\"Billing Date\":\"\", @\"Charge Capture Date\":\"\", @\"Claims Date\":\"2018-12-04\", @\"Coding Date\":\"2018-11-28\", @\"Created Date\":\"2018-11-28\", @\"Date of Birth\":\"2001-06-29\", @\"First Name\":\"Bobby\", Gender:\"Male\", @\"Last Name\":\"Owens\", @\"Marital Status\":\"Single\", @\"Medical Record Number\":\"678586\", @\"Middle Name\":\"U\", @\"Social Security Number\":\"015-73-6952\", Suffix:\"Mr\"),(@\"Billing Date\":\"2018-12-02\", @\"Charge Capture Date\":\"2018-12-05\", @\"Claims Date\":\"2018-12-03\", @\"Coding Date\":\"\", @\"Created Date\":\"2018-11-29\", @\"Date of Birth\":\"1977-11-18\", @\"First Name\":\"Michael\", Gender:\"Male\", @\"Last Name\":\"Williamson\", @\"Marital Status\":\"Married\", @\"Medical Record Number\":\"868225\", @\"Middle Name\":\"X\", @\"Social Security Number\":\"001-86-3944\", Suffix:\"Mr\"),(@\"Billing Date\":\"2018-11-28\", @\"Charge Capture Date\":\"2018-12-04\", @\"Claims Date\":\"\", @\"Coding Date\":\"\", @\"Created Date\":\"2018-11-28\", @\"Date of Birth\":\"1994-12-30\", @\"First Name\":\"Nicholas\", Gender:\"Male\", @\"Last Name\":\"Fox\", @\"Marital Status\":\"Married\", @\"Medical Record Number\":\"564443\", @\"Middle Name\":\"T\", @\"Social Security Number\":\"237-20-4927\", Suffix:\"Dr\"),(@\"Billing Date\":\"\", @\"Charge Capture Date\":\"2018-12-05\", @\"Claims Date\":\"2018-12-05\", @\"Coding Date\":\"2018-11-28\", @\"Created Date\":\"\", @\"Date of Birth\":\"1994-11-27\", @\"First Name\":\"Jesse\", Gender:\"Male\", @\"Last Name\":\"Daniels\", @\"Marital Status\":\"Domestic\", @\"Medical Record Number\":\"424137\", @\"Middle Name\":\"T\", @\"Social Security Number\":\"052-12-7232\", Suffix:\"Mr\"),(@\"Billing Date\":\"2018-12-01\", @\"Charge Capture Date\":\"\", @\"Claims Date\":\"2018-12-03\", @\"Coding Date\":\"2018-11-29\", @\"Created Date\":\"2018-11-28\", @\"Date of Birth\":\"2008-09-02\", @\"First Name\":\"Joe\", Gender:\"Male\", @\"Last Name\":\"Powell\", @\"Marital Status\":\"Divorced\", @\"Medical Record Number\":\"585610\", @\"Middle Name\":\"R\", @\"Social Security Number\":\"828-58-0837\", Suffix:\"Mr\"),(@\"Billing Date\":\"\", @\"Charge Capture Date\":\"\", @\"Claims Date\":\"2018-12-06\", @\"Coding Date\":\"2018-12-05\", @\"Created Date\":\"2018-12-01\", @\"Date of Birth\":\"2004-03-14\", @\"First Name\":\"Christine\", Gender:\"Female\", @\"Last Name\":\"Kim\", @\"Marital Status\":\"Domestic\", @\"Medical Record Number\":\"023740\", @\"Middle Name\":\"R\", @\"Social Security Number\":\"199-05-9253\", Suffix:\"Ms\"),(@\"Billing Date\":\"2018-12-05\", @\"Charge Capture Date\":\"2018-12-08\", @\"Claims Date\":\"2018-12-05\", @\"Coding Date\":\"2018-12-04\", @\"Created Date\":\"2018-12-02\", @\"Date of Birth\":\"1981-04-03\", @\"First Name\":\"Elizabeth\", Gender:\"Female\", @\"Last Name\":\"Jenkins\", @\"Marital Status\":\"Separated\", @\"Medical Record Number\":\"564080\", @\"Middle Name\":\"L\", @\"Social Security Number\":\"319-73-6793\", Suffix:\"Ms\"),(@\"Billing Date\":\"\", @\"Charge Capture Date\":\"2018-12-06\", @\"Claims Date\":\"2018-12-03\", @\"Coding Date\":\"2018-11-30\", @\"Created Date\":\"2018-11-28\", @\"Date of Birth\":\"1971-08-03\", @\"First Name\":\"Teresa\", Gender:\"Female\", @\"Last Name\":\"Harper\", @\"Marital Status\":\"Married\", @\"Medical Record Number\":\"690263\", @\"Middle Name\":\"B\", @\"Social Security Number\":\"931-74-6562\", Suffix:\"Mrs\"),(@\"Billing Date\":\"2018-12-04\", @\"Charge Capture Date\":\"2018-12-08\", @\"Claims Date\":\"\", @\"Coding Date\":\"2018-12-01\", @\"Created Date\":\"\", @\"Date of Birth\":\"1994-03-27\", @\"First Name\":\"Heather\", Gender:\"Female\", @\"Last Name\":\"Hill\", @\"Marital Status\":\"Domestic\", @\"Medical Record Number\":\"963057\", @\"Middle Name\":\"W\", @\"Social Security Number\":\"404-51-9640\", Suffix:\"Ms\"),(@\"Billing Date\":\"\", @\"Charge Capture Date\":\"\", @\"Claims Date\":\"\", @\"Coding Date\":\"2018-12-03\", @\"Created Date\":\"2018-11-29\", @\"Date of Birth\":\"2013-05-11\", @\"First Name\":\"Teresa\", Gender:\"Female\", @\"Last Name\":\"Olson\", @\"Marital Status\":\"Widowed\", @\"Medical Record Number\":\"958374\", @\"Middle Name\":\"H\", @\"Social Security Number\":\"213-70-2356\", Suffix:\"Dr\"),(@\"Billing Date\":\"\", @\"Charge Capture Date\":\"2018-12-08\", @\"Claims Date\":\"2018-12-06\", @\"Coding Date\":\"2018-11-29\", @\"Created Date\":\"2018-11-28\", @\"Date of Birth\":\"2018-09-06\", @\"First Name\":\"Jennifer\", Gender:\"Female\", @\"Last Name\":\"Ortiz\", @\"Marital Status\":\"Married\", @\"Medical Record Number\":\"135416\", @\"Middle Name\":\"I\", @\"Social Security Number\":\"550-17-4574\", Suffix:\"Mrs\"),(@\"Billing Date\":\"2018-12-06\", @\"Charge Capture Date\":\"2018-12-08\", @\"Claims Date\":\"\", @\"Coding Date\":\"2018-12-03\", @\"Created Date\":\"2018-12-01\", @\"Date of Birth\":\"1994-02-06\", @\"First Name\":\"Sharon\", Gender:\"Female\", @\"Last Name\":\"Guerrero\", @\"Marital Status\":\"Widowed\", @\"Medical Record Number\":\"402329\", @\"Middle Name\":\"V\", @\"Social Security Number\":\"279-35-0391\", Suffix:\"Ms\"),(@\"Billing Date\":\"2018-11-29\", @\"Charge Capture Date\":\"\", @\"Claims Date\":\"\", @\"Coding Date\":\"2018-11-29\", @\"Created Date\":\"\", @\"Date of Birth\":\"1996-03-16\", @\"First Name\":\"Jessica\", Gender:\"Female\", @\"Last Name\":\"Vargas\", @\"Marital Status\":\"Married\", @\"Medical Record Number\":\"911369\", @\"Middle Name\":\"T\", @\"Social Security Number\":\"023-46-4925\", Suffix:\"Mrs\"),(@\"Billing Date\":\"\", @\"Charge Capture Date\":\"2018-12-04\", @\"Claims Date\":\"2018-12-02\", @\"Coding Date\":\"\", @\"Created Date\":\"2018-11-29\", @\"Date of Birth\":\"2010-04-10\", @\"First Name\":\"Harold\", Gender:\"Male\", @\"Last Name\":\"Lewis\", @\"Marital Status\":\"Separated\", @\"Medical Record Number\":\"828574\", @\"Middle Name\":\"X\", @\"Social Security Number\":\"123-15-5537\", Suffix:\"Mr\"),(@\"Billing Date\":\"\", @\"Charge Capture Date\":\"2018-12-08\", @\"Claims Date\":\"\", @\"Coding Date\":\"2018-12-01\", @\"Created Date\":\"2018-11-29\", @\"Date of Birth\":\"2012-04-13\", @\"First Name\":\"Harold\", Gender:\"Male\", @\"Last Name\":\"Evans\", @\"Marital Status\":\"Single\", @\"Medical Record Number\":\"481739\", @\"Middle Name\":\"U\", @\"Social Security Number\":\"289-25-0968\", Suffix:\"Dr\"),(@\"Billing Date\":\"\", @\"Charge Capture Date\":\"\", @\"Claims Date\":\"\", @\"Coding Date\":\"2018-12-03\", @\"Created Date\":\"\", @\"Date of Birth\":\"2016-06-07\", @\"First Name\":\"Diane\", Gender:\"Female\", @\"Last Name\":\"Sims\", @\"Marital Status\":\"Married\", @\"Medical Record Number\":\"444048\", @\"Middle Name\":\"K\", @\"Social Security Number\":\"472-77-9832\", Suffix:\"Mrs\"),(@\"Billing Date\":\"2018-12-03\", @\"Charge Capture Date\":\"\", @\"Claims Date\":\"\", @\"Coding Date\":\"\", @\"Created Date\":\"2018-11-28\", @\"Date of Birth\":\"1970-07-09\", @\"First Name\":\"Timothy\", Gender:\"Male\", @\"Last Name\":\"Gray\", @\"Marital Status\":\"Divorced\", @\"Medical Record Number\":\"303454\", @\"Middle Name\":\"Z\", @\"Social Security Number\":\"688-83-8173\", Suffix:\"Mr\"),(@\"Billing Date\":\"2018-12-03\", @\"Charge Capture Date\":\"2018-12-08\", @\"Claims Date\":\"2018-12-04\", @\"Coding Date\":\"2018-12-03\", @\"Created Date\":\"2018-11-28\", @\"Date of Birth\":\"1988-05-21\", @\"First Name\":\"Deborah\", Gender:\"Female\", @\"Last Name\":\"Rodriguez\", @\"Marital Status\":\"Separated\", @\"Medical Record Number\":\"217028\", @\"Middle Name\":\"A\", @\"Social Security Number\":\"726-92-6500\", Suffix:\"Dr\"),(@\"Billing Date\":\"2018-12-02\", @\"Charge Capture Date\":\"\", @\"Claims Date\":\"\", @\"Coding Date\":\"2018-12-01\", @\"Created Date\":\"2018-11-30\", @\"Date of Birth\":\"2005-10-04\", @\"First Name\":\"Carolyn\", Gender:\"Female\", @\"Last Name\":\"Hunter\", @\"Marital Status\":\"Married\", @\"Medical Record Number\":\"066128\", @\"Middle Name\":\"W\", @\"Social Security Number\":\"651-60-4671\", Suffix:\"Mrs\"),(@\"Billing Date\":\"2018-12-03\", @\"Charge Capture Date\":\"2018-12-03\", @\"Claims Date\":\"2018-12-03\", @\"Coding Date\":\"2018-11-28\", @\"Created Date\":\"2018-11-28\", @\"Date of Birth\":\"2017-02-27\", @\"First Name\":\"Phillip\", Gender:\"Male\", @\"Last Name\":\"Cruz\", @\"Marital Status\":\"Widowed\", @\"Medical Record Number\":\"942125\", @\"Middle Name\":\"X\", @\"Social Security Number\":\"285-39-2896\", Suffix:\"Mr\"),(@\"Billing Date\":\"2018-12-04\", @\"Charge Capture Date\":\"2018-12-08\", @\"Claims Date\":\"2018-12-05\", @\"Coding Date\":\"2018-12-04\", @\"Created Date\":\"2018-11-30\", @\"Date of Birth\":\"2014-04-11\", @\"First Name\":\"George\", Gender:\"Male\", @\"Last Name\":\"Martinez\", @\"Marital Status\":\"Separated\", @\"Medical Record Number\":\"143337\", @\"Middle Name\":\"L\", @\"Social Security Number\":\"080-44-6976\", Suffix:\"Mr\"),(@\"Billing Date\":\"\", @\"Charge Capture Date\":\"\", @\"Claims Date\":\"2018-12-05\", @\"Coding Date\":\"2018-11-30\", @\"Created Date\":\"\", @\"Date of Birth\":\"1979-02-28\", @\"First Name\":\"Mark\", Gender:\"Male\", @\"Last Name\":\"Jacobs\", @\"Marital Status\":\"Married\", @\"Medical Record Number\":\"214858\", @\"Middle Name\":\"Z\", @\"Social Security Number\":\"944-46-5348\", Suffix:\"Dr\"),(@\"Billing Date\":\"\", @\"Charge Capture Date\":\"2018-12-08\", @\"Claims Date\":\"2018-12-08\", @\"Coding Date\":\"2018-12-04\", @\"Created Date\":\"2018-11-29\", @\"Date of Birth\":\"1999-03-22\", @\"First Name\":\"Theresa\", Gender:\"Female\", @\"Last Name\":\"Hughes\", @\"Marital Status\":\"Married\", @\"Medical Record Number\":\"043979\", @\"Middle Name\":\"X\", @\"Social Security Number\":\"656-44-6467\", Suffix:\"Dr\"),(@\"Billing Date\":\"2018-12-04\", @\"Charge Capture Date\":\"\", @\"Claims Date\":\"2018-12-06\", @\"Coding Date\":\"2018-12-03\", @\"Created Date\":\"2018-12-02\", @\"Date of Birth\":\"2018-06-14\", @\"First Name\":\"Craig\", Gender:\"Male\", @\"Last Name\":\"McDonald\", @\"Marital Status\":\"Married\", @\"Medical Record Number\":\"327246\", @\"Middle Name\":\"Q\", @\"Social Security Number\":\"296-54-6763\", Suffix:\"Mr\"),(@\"Billing Date\":\"2018-12-03\", @\"Charge Capture Date\":\"\", @\"Claims Date\":\"2018-12-08\", @\"Coding Date\":\"\", @\"Created Date\":\"\", @\"Date of Birth\":\"2012-08-08\", @\"First Name\":\"Justin\", Gender:\"Male\", @\"Last Name\":\"Garza\", @\"Marital Status\":\"Separated\", @\"Medical Record Number\":\"323408\", @\"Middle Name\":\"L\", @\"Social Security Number\":\"515-14-6676\", Suffix:\"Mr\"),(@\"Billing Date\":\"2018-12-04\", @\"Charge Capture Date\":\"2018-12-07\", @\"Claims Date\":\"2018-12-06\", @\"Coding Date\":\"2018-12-01\", @\"Created Date\":\"2018-11-28\", @\"Date of Birth\":\"1976-04-04\", @\"First Name\":\"Daniel\", Gender:\"Male\", @\"Last Name\":\"Estrada\", @\"Marital Status\":\"Divorced\", @\"Medical Record Number\":\"861499\", @\"Middle Name\":\"B\", @\"Social Security Number\":\"024-56-4094\", Suffix:\"Dr\"),(@\"Billing Date\":\"2018-12-04\", @\"Charge Capture Date\":\"\", @\"Claims Date\":\"2018-12-05\", @\"Coding Date\":\"2018-12-03\", @\"Created Date\":\"2018-11-29\", @\"Date of Birth\":\"1988-07-06\", @\"First Name\":\"Jennifer\", Gender:\"Female\", @\"Last Name\":\"Vasquez\", @\"Marital Status\":\"Widowed\", @\"Medical Record Number\":\"057944\", @\"Middle Name\":\"F\", @\"Social Security Number\":\"023-89-0661\", Suffix:\"Dr\"),(@\"Billing Date\":\"2018-11-30\", @\"Charge Capture Date\":\"2018-12-07\", @\"Claims Date\":\"\", @\"Coding Date\":\"2018-11-29\", @\"Created Date\":\"2018-11-29\", @\"Date of Birth\":\"2006-02-03\", @\"First Name\":\"Jason\", Gender:\"Male\", @\"Last Name\":\"Cole\", @\"Marital Status\":\"Married\", @\"Medical Record Number\":\"394167\", @\"Middle Name\":\"X\", @\"Social Security Number\":\"417-15-5852\", Suffix:\"Mr\"),(@\"Billing Date\":\"2018-12-03\", @\"Charge Capture Date\":\"2018-12-07\", @\"Claims Date\":\"2018-12-06\", @\"Coding Date\":\"2018-12-02\", @\"Created Date\":\"2018-11-28\", @\"Date of Birth\":\"2008-07-16\", @\"First Name\":\"Kathleen\", Gender:\"Female\", @\"Last Name\":\"Mendoza\", @\"Marital Status\":\"Domestic\", @\"Medical Record Number\":\"620356\", @\"Middle Name\":\"C\", @\"Social Security Number\":\"901-87-7545\", Suffix:\"Ms\"),(@\"Billing Date\":\"\", @\"Charge Capture Date\":\"\", @\"Claims Date\":\"\", @\"Coding Date\":\"2018-12-03\", @\"Created Date\":\"\", @\"Date of Birth\":\"2017-03-11\", @\"First Name\":\"Sarah\", Gender:\"Female\", @\"Last Name\":\"Henry\", @\"Marital Status\":\"Married\", @\"Medical Record Number\":\"648464\", @\"Middle Name\":\"M\", @\"Social Security Number\":\"900-68-0949\", Suffix:\"Mrs\"),(@\"Billing Date\":\"2018-11-30\", @\"Charge Capture Date\":\"2018-12-06\", @\"Claims Date\":\"2018-12-02\", @\"Coding Date\":\"2018-11-30\", @\"Created Date\":\"\", @\"Date of Birth\":\"2001-11-11\", @\"First Name\":\"Madison\", Gender:\"Female\", @\"Last Name\":\"Lewis\", @\"Marital Status\":\"Married\", @\"Medical Record Number\":\"843528\", @\"Middle Name\":\"U\", @\"Social Security Number\":\"242-69-1674\", Suffix:\"Mrs\"),(@\"Billing Date\":\"2018-12-01\", @\"Charge Capture Date\":\"\", @\"Claims Date\":\"2018-12-04\", @\"Coding Date\":\"2018-11-30\", @\"Created Date\":\"\", @\"Date of Birth\":\"1989-07-09\", @\"First Name\":\"Peter\", Gender:\"Male\", @\"Last Name\":\"Harris\", @\"Marital Status\":\"Married\", @\"Medical Record Number\":\"279638\", @\"Middle Name\":\"A\", @\"Social Security Number\":\"635-04-2561\", Suffix:\"Mr\"),(@\"Billing Date\":\"2018-12-05\", @\"Charge Capture Date\":\"2018-12-08\", @\"Claims Date\":\"2018-12-07\", @\"Coding Date\":\"2018-12-05\", @\"Created Date\":\"2018-12-05\", @\"Date of Birth\":\"2003-10-21\", @\"First Name\":\"Doris\", Gender:\"Female\", @\"Last Name\":\"Washington\", @\"Marital Status\":\"Married\", @\"Medical Record Number\":\"788572\", @\"Middle Name\":\"K\", @\"Social Security Number\":\"010-99-3864\", Suffix:\"Mrs\"),(@\"Billing Date\":\"\", @\"Charge Capture Date\":\"\", @\"Claims Date\":\"\", @\"Coding Date\":\"2018-12-01\", @\"Created Date\":\"\", @\"Date of Birth\":\"1990-10-22\", @\"First Name\":\"Helen\", Gender:\"Female\", @\"Last Name\":\"Jordan\", @\"Marital Status\":\"Widowed\", @\"Medical Record Number\":\"149499\", @\"Middle Name\":\"Z\", @\"Social Security Number\":\"515-50-2163\", Suffix:\"Ms\"),(@\"Billing Date\":\"2018-12-02\", @\"Charge Capture Date\":\"2018-12-07\", @\"Claims Date\":\"\", @\"Coding Date\":\"\", @\"Created Date\":\"2018-11-28\", @\"Date of Birth\":\"1973-03-19\", @\"First Name\":\"Austin\", Gender:\"Male\", @\"Last Name\":\"Vargas\", @\"Marital Status\":\"Separated\", @\"Medical Record Number\":\"263551\", @\"Middle Name\":\"M\", @\"Social Security Number\":\"823-77-7378\", Suffix:\"Mr\"),(@\"Billing Date\":\"2018-11-30\", @\"Charge Capture Date\":\"2018-12-01\", @\"Claims Date\":\"2018-12-01\", @\"Coding Date\":\"2018-11-30\", @\"Created Date\":\"2018-11-29\", @\"Date of Birth\":\"2015-08-24\", @\"First Name\":\"Dennis\", Gender:\"Male\", @\"Last Name\":\"White\", @\"Marital Status\":\"Divorced\", @\"Medical Record Number\":\"266803\", @\"Middle Name\":\"U\", @\"Social Security Number\":\"078-59-8593\", Suffix:\"Mr\"),(@\"Billing Date\":\"\", @\"Charge Capture Date\":\"\", @\"Claims Date\":\"\", @\"Coding Date\":\"2018-12-02\", @\"Created Date\":\"2018-12-01\", @\"Date of Birth\":\"1970-10-21\", @\"First Name\":\"Vincent\", Gender:\"Male\", @\"Last Name\":\"Hoffman\", @\"Marital Status\":\"Domestic\", @\"Medical Record Number\":\"804076\", @\"Middle Name\":\"Z\", @\"Social Security Number\":\"510-74-6494\", Suffix:\"Dr\"),(@\"Billing Date\":\"2018-12-02\", @\"Charge Capture Date\":\"2018-12-06\", @\"Claims Date\":\"2018-12-04\", @\"Coding Date\":\"2018-12-01\", @\"Created Date\":\"2018-11-28\", @\"Date of Birth\":\"2017-10-21\", @\"First Name\":\"Jerry\", Gender:\"Male\", @\"Last Name\":\"Medina\", @\"Marital Status\":\"Widowed\", @\"Medical Record Number\":\"962310\", @\"Middle Name\":\"D\", @\"Social Security Number\":\"619-39-5542\", Suffix:\"Mr\"),(@\"Billing Date\":\"2018-12-02\", @\"Charge Capture Date\":\"2018-12-08\", @\"Claims Date\":\"2018-12-04\", @\"Coding Date\":\"2018-11-30\", @\"Created Date\":\"2018-11-29\", @\"Date of Birth\":\"2014-08-26\", @\"First Name\":\"Janice\", Gender:\"Female\", @\"Last Name\":\"Graham\", @\"Marital Status\":\"Married\", @\"Medical Record Number\":\"185187\", @\"Middle Name\":\"Y\", @\"Social Security Number\":\"733-01-3171\", Suffix:\"Dr\"),(@\"Billing Date\":\"\", @\"Charge Capture Date\":\"\", @\"Claims Date\":\"2018-12-05\", @\"Coding Date\":\"2018-11-30\", @\"Created Date\":\"2018-11-28\", @\"Date of Birth\":\"1982-04-21\", @\"First Name\":\"Roy\", Gender:\"Male\", @\"Last Name\":\"Davis\", @\"Marital Status\":\"Domestic\", @\"Medical Record Number\":\"128332\", @\"Middle Name\":\"D\", @\"Social Security Number\":\"327-91-5613\", Suffix:\"Mr\"),(@\"Billing Date\":\"2018-12-02\", @\"Charge Capture Date\":\"2018-12-04\", @\"Claims Date\":\"\", @\"Coding Date\":\"2018-11-30\", @\"Created Date\":\"\", @\"Date of Birth\":\"2015-08-20\", @\"First Name\":\"Terry\", Gender:\"Male\", @\"Last Name\":\"Woods\", @\"Marital Status\":\"Divorced\", @\"Medical Record Number\":\"273657\", @\"Middle Name\":\"R\", @\"Social Security Number\":\"026-48-5912\", Suffix:\"Mr\"),(@\"Billing Date\":\"2018-11-29\", @\"Charge Capture Date\":\"2018-12-03\", @\"Claims Date\":\"2018-12-02\", @\"Coding Date\":\"2018-11-28\", @\"Created Date\":\"2018-11-28\", @\"Date of Birth\":\"1971-01-01\", @\"First Name\":\"Alan\", Gender:\"Male\", @\"Last Name\":\"Adams\", @\"Marital Status\":\"Divorced\", @\"Medical Record Number\":\"341370\", @\"Middle Name\":\"D\", @\"Social Security Number\":\"222-62-6836\", Suffix:\"Dr\"),(@\"Billing Date\":\"\", @\"Charge Capture Date\":\"2018-12-08\", @\"Claims Date\":\"2018-12-05\", @\"Coding Date\":\"\", @\"Created Date\":\"\", @\"Date of Birth\":\"1971-08-14\", @\"First Name\":\"Doris\", Gender:\"Female\", @\"Last Name\":\"Soto\", @\"Marital Status\":\"Domestic\", @\"Medical Record Number\":\"494697\", @\"Middle Name\":\"C\", @\"Social Security Number\":\"179-54-9825\", Suffix:\"Ms\"),(@\"Billing Date\":\"2018-12-01\", @\"Charge Capture Date\":\"\", @\"Claims Date\":\"\", @\"Coding Date\":\"2018-11-29\", @\"Created Date\":\"\", @\"Date of Birth\":\"1996-08-16\", @\"First Name\":\"Denise\", Gender:\"Female\", @\"Last Name\":\"Pena\", @\"Marital Status\":\"Married\", @\"Medical Record Number\":\"119264\", @\"Middle Name\":\"R\", @\"Social Security Number\":\"772-42-3851\", Suffix:\"Mrs\"),(@\"Billing Date\":\"2018-11-30\", @\"Charge Capture Date\":\"2018-12-03\", @\"Claims Date\":\"2018-12-02\", @\"Coding Date\":\"2018-11-30\", @\"Created Date\":\"2018-11-28\", @\"Date of Birth\":\"1997-10-26\", @\"First Name\":\"Henry\", Gender:\"Male\", @\"Last Name\":\"King\", @\"Marital Status\":\"Single\", @\"Medical Record Number\":\"689329\", @\"Middle Name\":\"I\", @\"Social Security Number\":\"506-26-5352\", Suffix:\"Mr\"),(@\"Billing Date\":\"\", @\"Charge Capture Date\":\"\", @\"Claims Date\":\"\", @\"Coding Date\":\"\", @\"Created Date\":\"2018-11-30\", @\"Date of Birth\":\"1972-01-04\", @\"First Name\":\"Deborah\", Gender:\"Female\", @\"Last Name\":\"Roberts\", @\"Marital Status\":\"Single\", @\"Medical Record Number\":\"809144\", @\"Middle Name\":\"H\", @\"Social Security Number\":\"107-61-4288\", Suffix:\"Dr\"),(@\"Billing Date\":\"2018-12-07\", @\"Charge Capture Date\":\"\", @\"Claims Date\":\"\", @\"Coding Date\":\"\", @\"Created Date\":\"\", @\"Date of Birth\":\"1991-05-17\", @\"First Name\":\"Sarah\", Gender:\"Female\", @\"Last Name\":\"Garcia\", @\"Marital Status\":\"Widowed\", @\"Medical Record Number\":\"035597\", @\"Middle Name\":\"F\", @\"Social Security Number\":\"725-11-5168\", Suffix:\"Dr\"),(@\"Billing Date\":\"2018-12-06\", @\"Charge Capture Date\":\"2018-12-08\", @\"Claims Date\":\"2018-12-06\", @\"Coding Date\":\"2018-12-01\", @\"Created Date\":\"\", @\"Date of Birth\":\"2002-07-26\", @\"First Name\":\"Jennifer\", Gender:\"Female\", @\"Last Name\":\"Simpson\", @\"Marital Status\":\"Married\", @\"Medical Record Number\":\"305867\", @\"Middle Name\":\"B\", @\"Social Security Number\":\"996-65-7591\", Suffix:\"Mrs\"),(@\"Billing Date\":\"2018-12-01\", @\"Charge Capture Date\":\"2018-12-03\", @\"Claims Date\":\"2018-12-02\", @\"Coding Date\":\"2018-12-01\", @\"Created Date\":\"2018-11-30\", @\"Date of Birth\":\"2017-11-03\", @\"First Name\":\"Dylan\", Gender:\"Male\", @\"Last Name\":\"Morrison\", @\"Marital Status\":\"Married\", @\"Medical Record Number\":\"349436\", @\"Middle Name\":\"V\", @\"Social Security Number\":\"660-09-8026\", Suffix:\"Dr\"),(@\"Billing Date\":\"\", @\"Charge Capture Date\":\"\", @\"Claims Date\":\"2018-12-07\", @\"Coding Date\":\"2018-12-03\", @\"Created Date\":\"2018-12-02\", @\"Date of Birth\":\"1994-05-25\", @\"First Name\":\"Bruce\", Gender:\"Male\", @\"Last Name\":\"Wade\", @\"Marital Status\":\"Divorced\", @\"Medical Record Number\":\"988708\", @\"Middle Name\":\"T\", @\"Social Security Number\":\"892-14-6845\", Suffix:\"Mr\"),(@\"Billing Date\":\"2018-12-02\", @\"Charge Capture Date\":\"2018-12-08\", @\"Claims Date\":\"\", @\"Coding Date\":\"\", @\"Created Date\":\"\", @\"Date of Birth\":\"2007-01-15\", @\"First Name\":\"Stephen\", Gender:\"Male\", @\"Last Name\":\"Richards\", @\"Marital Status\":\"Separated\", @\"Medical Record Number\":\"360097\", @\"Middle Name\":\"F\", @\"Social Security Number\":\"683-22-5493\", Suffix:\"Dr\"),(@\"Billing Date\":\"2018-12-07\", @\"Charge Capture Date\":\"2018-12-07\", @\"Claims Date\":\"2018-12-07\", @\"Coding Date\":\"2018-12-04\", @\"Created Date\":\"\", @\"Date of Birth\":\"1997-02-22\", @\"First Name\":\"Grace\", Gender:\"Female\", @\"Last Name\":\"Russell\", @\"Marital Status\":\"Widowed\", @\"Medical Record Number\":\"886071\", @\"Middle Name\":\"A\", @\"Social Security Number\":\"965-79-1214\", Suffix:\"Ms\"),(@\"Billing Date\":\"2018-12-05\", @\"Charge Capture Date\":\"\", @\"Claims Date\":\"\", @\"Coding Date\":\"2018-12-03\", @\"Created Date\":\"2018-12-02\", @\"Date of Birth\":\"2017-12-12\", @\"First Name\":\"Steven\", Gender:\"Male\", @\"Last Name\":\"Graham\", @\"Marital Status\":\"Separated\", @\"Medical Record Number\":\"254034\", @\"Middle Name\":\"E\", @\"Social Security Number\":\"283-11-7468\", Suffix:\"Mr\"),(@\"Billing Date\":\"2018-12-04\", @\"Charge Capture Date\":\"2018-12-08\", @\"Claims Date\":\"\", @\"Coding Date\":\"2018-11-30\", @\"Created Date\":\"\", @\"Date of Birth\":\"2016-12-19\", @\"First Name\":\"Christina\", Gender:\"Female\", @\"Last Name\":\"Alvarez\", @\"Marital Status\":\"Divorced\", @\"Medical Record Number\":\"904825\", @\"Middle Name\":\"W\", @\"Social Security Number\":\"880-66-1732\", Suffix:\"Ms\"),(@\"Billing Date\":\"2018-12-06\", @\"Charge Capture Date\":\"2018-12-08\", @\"Claims Date\":\"2018-12-07\", @\"Coding Date\":\"2018-12-03\", @\"Created Date\":\"\", @\"Date of Birth\":\"2002-09-16\", @\"First Name\":\"Carl\", Gender:\"Male\", @\"Last Name\":\"Hoffman\", @\"Marital Status\":\"Widowed\", @\"Medical Record Number\":\"095708\", @\"Middle Name\":\"D\", @\"Social Security Number\":\"328-01-6650\", Suffix:\"Dr\"),(@\"Billing Date\":\"\", @\"Charge Capture Date\":\"\", @\"Claims Date\":\"\", @\"Coding Date\":\"2018-11-29\", @\"Created Date\":\"2018-11-28\", @\"Date of Birth\":\"1980-10-20\", @\"First Name\":\"Scott\", Gender:\"Male\", @\"Last Name\":\"Howard\", @\"Marital Status\":\"Divorced\", @\"Medical Record Number\":\"956987\", @\"Middle Name\":\"M\", @\"Social Security Number\":\"233-32-8858\", Suffix:\"Mr\"),(@\"Billing Date\":\"\", @\"Charge Capture Date\":\"\", @\"Claims Date\":\"\", @\"Coding Date\":\"2018-11-29\", @\"Created Date\":\"2018-11-28\", @\"Date of Birth\":\"1997-06-10\", @\"First Name\":\"Ralph\", Gender:\"Male\", @\"Last Name\":\"Powell\", @\"Marital Status\":\"Divorced\", @\"Medical Record Number\":\"826420\", @\"Middle Name\":\"A\", @\"Social Security Number\":\"302-37-4498\", Suffix:\"Dr\"),(@\"Billing Date\":\"\", @\"Charge Capture Date\":\"2018-12-06\", @\"Claims Date\":\"\", @\"Coding Date\":\"\", @\"Created Date\":\"2018-12-01\", @\"Date of Birth\":\"2014-03-25\", @\"First Name\":\"Madison\", Gender:\"Female\", @\"Last Name\":\"Wood\", @\"Marital Status\":\"Widowed\", @\"Medical Record Number\":\"579229\", @\"Middle Name\":\"N\", @\"Social Security Number\":\"151-74-8004\", Suffix:\"Dr\"),(@\"Billing Date\":\"2018-12-01\", @\"Charge Capture Date\":\"2018-12-08\", @\"Claims Date\":\"2018-12-07\", @\"Coding Date\":\"2018-11-28\", @\"Created Date\":\"2018-11-28\", @\"Date of Birth\":\"1994-12-19\", @\"First Name\":\"Michael\", Gender:\"Male\", @\"Last Name\":\"Carter\", @\"Marital Status\":\"Widowed\", @\"Medical Record Number\":\"046001\", @\"Middle Name\":\"L\", @\"Social Security Number\":\"233-30-2798\", Suffix:\"Mr\"),(@\"Billing Date\":\"\", @\"Charge Capture Date\":\"2018-12-08\", @\"Claims Date\":\"\", @\"Coding Date\":\"2018-12-04\", @\"Created Date\":\"\", @\"Date of Birth\":\"1995-09-09\", @\"First Name\":\"Rebecca\", Gender:\"Female\", @\"Last Name\":\"Lewis\", @\"Marital Status\":\"Domestic\", @\"Medical Record Number\":\"134832\", @\"Middle Name\":\"B\", @\"Social Security Number\":\"443-46-8970\", Suffix:\"Dr\"),(@\"Billing Date\":\"\", @\"Charge Capture Date\":\"2018-12-05\", @\"Claims Date\":\"2018-12-03\", @\"Coding Date\":\"2018-11-30\", @\"Created Date\":\"\", @\"Date of Birth\":\"2016-04-19\", @\"First Name\":\"Madison\", Gender:\"Female\", @\"Last Name\":\"Patterson\", @\"Marital Status\":\"Separated\", @\"Medical Record Number\":\"535759\", @\"Middle Name\":\"F\", @\"Social Security Number\":\"706-28-9485\", Suffix:\"Ms\"),(@\"Billing Date\":\"2018-12-04\", @\"Charge Capture Date\":\"2018-12-08\", @\"Claims Date\":\"2018-12-06\", @\"Coding Date\":\"\", @\"Created Date\":\"2018-11-28\", @\"Date of Birth\":\"1992-04-18\", @\"First Name\":\"Ralph\", Gender:\"Male\", @\"Last Name\":\"Santos\", @\"Marital Status\":\"Widowed\", @\"Medical Record Number\":\"544626\", @\"Middle Name\":\"W\", @\"Social Security Number\":\"056-56-9000\", Suffix:\"Dr\"))",
      "timestamp" : "2018-11-28 14:31:39.102 -0500",
      "identifier" : "Log",
      "scriptName" : "index Second.script",
      "handlerLine" : 4
    },
    {
      "identifier" : "EndTestCase",
      "message" : "(Duration:\"3.626155\", Errors:\"0\", Exceptions:\"0\", StartTime:\"2018-11-28 14:31:35 -0500\", Successes:\"1\", TestCase:\"index Second.script\", Warnings:\"0\")",
      "timestamp" : "2018-11-28 14:31:39.398 -0500"
    },
    {
      "identifier" : "SUCCESS",
      "message" : "Execution Time 0:00:03 index Second.script",
      "timestamp" : "2018-11-28 14:31:39.453 -0500"
    }
  ],
  "createdTimestamp" : "2018-11-28 14:31:35.772 -0500"
}