{
  "entries" : [
    {
      "identifier" : "START",
      "message" : "Running AdvanceDates.script",
      "timestamp" : "2018-11-26 16:55:12.030 -0500"
    },
    {
      "handlerName" : "on_advancedates",
      "message" : "(2018-11-28,Helo,2018-12-01,2018-12-04,2018-12-05)",
      "timestamp" : "2018-11-26 16:55:12.120 -0500",
      "identifier" : "Log",
      "scriptName" : "AdvanceDates.script",
      "handlerLine" : 11
    },
    {
      "identifier" : "EndTestCase",
      "message" : "(Duration:\"0.416565\", Errors:\"0\", Exceptions:\"0\", StartTime:\"2018-11-26 16:55:12 -0500\", Successes:\"1\", TestCase:\"AdvanceDates.script\", Warnings:\"0\")",
      "timestamp" : "2018-11-26 16:55:12.477 -0500"
    },
    {
      "identifier" : "SUCCESS",
      "message" : "Execution Time 0:00:00 AdvanceDates.script",
      "timestamp" : "2018-11-26 16:55:12.547 -0500"
    }
  ],
  "createdTimestamp" : "2018-11-26 16:55:12.060 -0500"
}