﻿<?xml version="1.0"?>
<statistics>
 <script name="Master">
  <LastStatus>Failure</LastStatus>
  <NumberOfRuns>71</NumberOfRuns>
  <NumberOfFails>36</NumberOfFails>
  <FirstRun>2018-11-26 12:33:04 -0500</FirstRun>
  <LastRun>2018-11-29 14:02:55 -0700</LastRun>
  <TotalTimeOnSuccess>23.737665</TotalTimeOnSuccess>
 </script>
 <script name="Master1">
  <LastStatus>Success</LastStatus>
  <NumberOfRuns>9</NumberOfRuns>
  <NumberOfFails>4</NumberOfFails>
  <FirstRun>2018-11-29 13:37:42 -0700</FirstRun>
  <LastRun>2018-11-29 13:56:42 -0700</LastRun>
  <TotalTimeOnSuccess>4.016431</TotalTimeOnSuccess>
 </script>
 <script name="Master4">
  <LastStatus>Success</LastStatus>
  <NumberOfRuns>17</NumberOfRuns>
  <NumberOfFails>4</NumberOfFails>
  <FirstRun>2018-11-29 14:00:15 -0700</FirstRun>
  <LastRun>2018-11-29 14:27:07 -0700</LastRun>
  <TotalTimeOnSuccess>8.675250</TotalTimeOnSuccess>
 </script>
 <script name="Master2">
  <LastStatus>Success</LastStatus>
  <NumberOfRuns>2</NumberOfRuns>
  <NumberOfFails>0</NumberOfFails>
  <FirstRun>2018-11-29 13:56:20 -0700</FirstRun>
  <LastRun>2018-11-29 13:56:26 -0700</LastRun>
  <TotalTimeOnSuccess>1.631527</TotalTimeOnSuccess>
 </script>
</statistics>
