{
  "entries" : [
    {
      "identifier" : "START",
      "message" : "Running Untitled1.script",
      "timestamp" : "2020-04-27 14:48:20.153 -0600"
    },
    {
      "handlerName" : "on_untitled1",
      "message" : "cd \/Users\/randyhesse\/Documents\/Simple_Examples\/facial_recognition.suite\/Resources\/ && \/usr\/local\/bin\/go run \/Users\/randyhesse\/Documents\/Simple_Examples\/facial_recognition.suite\/Resources\/Test.go",
      "timestamp" : "2020-04-27 14:48:20.253 -0600",
      "identifier" : "Log",
      "scriptName" : "Untitled1.script",
      "handlerLine" : 12
    },
    {
      "handlerName" : "on_untitled1",
      "message" : "Hello, playground\\n",
      "timestamp" : "2020-04-27 14:48:21.482 -0600",
      "identifier" : "Log",
      "scriptName" : "Untitled1.script",
      "handlerLine" : 15
    },
    {
      "identifier" : "EndTestCase",
      "message" : "(Duration:\"1.794836\", Errors:\"0\", Exceptions:\"0\", StartTime:\"2020-04-27 14:48:20 -0600\", Successes:\"1\", TestCase:\"Untitled1.script\", Warnings:\"0\")",
      "timestamp" : "2020-04-27 14:48:21.950 -0600"
    },
    {
      "identifier" : "SUCCESS",
      "message" : "Execution Time 0:00:01 Untitled1.script",
      "timestamp" : "2020-04-27 14:48:21.989 -0600"
    }
  ],
  "createdTimestamp" : "2020-04-27 14:48:20.155 -0600"
}