{
  "entries" : [
    {
      "identifier" : "START",
      "message" : "Running index.script",
      "timestamp" : "2021-01-18 12:09:01.007 -0700"
    },
    {
      "handlerName" : "on_definecolorarea",
      "message" : "calculating...",
      "timestamp" : "2021-01-18 12:09:01.244 -0700",
      "identifier" : "Log",
      "scriptName" : "",
      "handlerLine" : 27
    },
    {
      "handlerName" : "function_pixelmatch",
      "message" : "Pixel Count is: 880",
      "timestamp" : "2021-01-18 12:09:01.256 -0700",
      "identifier" : "Log",
      "scriptName" : "",
      "handlerLine" : 9
    },
    {
      "handlerName" : "function_pixelmatch",
      "timestamp" : "2021-01-18 12:09:01.257 -0700",
      "identifier" : "Log",
      "scriptName" : "",
      "handlerLine" : 10
    },
    {
      "handlerName" : "on_index",
      "message" : "0",
      "timestamp" : "2021-01-18 12:09:01.336 -0700",
      "identifier" : "Log",
      "scriptName" : "index.script",
      "handlerLine" : 25
    },
    {
      "identifier" : "EndTestCase",
      "message" : "(Duration:\"0.41716\", Errors:\"0\", Exceptions:\"0\", StartTime:\"2021-01-18 12:09:01 -0700\", Successes:\"1\", TestCase:\"index.script\", Warnings:\"0\")",
      "timestamp" : "2021-01-18 12:09:01.425 -0700"
    },
    {
      "identifier" : "SUCCESS",
      "message" : "Execution Time 0:00:00 index.script",
      "timestamp" : "2021-01-18 12:09:01.433 -0700"
    }
  ],
  "createdTimestamp" : "2021-01-18 12:09:01.008 -0700"
}