﻿<?xml version="1.0"?>
<runHistory script="GeneratePatient">
 <run>
  <RunDate>2018-11-21 18:04:12.486 -0500</RunDate>
  <Status>Failure</Status>
  <Duration>0.438827</Duration>
  <Errors>1</Errors>
  <Warnings>0</Warnings>
  <Exceptions>0</Exceptions>
  <Successes>0</Successes>
  <LogFile>20181121_180412.486/LogFile.txt</LogFile>
  <ReturnValue></ReturnValue>
  <ErrorMessage>STUnknownMessage -- ERROR: No Such Command: &#x27;self&#x27;</ErrorMessage>
 </run>
 <run>
  <RunDate>2018-11-21 18:04:23.867 -0500</RunDate>
  <Status>Failure</Status>
  <Duration>0.382874</Duration>
  <Errors>1</Errors>
  <Warnings>0</Warnings>
  <Exceptions>0</Exceptions>
  <Successes>0</Successes>
  <LogFile>20181121_180423.867/LogFile.txt</LogFile>
  <ReturnValue></ReturnValue>
  <ErrorMessage>SRUN_BadValue -- Bad value for Object expression.  Looking for an object or script identifier, got &#x27;my&#x27;.</ErrorMessage>
 </run>
 <run>
  <RunDate>2018-11-21 18:04:35.921 -0500</RunDate>
  <Status>Failure</Status>
  <Duration>0.359436</Duration>
  <Errors>1</Errors>
  <Warnings>0</Warnings>
  <Exceptions>0</Exceptions>
  <Successes>0</Successes>
  <LogFile>20181121_180435.921/LogFile.txt</LogFile>
  <ReturnValue></ReturnValue>
  <ErrorMessage>STUnknownMessage -- ERROR: No Such Function: &#x27;self&#x27;</ErrorMessage>
 </run>
 <run>
  <RunDate>2018-11-21 18:05:42.981 -0500</RunDate>
  <Status>Success</Status>
  <Duration>0.371000</Duration>
  <Errors>0</Errors>
  <Warnings>0</Warnings>
  <Exceptions>0</Exceptions>
  <Successes>1</Successes>
  <LogFile>20181121_180542.981/LogFile.txt</LogFile>
  <ReturnValue></ReturnValue>
  <ErrorMessage></ErrorMessage>
 </run>
 <run>
  <RunDate>2018-11-21 18:05:55.439 -0500</RunDate>
  <Status>Success</Status>
  <Duration>0.397701</Duration>
  <Errors>0</Errors>
  <Warnings>0</Warnings>
  <Exceptions>0</Exceptions>
  <Successes>1</Successes>
  <LogFile>20181121_180555.439/LogFile.txt</LogFile>
  <ReturnValue></ReturnValue>
  <ErrorMessage></ErrorMessage>
 </run>
 <run>
  <RunDate>2018-11-21 18:06:16.153 -0500</RunDate>
  <Status>Success</Status>
  <Duration>0.381493</Duration>
  <Errors>0</Errors>
  <Warnings>0</Warnings>
  <Exceptions>0</Exceptions>
  <Successes>1</Successes>
  <LogFile>20181121_180616.153/LogFile.txt</LogFile>
  <ReturnValue></ReturnValue>
  <ErrorMessage></ErrorMessage>
 </run>
 <run>
  <RunDate>2018-11-21 18:06:25.041 -0500</RunDate>
  <Status>Success</Status>
  <Duration>0.361153</Duration>
  <Errors>0</Errors>
  <Warnings>0</Warnings>
  <Exceptions>0</Exceptions>
  <Successes>1</Successes>
  <LogFile>20181121_180625.041/LogFile.txt</LogFile>
  <ReturnValue></ReturnValue>
  <ErrorMessage></ErrorMessage>
 </run>
</runHistory>
