﻿Date Run,Status,Time,# of Errors,# of Warnings,# of Exceptions,Log File,Return Value,Error Message,# of Successes
2018-11-21 18:04:12.486 -0500,"Failure",0:00:00,1,0,0,"20181121_180412.486/LogFile.txt","","STUnknownMessage -- ERROR: No Such Command: 'self'",0
2018-11-21 18:04:23.867 -0500,"Failure",0:00:00,1,0,0,"20181121_180423.867/LogFile.txt","","SRUN_BadValue -- Bad value for Object expression.  Looking for an object or script identifier, got 'my'.",0
2018-11-21 18:04:35.921 -0500,"Failure",0:00:00,1,0,0,"20181121_180435.921/LogFile.txt","","STUnknownMessage -- ERROR: No Such Function: 'self'",0
2018-11-21 18:05:42.981 -0500,"Success",0:00:00,0,0,0,"20181121_180542.981/LogFile.txt","","",1
2018-11-21 18:05:55.439 -0500,"Success",0:00:00,0,0,0,"20181121_180555.439/LogFile.txt","","",1
2018-11-21 18:06:16.153 -0500,"Success",0:00:00,0,0,0,"20181121_180616.153/LogFile.txt","","",1
2018-11-21 18:06:25.041 -0500,"Success",0:00:00,0,0,0,"20181121_180625.041/LogFile.txt","","",1
