{
  "entries" : [
    {
      "identifier" : "START",
      "message" : "Running Master.script",
      "timestamp" : "2018-11-26 13:10:26.814 -0500"
    },
    {
      "identifier" : "EndTestCase",
      "message" : "(Duration:\"0.724652\", Errors:\"1\", Exceptions:\"0\", StartTime:\"2018-11-26 13:10:26 -0500\", Successes:\"0\", TestCase:\"Master.script\", Warnings:\"0\")",
      "timestamp" : "2018-11-26 13:10:27.572 -0500"
    },
    {
      "message" : "SRUN_BadValue Bad value for Object expression.  Looking for an object or script identifier, got 'Person'. -- Execution Time 0:00:00 Master.script",
      "timestamp" : "2018-11-26 13:10:29.035 -0500",
      "identifier" : "FAILURE",
      "image" : "Screen_Error.png"
    }
  ],
  "createdTimestamp" : "2018-11-26 13:10:26.847 -0500"
}