{
  "entries" : [
    {
      "identifier" : "START",
      "message" : "Running AdvanceDates.script",
      "timestamp" : "2018-11-26 16:50:10.859 -0500"
    },
    {
      "identifier" : "EndTestCase",
      "message" : "(Duration:\"0.417563\", Errors:\"1\", Exceptions:\"0\", StartTime:\"2018-11-26 16:50:10 -0500\", Successes:\"0\", TestCase:\"AdvanceDates.script\", Warnings:\"0\")",
      "timestamp" : "2018-11-26 16:50:11.301 -0500"
    },
    {
      "identifier" : "FAILURE",
      "message" : "SRUN_ZeroChunkIndex Zero is not a valid chunk number -- Execution Time 0:00:00 AdvanceDates.script",
      "timestamp" : "2018-11-26 16:50:11.366 -0500"
    }
  ],
  "createdTimestamp" : "2018-11-26 16:50:10.884 -0500"
}