{
  "entries" : [
    {
      "identifier" : "START",
      "message" : "Running index Second.script",
      "timestamp" : "2018-11-28 15:28:48.039 -0500"
    },
    {
      "identifier" : "EndTestCase",
      "message" : "(Duration:\"4.731536\", Errors:\"1\", Exceptions:\"0\", StartTime:\"2018-11-28 15:28:48 -0500\", Successes:\"0\", TestCase:\"index Second.script\", Warnings:\"0\")",
      "timestamp" : "2018-11-28 15:28:52.824 -0500"
    },
    {
      "identifier" : "FAILURE",
      "message" : "STCSVConnectionError File not found: \/Users\/randyhesse\/Documents\/Simple Examples\/Patient Holding\/PatientHoldingExpert.suite\/Resources\/WebFormData5.csv -- Execution Time 0:00:04 index Second.script",
      "timestamp" : "2018-11-28 15:28:52.886 -0500"
    }
  ],
  "createdTimestamp" : "2018-11-28 15:28:48.093 -0500"
}