{
  "entries" : [
    {
      "identifier" : "START",
      "message" : "Running Master2.script",
      "timestamp" : "2018-11-29 13:56:20.074 -0700"
    },
    {
      "identifier" : "EndTestCase",
      "message" : "(Duration:\"0.729372\", Errors:\"0\", Exceptions:\"0\", StartTime:\"2018-11-29 13:56:20 -0700\", Successes:\"1\", TestCase:\"Master2.script\", Warnings:\"0\")",
      "timestamp" : "2018-11-29 13:56:20.841 -0700"
    },
    {
      "identifier" : "SUCCESS",
      "message" : "Execution Time 0:00:00 Master2.script",
      "timestamp" : "2018-11-29 13:56:20.921 -0700"
    }
  ],
  "createdTimestamp" : "2018-11-29 13:56:20.112 -0700"
}