{
  "entries" : [
    {
      "identifier" : "START",
      "message" : "Running ChangeColors.script",
      "timestamp" : "2019-02-15 20:59:04.544 -0700"
    },
    {
      "handlerName" : "on_changecolors",
      "message" : "at (205, 193)",
      "identifier" : "rightclick",
      "image" : "Putty Command Window",
      "handlerLine" : 1,
      "timestamp" : "2019-02-15 20:59:05.122 -0700",
      "scriptName" : "ChangeColors.script"
    },
    {
      "identifier" : "EndTestCase",
      "message" : "(Duration:\"1.1123\", Errors:\"0\", Exceptions:\"0\", StartTime:\"2019-02-15 20:59:04 -0700\", Successes:\"1\", TestCase:\"ChangeColors.script\", Warnings:\"0\")",
      "timestamp" : "2019-02-15 20:59:05.690 -0700"
    },
    {
      "identifier" : "SUCCESS",
      "message" : "Execution Time 0:00:01 ChangeColors.script",
      "timestamp" : "2019-02-15 20:59:05.763 -0700"
    }
  ],
  "createdTimestamp" : "2019-02-15 20:59:04.577 -0700"
}