{
  "entries" : [
    {
      "identifier" : "START",
      "message" : "Running GeneratePatientAPI.script",
      "timestamp" : "2018-11-26 17:17:19.410 -0500"
    },
    {
      "handlerName" : "on_generatepatientapi",
      "message" : "((gender:\"female\", name:\"Carol\", region:\"United States\", surname:\"Marshall\"),(gender:\"male\", name:\"Jack\", region:\"United States\", surname:\"May\"))",
      "timestamp" : "2018-11-26 17:17:19.787 -0500",
      "identifier" : "Log",
      "scriptName" : "GeneratePatientAPI.script",
      "handlerLine" : 21
    },
    {
      "handlerName" : "on_generatepatientapi",
      "message" : "((gender:\"female\", name:\"Carol\", region:\"United States\", surname:\"Marshall\"),(gender:\"male\", name:\"Jack\", region:\"United States\", surname:\"May\"))",
      "timestamp" : "2018-11-26 17:17:19.824 -0500",
      "identifier" : "Log",
      "scriptName" : "GeneratePatientAPI.script",
      "handlerLine" : 21
    },
    {
      "identifier" : "EndTestCase",
      "message" : "(Duration:\"0.702986\", Errors:\"0\", Exceptions:\"0\", StartTime:\"2018-11-26 17:17:19 -0500\", Successes:\"1\", TestCase:\"GeneratePatientAPI.script\", Warnings:\"0\")",
      "timestamp" : "2018-11-26 17:17:20.146 -0500"
    },
    {
      "identifier" : "SUCCESS",
      "message" : "Execution Time 0:00:00 GeneratePatientAPI.script",
      "timestamp" : "2018-11-26 17:17:20.198 -0500"
    }
  ],
  "createdTimestamp" : "2018-11-26 17:17:19.443 -0500"
}