﻿<?xml version="1.0"?>
<statistics>
 <script name="CarQuoteWebDriver">
  <LastStatus>Failure</LastStatus>
  <NumberOfRuns>4</NumberOfRuns>
  <NumberOfFails>2</NumberOfFails>
  <FirstRun>2018-11-08 09:40:43 -0700</FirstRun>
  <LastRun>2019-05-08 15:18:41 -0600</LastRun>
  <TotalTimeOnSuccess>17.328051</TotalTimeOnSuccess>
 </script>
 <script name="Index">
  <LastStatus>Success</LastStatus>
  <NumberOfRuns>1</NumberOfRuns>
  <NumberOfFails>0</NumberOfFails>
  <FirstRun>2018-11-08 10:20:29 -0700</FirstRun>
  <LastRun>2018-11-08 10:20:29 -0700</LastRun>
  <TotalTimeOnSuccess>22.816580</TotalTimeOnSuccess>
 </script>
 <script name="CarQuoteImage">
  <LastStatus>Success</LastStatus>
  <NumberOfRuns>3</NumberOfRuns>
  <NumberOfFails>1</NumberOfFails>
  <FirstRun>2018-11-08 09:31:45 -0700</FirstRun>
  <LastRun>2018-11-08 10:18:27 -0700</LastRun>
  <TotalTimeOnSuccess>22.102458</TotalTimeOnSuccess>
 </script>
 <script name="IndexDataSoruce">
  <LastStatus>Success</LastStatus>
  <NumberOfRuns>17</NumberOfRuns>
  <NumberOfFails>8</NumberOfFails>
  <FirstRun>2018-11-08 10:39:17 -0700</FirstRun>
  <LastRun>2018-11-08 10:52:12 -0700</LastRun>
  <TotalTimeOnSuccess>36.866551</TotalTimeOnSuccess>
 </script>
 <script name="IndexStright">
  <LastStatus>Failure</LastStatus>
  <NumberOfRuns>2</NumberOfRuns>
  <NumberOfFails>1</NumberOfFails>
  <FirstRun>2018-11-08 10:44:03 -0700</FirstRun>
  <LastRun>2018-12-27 14:08:14 -0700</LastRun>
  <TotalTimeOnSuccess>18.777882</TotalTimeOnSuccess>
 </script>
</statistics>
