{
  "entries" : [
    {
      "identifier" : "START",
      "message" : "Running AdvanceDates.script",
      "timestamp" : "2018-11-26 16:49:56.228 -0500"
    },
    {
      "handlerName" : "on_advancedates",
      "message" : "(2018-11-26,2018-11-28,2018-12-03,2018-12-04,hello,2018-12-06)",
      "timestamp" : "2018-11-26 16:49:56.270 -0500",
      "identifier" : "Log",
      "scriptName" : "AdvanceDates.script",
      "handlerLine" : 15
    },
    {
      "identifier" : "EndTestCase",
      "message" : "(Duration:\"0.292971\", Errors:\"0\", Exceptions:\"0\", StartTime:\"2018-11-26 16:49:56 -0500\", Successes:\"1\", TestCase:\"AdvanceDates.script\", Warnings:\"0\")",
      "timestamp" : "2018-11-26 16:49:56.540 -0500"
    },
    {
      "identifier" : "SUCCESS",
      "message" : "Execution Time 0:00:00 AdvanceDates.script",
      "timestamp" : "2018-11-26 16:49:56.590 -0500"
    }
  ],
  "createdTimestamp" : "2018-11-26 16:49:56.247 -0500"
}