{
  "entries" : [
    {
      "identifier" : "START",
      "message" : "Running Main02.script",
      "timestamp" : "2021-04-10 21:50:50.733 -0600"
    },
    {
      "handlerName" : "on_grabstatistics",
      "message" : "{ReportStats:{_capturescreen:1, _click:2, _endtestcase:1, _log:1, _start:1, _success:1, _typetext:6, _waitfor:3}, TotalSteps:16}",
      "timestamp" : "2021-04-10 21:50:50.923 -0600",
      "identifier" : "Log",
      "scriptName" : "",
      "handlerLine" : 20
    },
    {
      "handlerName" : "on_grabstatistics",
      "timestamp" : "2021-04-10 21:50:50.924 -0600",
      "identifier" : "pausescript",
      "scriptName" : "",
      "handlerLine" : 21
    },
    {
      "identifier" : "EndTestCase",
      "message" : "(Duration:\"7.294332\", Errors:\"1\", Exceptions:\"0\", StartTime:\"2021-04-10 21:50:50 -0600\", Successes:\"0\", TestCase:\"Main02.script\", Warnings:\"0\")",
      "timestamp" : "2021-04-10 21:50:58.028 -0600"
    },
    {
      "identifier" : "ABORTED",
      "message" : "Execution Time 0:00:07 Main02.script",
      "timestamp" : "2021-04-10 21:50:58.030 -0600"
    }
  ],
  "createdTimestamp" : "2021-04-10 21:50:50.733 -0600"
}