{
  "entries" : [
    {
      "identifier" : "START",
      "message" : "Running Script1.script",
      "timestamp" : "2020-05-14 09:30:13.094 -0600"
    },
    {
      "identifier" : "EndTestCase",
      "message" : "(Duration:\"33.694116\", Errors:\"1\", Exceptions:\"0\", StartTime:\"2020-05-14 09:30:13 -0600\", Successes:\"0\", TestCase:\"Script1.script\", Warnings:\"0\")",
      "timestamp" : "2020-05-14 09:30:46.803 -0600"
    },
    {
      "identifier" : "ABORTED",
      "message" : "Execution Time 0:00:33 Script1.script",
      "timestamp" : "2020-05-14 09:30:46.806 -0600"
    }
  ],
  "createdTimestamp" : "2020-05-14 09:30:13.102 -0600"
}