{
  "entries" : [
    {
      "identifier" : "START",
      "message" : "Running MainFromSuite.script",
      "timestamp" : "2021-04-12 15:00:51.828 -0600"
    },
    {
      "identifier" : "EndTestCase",
      "message" : "(Duration:\"0.359807\", Errors:\"1\", Exceptions:\"0\", StartTime:\"2021-04-12 15:00:51 -0600\", Successes:\"0\", TestCase:\"MainFromSuite.script\", Warnings:\"0\")",
      "timestamp" : "2021-04-12 15:00:52.189 -0600"
    },
    {
      "message" : "STFileException Failed to read file \/Users\/ranhesse\/desktop\/Alaska Week 2.suite\/Results\/Alaska USA\/20210412_103528.379 -- Execution Time 0:00:00 MainFromSuite.script",
      "timestamp" : "2021-04-12 15:00:52.487 -0600",
      "identifier" : "FAILURE",
      "image" : "Screen_Error.png"
    }
  ],
  "createdTimestamp" : "2021-04-12 15:00:51.828 -0600"
}