{
  "entries" : [
    {
      "identifier" : "START",
      "message" : "Running Main02.script",
      "timestamp" : "2021-04-09 09:38:13.321 -0600"
    },
    {
      "handlerName" : "on_definelocation",
      "message" : "Overwritting Folder",
      "timestamp" : "2021-04-09 09:38:13.524 -0600",
      "identifier" : "LogWarning",
      "scriptName" : "",
      "handlerLine" : 3
    },
    {
      "handlerName" : "on_htmlreport",
      "message" : "XXXX ",
      "timestamp" : "2021-04-09 09:38:13.593 -0600",
      "identifier" : "Log",
      "scriptName" : "",
      "handlerLine" : 3
    },
    {
      "identifier" : "EndTestCase",
      "message" : "(Duration:\"0.45562\", Errors:\"0\", Exceptions:\"0\", StartTime:\"2021-04-09 09:38:13 -0600\", Successes:\"1\", TestCase:\"Main02.script\", Warnings:\"1\")",
      "timestamp" : "2021-04-09 09:38:13.778 -0600"
    },
    {
      "identifier" : "SUCCESS",
      "message" : "Execution Time 0:00:00 Main02.script",
      "timestamp" : "2021-04-09 09:38:13.784 -0600"
    }
  ],
  "createdTimestamp" : "2021-04-09 09:38:13.322 -0600"
}