{
  "entries" : [
    {
      "identifier" : "START",
      "message" : "Running TestAllAPIs.script",
      "timestamp" : "2020-07-15 10:59:35.756 -0600"
    },
    {
      "identifier" : "EndTestCase",
      "message" : "(Duration:\"5.009842\", Errors:\"0\", Exceptions:\"0\", StartTime:\"2020-07-15 10:59:35 -0600\", Successes:\"1\", TestCase:\"TestAllAPIs.script\", Warnings:\"0\")",
      "timestamp" : "2020-07-15 10:59:40.770 -0600"
    },
    {
      "identifier" : "SUCCESS",
      "message" : "Execution Time 0:00:05 TestAllAPIs.script",
      "timestamp" : "2020-07-15 10:59:40.785 -0600"
    }
  ],
  "createdTimestamp" : "2020-07-15 10:59:35.759 -0600"
}