{
  "entries" : [
    {
      "identifier" : "START",
      "message" : "Running AuthAPI2.apitest",
      "timestamp" : "2020-05-14 11:12:48.952 -0600"
    },
    {
      "identifier" : "LogError",
      "message" : "Validation Error: The XML is not valid.",
      "timestamp" : "2020-05-14 11:12:48.964 -0600"
    },
    {
      "identifier" : "EndTestCase",
      "message" : "(Duration:\"0.534918\", Errors:\"1\", Exceptions:\"0\", StartTime:\"2020-05-14 11:12:48 -0600\", Successes:\"0\", TestCase:\"AuthAPI2.apitest\", Warnings:\"0\")",
      "timestamp" : "2020-05-14 11:12:49.488 -0600"
    },
    {
      "message" : "Script Error Number of Errors logged: 1 -- Execution Time 0:00:00 AuthAPI2.apitest",
      "timestamp" : "2020-05-14 11:12:49.961 -0600",
      "identifier" : "FAILURE",
      "image" : "Screen_Error.png"
    }
  ],
  "createdTimestamp" : "2020-05-14 11:12:48.953 -0600"
}