{
  "entries" : [
    {
      "identifier" : "START",
      "message" : "Running Example SuiteVariables.script",
      "timestamp" : "2020-08-05 10:46:43.825 -0600"
    },
    {
      "handlerName" : "on_example_suitevariables",
      "message" : "SUITEVARIABLES = {JSONData:{hand:\"wave\"}}",
      "timestamp" : "2020-08-05 10:46:44.083 -0600",
      "identifier" : "set",
      "scriptName" : "Example SuiteVariables.script",
      "handlerLine" : 10
    },
    {
      "handlerName" : "on_example_suitevariables",
      "message" : "SUITEVARIABLES = {baseURL:\"https:\/\/postman-echo.com\/post\"}",
      "timestamp" : "2020-08-05 10:46:44.088 -0600",
      "identifier" : "set",
      "scriptName" : "Example SuiteVariables.script",
      "handlerLine" : 11
    },
    {
      "handlerName" : "on_example_suitevariables",
      "message" : "Validation Error: Failed to parse JSON request body. No string key for value in object around character 1.. {hand:\"wave\"}",
      "timestamp" : "2020-08-05 10:46:44.192 -0600",
      "identifier" : "LogError",
      "scriptName" : "Example SuiteVariables.script",
      "handlerLine" : 17
    },
    {
      "identifier" : "EndTestCase",
      "message" : "(Duration:\"2.245841\", Errors:\"2\", Exceptions:\"0\", StartTime:\"2020-08-05 10:46:43 -0600\", Successes:\"0\", TestCase:\"Example SuiteVariables.script\", Warnings:\"0\")",
      "timestamp" : "2020-08-05 10:46:46.074 -0600"
    },
    {
      "message" : "Validation Error: The Api Test could not be executed due to validation errors. -- Execution Time 0:00:02 Example SuiteVariables.script",
      "timestamp" : "2020-08-05 10:46:50.095 -0600",
      "identifier" : "FAILURE",
      "image" : "Screen_Error.png"
    }
  ],
  "createdTimestamp" : "2020-08-05 10:46:43.827 -0600"
}