﻿<?xml version="1.0"?>
<statistics>
 <script name="Processing/ChargeCapture">
  <LastStatus>Failure</LastStatus>
  <NumberOfRuns>5</NumberOfRuns>
  <NumberOfFails>3</NumberOfFails>
  <FirstRun>2018-11-21 17:31:58 -0500</FirstRun>
  <LastRun>2018-11-21 17:33:02 -0500</LastRun>
  <TotalTimeOnSuccess>0.000000</TotalTimeOnSuccess>
 </script>
 <script name="Processing/Coding">
  <LastStatus>Success</LastStatus>
  <NumberOfRuns>42</NumberOfRuns>
  <NumberOfFails>9</NumberOfFails>
  <FirstRun>2018-11-21 17:29:00 -0500</FirstRun>
  <LastRun>2019-10-09 10:19:51 -0600</LastRun>
  <TotalTimeOnSuccess>3.312425</TotalTimeOnSuccess>
 </script>
 <script name="SimpleRuns/Index1">
  <LastStatus>Success</LastStatus>
  <NumberOfRuns>32</NumberOfRuns>
  <NumberOfFails>2</NumberOfFails>
  <FirstRun>2018-11-17 12:27:37 -0500</FirstRun>
  <LastRun>2018-11-20 20:52:15 -0500</LastRun>
  <TotalTimeOnSuccess>0.000000</TotalTimeOnSuccess>
 </script>
 <script name="index Second">
  <LastStatus>Success</LastStatus>
  <NumberOfRuns>17</NumberOfRuns>
  <NumberOfFails>6</NumberOfFails>
  <FirstRun>2018-11-28 14:29:50 -0500</FirstRun>
  <LastRun>2018-11-28 15:41:45 -0500</LastRun>
  <TotalTimeOnSuccess>35.034302</TotalTimeOnSuccess>
 </script>
 <script name="Index">
  <LastStatus>Success</LastStatus>
  <NumberOfRuns>23</NumberOfRuns>
  <NumberOfFails>3</NumberOfFails>
  <FirstRun>2018-11-20 20:46:57 -0500</FirstRun>
  <LastRun>2018-11-26 15:41:03 -0500</LastRun>
  <TotalTimeOnSuccess>32.363814</TotalTimeOnSuccess>
 </script>
 <script name="SimpleRuns/index2">
  <LastStatus>Success</LastStatus>
  <NumberOfRuns>12</NumberOfRuns>
  <NumberOfFails>1</NumberOfFails>
  <FirstRun>2018-11-17 12:53:30 -0500</FirstRun>
  <LastRun>2018-11-20 20:52:19 -0500</LastRun>
  <TotalTimeOnSuccess>0.000000</TotalTimeOnSuccess>
 </script>
 <script name="Untitled">
  <LastStatus>Success</LastStatus>
  <NumberOfRuns>6</NumberOfRuns>
  <NumberOfFails>1</NumberOfFails>
  <FirstRun>2018-11-21 17:31:39 -0500</FirstRun>
  <LastRun>2018-11-21 17:33:01 -0500</LastRun>
  <TotalTimeOnSuccess>0.000000</TotalTimeOnSuccess>
 </script>
 <script name="ProcessingMain">
  <LastStatus>Failure</LastStatus>
  <NumberOfRuns>1</NumberOfRuns>
  <NumberOfFails>1</NumberOfFails>
  <FirstRun>2018-11-20 20:51:32 -0500</FirstRun>
  <LastRun>2018-11-20 20:51:32 -0500</LastRun>
  <TotalTimeOnSuccess>0.000000</TotalTimeOnSuccess>
 </script>
 <script name="GeneratePatient">
  <LastStatus>Success</LastStatus>
  <NumberOfRuns>7</NumberOfRuns>
  <NumberOfFails>3</NumberOfFails>
  <FirstRun>2018-11-21 18:04:12 -0500</FirstRun>
  <LastRun>2018-11-21 18:06:25 -0500</LastRun>
  <TotalTimeOnSuccess>1.511347</TotalTimeOnSuccess>
 </script>
 <script name="Processing/Create">
  <LastStatus>Success</LastStatus>
  <NumberOfRuns>210</NumberOfRuns>
  <NumberOfFails>46</NumberOfFails>
  <FirstRun>2018-11-17 12:36:44 -0500</FirstRun>
  <LastRun>2019-10-09 10:20:49 -0600</LastRun>
  <TotalTimeOnSuccess>26.268753</TotalTimeOnSuccess>
 </script>
 <script name="AdvanceDates">
  <LastStatus>Success</LastStatus>
  <NumberOfRuns>51</NumberOfRuns>
  <NumberOfFails>3</NumberOfFails>
  <FirstRun>2018-11-26 16:46:52 -0500</FirstRun>
  <LastRun>2019-02-27 13:25:51 -0700</LastRun>
  <TotalTimeOnSuccess>19.346804</TotalTimeOnSuccess>
 </script>
 <script name="Processing/Billing">
  <LastStatus>Failure</LastStatus>
  <NumberOfRuns>7</NumberOfRuns>
  <NumberOfFails>1</NumberOfFails>
  <FirstRun>2018-11-21 17:29:55 -0500</FirstRun>
  <LastRun>2018-11-21 17:30:02 -0500</LastRun>
  <TotalTimeOnSuccess>0.000000</TotalTimeOnSuccess>
 </script>
 <script name="GeneratePatientAPI">
  <LastStatus>Success</LastStatus>
  <NumberOfRuns>18</NumberOfRuns>
  <NumberOfFails>0</NumberOfFails>
  <FirstRun>2018-11-26 17:11:09 -0500</FirstRun>
  <LastRun>2018-11-26 17:20:49 -0500</LastRun>
  <TotalTimeOnSuccess>16.589887</TotalTimeOnSuccess>
 </script>
</statistics>
