﻿<?xml version="1.0"?>
<statistics>
 <script name="SimpleRuns/Index1">
  <LastStatus>Success</LastStatus>
  <NumberOfRuns>32</NumberOfRuns>
  <NumberOfFails>2</NumberOfFails>
  <FirstRun>2018-11-17 12:27:37 -0500</FirstRun>
  <LastRun>2018-11-20 20:52:15 -0500</LastRun>
  <TotalTimeOnSuccess>36.352516</TotalTimeOnSuccess>
 </script>
 <script name="CreateCSV">
  <LastStatus>Success</LastStatus>
  <NumberOfRuns>16</NumberOfRuns>
  <NumberOfFails>9</NumberOfFails>
  <FirstRun>2018-11-20 20:29:53 -0500</FirstRun>
  <LastRun>2018-11-20 20:40:26 -0500</LastRun>
  <TotalTimeOnSuccess>3.529663</TotalTimeOnSuccess>
 </script>
 <script name="Index">
  <LastStatus>Success</LastStatus>
  <NumberOfRuns>3</NumberOfRuns>
  <NumberOfFails>0</NumberOfFails>
  <FirstRun>2018-11-20 20:46:57 -0500</FirstRun>
  <LastRun>2018-11-20 20:55:55 -0500</LastRun>
  <TotalTimeOnSuccess>3.776328</TotalTimeOnSuccess>
 </script>
 <script name="DeleteCSV">
  <LastStatus>Failure</LastStatus>
  <NumberOfRuns>1</NumberOfRuns>
  <NumberOfFails>1</NumberOfFails>
  <FirstRun>2018-11-20 20:53:56 -0500</FirstRun>
  <LastRun>2018-11-20 20:53:56 -0500</LastRun>
  <TotalTimeOnSuccess>0.000000</TotalTimeOnSuccess>
 </script>
 <script name="SimpleRuns/index2">
  <LastStatus>Success</LastStatus>
  <NumberOfRuns>12</NumberOfRuns>
  <NumberOfFails>1</NumberOfFails>
  <FirstRun>2018-11-17 12:53:30 -0500</FirstRun>
  <LastRun>2018-11-20 20:52:19 -0500</LastRun>
  <TotalTimeOnSuccess>18.788279</TotalTimeOnSuccess>
 </script>
 <script name="ProcessingMain">
  <LastStatus>Failure</LastStatus>
  <NumberOfRuns>1</NumberOfRuns>
  <NumberOfFails>1</NumberOfFails>
  <FirstRun>2018-11-20 20:51:32 -0500</FirstRun>
  <LastRun>2018-11-20 20:51:32 -0500</LastRun>
  <TotalTimeOnSuccess>0.000000</TotalTimeOnSuccess>
 </script>
 <script name="GeneratePatient">
  <LastStatus>Success</LastStatus>
  <NumberOfRuns>57</NumberOfRuns>
  <NumberOfFails>6</NumberOfFails>
  <FirstRun>2018-11-20 19:55:35 -0500</FirstRun>
  <LastRun>2018-11-20 20:26:57 -0500</LastRun>
  <TotalTimeOnSuccess>21.269377</TotalTimeOnSuccess>
 </script>
 <script name="Processing/Create">
  <LastStatus>Success</LastStatus>
  <NumberOfRuns>1</NumberOfRuns>
  <NumberOfFails>0</NumberOfFails>
  <FirstRun>2018-11-17 12:36:44 -0500</FirstRun>
  <LastRun>2018-11-17 12:36:44 -0500</LastRun>
  <TotalTimeOnSuccess>0.573361</TotalTimeOnSuccess>
 </script>
 <script name="GeneratingHolds">
  <LastStatus>Success</LastStatus>
  <NumberOfRuns>36</NumberOfRuns>
  <NumberOfFails>1</NumberOfFails>
  <FirstRun>2018-11-20 20:58:06 -0500</FirstRun>
  <LastRun>2018-11-20 21:06:22 -0500</LastRun>
  <TotalTimeOnSuccess>25.958063</TotalTimeOnSuccess>
 </script>
</statistics>
