﻿<?xml version="1.0"?>
<statistics>
 <script name="Processing/ChargeCapture">
  <LastStatus>Failure</LastStatus>
  <NumberOfRuns>5</NumberOfRuns>
  <NumberOfFails>3</NumberOfFails>
  <FirstRun>2018-11-21 17:31:58 -0500</FirstRun>
  <LastRun>2018-11-21 17:33:02 -0500</LastRun>
  <TotalTimeOnSuccess>0.866685</TotalTimeOnSuccess>
 </script>
 <script name="Processing/Coding">
  <LastStatus>Success</LastStatus>
  <NumberOfRuns>7</NumberOfRuns>
  <NumberOfFails>1</NumberOfFails>
  <FirstRun>2018-11-21 17:29:00 -0500</FirstRun>
  <LastRun>2018-11-21 17:51:06 -0500</LastRun>
  <TotalTimeOnSuccess>2.610284</TotalTimeOnSuccess>
 </script>
 <script name="SimpleRuns/Index1">
  <LastStatus>Success</LastStatus>
  <NumberOfRuns>32</NumberOfRuns>
  <NumberOfFails>2</NumberOfFails>
  <FirstRun>2018-11-17 12:27:37 -0500</FirstRun>
  <LastRun>2018-11-20 20:52:15 -0500</LastRun>
  <TotalTimeOnSuccess>0.000000</TotalTimeOnSuccess>
 </script>
 <script name="CreateCSV">
  <LastStatus>Success</LastStatus>
  <NumberOfRuns>16</NumberOfRuns>
  <NumberOfFails>9</NumberOfFails>
  <FirstRun>2018-11-20 20:29:53 -0500</FirstRun>
  <LastRun>2018-11-20 20:40:26 -0500</LastRun>
  <TotalTimeOnSuccess>0.000000</TotalTimeOnSuccess>
 </script>
 <script name="Index">
  <LastStatus>Success</LastStatus>
  <NumberOfRuns>14</NumberOfRuns>
  <NumberOfFails>1</NumberOfFails>
  <FirstRun>2018-11-20 20:46:57 -0500</FirstRun>
  <LastRun>2018-11-21 17:51:42 -0500</LastRun>
  <TotalTimeOnSuccess>34.969608</TotalTimeOnSuccess>
 </script>
 <script name="SimpleRuns/index2">
  <LastStatus>Success</LastStatus>
  <NumberOfRuns>12</NumberOfRuns>
  <NumberOfFails>1</NumberOfFails>
  <FirstRun>2018-11-17 12:53:30 -0500</FirstRun>
  <LastRun>2018-11-20 20:52:19 -0500</LastRun>
  <TotalTimeOnSuccess>0.000000</TotalTimeOnSuccess>
 </script>
 <script name="DeleteCSV">
  <LastStatus>Failure</LastStatus>
  <NumberOfRuns>1</NumberOfRuns>
  <NumberOfFails>1</NumberOfFails>
  <FirstRun>2018-11-20 20:53:56 -0500</FirstRun>
  <LastRun>2018-11-20 20:53:56 -0500</LastRun>
  <TotalTimeOnSuccess>0.000000</TotalTimeOnSuccess>
 </script>
 <script name="ProcessingMain">
  <LastStatus>Failure</LastStatus>
  <NumberOfRuns>1</NumberOfRuns>
  <NumberOfFails>1</NumberOfFails>
  <FirstRun>2018-11-20 20:51:32 -0500</FirstRun>
  <LastRun>2018-11-20 20:51:32 -0500</LastRun>
  <TotalTimeOnSuccess>0.000000</TotalTimeOnSuccess>
 </script>
 <script name="Untitled">
  <LastStatus>Success</LastStatus>
  <NumberOfRuns>6</NumberOfRuns>
  <NumberOfFails>1</NumberOfFails>
  <FirstRun>2018-11-21 17:31:39 -0500</FirstRun>
  <LastRun>2018-11-21 17:33:01 -0500</LastRun>
  <TotalTimeOnSuccess>5.469825</TotalTimeOnSuccess>
 </script>
 <script name="Processing/Create">
  <LastStatus>Success</LastStatus>
  <NumberOfRuns>33</NumberOfRuns>
  <NumberOfFails>8</NumberOfFails>
  <FirstRun>2018-11-17 12:36:44 -0500</FirstRun>
  <LastRun>2018-11-21 17:51:45 -0500</LastRun>
  <TotalTimeOnSuccess>10.484839</TotalTimeOnSuccess>
 </script>
 <script name="Processing/Billing">
  <LastStatus>Failure</LastStatus>
  <NumberOfRuns>7</NumberOfRuns>
  <NumberOfFails>1</NumberOfFails>
  <FirstRun>2018-11-21 17:29:55 -0500</FirstRun>
  <LastRun>2018-11-21 17:30:02 -0500</LastRun>
  <TotalTimeOnSuccess>3.081273</TotalTimeOnSuccess>
 </script>
</statistics>
