{
  "entries" : [
    {
      "identifier" : "START",
      "message" : "Running Example OverLoad API.script",
      "timestamp" : "2020-08-11 10:38:22.479 -0600"
    },
    {
      "handlerName" : "on_example_overload_api",
      "message" : "[\"args\",\"data\",\"files\",\"form\",\"headers\",\"json\",\"url\"]",
      "timestamp" : "2020-08-11 10:38:22.652 -0600",
      "identifier" : "Log",
      "scriptName" : "Example OverLoad API.script",
      "handlerLine" : 18
    },
    {
      "identifier" : "EndTestCase",
      "message" : "(Duration:\"0.598444\", Errors:\"0\", Exceptions:\"0\", StartTime:\"2020-08-11 10:38:22 -0600\", Successes:\"1\", TestCase:\"Example OverLoad API.script\", Warnings:\"0\")",
      "timestamp" : "2020-08-11 10:38:23.079 -0600"
    },
    {
      "identifier" : "SUCCESS",
      "message" : "Execution Time 0:00:00 Example OverLoad API.script",
      "timestamp" : "2020-08-11 10:38:23.090 -0600"
    }
  ],
  "createdTimestamp" : "2020-08-11 10:38:22.480 -0600"
}