{
  "entries" : [
    {
      "identifier" : "START",
      "message" : "Running index.script",
      "timestamp" : "2021-01-18 12:19:35.276 -0700"
    },
    {
      "handlerName" : "on_definecolorarea",
      "message" : "calculating...",
      "timestamp" : "2021-01-18 12:19:35.350 -0700",
      "identifier" : "Log",
      "scriptName" : "",
      "handlerLine" : 27
    },
    {
      "handlerName" : "on_index",
      "message" : "[240,90,70]",
      "timestamp" : "2021-01-18 12:19:35.359 -0700",
      "identifier" : "Log",
      "scriptName" : "index.script",
      "handlerLine" : 9
    },
    {
      "handlerName" : "function_pixelmatch",
      "message" : "Pixel Count is: 121",
      "timestamp" : "2021-01-18 12:19:35.368 -0700",
      "identifier" : "Log",
      "scriptName" : "",
      "handlerLine" : 9
    },
    {
      "handlerName" : "on_index",
      "message" : "0",
      "timestamp" : "2021-01-18 12:19:44.365 -0700",
      "identifier" : "Log",
      "scriptName" : "index.script",
      "handlerLine" : 28
    },
    {
      "identifier" : "EndTestCase",
      "message" : "(Duration:\"9.176292\", Errors:\"0\", Exceptions:\"0\", StartTime:\"2021-01-18 12:19:35 -0700\", Successes:\"1\", TestCase:\"index.script\", Warnings:\"0\")",
      "timestamp" : "2021-01-18 12:19:44.454 -0700"
    },
    {
      "identifier" : "SUCCESS",
      "message" : "Execution Time 0:00:09 index.script",
      "timestamp" : "2021-01-18 12:19:44.460 -0700"
    }
  ],
  "createdTimestamp" : "2021-01-18 12:19:35.277 -0700"
}