{
  "entries" : [
    {
      "identifier" : "START",
      "message" : "Running Main02.script",
      "timestamp" : "2021-03-31 14:02:13.717 -0600"
    },
    {
      "handlerName" : "on_definelocation",
      "message" : "Overwritting Folder",
      "timestamp" : "2021-03-31 14:02:13.784 -0600",
      "identifier" : "LogWarning",
      "scriptName" : "",
      "handlerLine" : 3
    },
    {
      "identifier" : "EndTestCase",
      "message" : "(Duration:\"0.215753\", Errors:\"0\", Exceptions:\"0\", StartTime:\"2021-03-31 14:02:13 -0600\", Successes:\"1\", TestCase:\"Main02.script\", Warnings:\"1\")",
      "timestamp" : "2021-03-31 14:02:13.934 -0600"
    },
    {
      "identifier" : "SUCCESS",
      "message" : "Execution Time 0:00:00 Main02.script",
      "timestamp" : "2021-03-31 14:02:13.942 -0600"
    }
  ],
  "createdTimestamp" : "2021-03-31 14:02:13.718 -0600"
}