{
  "entries" : [
    {
      "identifier" : "START",
      "message" : "Running Example Post.apitest",
      "timestamp" : "2020-07-13 09:39:04.166 -0600"
    },
    {
      "identifier" : "EndTestCase",
      "message" : "(Duration:\"0.572726\", Errors:\"0\", Exceptions:\"0\", StartTime:\"2020-07-13 09:39:04 -0600\", Successes:\"1\", TestCase:\"Example Post.apitest\", Warnings:\"0\")",
      "timestamp" : "2020-07-13 09:39:04.741 -0600"
    },
    {
      "identifier" : "SUCCESS",
      "message" : "Execution Time 0:00:00 Example Post.apitest",
      "timestamp" : "2020-07-13 09:39:04.751 -0600"
    }
  ],
  "createdTimestamp" : "2020-07-13 09:39:04.167 -0600"
}