{
  "entries" : [
    {
      "identifier" : "START",
      "message" : "Running Untitled1.script",
      "timestamp" : "2020-01-30 10:10:06.717 -0700"
    },
    {
      "identifier" : "EndTestCase",
      "message" : "(Duration:\"0.000374\", Errors:\"1\", Exceptions:\"0\", StartTime:\"2020-01-30 10:10:06 -0700\", Successes:\"0\", TestCase:\"Untitled1.script\", Warnings:\"0\")",
      "timestamp" : "2020-01-30 10:10:06.719 -0700"
    },
    {
      "message" : "SenseTalk Compiler Exception in untitled1:\\nSyntax Error at line 3: Syntax Error - can't understand \"\/\" at character 1 -- Execution Time 0:00:00 Untitled1.script",
      "timestamp" : "2020-01-30 10:10:06.977 -0700",
      "identifier" : "FAILURE",
      "image" : "Screen_Error.png"
    }
  ],
  "createdTimestamp" : "2020-01-30 10:10:06.718 -0700"
}