{
  "entries" : [
    {
      "identifier" : "START",
      "message" : "Running Script1.script in Usability Mode",
      "timestamp" : "2018-10-18 09:15:45.638 -0600"
    },
    {
      "handlerName" : "on_script1",
      "message" : "YES",
      "timestamp" : "2018-10-18 09:15:45.775 -0600",
      "identifier" : "Log",
      "scriptName" : "Script1.script",
      "handlerLine" : 7
    },
    {
      "handlerName" : "on_script1",
      "message" : "Script1.script",
      "timestamp" : "2018-10-18 09:15:45.821 -0600",
      "identifier" : "Log",
      "scriptName" : "Script1.script",
      "handlerLine" : 16
    },
    {
      "identifier" : "EndTestCase",
      "message" : "(Duration:\"0.434524\", Errors:\"0\", Exceptions:\"0\", StartTime:\"2018-10-18 09:15:45 -0600\", Successes:\"1\", TestCase:\"Script1.script\", Warnings:\"0\")",
      "timestamp" : "2018-10-18 09:15:46.101 -0600"
    },
    {
      "identifier" : "SUCCESS",
      "message" : "Execution Time 0:00:00 Script1.script",
      "timestamp" : "2018-10-18 09:15:46.161 -0600"
    }
  ],
  "created_timestamp" : "2018-10-18 09:15:45.665 -0600"
}