{
  "entries" : [
    {
      "identifier" : "START",
      "message" : "Running Script1.script",
      "timestamp" : "2020-05-14 09:03:48.837 -0600"
    },
    {
      "identifier" : "EndTestCase",
      "message" : "(Duration:\"1.796872\", Errors:\"0\", Exceptions:\"0\", StartTime:\"2020-05-14 09:03:48 -0600\", Successes:\"1\", TestCase:\"Script1.script\", Warnings:\"0\")",
      "timestamp" : "2020-05-14 09:03:50.638 -0600"
    },
    {
      "identifier" : "SUCCESS",
      "message" : "Execution Time 0:00:01 Script1.script",
      "timestamp" : "2020-05-14 09:03:50.650 -0600"
    }
  ],
  "createdTimestamp" : "2020-05-14 09:03:48.841 -0600"
}