{
  "entries" : [
    {
      "identifier" : "START",
      "message" : "Running Script1.script",
      "timestamp" : "2020-05-14 09:15:55.481 -0600"
    },
    {
      "identifier" : "EndTestCase",
      "message" : "(Duration:\"19.66994\", Errors:\"1\", Exceptions:\"0\", StartTime:\"2020-05-14 09:15:55 -0600\", Successes:\"0\", TestCase:\"Script1.script\", Warnings:\"0\")",
      "timestamp" : "2020-05-14 09:16:15.153 -0600"
    },
    {
      "identifier" : "ABORTED",
      "message" : "Execution Time 0:00:19 Script1.script",
      "timestamp" : "2020-05-14 09:16:15.156 -0600"
    }
  ],
  "createdTimestamp" : "2020-05-14 09:15:55.483 -0600"
}