{
  "entries" : [
    {
      "identifier" : "START",
      "message" : "Running Example Post Json.apitest",
      "timestamp" : "2020-07-13 09:45:11.325 -0600"
    },
    {
      "identifier" : "EndTestCase",
      "message" : "(Duration:\"0.61809\", Errors:\"0\", Exceptions:\"0\", StartTime:\"2020-07-13 09:45:11 -0600\", Successes:\"1\", TestCase:\"Example Post Json.apitest\", Warnings:\"0\")",
      "timestamp" : "2020-07-13 09:45:11.945 -0600"
    },
    {
      "identifier" : "SUCCESS",
      "message" : "Execution Time 0:00:00 Example Post Json.apitest",
      "timestamp" : "2020-07-13 09:45:11.960 -0600"
    }
  ],
  "createdTimestamp" : "2020-07-13 09:45:11.326 -0600"
}