{
  "entries" : [
    {
      "identifier" : "START",
      "message" : "Running MainFromSuite.script",
      "timestamp" : "2021-04-10 22:33:42.129 -0600"
    },
    {
      "handlerName" : "on_mainfromsuite",
      "message" : "\/Users\/ranhesse\/Documents\/Simple_Examples\/Customer HTML Reports\/Sample Suite.suite\/Results20210301_194448.575",
      "timestamp" : "2021-04-10 22:33:42.186 -0600",
      "identifier" : "Log",
      "scriptName" : "MainFromSuite.script",
      "handlerLine" : 22
    },
    {
      "handlerName" : "on_mainfromsuite",
      "message" : "\/Users\/ranhesse\/Documents\/Simple_Examples\/Customer HTML Reports\/Sample Suite.suite\/Results20210301_194416.595",
      "timestamp" : "2021-04-10 22:33:42.188 -0600",
      "identifier" : "Log",
      "scriptName" : "MainFromSuite.script",
      "handlerLine" : 22
    },
    {
      "handlerName" : "on_mainfromsuite",
      "message" : "\/Users\/ranhesse\/Documents\/Simple_Examples\/Customer HTML Reports\/Sample Suite.suite\/Results20210301_201248.921",
      "timestamp" : "2021-04-10 22:33:42.190 -0600",
      "identifier" : "Log",
      "scriptName" : "MainFromSuite.script",
      "handlerLine" : 22
    },
    {
      "handlerName" : "on_mainfromsuite",
      "message" : "\/Users\/ranhesse\/Documents\/Simple_Examples\/Customer HTML Reports\/Sample Suite.suite\/Results20210301_201300.294",
      "timestamp" : "2021-04-10 22:33:42.191 -0600",
      "identifier" : "Log",
      "scriptName" : "MainFromSuite.script",
      "handlerLine" : 22
    },
    {
      "handlerName" : "on_mainfromsuite",
      "message" : "\/Users\/ranhesse\/Documents\/Simple_Examples\/Customer HTML Reports\/Sample Suite.suite\/Results20210301_201241.059",
      "timestamp" : "2021-04-10 22:33:42.192 -0600",
      "identifier" : "Log",
      "scriptName" : "MainFromSuite.script",
      "handlerLine" : 22
    },
    {
      "identifier" : "EndTestCase",
      "message" : "(Duration:\"0.192914\", Errors:\"0\", Exceptions:\"0\", StartTime:\"2021-04-10 22:33:42 -0600\", Successes:\"1\", TestCase:\"MainFromSuite.script\", Warnings:\"0\")",
      "timestamp" : "2021-04-10 22:33:42.323 -0600"
    },
    {
      "identifier" : "SUCCESS",
      "message" : "Execution Time 0:00:00 MainFromSuite.script",
      "timestamp" : "2021-04-10 22:33:42.333 -0600"
    }
  ],
  "createdTimestamp" : "2021-04-10 22:33:42.130 -0600"
}