﻿Date Run,Status,Time,# of Errors,# of Warnings,# of Exceptions,Log File,Return Value,Error Message,# of Successes
2020-08-05 10:44:29.562 -0600,"Failure",0:00:02,1,2,0,"20200805_104429.562/LogFile.txt","","Script Error -- Number of Errors logged: 1",0
2020-08-05 10:46:43.817 -0600,"Failure",0:00:02,2,0,0,"20200805_104643.817/LogFile.txt","","Validation Error: -- The Api Test could not be executed due to validation errors.",0
2020-08-05 10:48:58.032 -0600,"Success",0:00:02,0,0,0,"20200805_104858.032/LogFile.txt","","",1
2020-08-05 10:49:23.718 -0600,"Success",0:00:03,0,0,0,"20200805_104923.718/LogFile.txt","","",1
2020-08-05 10:49:31.654 -0600,"Success",0:00:02,0,0,0,"20200805_104931.654/LogFile.txt","","",1
2020-08-05 10:49:38.775 -0600,"Success",0:00:03,0,0,0,"20200805_104938.775/LogFile.txt","","",1
2020-08-05 10:49:47.260 -0600,"Success",0:00:03,0,0,0,"20200805_104947.260/LogFile.txt","","",1
2020-08-05 10:50:14.936 -0600,"Success",0:00:03,0,0,0,"20200805_105014.936/LogFile.txt","","",1
2020-08-05 11:02:18.316 -0600,"Success",0:00:01,0,0,0,"20200805_110218.316/LogFile.txt","","",1
