﻿<?xml version="1.0"?>
<runHistory script="Example SuiteVariables">
 <run>
  <RunDate>2020-08-05 10:44:29.562 -0600</RunDate>
  <Status>Failure</Status>
  <Duration>2.202481</Duration>
  <Errors>1</Errors>
  <Warnings>2</Warnings>
  <Exceptions>0</Exceptions>
  <Successes>0</Successes>
  <LogFile>20200805_104429.562/LogFile.txt</LogFile>
  <ReturnValue></ReturnValue>
  <ErrorMessage>Script Error -- Number of Errors logged: 1</ErrorMessage>
 </run>
 <run>
  <RunDate>2020-08-05 10:46:43.817 -0600</RunDate>
  <Status>Failure</Status>
  <Duration>2.255184</Duration>
  <Errors>2</Errors>
  <Warnings>0</Warnings>
  <Exceptions>0</Exceptions>
  <Successes>0</Successes>
  <LogFile>20200805_104643.817/LogFile.txt</LogFile>
  <ReturnValue></ReturnValue>
  <ErrorMessage>Validation Error: -- The Api Test could not be executed due to validation errors.</ErrorMessage>
 </run>
 <run>
  <RunDate>2020-08-05 10:48:58.032 -0600</RunDate>
  <Status>Success</Status>
  <Duration>2.663668</Duration>
  <Errors>0</Errors>
  <Warnings>0</Warnings>
  <Exceptions>0</Exceptions>
  <Successes>1</Successes>
  <LogFile>20200805_104858.032/LogFile.txt</LogFile>
  <ReturnValue></ReturnValue>
  <ErrorMessage></ErrorMessage>
 </run>
 <run>
  <RunDate>2020-08-05 10:49:23.718 -0600</RunDate>
  <Status>Success</Status>
  <Duration>3.006465</Duration>
  <Errors>0</Errors>
  <Warnings>0</Warnings>
  <Exceptions>0</Exceptions>
  <Successes>1</Successes>
  <LogFile>20200805_104923.718/LogFile.txt</LogFile>
  <ReturnValue></ReturnValue>
  <ErrorMessage></ErrorMessage>
 </run>
 <run>
  <RunDate>2020-08-05 10:49:31.654 -0600</RunDate>
  <Status>Success</Status>
  <Duration>2.958822</Duration>
  <Errors>0</Errors>
  <Warnings>0</Warnings>
  <Exceptions>0</Exceptions>
  <Successes>1</Successes>
  <LogFile>20200805_104931.654/LogFile.txt</LogFile>
  <ReturnValue></ReturnValue>
  <ErrorMessage></ErrorMessage>
 </run>
 <run>
  <RunDate>2020-08-05 10:49:38.775 -0600</RunDate>
  <Status>Success</Status>
  <Duration>3.075110</Duration>
  <Errors>0</Errors>
  <Warnings>0</Warnings>
  <Exceptions>0</Exceptions>
  <Successes>1</Successes>
  <LogFile>20200805_104938.775/LogFile.txt</LogFile>
  <ReturnValue></ReturnValue>
  <ErrorMessage></ErrorMessage>
 </run>
 <run>
  <RunDate>2020-08-05 10:49:47.260 -0600</RunDate>
  <Status>Success</Status>
  <Duration>3.360962</Duration>
  <Errors>0</Errors>
  <Warnings>0</Warnings>
  <Exceptions>0</Exceptions>
  <Successes>1</Successes>
  <LogFile>20200805_104947.260/LogFile.txt</LogFile>
  <ReturnValue></ReturnValue>
  <ErrorMessage></ErrorMessage>
 </run>
 <run>
  <RunDate>2020-08-05 10:50:14.936 -0600</RunDate>
  <Status>Success</Status>
  <Duration>3.113899</Duration>
  <Errors>0</Errors>
  <Warnings>0</Warnings>
  <Exceptions>0</Exceptions>
  <Successes>1</Successes>
  <LogFile>20200805_105014.936/LogFile.txt</LogFile>
  <ReturnValue></ReturnValue>
  <ErrorMessage></ErrorMessage>
 </run>
 <run>
  <RunDate>2020-08-05 11:02:18.316 -0600</RunDate>
  <Status>Success</Status>
  <Duration>1.996554</Duration>
  <Errors>0</Errors>
  <Warnings>0</Warnings>
  <Exceptions>0</Exceptions>
  <Successes>1</Successes>
  <LogFile>20200805_110218.316/LogFile.txt</LogFile>
  <ReturnValue></ReturnValue>
  <ErrorMessage></ErrorMessage>
 </run>
</runHistory>
