{
  "entries" : [
    {
      "identifier" : "START",
      "message" : "Running AdvanceDates.script",
      "timestamp" : "2018-11-26 16:49:52.297 -0500"
    },
    {
      "handlerName" : "on_advancedates",
      "message" : "(2018-11-26,2018-11-27,2018-12-05,2018-12-05,2018-12-06,hello)",
      "timestamp" : "2018-11-26 16:49:52.344 -0500",
      "identifier" : "Log",
      "scriptName" : "AdvanceDates.script",
      "handlerLine" : 15
    },
    {
      "identifier" : "EndTestCase",
      "message" : "(Duration:\"0.307962\", Errors:\"0\", Exceptions:\"0\", StartTime:\"2018-11-26 16:49:52 -0500\", Successes:\"1\", TestCase:\"AdvanceDates.script\", Warnings:\"0\")",
      "timestamp" : "2018-11-26 16:49:52.627 -0500"
    },
    {
      "identifier" : "SUCCESS",
      "message" : "Execution Time 0:00:00 AdvanceDates.script",
      "timestamp" : "2018-11-26 16:49:52.675 -0500"
    }
  ],
  "createdTimestamp" : "2018-11-26 16:49:52.319 -0500"
}