{
  "entries" : [
    {
      "identifier" : "START",
      "message" : "Running Untitled.script",
      "timestamp" : "2018-11-29 14:24:29.153 -0700"
    },
    {
      "handlerName" : "on_untitled",
      "message" : "Utilities\/ScriptList",
      "timestamp" : "2018-11-29 14:24:29.251 -0700",
      "identifier" : "Log",
      "scriptName" : "Untitled.script",
      "handlerLine" : 15
    },
    {
      "handlerName" : "on_untitled",
      "message" : "Utilities\/",
      "timestamp" : "2018-11-29 14:24:29.315 -0700",
      "identifier" : "Log",
      "scriptName" : "Untitled.script",
      "handlerLine" : 15
    },
    {
      "handlerName" : "on_untitled",
      "message" : "Utilities\/",
      "timestamp" : "2018-11-29 14:24:29.374 -0700",
      "identifier" : "Log",
      "scriptName" : "Untitled.script",
      "handlerLine" : 15
    },
    {
      "identifier" : "EndTestCase",
      "message" : "(Duration:\"0.626116\", Errors:\"1\", Exceptions:\"0\", StartTime:\"2018-11-29 14:24:29 -0700\", Successes:\"0\", TestCase:\"Untitled.script\", Warnings:\"0\")",
      "timestamp" : "2018-11-29 14:24:29.824 -0700"
    },
    {
      "message" : "SRUN_BadValue Bad value for Object expression.  Looking for an object or script identifier, got 'HLO'. -- Execution Time 0:00:00 Untitled.script",
      "timestamp" : "2018-11-29 14:24:30.909 -0700",
      "identifier" : "FAILURE",
      "image" : "Screen_Error.png"
    }
  ],
  "createdTimestamp" : "2018-11-29 14:24:29.198 -0700"
}