{
  "entries" : [
    {
      "identifier" : "START",
      "message" : "Running Example Post URL Encode.apitest",
      "timestamp" : "2020-07-13 09:44:22.006 -0600"
    },
    {
      "identifier" : "EndTestCase",
      "message" : "(Duration:\"0.727738\", Errors:\"0\", Exceptions:\"0\", StartTime:\"2020-07-13 09:44:22 -0600\", Successes:\"1\", TestCase:\"Example Post URL Encode.apitest\", Warnings:\"0\")",
      "timestamp" : "2020-07-13 09:44:22.736 -0600"
    },
    {
      "identifier" : "SUCCESS",
      "message" : "Execution Time 0:00:00 Example Post URL Encode.apitest",
      "timestamp" : "2020-07-13 09:44:22.745 -0600"
    }
  ],
  "createdTimestamp" : "2020-07-13 09:44:22.007 -0600"
}