{
  "entries" : [
    {
      "identifier" : "START",
      "message" : "Running Example Post URL.apitest",
      "timestamp" : "2020-07-13 09:53:38.889 -0600"
    },
    {
      "identifier" : "EndTestCase",
      "message" : "(Duration:\"0.68822\", Errors:\"0\", Exceptions:\"0\", StartTime:\"2020-07-13 09:53:38 -0600\", Successes:\"1\", TestCase:\"Example Post URL.apitest\", Warnings:\"0\")",
      "timestamp" : "2020-07-13 09:53:39.579 -0600"
    },
    {
      "identifier" : "SUCCESS",
      "message" : "Execution Time 0:00:00 Example Post URL.apitest",
      "timestamp" : "2020-07-13 09:53:39.596 -0600"
    }
  ],
  "createdTimestamp" : "2020-07-13 09:53:38.890 -0600"
}