﻿<?xml version="1.0"?>
<runHistory script="Example Post Json-API">
 <run>
  <RunDate>2020-08-11 10:39:01.314 -0600</RunDate>
  <Status>Success</Status>
  <Duration>0.618148</Duration>
  <Errors>0</Errors>
  <Warnings>0</Warnings>
  <Exceptions>0</Exceptions>
  <Successes>1</Successes>
  <LogFile>20200811_103901.314/LogFile.txt</LogFile>
  <ReturnValue></ReturnValue>
  <ErrorMessage></ErrorMessage>
 </run>
 <run>
  <RunDate>2020-09-11 07:46:57.100 -0600</RunDate>
  <Status>Success</Status>
  <Duration>1.104253</Duration>
  <Errors>0</Errors>
  <Warnings>0</Warnings>
  <Exceptions>0</Exceptions>
  <Successes>1</Successes>
  <LogFile>20200911_074657.100/LogFile.txt</LogFile>
  <ReturnValue></ReturnValue>
  <ErrorMessage></ErrorMessage>
 </run>
 <run>
  <RunDate>2020-10-20 14:22:50.062 -0600</RunDate>
  <Status>Success</Status>
  <Duration>1.026345</Duration>
  <Errors>0</Errors>
  <Warnings>0</Warnings>
  <Exceptions>0</Exceptions>
  <Successes>1</Successes>
  <LogFile>20201020_142250.062/LogFile.txt</LogFile>
  <ReturnValue></ReturnValue>
  <ErrorMessage></ErrorMessage>
 </run>
</runHistory>
