{
  "entries" : [
    {
      "identifier" : "START",
      "message" : "Running Example Basic OAuth.apitest",
      "timestamp" : "2020-07-13 10:17:57.149 -0600"
    },
    {
      "identifier" : "EndTestCase",
      "message" : "(Duration:\"1.385167\", Errors:\"0\", Exceptions:\"0\", StartTime:\"2020-07-13 10:17:57 -0600\", Successes:\"1\", TestCase:\"Example Basic OAuth.apitest\", Warnings:\"0\")",
      "timestamp" : "2020-07-13 10:17:58.536 -0600"
    },
    {
      "identifier" : "SUCCESS",
      "message" : "Execution Time 0:00:01 Example Basic OAuth.apitest",
      "timestamp" : "2020-07-13 10:17:58.565 -0600"
    }
  ],
  "createdTimestamp" : "2020-07-13 10:17:57.150 -0600"
}