{
  "entries" : [
    {
      "identifier" : "START",
      "message" : "Running AdvanceDates.script",
      "timestamp" : "2018-11-26 16:55:10.831 -0500"
    },
    {
      "handlerName" : "on_advancedates",
      "message" : "(2018-11-27,2018-11-29,Helo,2018-12-04,2018-12-06)",
      "timestamp" : "2018-11-26 16:55:10.938 -0500",
      "identifier" : "Log",
      "scriptName" : "AdvanceDates.script",
      "handlerLine" : 11
    },
    {
      "identifier" : "EndTestCase",
      "message" : "(Duration:\"0.507638\", Errors:\"0\", Exceptions:\"0\", StartTime:\"2018-11-26 16:55:10 -0500\", Successes:\"1\", TestCase:\"AdvanceDates.script\", Warnings:\"0\")",
      "timestamp" : "2018-11-26 16:55:11.378 -0500"
    },
    {
      "identifier" : "SUCCESS",
      "message" : "Execution Time 0:00:00 AdvanceDates.script",
      "timestamp" : "2018-11-26 16:55:11.458 -0500"
    }
  ],
  "createdTimestamp" : "2018-11-26 16:55:10.869 -0500"
}