{
  "entries" : [
    {
      "identifier" : "START",
      "message" : "Running AuthAPI2.apitest",
      "timestamp" : "2020-06-12 14:37:29.814 -0600"
    },
    {
      "identifier" : "EndTestCase",
      "message" : "(Duration:\"2.878521\", Errors:\"0\", Exceptions:\"0\", StartTime:\"2020-06-12 14:37:29 -0600\", Successes:\"1\", TestCase:\"AuthAPI2.apitest\", Warnings:\"0\")",
      "timestamp" : "2020-06-12 14:37:32.706 -0600"
    },
    {
      "identifier" : "SUCCESS",
      "message" : "Execution Time 0:00:02 AuthAPI2.apitest",
      "timestamp" : "2020-06-12 14:37:32.717 -0600"
    }
  ],
  "createdTimestamp" : "2020-06-12 14:37:29.824 -0600"
}