{
  "entries" : [
    {
      "identifier" : "EndTestCase",
      "message" : "(Duration:\"3.727324\", Errors:\"0\", Exceptions:\"0\", StartTime:\"2018-11-21 17:28:59 -0500\", Successes:\"6\", TestCase:\"Index.script\", Warnings:\"0\")",
      "timestamp" : "2018-11-21 17:29:03.491 -0500"
    },
    {
      "identifier" : "SUCCESS",
      "message" : "Execution Time 0:00:03 Index.script",
      "timestamp" : "2018-11-21 17:29:03.548 -0500"
    }
  ],
  "createdTimestamp" : "2018-11-21 17:29:03.524 -0500"
}