{
  "entries" : [
    {
      "identifier" : "START",
      "message" : "Running Example Basic OAuth.apitest",
      "timestamp" : "2020-07-13 10:24:14.930 -0600"
    },
    {
      "identifier" : "EndTestCase",
      "message" : "(Duration:\"1.29289\", Errors:\"0\", Exceptions:\"0\", StartTime:\"2020-07-13 10:24:14 -0600\", Successes:\"1\", TestCase:\"Example Basic OAuth.apitest\", Warnings:\"0\")",
      "timestamp" : "2020-07-13 10:24:16.225 -0600"
    },
    {
      "identifier" : "SUCCESS",
      "message" : "Execution Time 0:00:01 Example Basic OAuth.apitest",
      "timestamp" : "2020-07-13 10:24:16.249 -0600"
    }
  ],
  "createdTimestamp" : "2020-07-13 10:24:14.931 -0600"
}