{
  "entries" : [
    {
      "identifier" : "EndTestCase",
      "message" : "(Duration:\"4.821971\", Errors:\"1\", Exceptions:\"0\", StartTime:\"2018-11-21 17:51:42 -0500\", Successes:\"6\", TestCase:\"Index.script\", Warnings:\"0\")",
      "timestamp" : "2018-11-21 17:51:46.875 -0500"
    },
    {
      "identifier" : "SUCCESS",
      "message" : "Execution Time 0:00:04 Index.script",
      "timestamp" : "2018-11-21 17:51:46.925 -0500"
    }
  ],
  "createdTimestamp" : "2018-11-21 17:51:46.910 -0500"
}