{
  "entries" : [
    {
      "identifier" : "START",
      "message" : "Running AdvanceDates.script",
      "timestamp" : "2018-11-26 16:56:28.175 -0500"
    },
    {
      "identifier" : "EndTestCase",
      "message" : "(Duration:\"0.398834\", Errors:\"1\", Exceptions:\"0\", StartTime:\"2018-11-26 16:56:28 -0500\", Successes:\"0\", TestCase:\"AdvanceDates.script\", Warnings:\"0\")",
      "timestamp" : "2018-11-26 16:56:28.601 -0500"
    },
    {
      "identifier" : "FAILURE",
      "message" : "SRUN_ZeroChunkIndex Zero is not a valid chunk number -- Execution Time 0:00:00 AdvanceDates.script",
      "timestamp" : "2018-11-26 16:56:28.657 -0500"
    }
  ],
  "createdTimestamp" : "2018-11-26 16:56:28.203 -0500"
}