{
  "entries" : [
    {
      "identifier" : "START",
      "message" : "Running GetAuthAPI.apitest",
      "timestamp" : "2020-05-14 09:13:18.023 -0600"
    },
    {
      "identifier" : "LogError",
      "message" : "Validation Error: Empty URL.",
      "timestamp" : "2020-05-14 09:13:18.050 -0600"
    },
    {
      "identifier" : "EndTestCase",
      "message" : "(Duration:\"0.915088\", Errors:\"1\", Exceptions:\"0\", StartTime:\"2020-05-14 09:13:18 -0600\", Successes:\"0\", TestCase:\"GetAuthAPI.apitest\", Warnings:\"0\")",
      "timestamp" : "2020-05-14 09:13:18.940 -0600"
    },
    {
      "identifier" : "ABORTED",
      "message" : "Execution Time 0:00:00 GetAuthAPI.apitest",
      "timestamp" : "2020-05-14 09:13:18.943 -0600"
    }
  ],
  "createdTimestamp" : "2020-05-14 09:13:18.025 -0600"
}