{
  "entries" : [
    {
      "identifier" : "START",
      "message" : "Running Example Post Json.apitest",
      "timestamp" : "2020-07-15 10:25:59.758 -0600"
    },
    {
      "identifier" : "EndTestCase",
      "message" : "(Duration:\"1.112752\", Errors:\"0\", Exceptions:\"0\", StartTime:\"2020-07-15 10:25:59 -0600\", Successes:\"1\", TestCase:\"Example Post Json.apitest\", Warnings:\"0\")",
      "timestamp" : "2020-07-15 10:26:00.873 -0600"
    },
    {
      "identifier" : "SUCCESS",
      "message" : "Execution Time 0:00:01 Example Post Json.apitest",
      "timestamp" : "2020-07-15 10:26:00.896 -0600"
    }
  ],
  "createdTimestamp" : "2020-07-15 10:25:59.760 -0600"
}