{
  "entries" : [
    {
      "identifier" : "START",
      "message" : "Running Untitled.apitest",
      "timestamp" : "2020-05-14 15:52:19.411 -0600"
    },
    {
      "identifier" : "EndTestCase",
      "message" : "(Duration:\"0.744517\", Errors:\"0\", Exceptions:\"0\", StartTime:\"2020-05-14 15:52:19 -0600\", Successes:\"1\", TestCase:\"Untitled.apitest\", Warnings:\"0\")",
      "timestamp" : "2020-05-14 15:52:20.157 -0600"
    },
    {
      "identifier" : "SUCCESS",
      "message" : "Execution Time 0:00:00 Untitled.apitest",
      "timestamp" : "2020-05-14 15:52:20.171 -0600"
    }
  ],
  "createdTimestamp" : "2020-05-14 15:52:19.412 -0600"
}