{
  "entries" : [
    {
      "identifier" : "START",
      "message" : "Running Example OverLoad API.script",
      "timestamp" : "2020-08-11 10:37:58.449 -0600"
    },
    {
      "identifier" : "EndTestCase",
      "message" : "(Duration:\"0.603611\", Errors:\"1\", Exceptions:\"0\", StartTime:\"2020-08-11 10:37:58 -0600\", Successes:\"0\", TestCase:\"Example OverLoad API.script\", Warnings:\"0\")",
      "timestamp" : "2020-08-11 10:37:59.054 -0600"
    },
    {
      "identifier" : "FAILURE",
      "message" : "STUnknownMessage ERROR: No Such Function: 'data' -- Execution Time 0:00:00 Example OverLoad API.script",
      "timestamp" : "2020-08-11 10:37:59.063 -0600"
    }
  ],
  "createdTimestamp" : "2020-08-11 10:37:58.450 -0600"
}