﻿<?xml version="1.0" encoding="UTF-8" ?>
<statistics>
 <script name="OLD/BuildReports_v2">
  <LastStatus>Success</LastStatus>
  <NumberOfRuns>7</NumberOfRuns>
  <NumberOfFails>0</NumberOfFails>
  <FirstRun>2021-04-09 09:38:47 -0600</FirstRun>
  <LastRun>2021-04-10 21:52:29 -0600</LastRun>
  <TotalTimeOnSuccess>0.030333</TotalTimeOnSuccess>
 </script>
 <script name="Main02">
  <LastStatus>Success</LastStatus>
  <NumberOfRuns>79</NumberOfRuns>
  <NumberOfFails>17</NumberOfFails>
  <FirstRun>2021-03-31 13:56:30 -0600</FirstRun>
  <LastRun>2021-04-10 23:39:13 -0600</LastRun>
  <TotalTimeOnSuccess>19.826134</TotalTimeOnSuccess>
 </script>
 <script name="OLD/Main">
  <LastStatus>Success</LastStatus>
  <NumberOfRuns>3</NumberOfRuns>
  <NumberOfFails>1</NumberOfFails>
  <FirstRun>2021-03-31 10:13:05 -0600</FirstRun>
  <LastRun>2021-03-31 10:21:20 -0600</LastRun>
  <TotalTimeOnSuccess>0.000000</TotalTimeOnSuccess>
 </script>
 <script name="Main01">
  <LastStatus>Success</LastStatus>
  <NumberOfRuns>33</NumberOfRuns>
  <NumberOfFails>5</NumberOfFails>
  <FirstRun>2021-04-10 21:54:17 -0600</FirstRun>
  <LastRun>2021-04-12 15:24:29 -0600</LastRun>
  <TotalTimeOnSuccess>6.189746</TotalTimeOnSuccess>
 </script>
 <script name="OLD/Untitled">
  <LastStatus>Success</LastStatus>
  <NumberOfRuns>11</NumberOfRuns>
  <NumberOfFails>0</NumberOfFails>
  <FirstRun>2021-04-10 23:28:39 -0600</FirstRun>
  <LastRun>2021-04-10 23:33:18 -0600</LastRun>
  <TotalTimeOnSuccess>1.958781</TotalTimeOnSuccess>
 </script>
 <script name="MainFromSuite">
  <LastStatus>Success</LastStatus>
  <NumberOfRuns>68</NumberOfRuns>
  <NumberOfFails>10</NumberOfFails>
  <FirstRun>2021-04-10 22:22:39 -0600</FirstRun>
  <LastRun>2021-04-28 15:09:15 -0600</LastRun>
  <TotalTimeOnSuccess>152.764628</TotalTimeOnSuccess>
 </script>
</statistics>
