{
  "entries" : [
    {
      "identifier" : "START",
      "message" : "Running Script1.script",
      "timestamp" : "2020-05-14 09:54:03.069 -0600"
    },
    {
      "identifier" : "EndTestCase",
      "message" : "(Duration:\"190.603663\", Errors:\"1\", Exceptions:\"0\", StartTime:\"2020-05-14 09:54:03 -0600\", Successes:\"0\", TestCase:\"Script1.script\", Warnings:\"0\")",
      "timestamp" : "2020-05-14 09:57:13.674 -0600"
    },
    {
      "identifier" : "ABORTED",
      "message" : "Execution Time 0:03:10 Script1.script",
      "timestamp" : "2020-05-14 09:57:13.679 -0600"
    }
  ],
  "createdTimestamp" : "2020-05-14 09:54:03.070 -0600"
}