{
  "entries" : [
    {
      "identifier" : "START",
      "message" : "Running Main02.script",
      "timestamp" : "2021-04-10 21:47:23.385 -0600"
    },
    {
      "handlerName" : "on_definelocation",
      "message" : "Overwritting Folder",
      "timestamp" : "2021-04-10 21:47:23.434 -0600",
      "identifier" : "LogWarning",
      "scriptName" : "",
      "handlerLine" : 3
    },
    {
      "handlerName" : "on_grabstatistics",
      "message" : "{ReportStats:{_capturescreen:1, _click:2, _endtestcase:1, _log:1, _start:1, _success:1, _typetext:6, _waitfor:3}, TotalSteps:16}",
      "timestamp" : "2021-04-10 21:47:23.581 -0600",
      "identifier" : "Log",
      "scriptName" : "",
      "handlerLine" : 18
    },
    {
      "identifier" : "EndTestCase",
      "message" : "(Duration:\"0.257933\", Errors:\"0\", Exceptions:\"0\", StartTime:\"2021-04-10 21:47:23 -0600\", Successes:\"1\", TestCase:\"Main02.script\", Warnings:\"1\")",
      "timestamp" : "2021-04-10 21:47:23.645 -0600"
    },
    {
      "identifier" : "SUCCESS",
      "message" : "Execution Time 0:00:00 Main02.script",
      "timestamp" : "2021-04-10 21:47:23.681 -0600"
    }
  ],
  "createdTimestamp" : "2021-04-10 21:47:23.386 -0600"
}