{
  "entries" : [
    {
      "identifier" : "START",
      "message" : "Running Main01.script",
      "timestamp" : "2021-04-10 22:55:05.548 -0600"
    },
    {
      "identifier" : "EndTestCase",
      "message" : "(Duration:\"0.173434\", Errors:\"1\", Exceptions:\"0\", StartTime:\"2021-04-10 22:55:05 -0600\", Successes:\"0\", TestCase:\"Main01.script\", Warnings:\"0\")",
      "timestamp" : "2021-04-10 22:55:05.723 -0600"
    },
    {
      "identifier" : "FAILURE",
      "message" : "STFileException Failed to read file \/Users\/ranhesse\/Documents\/Simple_Examples\/Customer HTML Reports\/Sample Suite.suite\/Results\/Workflow01\/20210301_194416.595 -- Execution Time 0:00:00 Main01.script",
      "timestamp" : "2021-04-10 22:55:05.733 -0600"
    }
  ],
  "createdTimestamp" : "2021-04-10 22:55:05.549 -0600"
}