{
  "entries" : [
    {
      "identifier" : "START",
      "message" : "Running Untitled.script",
      "timestamp" : "2018-11-29 14:00:15.385 -0700"
    },
    {
      "identifier" : "EndTestCase",
      "message" : "(Duration:\"0.502976\", Errors:\"1\", Exceptions:\"0\", StartTime:\"2018-11-29 14:00:15 -0700\", Successes:\"0\", TestCase:\"Untitled.script\", Warnings:\"0\")",
      "timestamp" : "2018-11-29 14:00:15.924 -0700"
    },
    {
      "message" : "STUnknownMessage ERROR: No Such Command: 'five' -- Execution Time 0:00:00 Untitled.script",
      "timestamp" : "2018-11-29 14:00:17.085 -0700",
      "identifier" : "FAILURE",
      "image" : "Screen_Error.png"
    }
  ],
  "createdTimestamp" : "2018-11-29 14:00:15.421 -0700"
}