{
  "entries" : [
    {
      "identifier" : "START",
      "message" : "Running DemoGherkin.script",
      "timestamp" : "2019-01-02 13:36:50.969 -0700"
    },
    {
      "identifier" : "EndTestCase",
      "message" : "(Duration:\"0.335745\", Errors:\"0\", Exceptions:\"0\", StartTime:\"2019-01-02 13:36:50 -0700\", Successes:\"1\", TestCase:\"DemoGherkin.script\", Warnings:\"0\")",
      "timestamp" : "2019-01-02 13:36:51.328 -0700"
    },
    {
      "identifier" : "SUCCESS",
      "message" : "Execution Time 0:00:00 DemoGherkin.script",
      "timestamp" : "2019-01-02 13:36:51.373 -0700"
    }
  ],
  "createdTimestamp" : "2019-01-02 13:36:50.992 -0700"
}