{
  "entries" : [
    {
      "identifier" : "START",
      "message" : "Running Master.script",
      "timestamp" : "2018-11-26 14:42:07.916 -0500"
    },
    {
      "handlerName" : "on_master",
      "message" : "(\"\/Utilities\/Script1'\",\"\/Utilities\/Script3'\",\"\/Utilities\/Script2'\")",
      "timestamp" : "2018-11-26 14:42:08.029 -0500",
      "identifier" : "Log",
      "scriptName" : "Master.script",
      "handlerLine" : 20
    },
    {
      "identifier" : "EndTestCase",
      "message" : "(Duration:\"0.407173\", Errors:\"0\", Exceptions:\"0\", StartTime:\"2018-11-26 14:42:07 -0500\", Successes:\"1\", TestCase:\"Master.script\", Warnings:\"0\")",
      "timestamp" : "2018-11-26 14:42:08.350 -0500"
    },
    {
      "identifier" : "SUCCESS",
      "message" : "Execution Time 0:00:00 Master.script",
      "timestamp" : "2018-11-26 14:42:08.411 -0500"
    }
  ],
  "createdTimestamp" : "2018-11-26 14:42:07.943 -0500"
}