{
  "entries" : [
    {
      "identifier" : "START",
      "message" : "Running Script1.script",
      "timestamp" : "2020-05-14 09:32:53.306 -0600"
    },
    {
      "identifier" : "EndTestCase",
      "message" : "(Duration:\"16.755394\", Errors:\"1\", Exceptions:\"0\", StartTime:\"2020-05-14 09:32:53 -0600\", Successes:\"0\", TestCase:\"Script1.script\", Warnings:\"0\")",
      "timestamp" : "2020-05-14 09:33:10.063 -0600"
    },
    {
      "identifier" : "ABORTED",
      "message" : "Execution Time 0:00:16 Script1.script",
      "timestamp" : "2020-05-14 09:33:10.070 -0600"
    }
  ],
  "createdTimestamp" : "2020-05-14 09:32:53.307 -0600"
}