{
  "entries" : [
    {
      "identifier" : "START",
      "message" : "Running GeneratingHolds.script",
      "timestamp" : "2018-11-20 21:01:19.455 -0500"
    },
    {
      "handlerName" : "on_generatingholds",
      "message" : "2018-11-20",
      "timestamp" : "2018-11-20 21:01:19.522 -0500",
      "identifier" : "Log",
      "scriptName" : "GeneratingHolds.script",
      "handlerLine" : 14
    },
    {
      "identifier" : "EndTestCase",
      "message" : "(Duration:\"0.4704\", Errors:\"0\", Exceptions:\"0\", StartTime:\"2018-11-20 21:01:19 -0500\", Successes:\"1\", TestCase:\"GeneratingHolds.script\", Warnings:\"0\")",
      "timestamp" : "2018-11-20 21:01:19.952 -0500"
    },
    {
      "identifier" : "SUCCESS",
      "message" : "Execution Time 0:00:00 GeneratingHolds.script",
      "timestamp" : "2018-11-20 21:01:20.006 -0500"
    }
  ],
  "createdTimestamp" : "2018-11-20 21:01:19.481 -0500"
}