{
  "entries" : [
    {
      "identifier" : "START",
      "message" : "Running Untitled1.script",
      "timestamp" : "2021-01-18 14:24:41.676 -0700"
    },
    {
      "handlerName" : "on_untitled1",
      "message" : "asd [\"FFAECE\"]",
      "timestamp" : "2021-01-18 14:24:41.727 -0700",
      "identifier" : "Log",
      "scriptName" : "Untitled1.script",
      "handlerLine" : 33
    },
    {
      "handlerName" : "on_untitled1",
      "message" : "asd [\"FFAECE\"]",
      "timestamp" : "2021-01-18 14:24:41.729 -0700",
      "identifier" : "Log",
      "scriptName" : "Untitled1.script",
      "handlerLine" : 33
    },
    {
      "handlerName" : "on_untitled1",
      "message" : "asd [\"FFAECE\"]",
      "timestamp" : "2021-01-18 14:24:41.732 -0700",
      "identifier" : "Log",
      "scriptName" : "Untitled1.script",
      "handlerLine" : 33
    },
    {
      "handlerName" : "on_untitled1",
      "message" : "asd [\"FFAECE\"]",
      "timestamp" : "2021-01-18 14:24:41.734 -0700",
      "identifier" : "Log",
      "scriptName" : "Untitled1.script",
      "handlerLine" : 33
    },
    {
      "handlerName" : "on_untitled1",
      "message" : "asd [\"FFAECE\"]",
      "timestamp" : "2021-01-18 14:24:41.736 -0700",
      "identifier" : "Log",
      "scriptName" : "Untitled1.script",
      "handlerLine" : 33
    },
    {
      "handlerName" : "on_untitled1",
      "message" : "asd [\"FFAECE\"]",
      "timestamp" : "2021-01-18 14:24:41.738 -0700",
      "identifier" : "Log",
      "scriptName" : "Untitled1.script",
      "handlerLine" : 33
    },
    {
      "handlerName" : "on_untitled1",
      "message" : "asd [\"FFAECE\"]",
      "timestamp" : "2021-01-18 14:24:41.740 -0700",
      "identifier" : "Log",
      "scriptName" : "Untitled1.script",
      "handlerLine" : 33
    },
    {
      "handlerName" : "on_untitled1",
      "message" : "asd [\"FFAECE\"]",
      "timestamp" : "2021-01-18 14:24:41.742 -0700",
      "identifier" : "Log",
      "scriptName" : "Untitled1.script",
      "handlerLine" : 33
    },
    {
      "handlerName" : "on_untitled1",
      "message" : "asd [\"FFAECE\"]",
      "timestamp" : "2021-01-18 14:24:41.743 -0700",
      "identifier" : "Log",
      "scriptName" : "Untitled1.script",
      "handlerLine" : 33
    },
    {
      "handlerName" : "on_untitled1",
      "message" : "asd [\"FFAECE\"]",
      "timestamp" : "2021-01-18 14:24:41.744 -0700",
      "identifier" : "Log",
      "scriptName" : "Untitled1.script",
      "handlerLine" : 33
    },
    {
      "handlerName" : "on_untitled1",
      "message" : "asd [\"FFAECE\"]",
      "timestamp" : "2021-01-18 14:24:41.746 -0700",
      "identifier" : "Log",
      "scriptName" : "Untitled1.script",
      "handlerLine" : 33
    },
    {
      "handlerName" : "on_untitled1",
      "message" : "asd [\"FFAECE\"]",
      "timestamp" : "2021-01-18 14:24:41.748 -0700",
      "identifier" : "Log",
      "scriptName" : "Untitled1.script",
      "handlerLine" : 33
    },
    {
      "handlerName" : "on_untitled1",
      "message" : "asd [\"FFAECE\"]",
      "timestamp" : "2021-01-18 14:24:41.750 -0700",
      "identifier" : "Log",
      "scriptName" : "Untitled1.script",
      "handlerLine" : 33
    },
    {
      "handlerName" : "on_untitled1",
      "message" : "asd [\"FFAECE\"]",
      "timestamp" : "2021-01-18 14:24:41.752 -0700",
      "identifier" : "Log",
      "scriptName" : "Untitled1.script",
      "handlerLine" : 33
    },
    {
      "handlerName" : "on_untitled1",
      "message" : "asd [\"FFAECE\"]",
      "timestamp" : "2021-01-18 14:24:41.753 -0700",
      "identifier" : "Log",
      "scriptName" : "Untitled1.script",
      "handlerLine" : 33
    },
    {
      "identifier" : "EndTestCase",
      "message" : "(Duration:\"0.215903\", Errors:\"0\", Exceptions:\"0\", StartTime:\"2021-01-18 14:24:41 -0700\", Successes:\"1\", TestCase:\"Untitled1.script\", Warnings:\"0\")",
      "timestamp" : "2021-01-18 14:24:41.893 -0700"
    },
    {
      "identifier" : "SUCCESS",
      "message" : "Execution Time 0:00:00 Untitled1.script",
      "timestamp" : "2021-01-18 14:24:41.901 -0700"
    }
  ],
  "createdTimestamp" : "2021-01-18 14:24:41.677 -0700"
}