{
  "entries" : [
    {
      "identifier" : "START",
      "message" : "Running Example OverLoad API.script",
      "timestamp" : "2020-08-11 10:37:38.481 -0600"
    },
    {
      "identifier" : "EndTestCase",
      "message" : "(Duration:\"0.62281\", Errors:\"1\", Exceptions:\"0\", StartTime:\"2020-08-11 10:37:38 -0600\", Successes:\"0\", TestCase:\"Example OverLoad API.script\", Warnings:\"0\")",
      "timestamp" : "2020-08-11 10:37:39.105 -0600"
    },
    {
      "identifier" : "FAILURE",
      "message" : "STUnknownMessage ERROR: No Such Function: 'data' -- Execution Time 0:00:00 Example OverLoad API.script",
      "timestamp" : "2020-08-11 10:37:39.117 -0600"
    }
  ],
  "createdTimestamp" : "2020-08-11 10:37:38.482 -0600"
}