{
  "entries" : [
    {
      "identifier" : "START",
      "message" : "Running Master.script",
      "timestamp" : "2018-11-29 13:58:02.058 -0700"
    },
    {
      "identifier" : "EndTestCase",
      "message" : "(Duration:\"0.432417\", Errors:\"1\", Exceptions:\"0\", StartTime:\"2018-11-29 13:58:02 -0700\", Successes:\"0\", TestCase:\"Master.script\", Warnings:\"0\")",
      "timestamp" : "2018-11-29 13:58:02.521 -0700"
    },
    {
      "message" : "Invalid Object These objects were not found: '\/Utilities\/Script1' -- Execution Time 0:00:00 Master.script",
      "timestamp" : "2018-11-29 13:58:03.675 -0700",
      "identifier" : "FAILURE",
      "image" : "Screen_Error.png"
    }
  ],
  "createdTimestamp" : "2018-11-29 13:58:02.089 -0700"
}