{
  "entries" : [
    {
      "identifier" : "START",
      "message" : "Running AuthAPI2.apitest",
      "timestamp" : "2020-05-14 11:04:30.585 -0600"
    },
    {
      "identifier" : "LogWarning",
      "message" : "Validation Warning: Empty request body.",
      "timestamp" : "2020-05-14 11:04:30.598 -0600"
    },
    {
      "identifier" : "EndTestCase",
      "message" : "(Duration:\"1.073005\", Errors:\"0\", Exceptions:\"0\", StartTime:\"2020-05-14 11:04:30 -0600\", Successes:\"1\", TestCase:\"AuthAPI2.apitest\", Warnings:\"1\")",
      "timestamp" : "2020-05-14 11:04:31.660 -0600"
    },
    {
      "identifier" : "SUCCESS",
      "message" : "Execution Time 0:00:01 AuthAPI2.apitest",
      "timestamp" : "2020-05-14 11:04:31.668 -0600"
    }
  ],
  "createdTimestamp" : "2020-05-14 11:04:30.586 -0600"
}