﻿<?xml version="1.0"?>
<runHistory script="Untitled1">
 <run>
  <RunDate>2020-06-04 11:05:03.751 -0600</RunDate>
  <Status>Failure</Status>
  <Duration>4.309288</Duration>
  <Errors>1</Errors>
  <Warnings>0</Warnings>
  <Exceptions>0</Exceptions>
  <Successes>0</Successes>
  <LogFile>20200604_110503.751/LogFile.txt</LogFile>
  <ReturnValue></ReturnValue>
  <ErrorMessage>Image Not Found -- waitfor Error - Invalid Rectangle: (
    10,
    100,
    100,
    100
)</ErrorMessage>
 </run>
 <run>
  <RunDate>2020-06-04 11:05:56.829 -0600</RunDate>
  <Status>Failure</Status>
  <Duration>14.076428</Duration>
  <Errors>1</Errors>
  <Warnings>1</Warnings>
  <Exceptions>1</Exceptions>
  <Successes>0</Successes>
  <LogFile>20200604_110556.829/LogFile.txt</LogFile>
  <ReturnValue></ReturnValue>
  <ErrorMessage>Image Not Found -- waitfor Error - Unable To Find Any Image On Screen &quot;(TEXT:&quot;hello&quot;)&quot; within 4.00 seconds. Text might be too low contrast to detect.  Restricted Search Rectangle ((327,94),(406,157))
</ErrorMessage>
 </run>
</runHistory>
