{
  "entries" : [
    {
      "identifier" : "START",
      "message" : "Running Main02.script",
      "timestamp" : "2021-03-31 13:58:47.990 -0600"
    },
    {
      "handlerName" : "on_definelocation",
      "message" : "Overwritting Folder",
      "timestamp" : "2021-03-31 13:58:48.036 -0600",
      "identifier" : "LogWarning",
      "scriptName" : "",
      "handlerLine" : 3
    },
    {
      "identifier" : "EndTestCase",
      "message" : "(Duration:\"0.17333\", Errors:\"1\", Exceptions:\"0\", StartTime:\"2021-03-31 13:58:47 -0600\", Successes:\"0\", TestCase:\"Main02.script\", Warnings:\"1\")",
      "timestamp" : "2021-03-31 13:58:48.165 -0600"
    },
    {
      "identifier" : "FAILURE",
      "message" : "SenseTalk Compiler Exception in htmlbody:\\nWarning at line 33: Warning - Non-matching handler name: HTMLTableBody -- Execution Time 0:00:00 Main02.script",
      "timestamp" : "2021-03-31 13:58:48.172 -0600"
    }
  ],
  "createdTimestamp" : "2021-03-31 13:58:47.991 -0600"
}