﻿<?xml version="1.0"?>
<runHistory script="CarQuoteImage">
 <run>
  <RunDate>2018-11-08 09:30:38.348 -0700</RunDate>
  <Status>Aborted</Status>
  <Duration>13.040805</Duration>
  <Errors>1</Errors>
  <Warnings>0</Warnings>
  <Exceptions>1</Exceptions>
  <Successes>0</Successes>
  <LogFile>20181108_093038.348/LogFile.txt</LogFile>
  <ReturnValue></ReturnValue>
  <ErrorMessage></ErrorMessage>
 </run>
 <run>
  <RunDate>2018-11-08 09:31:45.682 -0700</RunDate>
  <Status>Failure</Status>
  <Duration>10.788675</Duration>
  <Errors>1</Errors>
  <Warnings>0</Warnings>
  <Exceptions>1</Exceptions>
  <Successes>0</Successes>
  <LogFile>20181108_093145.682/LogFile.txt</LogFile>
  <ReturnValue></ReturnValue>
  <ErrorMessage>Image Not Found -- click Error - No Image Found On Screen: &quot;BigCar&quot;</ErrorMessage>
 </run>
 <run>
  <RunDate>2018-11-08 09:32:30.905 -0700</RunDate>
  <Status>Success</Status>
  <Duration>8.472351</Duration>
  <Errors>0</Errors>
  <Warnings>0</Warnings>
  <Exceptions>0</Exceptions>
  <Successes>1</Successes>
  <LogFile>20181108_093230.905/LogFile.txt</LogFile>
  <ReturnValue></ReturnValue>
  <ErrorMessage></ErrorMessage>
 </run>
 <run>
  <RunDate>2018-11-08 10:17:54.551 -0700</RunDate>
  <Status>Aborted</Status>
  <Duration>4.841889</Duration>
  <Errors>1</Errors>
  <Warnings>0</Warnings>
  <Exceptions>0</Exceptions>
  <Successes>0</Successes>
  <LogFile>20181108_101754.551/LogFile.txt</LogFile>
  <ReturnValue></ReturnValue>
  <ErrorMessage></ErrorMessage>
 </run>
 <run>
  <RunDate>2018-11-08 10:18:04.427 -0700</RunDate>
  <Status>Aborted</Status>
  <Duration>13.887004</Duration>
  <Errors>1</Errors>
  <Warnings>0</Warnings>
  <Exceptions>1</Exceptions>
  <Successes>0</Successes>
  <LogFile>20181108_101804.427/LogFile.txt</LogFile>
  <ReturnValue></ReturnValue>
  <ErrorMessage></ErrorMessage>
 </run>
 <run>
  <RunDate>2018-11-08 10:18:19.344 -0700</RunDate>
  <Status>Aborted</Status>
  <Duration>7.377246</Duration>
  <Errors>1</Errors>
  <Warnings>0</Warnings>
  <Exceptions>0</Exceptions>
  <Successes>0</Successes>
  <LogFile>20181108_101819.344/LogFile.txt</LogFile>
  <ReturnValue></ReturnValue>
  <ErrorMessage></ErrorMessage>
 </run>
 <run>
  <RunDate>2018-11-08 10:18:27.329 -0700</RunDate>
  <Status>Success</Status>
  <Duration>13.630107</Duration>
  <Errors>0</Errors>
  <Warnings>0</Warnings>
  <Exceptions>0</Exceptions>
  <Successes>1</Successes>
  <LogFile>20181108_101827.329/LogFile.txt</LogFile>
  <ReturnValue></ReturnValue>
  <ErrorMessage></ErrorMessage>
 </run>
 <run>
  <RunDate>2018-11-08 10:18:56.730 -0700</RunDate>
  <Status>Aborted</Status>
  <Duration>10.740878</Duration>
  <Errors>1</Errors>
  <Warnings>0</Warnings>
  <Exceptions>0</Exceptions>
  <Successes>0</Successes>
  <LogFile>20181108_101856.730/LogFile.txt</LogFile>
  <ReturnValue></ReturnValue>
  <ErrorMessage></ErrorMessage>
 </run>
</runHistory>
