{
  "entries" : [
    {
      "identifier" : "START",
      "message" : "Running Example Basic OAuth.apitest",
      "timestamp" : "2020-07-15 10:26:35.783 -0600"
    },
    {
      "identifier" : "EndTestCase",
      "message" : "(Duration:\"1.147117\", Errors:\"0\", Exceptions:\"0\", StartTime:\"2020-07-15 10:26:35 -0600\", Successes:\"1\", TestCase:\"Example Basic OAuth.apitest\", Warnings:\"0\")",
      "timestamp" : "2020-07-15 10:26:36.932 -0600"
    },
    {
      "identifier" : "SUCCESS",
      "message" : "Execution Time 0:00:01 Example Basic OAuth.apitest",
      "timestamp" : "2020-07-15 10:26:36.955 -0600"
    }
  ],
  "createdTimestamp" : "2020-07-15 10:26:35.784 -0600"
}