{
  "entries" : [
    {
      "identifier" : "START",
      "message" : "Running ADT01.script",
      "timestamp" : "2019-09-11 15:04:12.245 -0600"
    },
    {
      "handlerName" : "on_adt01",
      "message" : "ADT^A01",
      "timestamp" : "2019-09-11 15:04:12.368 -0600",
      "identifier" : "Log",
      "scriptName" : "ADT01.script",
      "handlerLine" : 21
    },
    {
      "handlerName" : "on_adt01",
      "message" : "DUCK^DONALD^D",
      "timestamp" : "2019-09-11 15:04:12.373 -0600",
      "identifier" : "Log",
      "scriptName" : "ADT01.script",
      "handlerLine" : 22
    },
    {
      "handlerName" : "on_adt01",
      "message" : "19241010",
      "timestamp" : "2019-09-11 15:04:12.376 -0600",
      "identifier" : "Log",
      "scriptName" : "ADT01.script",
      "handlerLine" : 23
    },
    {
      "handlerName" : "on_adt01",
      "message" : "M",
      "timestamp" : "2019-09-11 15:04:12.378 -0600",
      "identifier" : "Log",
      "scriptName" : "ADT01.script",
      "handlerLine" : 24
    },
    {
      "handlerName" : "on_adt01",
      "message" : "111 DUCK ST^^FOWL^CA^999990000^^M",
      "timestamp" : "2019-09-11 15:04:12.382 -0600",
      "identifier" : "Log",
      "scriptName" : "ADT01.script",
      "handlerLine" : 25
    },
    {
      "identifier" : "EndTestCase",
      "message" : "(Duration:\"1.517366\", Errors:\"0\", Exceptions:\"0\", StartTime:\"2019-09-11 15:04:12 -0600\", Successes:\"1\", TestCase:\"ADT01.script\", Warnings:\"0\")",
      "timestamp" : "2019-09-11 15:04:13.765 -0600"
    },
    {
      "identifier" : "SUCCESS",
      "message" : "Execution Time 0:00:01 ADT01.script",
      "timestamp" : "2019-09-11 15:04:13.782 -0600"
    }
  ],
  "createdTimestamp" : "2019-09-11 15:04:12.246 -0600"
}