{
  "entries" : [
    {
      "identifier" : "START",
      "message" : "Running Master.script",
      "timestamp" : "2018-11-26 13:12:12.317 -0500"
    },
    {
      "handlerName" : "on_master",
      "timestamp" : "2018-11-26 13:12:12.437 -0500",
      "identifier" : "Log",
      "scriptName" : "Master.script",
      "handlerLine" : 31
    },
    {
      "identifier" : "EndTestCase",
      "message" : "(Duration:\"1.066757\", Errors:\"0\", Exceptions:\"0\", StartTime:\"2018-11-26 13:12:12 -0500\", Successes:\"1\", TestCase:\"Master.script\", Warnings:\"0\")",
      "timestamp" : "2018-11-26 13:12:13.420 -0500"
    },
    {
      "identifier" : "SUCCESS",
      "message" : "Execution Time 0:00:01 Master.script",
      "timestamp" : "2018-11-26 13:12:13.491 -0500"
    }
  ],
  "createdTimestamp" : "2018-11-26 13:12:12.353 -0500"
}