{
  "entries" : [
    {
      "identifier" : "START",
      "message" : "Running Example Basic OAuth.apitest",
      "timestamp" : "2020-07-15 10:31:52.177 -0600"
    },
    {
      "identifier" : "EndTestCase",
      "message" : "(Duration:\"1.150713\", Errors:\"0\", Exceptions:\"0\", StartTime:\"2020-07-15 10:31:52 -0600\", Successes:\"1\", TestCase:\"Example Basic OAuth.apitest\", Warnings:\"0\")",
      "timestamp" : "2020-07-15 10:31:53.330 -0600"
    },
    {
      "identifier" : "SUCCESS",
      "message" : "Execution Time 0:00:01 Example Basic OAuth.apitest",
      "timestamp" : "2020-07-15 10:31:53.359 -0600"
    }
  ],
  "createdTimestamp" : "2020-07-15 10:31:52.178 -0600"
}