{
  "entries" : [
    {
      "identifier" : "START",
      "message" : "Running Example Post URL.apitest",
      "timestamp" : "2020-07-13 09:53:25.494 -0600"
    },
    {
      "identifier" : "EndTestCase",
      "message" : "(Duration:\"1.011766\", Errors:\"0\", Exceptions:\"0\", StartTime:\"2020-07-13 09:53:25 -0600\", Successes:\"1\", TestCase:\"Example Post URL.apitest\", Warnings:\"0\")",
      "timestamp" : "2020-07-13 09:53:26.508 -0600"
    },
    {
      "identifier" : "SUCCESS",
      "message" : "Execution Time 0:00:01 Example Post URL.apitest",
      "timestamp" : "2020-07-13 09:53:26.525 -0600"
    }
  ],
  "createdTimestamp" : "2020-07-13 09:53:25.495 -0600"
}