﻿<?xml version="1.0"?>
<statistics>
 <script name="Libraries/Logout">
  <LastStatus>Success</LastStatus>
  <NumberOfRuns>29</NumberOfRuns>
  <NumberOfFails>0</NumberOfFails>
  <FirstRun>2015-09-11 16:09:33 -0700</FirstRun>
  <LastRun>2017-01-06 09:09:56 -0700</LastRun>
  <TotalTimeOnSuccess>0.933934</TotalTimeOnSuccess>
 </script>
 <script name="Index">
  <LastStatus>Success</LastStatus>
  <NumberOfRuns>26</NumberOfRuns>
  <NumberOfFails>2</NumberOfFails>
  <FirstRun>2017-01-06 09:29:22 -0700</FirstRun>
  <LastRun>2017-02-16 15:39:03 -0700</LastRun>
  <TotalTimeOnSuccess>134.246014</TotalTimeOnSuccess>
 </script>
 <script name="Examples/Example4">
  <LastStatus>Success</LastStatus>
  <NumberOfRuns>3</NumberOfRuns>
  <NumberOfFails>0</NumberOfFails>
  <FirstRun>2017-01-06 15:55:55 -0700</FirstRun>
  <LastRun>2017-02-16 15:33:14 -0700</LastRun>
  <TotalTimeOnSuccess>2.591759</TotalTimeOnSuccess>
 </script>
 <script name="Test/B">
  <LastStatus>Success</LastStatus>
  <NumberOfRuns>19</NumberOfRuns>
  <NumberOfFails>0</NumberOfFails>
  <FirstRun>2017-01-06 09:59:16 -0700</FirstRun>
  <LastRun>2017-01-06 10:40:16 -0700</LastRun>
  <TotalTimeOnSuccess>0.622616</TotalTimeOnSuccess>
 </script>
 <script name="Examples/Example3">
  <LastStatus>Failure</LastStatus>
  <NumberOfRuns>6</NumberOfRuns>
  <NumberOfFails>3</NumberOfFails>
  <FirstRun>2017-01-06 15:37:08 -0700</FirstRun>
  <LastRun>2017-01-06 15:48:12 -0700</LastRun>
  <TotalTimeOnSuccess>6.098048</TotalTimeOnSuccess>
 </script>
 <script name="Test/NewPatient">
  <LastStatus>Success</LastStatus>
  <NumberOfRuns>264</NumberOfRuns>
  <NumberOfFails>3</NumberOfFails>
  <FirstRun>2015-09-11 16:09:33 -0700</FirstRun>
  <LastRun>2017-02-16 15:39:04 -0700</LastRun>
  <TotalTimeOnSuccess>17.056213</TotalTimeOnSuccess>
 </script>
 <script name="Examples/Example2">
  <LastStatus>Success</LastStatus>
  <NumberOfRuns>4</NumberOfRuns>
  <NumberOfFails>0</NumberOfFails>
  <FirstRun>2017-01-06 13:16:50 -0700</FirstRun>
  <LastRun>2017-01-06 15:51:21 -0700</LastRun>
  <TotalTimeOnSuccess>14.869167</TotalTimeOnSuccess>
 </script>
 <script name="Examples/Example1">
  <LastStatus>Success</LastStatus>
  <NumberOfRuns>17</NumberOfRuns>
  <NumberOfFails>3</NumberOfFails>
  <FirstRun>2017-01-06 12:56:49 -0700</FirstRun>
  <LastRun>2017-01-06 14:23:49 -0700</LastRun>
  <TotalTimeOnSuccess>13.258389</TotalTimeOnSuccess>
 </script>
 <script name="TroubleShooting/Example1">
  <LastStatus>Success</LastStatus>
  <NumberOfRuns>3</NumberOfRuns>
  <NumberOfFails>0</NumberOfFails>
  <FirstRun>2017-02-16 15:41:47 -0700</FirstRun>
  <LastRun>2017-02-16 15:42:30 -0700</LastRun>
  <TotalTimeOnSuccess>1.163548</TotalTimeOnSuccess>
 </script>
 <script name="Libraries/Login">
  <LastStatus>Success</LastStatus>
  <NumberOfRuns>54</NumberOfRuns>
  <NumberOfFails>1</NumberOfFails>
  <FirstRun>2015-09-11 16:09:32 -0700</FirstRun>
  <LastRun>2017-02-16 15:39:34 -0700</LastRun>
  <TotalTimeOnSuccess>30.073875</TotalTimeOnSuccess>
 </script>
 <script name="Modules/GlobalDefine">
  <LastStatus>Failure</LastStatus>
  <NumberOfRuns>61</NumberOfRuns>
  <NumberOfFails>7</NumberOfFails>
  <FirstRun>2015-05-22 12:29:44 -0600</FirstRun>
  <LastRun>2017-01-06 09:12:59 -0700</LastRun>
  <TotalTimeOnSuccess>142.021636</TotalTimeOnSuccess>
 </script>
 <script name="Test/A">
  <LastStatus>Success</LastStatus>
  <NumberOfRuns>19</NumberOfRuns>
  <NumberOfFails>10</NumberOfFails>
  <FirstRun>2017-01-06 09:59:16 -0700</FirstRun>
  <LastRun>2017-01-06 10:40:13 -0700</LastRun>
  <TotalTimeOnSuccess>27.056461</TotalTimeOnSuccess>
 </script>
 <script name="States/Zero">
  <LastStatus>Success</LastStatus>
  <NumberOfRuns>17</NumberOfRuns>
  <NumberOfFails>0</NumberOfFails>
  <FirstRun>2017-01-06 10:22:17 -0700</FirstRun>
  <LastRun>2017-02-16 10:33:03 -0700</LastRun>
  <TotalTimeOnSuccess>0.234379</TotalTimeOnSuccess>
 </script>
</statistics>
