{
  "entries" : [
    {
      "identifier" : "START",
      "message" : "Running Main02.script",
      "timestamp" : "2021-04-09 09:42:43.304 -0600"
    },
    {
      "identifier" : "EndTestCase",
      "message" : "(Duration:\"0.422115\", Errors:\"0\", Exceptions:\"0\", StartTime:\"2021-04-09 09:42:43 -0600\", Successes:\"1\", TestCase:\"Main02.script\", Warnings:\"0\")",
      "timestamp" : "2021-04-09 09:42:43.727 -0600"
    },
    {
      "identifier" : "SUCCESS",
      "message" : "Execution Time 0:00:00 Main02.script",
      "timestamp" : "2021-04-09 09:42:43.734 -0600"
    }
  ],
  "createdTimestamp" : "2021-04-09 09:42:43.305 -0600"
}