{
  "entries" : [
    {
      "identifier" : "START",
      "message" : "Running Example Put.apitest",
      "timestamp" : "2020-07-15 11:00:40.141 -0600"
    },
    {
      "identifier" : "EndTestCase",
      "message" : "(Duration:\"1.347139\", Errors:\"0\", Exceptions:\"0\", StartTime:\"2020-07-15 11:00:40 -0600\", Successes:\"1\", TestCase:\"Example Put.apitest\", Warnings:\"0\")",
      "timestamp" : "2020-07-15 11:00:41.491 -0600"
    },
    {
      "identifier" : "SUCCESS",
      "message" : "Execution Time 0:00:01 Example Put.apitest",
      "timestamp" : "2020-07-15 11:00:41.518 -0600"
    }
  ],
  "createdTimestamp" : "2020-07-15 11:00:40.143 -0600"
}