{
  "entries" : [
    {
      "identifier" : "START",
      "message" : "Running Master.script",
      "timestamp" : "2018-11-26 12:33:04.775 -0500"
    },
    {
      "identifier" : "EndTestCase",
      "message" : "(Duration:\"0.544588\", Errors:\"1\", Exceptions:\"0\", StartTime:\"2018-11-26 12:33:04 -0500\", Successes:\"0\", TestCase:\"Master.script\", Warnings:\"0\")",
      "timestamp" : "2018-11-26 12:33:05.342 -0500"
    },
    {
      "message" : "STUnknownMessage ERROR: No Such Function: 'names' -- Execution Time 0:00:00 Master.script",
      "timestamp" : "2018-11-26 12:33:06.771 -0500",
      "identifier" : "FAILURE",
      "image" : "Screen_Error.png"
    }
  ],
  "createdTimestamp" : "2018-11-26 12:33:04.797 -0500"
}