{
  "entries" : [
    {
      "identifier" : "START",
      "message" : "Running AuthAPI2.apitest",
      "timestamp" : "2020-05-14 11:05:25.171 -0600"
    },
    {
      "identifier" : "LogWarning",
      "message" : "Validation Warning: Empty request body.",
      "timestamp" : "2020-05-14 11:05:25.185 -0600"
    },
    {
      "identifier" : "EndTestCase",
      "message" : "(Duration:\"0.711178\", Errors:\"0\", Exceptions:\"0\", StartTime:\"2020-05-14 11:05:25 -0600\", Successes:\"1\", TestCase:\"AuthAPI2.apitest\", Warnings:\"1\")",
      "timestamp" : "2020-05-14 11:05:25.884 -0600"
    },
    {
      "identifier" : "SUCCESS",
      "message" : "Execution Time 0:00:00 AuthAPI2.apitest",
      "timestamp" : "2020-05-14 11:05:25.891 -0600"
    }
  ],
  "createdTimestamp" : "2020-05-14 11:05:25.173 -0600"
}