﻿Date Run,Status,Time,# of Errors,# of Warnings,# of Exceptions,Log File,Return Value,Error Message,# of Successes
2019-04-18 16:01:43.373 -0600,"Failure",0:00:00,1,0,0,"20190418_160143.373/LogFile.txt","","STUnknownMessage -- ERROR: No Such Command: 'somehandler'",0
2019-04-18 16:01:59.413 -0600,"Failure",0:00:00,1,0,0,"20190418_160159.413/LogFile.txt","","STUnknownMessage -- ERROR: No Such Command: 'somehandler'",0
2019-04-18 16:02:24.984 -0600,"Success",0:00:00,0,0,0,"20190418_160224.984/LogFile.txt","","",1
2019-04-18 16:03:04.065 -0600,"Failure",0:00:00,1,0,0,"20190418_160304.065/LogFile.txt","","SRUN_BadValue -- Bad value for Object expression.  Looking for an object or script identifier, got 'Classes/Background_Eggplant'.",0
2019-04-18 16:03:24.157 -0600,"Success",0:00:00,0,0,0,"20190418_160324.157/LogFile.txt","","",1
