﻿<?xml version="1.0"?>
<runHistory script="QA_Script">
 <run>
  <RunDate>2019-04-18 16:01:43.373 -0600</RunDate>
  <Status>Failure</Status>
  <Duration>0.416290</Duration>
  <Errors>1</Errors>
  <Warnings>0</Warnings>
  <Exceptions>0</Exceptions>
  <Successes>0</Successes>
  <LogFile>20190418_160143.373/LogFile.txt</LogFile>
  <ReturnValue></ReturnValue>
  <ErrorMessage>STUnknownMessage -- ERROR: No Such Command: &#x27;somehandler&#x27;</ErrorMessage>
 </run>
 <run>
  <RunDate>2019-04-18 16:01:59.413 -0600</RunDate>
  <Status>Failure</Status>
  <Duration>0.365119</Duration>
  <Errors>1</Errors>
  <Warnings>0</Warnings>
  <Exceptions>0</Exceptions>
  <Successes>0</Successes>
  <LogFile>20190418_160159.413/LogFile.txt</LogFile>
  <ReturnValue></ReturnValue>
  <ErrorMessage>STUnknownMessage -- ERROR: No Such Command: &#x27;somehandler&#x27;</ErrorMessage>
 </run>
 <run>
  <RunDate>2019-04-18 16:02:24.984 -0600</RunDate>
  <Status>Success</Status>
  <Duration>0.380734</Duration>
  <Errors>0</Errors>
  <Warnings>0</Warnings>
  <Exceptions>0</Exceptions>
  <Successes>1</Successes>
  <LogFile>20190418_160224.984/LogFile.txt</LogFile>
  <ReturnValue></ReturnValue>
  <ErrorMessage></ErrorMessage>
 </run>
 <run>
  <RunDate>2019-04-18 16:03:04.065 -0600</RunDate>
  <Status>Failure</Status>
  <Duration>0.373590</Duration>
  <Errors>1</Errors>
  <Warnings>0</Warnings>
  <Exceptions>0</Exceptions>
  <Successes>0</Successes>
  <LogFile>20190418_160304.065/LogFile.txt</LogFile>
  <ReturnValue></ReturnValue>
  <ErrorMessage>SRUN_BadValue -- Bad value for Object expression.  Looking for an object or script identifier, got &#x27;Classes/Background_Eggplant&#x27;.</ErrorMessage>
 </run>
 <run>
  <RunDate>2019-04-18 16:03:24.157 -0600</RunDate>
  <Status>Success</Status>
  <Duration>0.382243</Duration>
  <Errors>0</Errors>
  <Warnings>0</Warnings>
  <Exceptions>0</Exceptions>
  <Successes>1</Successes>
  <LogFile>20190418_160324.157/LogFile.txt</LogFile>
  <ReturnValue></ReturnValue>
  <ErrorMessage></ErrorMessage>
 </run>
</runHistory>
