{
  "entries" : [
    {
      "identifier" : "START",
      "message" : "Running Main.script",
      "timestamp" : "2020-04-29 15:15:02.837 -0600"
    },
    {
      "handlerName" : "function_locaterrectangle",
      "message" : "(0,0,1431,723)",
      "identifier" : "capturescreen",
      "image" : "\/Users\/randyhesse\/Documents\/Simple_Examples\/AI Modeling\/facial_recognition_v2.suite\/Resources\/InputPicture.png",
      "handlerLine" : 5,
      "timestamp" : "2020-04-29 15:15:03.498 -0600",
      "scriptName" : ""
    },
    {
      "handlerName" : "on_main",
      "message" : "[[962,267,1017,322],[203,253,268,318],[452,390,544,482],[362,35,438,111],[675,247,722,294],[1159,244,1213,298],[960,405,1035,480],[596,54,651,109],[196,49,285,138],[99,567,174,642],[1298,588,1358,648],[569,576,659,666],[733,426,786,479],[139,61,194,116],[1042,600,1099,657]]",
      "timestamp" : "2020-04-29 15:15:05.650 -0600",
      "identifier" : "Log",
      "scriptName" : "Main.script",
      "handlerLine" : 17
    },
    {
      "handlerName" : "on_main",
      "message" : "(962,267,1017,322)",
      "identifier" : "capturescreen",
      "image" : "1.png",
      "handlerLine" : 24,
      "timestamp" : "2020-04-29 15:15:05.706 -0600",
      "scriptName" : "Main.script"
    },
    {
      "handlerName" : "on_main",
      "message" : "(203,253,268,318)",
      "identifier" : "capturescreen",
      "image" : "2.png",
      "handlerLine" : 24,
      "timestamp" : "2020-04-29 15:15:06.012 -0600",
      "scriptName" : "Main.script"
    },
    {
      "handlerName" : "on_main",
      "message" : "(452,390,544,482)",
      "identifier" : "capturescreen",
      "image" : "3.png",
      "handlerLine" : 24,
      "timestamp" : "2020-04-29 15:15:06.392 -0600",
      "scriptName" : "Main.script"
    },
    {
      "handlerName" : "on_main",
      "message" : "(362,35,438,111)",
      "identifier" : "capturescreen",
      "image" : "4.png",
      "handlerLine" : 24,
      "timestamp" : "2020-04-29 15:15:06.691 -0600",
      "scriptName" : "Main.script"
    },
    {
      "handlerName" : "on_main",
      "message" : "(675,247,722,294)",
      "identifier" : "capturescreen",
      "image" : "5.png",
      "handlerLine" : 24,
      "timestamp" : "2020-04-29 15:15:06.984 -0600",
      "scriptName" : "Main.script"
    },
    {
      "handlerName" : "on_main",
      "message" : "(1159,244,1213,298)",
      "identifier" : "capturescreen",
      "image" : "6.png",
      "handlerLine" : 24,
      "timestamp" : "2020-04-29 15:15:07.300 -0600",
      "scriptName" : "Main.script"
    },
    {
      "handlerName" : "on_main",
      "message" : "(960,405,1035,480)",
      "identifier" : "capturescreen",
      "image" : "7.png",
      "handlerLine" : 24,
      "timestamp" : "2020-04-29 15:15:07.609 -0600",
      "scriptName" : "Main.script"
    },
    {
      "handlerName" : "on_main",
      "message" : "(596,54,651,109)",
      "identifier" : "capturescreen",
      "image" : "8.png",
      "handlerLine" : 24,
      "timestamp" : "2020-04-29 15:15:07.916 -0600",
      "scriptName" : "Main.script"
    },
    {
      "handlerName" : "on_main",
      "message" : "(196,49,285,138)",
      "identifier" : "capturescreen",
      "image" : "9.png",
      "handlerLine" : 24,
      "timestamp" : "2020-04-29 15:15:08.209 -0600",
      "scriptName" : "Main.script"
    },
    {
      "handlerName" : "on_main",
      "message" : "(99,567,174,642)",
      "identifier" : "capturescreen",
      "image" : "10.png",
      "handlerLine" : 24,
      "timestamp" : "2020-04-29 15:15:08.499 -0600",
      "scriptName" : "Main.script"
    },
    {
      "handlerName" : "on_main",
      "message" : "(1298,588,1358,648)",
      "identifier" : "capturescreen",
      "image" : "11.png",
      "handlerLine" : 24,
      "timestamp" : "2020-04-29 15:15:08.787 -0600",
      "scriptName" : "Main.script"
    },
    {
      "handlerName" : "on_main",
      "message" : "(569,576,659,666)",
      "identifier" : "capturescreen",
      "image" : "12.png",
      "handlerLine" : 24,
      "timestamp" : "2020-04-29 15:15:09.093 -0600",
      "scriptName" : "Main.script"
    },
    {
      "handlerName" : "on_main",
      "message" : "(733,426,786,479)",
      "identifier" : "capturescreen",
      "image" : "13.png",
      "handlerLine" : 24,
      "timestamp" : "2020-04-29 15:15:09.379 -0600",
      "scriptName" : "Main.script"
    },
    {
      "handlerName" : "on_main",
      "message" : "(139,61,194,116)",
      "identifier" : "capturescreen",
      "image" : "14.png",
      "handlerLine" : 24,
      "timestamp" : "2020-04-29 15:15:09.688 -0600",
      "scriptName" : "Main.script"
    },
    {
      "handlerName" : "on_main",
      "message" : "(1042,600,1099,657)",
      "identifier" : "capturescreen",
      "image" : "15.png",
      "handlerLine" : 24,
      "timestamp" : "2020-04-29 15:15:10.003 -0600",
      "scriptName" : "Main.script"
    },
    {
      "identifier" : "EndTestCase",
      "message" : "(Duration:\"8.528574\", Errors:\"0\", Exceptions:\"0\", StartTime:\"2020-04-29 15:15:02 -0600\", Successes:\"1\", TestCase:\"Main.script\", Warnings:\"0\")",
      "timestamp" : "2020-04-29 15:15:11.368 -0600"
    },
    {
      "identifier" : "SUCCESS",
      "message" : "Execution Time 0:00:08 Main.script",
      "timestamp" : "2020-04-29 15:15:11.662 -0600"
    }
  ],
  "createdTimestamp" : "2020-04-29 15:15:02.839 -0600"
}