{
  "entries" : [
    {
      "identifier" : "START",
      "message" : "Running Script1.script",
      "timestamp" : "2020-06-04 10:58:38.782 -0600"
    },
    {
      "handlerName" : "on_script1",
      "message" : "{authenticationtype:\"None\", httpmethod:\"POST\", mimeType:\"text\/html\", oauthToken:\"\", password:\"*********\", requestbody:{password:\"Spr1ng2016\", username:\"randy.hesse@eggplant.io\"}, requestbodyformat:\"Form Url Encoded\", requestheaders:\"\", responseBody:@\"<!DOCTYPE html>\\n<html lang=\\\"en\\\">\\n\\n<head>\\n   <title>Eggplant AI<\/title>\\n   <meta charset=\\\"UTF-8\\\">\\n   <link rel=\\\"stylesheet\\\" href=\\\"dijit\/themes\/claro\/claro.css\\\">\\n   <link rel=\\\"stylesheet\\\" href=\\\"gridx\/resources\/claro\/Gridx.css\\\" \/>\\n   <link rel=\\\"stylesheet\\\" href=\\\"dgrid\/css\/dgrid.css\\\" \/>\\n   <link rel=\\\"stylesheet\\\" href=\\\"dgrid\/css\/skins\/claro.css\\\" \/>\\n   <link rel=\\\"stylesheet\\\" href=\\\"dojox\/widget\/Toaster\/Toaster.css\\\">\\n   <link rel=\\\"stylesheet\\\" href=\\\"app\/components\/widgets\/css\/widgets.css?build=svn145940357\\\">\\n   <link rel=\\\"stylesheet\\\" href=\\\"app\/css\/stylesheet.css?build=svn145940357\\\">\\n   <script>\\n      dojoConfig = {\\n         \/\/ Enable the AMD loader\\n         async: true,\\n         cacheBust: \\\"build=svn145940357\\\",\\n         \/\/ Define the base URL for all of our modules and packages\\n         baseUrl: '.',\\n         \/\/ Enable debugging\\n         \/\/isDebug: false,\\n         \/\/ Register the packages we are going to be using. These same packages should be defined in the\\n         \/\/ build profile in `app.profile.js`.\\n         packages: [\\n            \/\/ Using a string as a package is shorthand for `{ name: 'app', location: 'app' }`\\n            'app',\\n            'dijit',\\n            'dojo',\\n            'dojox',\\n            'gridx',\\n            'dgrid',\\n            'dstore',\\n            'moment',\\n            'chartjs'\\n         ],\\n         \/\/ Use the smaller, faster \\\"lite\\\" CSS selector engine, which works in all browsers IE8+\\n         selectorEngine: 'lite',\\n         \/\/ Fix the loader to use normal AMD resolution of unregistered module paths (relative to `baseUrl`)\\n         \/\/ instead of the legacy Dojo resolution method (relative to the parent directory of `baseUrl`)\\n         tlmSiblingOfDojo: false\\n      };\\n      turing = {\\n         release: \\\"4.0.1\\\",\\n         subversion: \\\"\\\",\\n         environment: \\\"production\\\"\\n      };\\n      var spinner = new Image();\\n      spinner.src = \\\"\/app\/images\/ajax-loader.gif\\\";\\n   <\/script>\\n<\/head>\\n\\n<body class=\\\"claro\\\">\\n   <div class=\\\"loading\\\">\\n      <img src=\\\"\/app\/images\/eggplantAI-logo-large.png\\\" srcset=\\\"\/app\/images\/eggplantAI-logo-large.png 1x, \/app\/images\/eggplantAI-logo-large-x2.png 2x\\\">\\n      <br> Loading\\n      <br>\\n      <img src=\\\"\/app\/images\/ajax-loader.gif\\\">\\n   <\/div>\\n   <div id=\\\"toast\\\"><\/div>\\n   <div id=\\\"appLayout\\\"><\/div>\\n   <script src='dojo\/dojo.js'><\/script>\\n   <script>\\n      require(['app\/main']);\\n   <\/script>\\n<\/body>\\n\\n<\/html>\\n\", responseCookies:{:}, responseHeaders:{Connection:\"keep-alive\", @\"Content-Encoding\":\"gzip\", @\"Content-Type\":\"text\/html\", Date:\"Wed, 03 Jun 2020 15:50:55 GMT\", Etag:@\"W\/\\\"5ebd18db-94f\\\"\", @\"Last-Modified\":\"Thu, 14 May 2020 10:09:31 GMT\", Server:\"nginx\/1.17.8\", @\"Transfer-Encoding\":\"Identity\", Vary:\"Accept-Encoding\"}, responseTime:0.574963, statusCode:200, url:\"https:\/\/eval.ai.eggplant.cloud\/ai\/auth\", username:\"\"}",
      "timestamp" : "2020-06-04 10:58:39.810 -0600",
      "identifier" : "Log",
      "scriptName" : "Script1.script",
      "handlerLine" : 14
    },
    {
      "identifier" : "EndTestCase",
      "message" : "(Duration:\"5.130986\", Errors:\"0\", Exceptions:\"0\", StartTime:\"2020-06-04 10:58:38 -0600\", Successes:\"1\", TestCase:\"Script1.script\", Warnings:\"0\")",
      "timestamp" : "2020-06-04 10:58:43.916 -0600"
    },
    {
      "identifier" : "SUCCESS",
      "message" : "Execution Time 0:00:05 Script1.script",
      "timestamp" : "2020-06-04 10:58:43.936 -0600"
    }
  ],
  "createdTimestamp" : "2020-06-04 10:58:38.784 -0600"
}