{
  "entries" : [
    {
      "identifier" : "START",
      "message" : "Running MainFromSuite.script",
      "timestamp" : "2021-04-10 22:31:34.321 -0600"
    },
    {
      "handlerName" : "on_mainfromsuite",
      "message" : "[20210301_194448.575,20210301_194416.595]",
      "timestamp" : "2021-04-10 22:31:34.381 -0600",
      "identifier" : "Log",
      "scriptName" : "MainFromSuite.script",
      "handlerLine" : 17
    },
    {
      "handlerName" : "on_mainfromsuite",
      "message" : "[20210301_201248.921,20210301_201300.294,20210301_201241.059]",
      "timestamp" : "2021-04-10 22:31:34.385 -0600",
      "identifier" : "Log",
      "scriptName" : "MainFromSuite.script",
      "handlerLine" : 17
    },
    {
      "identifier" : "EndTestCase",
      "message" : "(Duration:\"0.220056\", Errors:\"0\", Exceptions:\"0\", StartTime:\"2021-04-10 22:31:34 -0600\", Successes:\"1\", TestCase:\"MainFromSuite.script\", Warnings:\"0\")",
      "timestamp" : "2021-04-10 22:31:34.542 -0600"
    },
    {
      "identifier" : "SUCCESS",
      "message" : "Execution Time 0:00:00 MainFromSuite.script",
      "timestamp" : "2021-04-10 22:31:34.550 -0600"
    }
  ],
  "createdTimestamp" : "2021-04-10 22:31:34.321 -0600"
}