{
  "entries" : [
    {
      "identifier" : "START",
      "message" : "Running Script1.script",
      "timestamp" : "2020-05-14 09:51:15.884 -0600"
    },
    {
      "identifier" : "EndTestCase",
      "message" : "(Duration:\"14.1848\", Errors:\"1\", Exceptions:\"0\", StartTime:\"2020-05-14 09:51:15 -0600\", Successes:\"0\", TestCase:\"Script1.script\", Warnings:\"0\")",
      "timestamp" : "2020-05-14 09:51:30.071 -0600"
    },
    {
      "identifier" : "ABORTED",
      "message" : "Execution Time 0:00:14 Script1.script",
      "timestamp" : "2020-05-14 09:51:30.073 -0600"
    }
  ],
  "createdTimestamp" : "2020-05-14 09:51:15.885 -0600"
}