{
  "entries" : [
    {
      "identifier" : "START",
      "message" : "Running Script1.script",
      "timestamp" : "2020-05-14 09:50:55.496 -0600"
    },
    {
      "identifier" : "EndTestCase",
      "message" : "(Duration:\"7.959554\", Errors:\"1\", Exceptions:\"0\", StartTime:\"2020-05-14 09:50:55 -0600\", Successes:\"0\", TestCase:\"Script1.script\", Warnings:\"0\")",
      "timestamp" : "2020-05-14 09:51:03.457 -0600"
    },
    {
      "identifier" : "ABORTED",
      "message" : "Execution Time 0:00:07 Script1.script",
      "timestamp" : "2020-05-14 09:51:03.464 -0600"
    }
  ],
  "createdTimestamp" : "2020-05-14 09:50:55.497 -0600"
}