﻿Date Run,Status,Time,# of Errors,# of Warnings,# of Exceptions,Log File,Return Value,Error Message,# of Successes
2020-04-24 10:05:39.603 -0600,"Success",0:00:00,0,0,0,"20200424_100539.603/LogFile.txt","","",1
2020-04-24 10:05:43.793 -0600,"Success",0:00:00,0,0,0,"20200424_100543.793/LogFile.txt","","",1
2020-04-24 10:05:51.526 -0600,"Success",0:00:00,0,0,0,"20200424_100551.526/LogFile.txt","","",1
2020-04-24 10:07:05.075 -0600,"Success",0:00:00,0,0,0,"20200424_100705.075/LogFile.txt","","",1
2020-04-24 10:07:32.633 -0600,"Success",0:00:00,0,0,0,"20200424_100732.633/LogFile.txt","","",1
2020-04-24 10:08:59.645 -0600,"Success",0:00:00,0,0,0,"20200424_100859.645/LogFile.txt","","",1
2020-04-24 10:09:31.924 -0600,"Success",0:00:00,0,0,0,"20200424_100931.924/LogFile.txt","","",1
2020-04-24 10:10:52.360 -0600,"Success",0:00:00,0,0,0,"20200424_101052.360/LogFile.txt","","",1
2020-04-24 10:11:36.044 -0600,"Success",0:00:00,0,0,0,"20200424_101136.044/LogFile.txt","","",1
2020-04-24 10:11:51.385 -0600,"Success",0:00:00,0,0,0,"20200424_101151.385/LogFile.txt","","",1
2020-04-24 10:12:54.297 -0600,"Success",0:00:00,0,0,0,"20200424_101254.297/LogFile.txt","","",1
2020-04-24 10:13:09.893 -0600,"Success",0:00:00,0,0,0,"20200424_101309.893/LogFile.txt","","",1
2020-04-24 10:13:45.979 -0600,"Success",0:00:00,0,0,0,"20200424_101345.979/LogFile.txt","","",1
2020-04-24 10:14:42.742 -0600,"Success",0:00:00,0,0,0,"20200424_101442.742/LogFile.txt","","",1
2020-04-24 10:19:18.975 -0600,"Success",0:00:00,0,0,0,"20200424_101918.975/LogFile.txt","","",1
2020-04-24 10:33:36.190 -0600,"Success",0:00:00,0,0,0,"20200424_103336.190/LogFile.txt","","",1
2020-04-24 10:33:40.845 -0600,"Success",0:00:00,0,0,0,"20200424_103340.845/LogFile.txt","","",1
2020-04-24 11:19:18.068 -0600,"Success",0:00:00,0,0,0,"20200424_111918.068/LogFile.txt","","",1
2020-04-27 14:40:24.009 -0600,"Success",0:00:00,0,0,0,"20200427_144024.009/LogFile.txt","","",1
2020-04-27 14:40:41.723 -0600,"Success",0:00:00,0,0,0,"20200427_144041.723/LogFile.txt","","",1
2020-04-27 14:41:06.110 -0600,"Success",0:00:00,0,0,0,"20200427_144106.110/LogFile.txt","","",1
2020-04-27 14:41:22.662 -0600,"Failure",0:00:00,1,0,0,"20200427_144122.662/LogFile.txt","","Improper Shell Parameters -- The first parameter to the Shell Function should not be a list (don't use parentheses when calling Shell as a command)",0
2020-04-27 14:43:09.476 -0600,"Success",0:00:00,0,0,0,"20200427_144309.476/LogFile.txt","","",1
2020-04-27 14:43:35.219 -0600,"Success",0:00:00,0,0,0,"20200427_144335.219/LogFile.txt","","",1
2020-04-27 14:45:09.761 -0600,"Success",0:00:00,0,0,0,"20200427_144509.761/LogFile.txt","","",1
2020-04-27 14:46:00.377 -0600,"Success",0:00:00,0,0,0,"20200427_144600.377/LogFile.txt","","",1
2020-04-27 14:46:54.659 -0600,"Success",0:00:00,0,0,0,"20200427_144654.659/LogFile.txt","","",1
2020-04-27 14:46:59.740 -0600,"Success",0:00:00,0,0,0,"20200427_144659.740/LogFile.txt","","",1
2020-04-27 14:47:32.888 -0600,"Success",0:00:00,0,0,0,"20200427_144732.888/LogFile.txt","","",1
2020-04-27 14:54:43.391 -0600,"Failure",0:00:00,1,0,0,"20200427_145443.391/LogFile.txt","","Improper Shell Parameters -- The first parameter to the Shell Function should not be a list (don't use parentheses when calling Shell as a command)",0
2020-04-27 14:55:27.901 -0600,"Success",0:00:00,0,0,0,"20200427_145527.901/LogFile.txt","","",1
2020-04-27 15:05:05.282 -0600,"Success",0:00:03,0,0,0,"20200427_150505.282/LogFile.txt","","",1
2020-04-27 15:27:51.247 -0600,"Aborted",0:00:12,1,1,1,"20200427_152751.247/LogFile.txt","","",0
2020-04-27 15:38:06.533 -0600,"Success",0:00:02,0,0,0,"20200427_153806.533/LogFile.txt","","",1
2020-04-27 15:39:21.730 -0600,"Success",0:00:02,0,0,0,"20200427_153921.730/LogFile.txt","","",1
2020-04-27 15:42:28.666 -0600,"Success",0:00:05,0,0,0,"20200427_154228.666/LogFile.txt","","",1
2020-04-27 15:44:53.080 -0600,"Failure",0:00:06,1,0,0,"20200427_154453.080/LogFile.txt","","STFileSystemException -- Failed to move /Users/randyhesse/Documents/Simple_Examples/facial_recognition.suite/Resources/InputPicture.png into folder /Users/randyhesse/Documents/Simple_Examples/facial_recognition.suite/Images (Error: “InputPicture.png” couldn’t be moved to “Images” because either the former doesn’t exist, or the folder containing the latter doesn’t exist.)",0
2020-04-27 15:49:57.910 -0600,"Success",0:00:06,0,0,0,"20200427_154957.910/LogFile.txt","","",1
2020-04-27 15:53:14.642 -0600,"Success",0:00:05,0,0,0,"20200427_155314.642/LogFile.txt","","",1
2020-04-27 15:54:10.033 -0600,"Failure",0:00:05,1,0,0,"20200427_155410.033/LogFile.txt","","STFileSystemException -- Failed to move /Users/randyhesse/Documents/Simple_Examples/facial_recognition.suite/Resources/OutputPicture.png into folder /Users/randyhesse/Documents/Simple_Examples/facial_recognition.suite/Images (Error: “OutputPicture.png” couldn’t be moved to “Images” because an item with the same name already exists.)",0
2020-04-27 15:56:21.104 -0600,"Failure",0:00:05,1,0,0,"20200427_155621.104/LogFile.txt","","Error Running Script Command -- capturescreen Error - Invalid Rectangle: (1062,123,1323,384)",0
2020-04-27 15:57:49.582 -0600,"Success",0:00:05,0,0,0,"20200427_155749.582/LogFile.txt","","",1
2020-04-27 15:58:48.863 -0600,"Success",0:00:07,0,0,0,"20200427_155848.863/LogFile.txt","","",1
2020-04-27 16:05:42.610 -0600,"Success",0:00:27,0,0,0,"20200427_160542.610/LogFile.txt","","",1
2020-04-27 16:09:07.427 -0600,"Success",0:00:25,0,0,0,"20200427_160907.427/LogFile.txt","","",1
2020-04-27 16:11:34.550 -0600,"Success",0:00:27,0,0,0,"20200427_161134.550/LogFile.txt","","",1
2020-04-27 23:11:21.205 -0600,"Failure",0:00:00,1,0,0,"20200427_231121.205/LogFile.txt","","BadValue -- Bad value for Object expression.  Looking for an object or script identifier, got 'MLAI'.",0
2020-04-27 23:11:32.420 -0600,"Failure",0:00:00,1,0,0,"20200427_231132.420/LogFile.txt","","BadValue -- Bad value for Object expression.  Looking for an object or script identifier, got 'MLAI'.",0
2020-04-27 23:11:59.341 -0600,"Failure",0:00:00,1,0,0,"20200427_231159.341/LogFile.txt","","Unable To Capture Screen -- No connection available from which to capture.",0
2020-04-27 23:12:37.170 -0600,"Success",0:00:02,0,0,0,"20200427_231237.170/LogFile.txt","","",1
2020-04-27 23:13:12.458 -0600,"Success",0:00:02,0,0,0,"20200427_231312.458/LogFile.txt","","",1
2020-04-27 23:13:51.130 -0600,"Success",0:00:02,0,0,0,"20200427_231351.130/LogFile.txt","","",1
2020-04-27 23:14:10.253 -0600,"Success",0:00:02,0,0,0,"20200427_231410.253/LogFile.txt","","",1
2020-04-27 23:17:48.127 -0600,"Success",0:00:02,0,0,0,"20200427_231748.127/LogFile.txt","","",1
2020-04-27 23:19:44.294 -0600,"Success",0:00:02,0,0,0,"20200427_231944.294/LogFile.txt","","",1
2020-04-27 23:22:36.782 -0600,"Failure",0:00:03,1,0,0,"20200427_232236.782/LogFile.txt","","SenseTalk Runtime Exception -- Invalid operands for addition: expected numbers, dates and/or lists; got '[1099,127,1099,127]' and '[""71,384""]'",0
2020-04-27 23:23:46.466 -0600,"Failure",0:00:03,1,0,0,"20200427_232346.466/LogFile.txt","","SenseTalk Runtime Exception -- Invalid operands for addition: expected numbers, dates and/or lists; got '[1099,127,1099,127]' and '[""71,384""]'",0
2020-04-27 23:24:07.666 -0600,"Failure",0:00:03,1,0,0,"20200427_232407.666/LogFile.txt","","SenseTalk Runtime Exception -- Invalid operands for addition: expected numbers, dates and/or lists; got '[1099,127,1099,127]' and '[""71,384""]'",0
2020-04-27 23:24:47.270 -0600,"Success",0:00:03,0,0,0,"20200427_232447.270/LogFile.txt","","",1
2020-04-27 23:25:12.368 -0600,"Success",0:00:03,0,0,0,"20200427_232512.368/LogFile.txt","","",1
2020-04-27 23:25:57.236 -0600,"Success",0:00:03,0,0,0,"20200427_232557.236/LogFile.txt","","",1
2020-04-27 23:26:30.932 -0600,"Success",0:00:03,0,0,0,"20200427_232630.932/LogFile.txt","","",1
2020-04-27 23:26:52.272 -0600,"Success",0:00:03,0,0,0,"20200427_232652.272/LogFile.txt","","",1
2020-04-27 23:27:50.309 -0600,"Success",0:00:03,0,0,0,"20200427_232750.309/LogFile.txt","","",1
2020-04-27 23:28:35.137 -0600,"Success",0:00:03,0,0,0,"20200427_232835.137/LogFile.txt","","",1
2020-04-27 23:29:18.513 -0600,"Success",0:00:03,0,0,0,"20200427_232918.513/LogFile.txt","","",1
2020-04-27 23:30:10.563 -0600,"Success",0:00:03,0,0,0,"20200427_233010.563/LogFile.txt","","",1
2020-04-27 23:32:05.566 -0600,"Failure",0:00:00,1,0,0,"20200427_233205.566/LogFile.txt","","STUnknownMessage -- ERROR: No Such Function: 'locaterrectangle'",0
2020-04-27 23:32:27.790 -0600,"Failure",0:00:02,1,0,0,"20200427_233227.790/LogFile.txt","","Error Running Script Command -- capturescreen Error - Invalid Rectangle: 1099",0
2020-04-27 23:33:02.924 -0600,"Failure",0:00:02,1,0,0,"20200427_233302.924/LogFile.txt","","Error Running Script Command -- capturescreen Error - Invalid Rectangle: 1099",0
2020-04-27 23:33:17.011 -0600,"Success",0:00:03,0,0,0,"20200427_233317.011/LogFile.txt","","",1
2020-04-27 23:33:53.293 -0600,"Failure",0:00:03,1,0,0,"20200427_233353.293/LogFile.txt","","STFileSystemException -- Failed to move /Users/randyhesse/Documents/Simple_Examples/AI Modeling/facial_recognition_v2.suite/Resources/OutputPicture.png into folder /Users/randyhesse/Documents/Simple_Examples/AI Modeling/facial_recognition_v2.suite/Images (Error: “OutputPicture.png” couldn’t be moved to “Images” because an item with the same name already exists.)",0
2020-04-27 23:34:54.304 -0600,"Success",0:00:03,0,0,0,"20200427_233454.304/LogFile.txt","","",1
2020-04-27 23:37:08.773 -0600,"Failure",0:00:03,1,0,0,"20200427_233708.773/LogFile.txt","","BadValue -- Bad value for Chunk expression.  Looking for a number, LAST, MIDDLE, or ANY, got 'REPEATINDEX'.",0
2020-04-27 23:37:19.927 -0600,"Success",0:00:03,0,0,0,"20200427_233719.927/LogFile.txt","","",1
2020-04-27 23:38:38.913 -0600,"Success",0:00:13,0,0,0,"20200427_233838.913/LogFile.txt","","",1
2020-04-27 23:39:31.940 -0600,"Success",0:00:03,0,0,0,"20200427_233931.940/LogFile.txt","","",1
2020-04-27 23:40:39.483 -0600,"Success",0:00:13,0,0,0,"20200427_234039.483/LogFile.txt","","",1
2020-04-27 23:43:26.785 -0600,"Success",0:00:17,0,0,0,"20200427_234326.785/LogFile.txt","","",1
2020-04-27 23:44:41.401 -0600,"Success",0:00:05,0,0,0,"20200427_234441.401/LogFile.txt","","",1
2020-04-27 23:46:13.880 -0600,"Success",0:00:19,0,0,0,"20200427_234613.880/LogFile.txt","","",1
2020-04-27 23:49:47.942 -0600,"Success",0:00:22,0,0,0,"20200427_234947.942/LogFile.txt","","",1
2020-04-27 23:52:48.634 -0600,"Success",0:00:12,0,0,0,"20200427_235248.634/LogFile.txt","","",1
2020-04-27 23:53:52.495 -0600,"Success",0:00:12,0,0,0,"20200427_235352.495/LogFile.txt","","",1
2020-04-27 23:56:21.405 -0600,"Success",0:00:14,0,0,0,"20200427_235621.405/LogFile.txt","","",1
2020-04-28 10:10:40.857 -0600,"Success",0:00:07,0,0,0,"20200428_101040.857/LogFile.txt","","",1
2020-04-28 10:13:36.483 -0600,"Success",0:00:03,0,0,0,"20200428_101336.483/LogFile.txt","","",1
2020-04-28 10:14:21.147 -0600,"Failure",0:00:03,1,0,0,"20200428_101421.147/LogFile.txt","","Error Running Script Command -- capturescreen Error - Invalid Rectangle: FoundClassifedRectangles",0
2020-04-28 10:18:33.252 -0600,"Failure",0:00:03,1,0,0,"20200428_101833.252/LogFile.txt","","Error Running Script Command -- capturescreen Error - Invalid Rectangle: FoundClassifedRectangles",0
2020-04-28 10:18:49.900 -0600,"Failure",0:00:02,1,0,0,"20200428_101849.900/LogFile.txt","","Error Running Script Command -- capturescreen Error - Invalid Rectangle: 0",0
2020-04-28 10:20:27.739 -0600,"Failure",0:00:00,1,0,0,"20200428_102027.739/LogFile.txt","","File Not Found -- capturescreen Error - Could Not Open Image: 1920",0
2020-04-28 10:20:44.275 -0600,"Success",0:00:26,0,0,0,"20200428_102044.275/LogFile.txt","","",1
2020-04-28 10:22:47.055 -0600,"Success",0:00:08,0,0,0,"20200428_102247.055/LogFile.txt","","",1
2020-04-28 10:23:15.273 -0600,"Success",0:00:03,0,0,0,"20200428_102315.273/LogFile.txt","","",1
2020-04-28 10:23:42.807 -0600,"Success",0:00:06,0,0,0,"20200428_102342.807/LogFile.txt","","",1
2020-04-28 10:29:17.996 -0600,"Success",0:00:07,0,0,0,"20200428_102917.996/LogFile.txt","","",1
2020-04-28 11:16:46.097 -0600,"Success",0:00:04,0,0,0,"20200428_111646.097/LogFile.txt","","",1
2020-04-28 11:17:39.389 -0600,"Success",0:00:04,0,0,0,"20200428_111739.389/LogFile.txt","","",1
2020-04-28 11:23:07.217 -0600,"Success",0:00:08,0,0,0,"20200428_112307.217/LogFile.txt","","",1
2020-04-28 11:23:50.791 -0600,"Success",0:00:05,0,0,0,"20200428_112350.791/LogFile.txt","","",1
2020-04-28 11:24:32.317 -0600,"Success",0:00:27,0,0,0,"20200428_112432.317/LogFile.txt","","",1
2020-04-28 11:28:39.492 -0600,"Success",0:00:06,0,0,0,"20200428_112839.492/LogFile.txt","","",1
2020-04-28 11:29:14.692 -0600,"Success",0:00:07,0,0,0,"20200428_112914.692/LogFile.txt","","",1
2020-04-28 11:29:52.080 -0600,"Success",0:00:07,0,0,0,"20200428_112952.080/LogFile.txt","","",1
2020-04-28 11:30:40.782 -0600,"Success",0:00:11,0,0,0,"20200428_113040.782/LogFile.txt","","",1
2020-04-29 15:14:24.281 -0600,"Success",0:00:15,0,0,0,"20200429_151424.281/LogFile.txt","","",1
2020-04-29 15:15:02.833 -0600,"Success",0:00:08,0,0,0,"20200429_151502.833/LogFile.txt","","",1
2020-05-29 10:44:56.260 -0600,"Success",0:00:19,0,0,0,"20200529_104456.260/LogFile.txt","","",1
2020-05-29 11:15:51.619 -0600,"Success",0:00:13,0,0,0,"20200529_111551.619/LogFile.txt","","",1
2020-05-29 11:19:28.689 -0600,"Success",0:00:20,0,0,0,"20200529_111928.689/LogFile.txt","","",1
2020-05-29 11:20:44.572 -0600,"Success",0:00:15,0,0,0,"20200529_112044.572/LogFile.txt","","",1
2020-05-29 11:25:06.374 -0600,"Aborted",0:08:57,1,0,0,"20200529_112506.374/LogFile.txt","","",0
2020-05-29 11:34:04.722 -0600,"Aborted",0:00:07,1,0,0,"20200529_113404.722/LogFile.txt","","",0
2020-05-29 11:34:14.836 -0600,"Success",0:00:19,0,0,0,"20200529_113414.836/LogFile.txt","","",1
