{
  "entries" : [
    {
      "identifier" : "START",
      "message" : "Running Master.script",
      "timestamp" : "2018-11-26 12:55:36.845 -0500"
    },
    {
      "identifier" : "EndTestCase",
      "message" : "(Duration:\"0.573754\", Errors:\"1\", Exceptions:\"0\", StartTime:\"2018-11-26 12:55:36 -0500\", Successes:\"0\", TestCase:\"Master.script\", Warnings:\"0\")",
      "timestamp" : "2018-11-26 12:55:37.442 -0500"
    },
    {
      "message" : "SRUN_BadValue Bad value for Object expression.  Looking for an object or script identifier, got 'Utilities'. -- Execution Time 0:00:00 Master.script",
      "timestamp" : "2018-11-26 12:55:38.886 -0500",
      "identifier" : "FAILURE",
      "image" : "Screen_Error.png"
    }
  ],
  "createdTimestamp" : "2018-11-26 12:55:36.868 -0500"
}