{
  "entries" : [
    {
      "identifier" : "START",
      "message" : "Running Script1.script",
      "timestamp" : "2020-05-14 09:32:48.180 -0600"
    },
    {
      "identifier" : "EndTestCase",
      "message" : "(Duration:\"3.021832\", Errors:\"1\", Exceptions:\"0\", StartTime:\"2020-05-14 09:32:48 -0600\", Successes:\"0\", TestCase:\"Script1.script\", Warnings:\"0\")",
      "timestamp" : "2020-05-14 09:32:51.203 -0600"
    },
    {
      "identifier" : "ABORTED",
      "message" : "Execution Time 0:00:03 Script1.script",
      "timestamp" : "2020-05-14 09:32:51.210 -0600"
    }
  ],
  "createdTimestamp" : "2020-05-14 09:32:48.181 -0600"
}