{
  "entries" : [
    {
      "identifier" : "START",
      "message" : "Running Main01.script",
      "timestamp" : "2021-04-10 23:02:12.120 -0600"
    },
    {
      "handlerName" : "on_grabstatistics",
      "message" : "{identifier:\"START\", message:\"Running Workflow01.script\", timestamp:\"2021-03-01 19:44:16.598 -0700\"}",
      "timestamp" : "2021-04-10 23:02:12.254 -0600",
      "identifier" : "Log",
      "scriptName" : "",
      "handlerLine" : 18
    },
    {
      "handlerName" : "on_main01",
      "message" : "{date:\"2021-03-01\", ReportStats:{capturescreen:1, click:2, endtestcase:1, log:1, start:1, success:1, typetext:6, waitfor:3}, time:\"19:44:16.599 -0700\", TotalSteps:16}",
      "timestamp" : "2021-04-10 23:02:12.257 -0600",
      "identifier" : "Log",
      "scriptName" : "Main01.script",
      "handlerLine" : 19
    },
    {
      "identifier" : "EndTestCase",
      "message" : "(Duration:\"0.240573\", Errors:\"0\", Exceptions:\"0\", StartTime:\"2021-04-10 23:02:12 -0600\", Successes:\"1\", TestCase:\"Main01.script\", Warnings:\"0\")",
      "timestamp" : "2021-04-10 23:02:12.362 -0600"
    },
    {
      "identifier" : "SUCCESS",
      "message" : "Execution Time 0:00:00 Main01.script",
      "timestamp" : "2021-04-10 23:02:12.371 -0600"
    }
  ],
  "createdTimestamp" : "2021-04-10 23:02:12.121 -0600"
}