{
  "entries" : [
    {
      "identifier" : "START",
      "message" : "Running Main02.script",
      "timestamp" : "2021-04-10 21:50:23.510 -0600"
    },
    {
      "handlerName" : "on_definelocation",
      "message" : "Overwritting Folder",
      "timestamp" : "2021-04-10 21:50:23.581 -0600",
      "identifier" : "LogWarning",
      "scriptName" : "",
      "handlerLine" : 3
    },
    {
      "handlerName" : "on_grabstatistics",
      "message" : "{ReportStats:{_capturescreen:1, _click:2, _endtestcase:1, _log:1, _start:1, _success:1, _typetext:6, _waitfor:3}, TotalSteps:16}",
      "timestamp" : "2021-04-10 21:50:23.676 -0600",
      "identifier" : "Log",
      "scriptName" : "",
      "handlerLine" : 20
    },
    {
      "handlerName" : "on_grabstatistics",
      "timestamp" : "2021-04-10 21:50:23.678 -0600",
      "identifier" : "pausescript",
      "scriptName" : "",
      "handlerLine" : 21
    },
    {
      "identifier" : "EndTestCase",
      "message" : "(Duration:\"25.582591\", Errors:\"1\", Exceptions:\"0\", StartTime:\"2021-04-10 21:50:23 -0600\", Successes:\"0\", TestCase:\"Main02.script\", Warnings:\"1\")",
      "timestamp" : "2021-04-10 21:50:49.113 -0600"
    },
    {
      "identifier" : "ABORTED",
      "message" : "Execution Time 0:00:25 Main02.script",
      "timestamp" : "2021-04-10 21:50:49.114 -0600"
    }
  ],
  "createdTimestamp" : "2021-04-10 21:50:23.530 -0600"
}