{
  "entries" : [
    {
      "identifier" : "START",
      "message" : "Running Index.script",
      "timestamp" : "2018-11-21 17:18:26.648 -0500"
    },
    {
      "handlerName" : "on_processingmain",
      "message" : "Todays Date is 11.21.2018",
      "timestamp" : "2018-11-21 17:18:27.092 -0500",
      "identifier" : "Log",
      "scriptName" : "ProcessingMain.script",
      "handlerLine" : 13
    },
    {
      "identifier" : "EndTestCase",
      "message" : "(Duration:\"0.793028\", Errors:\"0\", Exceptions:\"0\", StartTime:\"2018-11-21 17:18:26 -0500\", Successes:\"1\", TestCase:\"Index.script\", Warnings:\"0\")",
      "timestamp" : "2018-11-21 17:18:27.453 -0500"
    },
    {
      "identifier" : "SUCCESS",
      "message" : "Execution Time 0:00:00 Index.script",
      "timestamp" : "2018-11-21 17:18:27.478 -0500"
    }
  ],
  "createdTimestamp" : "2018-11-21 17:18:26.659 -0500"
}