{
  "entries" : [
    {
      "identifier" : "START",
      "message" : "Running AdvanceDates.script",
      "timestamp" : "2018-11-26 16:55:25.265 -0500"
    },
    {
      "handlerName" : "on_advancedates",
      "message" : "(2018-11-26,2018-11-27,,2018-12-01,2018-12-01)",
      "timestamp" : "2018-11-26 16:55:25.354 -0500",
      "identifier" : "Log",
      "scriptName" : "AdvanceDates.script",
      "handlerLine" : 11
    },
    {
      "identifier" : "EndTestCase",
      "message" : "(Duration:\"0.382613\", Errors:\"0\", Exceptions:\"0\", StartTime:\"2018-11-26 16:55:25 -0500\", Successes:\"1\", TestCase:\"AdvanceDates.script\", Warnings:\"0\")",
      "timestamp" : "2018-11-26 16:55:25.674 -0500"
    },
    {
      "identifier" : "SUCCESS",
      "message" : "Execution Time 0:00:00 AdvanceDates.script",
      "timestamp" : "2018-11-26 16:55:25.735 -0500"
    }
  ],
  "createdTimestamp" : "2018-11-26 16:55:25.291 -0500"
}