{
  "entries" : [
    {
      "identifier" : "START",
      "message" : "Running Example OverLoad API.script",
      "timestamp" : "2020-08-11 10:38:16.447 -0600"
    },
    {
      "handlerName" : "on_example_overload_api",
      "message" : "[]",
      "timestamp" : "2020-08-11 10:38:16.623 -0600",
      "identifier" : "Log",
      "scriptName" : "Example OverLoad API.script",
      "handlerLine" : 18
    },
    {
      "identifier" : "EndTestCase",
      "message" : "(Duration:\"0.583726\", Errors:\"0\", Exceptions:\"0\", StartTime:\"2020-08-11 10:38:16 -0600\", Successes:\"1\", TestCase:\"Example OverLoad API.script\", Warnings:\"0\")",
      "timestamp" : "2020-08-11 10:38:17.032 -0600"
    },
    {
      "identifier" : "SUCCESS",
      "message" : "Execution Time 0:00:00 Example OverLoad API.script",
      "timestamp" : "2020-08-11 10:38:17.047 -0600"
    }
  ],
  "createdTimestamp" : "2020-08-11 10:38:16.448 -0600"
}