{
  "entries" : [
    {
      "identifier" : "START",
      "message" : "Running QA_Script.script",
      "timestamp" : "2019-04-18 16:01:59.414 -0600"
    },
    {
      "handlerName" : "on_qa_script",
      "message" : " From the QA Script",
      "timestamp" : "2019-04-18 16:01:59.528 -0600",
      "identifier" : "Log",
      "scriptName" : "QA_Script.script",
      "handlerLine" : 4
    },
    {
      "identifier" : "EndTestCase",
      "message" : "(Duration:\"0.36261\", Errors:\"1\", Exceptions:\"0\", StartTime:\"2019-04-18 16:01:59 -0600\", Successes:\"0\", TestCase:\"QA_Script.script\", Warnings:\"0\")",
      "timestamp" : "2019-04-18 16:01:59.778 -0600"
    },
    {
      "identifier" : "FAILURE",
      "message" : "STUnknownMessage ERROR: No Such Command: 'somehandler' -- Execution Time 0:00:00 QA_Script.script",
      "timestamp" : "2019-04-18 16:01:59.794 -0600"
    }
  ],
  "createdTimestamp" : "2019-04-18 16:01:59.415 -0600"
}