{
  "entries" : [
    {
      "identifier" : "START",
      "message" : "Running index Second.script",
      "timestamp" : "2018-11-28 14:35:34.924 -0500"
    },
    {
      "identifier" : "EndTestCase",
      "message" : "(Duration:\"6.399007\", Errors:\"0\", Exceptions:\"0\", StartTime:\"2018-11-28 14:35:34 -0500\", Successes:\"1\", TestCase:\"index Second.script\", Warnings:\"0\")",
      "timestamp" : "2018-11-28 14:35:41.351 -0500"
    },
    {
      "identifier" : "SUCCESS",
      "message" : "Execution Time 0:00:06 index Second.script",
      "timestamp" : "2018-11-28 14:35:41.410 -0500"
    }
  ],
  "createdTimestamp" : "2018-11-28 14:35:34.952 -0500"
}