{
  "entries" : [
    {
      "identifier" : "START",
      "message" : "Running Script1.script",
      "timestamp" : "2020-05-14 09:03:56.911 -0600"
    },
    {
      "handlerName" : "on_script1",
      "message" : "<!DOCTYPE HTML PUBLIC \"-\/\/W3C\/\/DTD HTML 3.2 Final\/\/EN\">\\n<title>404 Not Found<\/title>\\n<h1>Not Found<\/h1>\\n<p>The requested URL was not found on the server. If you entered the URL manually please check your spelling and try again.<\/p>\\n",
      "timestamp" : "2020-05-14 09:03:57.253 -0600",
      "identifier" : "Log",
      "scriptName" : "Script1.script",
      "handlerLine" : 15
    },
    {
      "identifier" : "EndTestCase",
      "message" : "(Duration:\"1.088128\", Errors:\"0\", Exceptions:\"0\", StartTime:\"2020-05-14 09:03:56 -0600\", Successes:\"1\", TestCase:\"Script1.script\", Warnings:\"0\")",
      "timestamp" : "2020-05-14 09:03:58.001 -0600"
    },
    {
      "identifier" : "SUCCESS",
      "message" : "Execution Time 0:00:01 Script1.script",
      "timestamp" : "2020-05-14 09:03:58.009 -0600"
    }
  ],
  "createdTimestamp" : "2020-05-14 09:03:56.912 -0600"
}