{
  "entries" : [
    {
      "identifier" : "START",
      "message" : "Running Example OverLoad API.script",
      "timestamp" : "2020-08-11 10:39:23.134 -0600"
    },
    {
      "handlerName" : "on_example_overload_api",
      "message" : "200",
      "timestamp" : "2020-08-11 10:39:23.315 -0600",
      "identifier" : "Log",
      "scriptName" : "Example OverLoad API.script",
      "handlerLine" : 17
    },
    {
      "handlerName" : "on_example_overload_api",
      "message" : "{Foot:\"shake\"}",
      "timestamp" : "2020-08-11 10:39:23.317 -0600",
      "identifier" : "Log",
      "scriptName" : "Example OverLoad API.script",
      "handlerLine" : 18
    },
    {
      "identifier" : "EndTestCase",
      "message" : "(Duration:\"0.596074\", Errors:\"0\", Exceptions:\"0\", StartTime:\"2020-08-11 10:39:23 -0600\", Successes:\"1\", TestCase:\"Example OverLoad API.script\", Warnings:\"0\")",
      "timestamp" : "2020-08-11 10:39:23.732 -0600"
    },
    {
      "identifier" : "SUCCESS",
      "message" : "Execution Time 0:00:00 Example OverLoad API.script",
      "timestamp" : "2020-08-11 10:39:23.743 -0600"
    }
  ],
  "createdTimestamp" : "2020-08-11 10:39:23.135 -0600"
}