{
  "entries" : [
    {
      "identifier" : "START",
      "message" : "Running Master.script",
      "timestamp" : "2018-11-26 13:02:36.274 -0500"
    },
    {
      "identifier" : "EndTestCase",
      "message" : "(Duration:\"0.651722\", Errors:\"1\", Exceptions:\"0\", StartTime:\"2018-11-26 13:02:36 -0500\", Successes:\"0\", TestCase:\"Master.script\", Warnings:\"0\")",
      "timestamp" : "2018-11-26 13:02:36.954 -0500"
    },
    {
      "message" : "STInvalidBoolean Value '(:)' is not TRUE, FALSE, YES, NO, ON, OFF or empty -- Execution Time 0:00:00 Master.script",
      "timestamp" : "2018-11-26 13:02:38.425 -0500",
      "identifier" : "FAILURE",
      "image" : "Screen_Error.png"
    }
  ],
  "createdTimestamp" : "2018-11-26 13:02:36.302 -0500"
}