{
  "entries" : [
    {
      "identifier" : "START",
      "message" : "Running Example Post Form Data.apitest",
      "timestamp" : "2020-09-11 07:46:19.524 -0600"
    },
    {
      "identifier" : "EndTestCase",
      "message" : "(Duration:\"1.179798\", Errors:\"0\", Exceptions:\"0\", StartTime:\"2020-09-11 07:46:19 -0600\", Successes:\"1\", TestCase:\"Example Post Form Data.apitest\", Warnings:\"0\")",
      "timestamp" : "2020-09-11 07:46:20.707 -0600"
    },
    {
      "identifier" : "SUCCESS",
      "message" : "Execution Time 0:00:01 Example Post Form Data.apitest",
      "timestamp" : "2020-09-11 07:46:20.734 -0600"
    }
  ],
  "createdTimestamp" : "2020-09-11 07:46:19.526 -0600"
}