{
  "entries" : [
    {
      "identifier" : "START",
      "message" : "Running GeneratingHolds.script",
      "timestamp" : "2018-11-20 20:58:38.645 -0500"
    },
    {
      "handlerName" : "on_generatingholds",
      "message" : "(@\"Date of Birth\":\"2018.11.12\")",
      "timestamp" : "2018-11-20 20:58:38.810 -0500",
      "identifier" : "Log",
      "scriptName" : "GeneratingHolds.script",
      "handlerLine" : 14
    },
    {
      "identifier" : "EndTestCase",
      "message" : "(Duration:\"0.654303\", Errors:\"0\", Exceptions:\"0\", StartTime:\"2018-11-20 20:58:38 -0500\", Successes:\"1\", TestCase:\"GeneratingHolds.script\", Warnings:\"0\")",
      "timestamp" : "2018-11-20 20:58:39.332 -0500"
    },
    {
      "identifier" : "SUCCESS",
      "message" : "Execution Time 0:00:00 GeneratingHolds.script",
      "timestamp" : "2018-11-20 20:58:39.401 -0500"
    }
  ],
  "createdTimestamp" : "2018-11-20 20:58:38.678 -0500"
}