﻿<?xml version="1.0"?>
<statistics>
 <script name="Loop1">
  <LastStatus>Success</LastStatus>
  <NumberOfRuns>3</NumberOfRuns>
  <NumberOfFails>0</NumberOfFails>
  <FirstRun>2016-11-01 21:53:17 -0400</FirstRun>
  <LastRun>2016-11-01 21:54:05 -0400</LastRun>
  <TotalTimeOnSuccess>1.664396</TotalTimeOnSuccess>
 </script>
 <script name="Index">
  <LastStatus>Success</LastStatus>
  <NumberOfRuns>29</NumberOfRuns>
  <NumberOfFails>2</NumberOfFails>
  <FirstRun>2016-09-27 10:44:09 -0600</FirstRun>
  <LastRun>2016-11-01 21:52:29 -0400</LastRun>
  <TotalTimeOnSuccess>17.954950</TotalTimeOnSuccess>
 </script>
 <script name="Loop2">
  <LastStatus>Success</LastStatus>
  <NumberOfRuns>1</NumberOfRuns>
  <NumberOfFails>0</NumberOfFails>
  <FirstRun>2016-11-01 21:55:19 -0400</FirstRun>
  <LastRun>2016-11-01 21:55:19 -0400</LastRun>
  <TotalTimeOnSuccess>0.570145</TotalTimeOnSuccess>
 </script>
</statistics>
