{
  "entries" : [
    {
      "identifier" : "START",
      "message" : "Running AdvanceDates.script",
      "timestamp" : "2018-11-26 16:51:26.030 -0500"
    },
    {
      "handlerName" : "on_advancedates",
      "message" : "(2018-11-26,2018-11-30,hello,2018-12-02,2018-12-04,2018-12-04)",
      "timestamp" : "2018-11-26 16:51:26.143 -0500",
      "identifier" : "Log",
      "scriptName" : "AdvanceDates.script",
      "handlerLine" : 13
    },
    {
      "identifier" : "EndTestCase",
      "message" : "(Duration:\"0.4107\", Errors:\"0\", Exceptions:\"0\", StartTime:\"2018-11-26 16:51:26 -0500\", Successes:\"1\", TestCase:\"AdvanceDates.script\", Warnings:\"0\")",
      "timestamp" : "2018-11-26 16:51:26.476 -0500"
    },
    {
      "identifier" : "SUCCESS",
      "message" : "Execution Time 0:00:00 AdvanceDates.script",
      "timestamp" : "2018-11-26 16:51:26.530 -0500"
    }
  ],
  "createdTimestamp" : "2018-11-26 16:51:26.065 -0500"
}