{
  "entries" : [
    {
      "identifier" : "START",
      "message" : "Running Example Post URL.apitest",
      "timestamp" : "2020-07-13 09:47:58.646 -0600"
    },
    {
      "identifier" : "LogWarning",
      "message" : "Validation Warning: Empty request body.",
      "timestamp" : "2020-07-13 09:47:58.663 -0600"
    },
    {
      "identifier" : "EndTestCase",
      "message" : "(Duration:\"0.741164\", Errors:\"0\", Exceptions:\"0\", StartTime:\"2020-07-13 09:47:58 -0600\", Successes:\"1\", TestCase:\"Example Post URL.apitest\", Warnings:\"1\")",
      "timestamp" : "2020-07-13 09:47:59.389 -0600"
    },
    {
      "identifier" : "SUCCESS",
      "message" : "Execution Time 0:00:00 Example Post URL.apitest",
      "timestamp" : "2020-07-13 09:47:59.400 -0600"
    }
  ],
  "createdTimestamp" : "2020-07-13 09:47:58.648 -0600"
}