{
  "entries" : [
    {
      "identifier" : "START",
      "message" : "Running Example Post Form Data.apitest",
      "timestamp" : "2020-07-13 09:54:54.905 -0600"
    },
    {
      "identifier" : "EndTestCase",
      "message" : "(Duration:\"0.680742\", Errors:\"0\", Exceptions:\"0\", StartTime:\"2020-07-13 09:54:54 -0600\", Successes:\"1\", TestCase:\"Example Post Form Data.apitest\", Warnings:\"0\")",
      "timestamp" : "2020-07-13 09:54:55.588 -0600"
    },
    {
      "identifier" : "SUCCESS",
      "message" : "Execution Time 0:00:00 Example Post Form Data.apitest",
      "timestamp" : "2020-07-13 09:54:55.600 -0600"
    }
  ],
  "createdTimestamp" : "2020-07-13 09:54:54.906 -0600"
}