{
  "entries" : [
    {
      "identifier" : "START",
      "message" : "Running Untitled1.script",
      "timestamp" : "2018-11-29 13:42:45.062 -0700"
    },
    {
      "identifier" : "EndTestCase",
      "message" : "(Duration:\"0.699291\", Errors:\"1\", Exceptions:\"0\", StartTime:\"2018-11-29 13:42:45 -0700\", Successes:\"0\", TestCase:\"Untitled1.script\", Warnings:\"0\")",
      "timestamp" : "2018-11-29 13:42:45.792 -0700"
    },
    {
      "message" : "STUnknownMessage ERROR: No Such Command: 'five' -- Execution Time 0:00:00 Untitled1.script",
      "timestamp" : "2018-11-29 13:42:46.923 -0700",
      "identifier" : "FAILURE",
      "image" : "Screen_Error.png"
    }
  ],
  "createdTimestamp" : "2018-11-29 13:42:45.093 -0700"
}