{
  "entries" : [
    {
      "identifier" : "START",
      "message" : "Running TestAllAPIs.script",
      "timestamp" : "2020-10-20 14:31:13.794 -0600"
    },
    {
      "identifier" : "EndTestCase",
      "message" : "(Duration:\"4.401385\", Errors:\"0\", Exceptions:\"0\", StartTime:\"2020-10-20 14:31:13 -0600\", Successes:\"1\", TestCase:\"TestAllAPIs.script\", Warnings:\"0\")",
      "timestamp" : "2020-10-20 14:31:18.198 -0600"
    },
    {
      "identifier" : "SUCCESS",
      "message" : "Execution Time 0:00:04 TestAllAPIs.script",
      "timestamp" : "2020-10-20 14:31:18.213 -0600"
    }
  ],
  "createdTimestamp" : "2020-10-20 14:31:13.796 -0600"
}