{
  "entries" : [
    {
      "identifier" : "START",
      "message" : "Running Master4.script",
      "timestamp" : "2018-11-29 14:27:07.031 -0700"
    },
    {
      "handlerName" : "on_one",
      "message" : " the one",
      "timestamp" : "2018-11-29 14:27:07.158 -0700",
      "identifier" : "Log",
      "scriptName" : "",
      "handlerLine" : 3
    },
    {
      "identifier" : "EndTestCase",
      "message" : "(Duration:\"0.626673\", Errors:\"0\", Exceptions:\"0\", StartTime:\"2018-11-29 14:27:07 -0700\", Successes:\"1\", TestCase:\"Master4.script\", Warnings:\"0\")",
      "timestamp" : "2018-11-29 14:27:07.702 -0700"
    },
    {
      "identifier" : "SUCCESS",
      "message" : "Execution Time 0:00:00 Master4.script",
      "timestamp" : "2018-11-29 14:27:07.770 -0700"
    }
  ],
  "createdTimestamp" : "2018-11-29 14:27:07.075 -0700"
}