{
  "entries" : [
    {
      "identifier" : "START",
      "message" : "Running Index.script",
      "timestamp" : "2019-03-06 15:31:13.177 -0700"
    },
    {
      "handlerName" : "on_index",
      "message" : "[windowsKey]r",
      "timestamp" : "2019-03-06 15:31:13.302 -0700",
      "identifier" : "typetext",
      "scriptName" : "Index.script",
      "handlerLine" : 3
    },
    {
      "handlerName" : "on_index",
      "message" : "putty.exe[returnKey]",
      "timestamp" : "2019-03-06 15:31:14.136 -0700",
      "identifier" : "typetext",
      "scriptName" : "Index.script",
      "handlerLine" : 4
    },
    {
      "handlerName" : "on_index",
      "message" : "found at (811, 330)",
      "identifier" : "waitfor",
      "image" : "PuTTY Window",
      "handlerLine" : 5,
      "timestamp" : "2019-03-06 15:31:14.795 -0700",
      "scriptName" : "Index.script"
    },
    {
      "handlerName" : "on_index",
      "message" : "at (940, 435)",
      "identifier" : "click",
      "image" : "HostName",
      "handlerLine" : 7,
      "timestamp" : "2019-03-06 15:31:15.315 -0700",
      "scriptName" : "Index.script"
    },
    {
      "handlerName" : "on_index",
      "message" : "test.rebex.net:22",
      "timestamp" : "2019-03-06 15:31:16.238 -0700",
      "identifier" : "typetext",
      "scriptName" : "Index.script",
      "handlerLine" : 8
    },
    {
      "handlerName" : "on_index",
      "message" : "at (1068, 471)",
      "identifier" : "click",
      "image" : "SSH",
      "handlerLine" : 9,
      "timestamp" : "2019-03-06 15:31:17.543 -0700",
      "scriptName" : "Index.script"
    },
    {
      "handlerName" : "on_index",
      "message" : "at (1042, 738)",
      "identifier" : "click",
      "image" : "Open",
      "handlerLine" : 11,
      "timestamp" : "2019-03-06 15:31:19.214 -0700",
      "scriptName" : "Index.script"
    },
    {
      "handlerName" : "on_index",
      "message" : "found at (231, 219)",
      "identifier" : "waitfor",
      "image" : "Putty Command Window",
      "handlerLine" : 13,
      "timestamp" : "2019-03-06 15:31:20.079 -0700",
      "scriptName" : "Index.script"
    },
    {
      "handlerName" : "on_index",
      "message" : "demo[returnKey]",
      "timestamp" : "2019-03-06 15:31:23.148 -0700",
      "identifier" : "typetext",
      "scriptName" : "Index.script",
      "handlerLine" : 15
    },
    {
      "handlerName" : "on_index",
      "message" : "password[returnKey]",
      "timestamp" : "2019-03-06 15:31:23.972 -0700",
      "identifier" : "typetext",
      "scriptName" : "Index.script",
      "handlerLine" : 16
    },
    {
      "handlerName" : "on_changecolors",
      "message" : "at (231, 219)",
      "identifier" : "rightclick",
      "image" : "Putty Command Window",
      "handlerLine" : 1,
      "timestamp" : "2019-03-06 15:31:26.899 -0700",
      "scriptName" : "ChangeColors.script"
    },
    {
      "handlerName" : "on_changecolors",
      "message" : "at (316, 503)",
      "identifier" : "click",
      "image" : "ChangeSettings",
      "handlerLine" : 2,
      "timestamp" : "2019-03-06 15:31:28.578 -0700",
      "scriptName" : "ChangeColors.script"
    },
    {
      "handlerName" : "on_changecolors",
      "message" : "at (796, 553)",
      "identifier" : "click",
      "image" : "Colours",
      "handlerLine" : 6,
      "timestamp" : "2019-03-06 15:31:29.911 -0700",
      "scriptName" : "ChangeColors.script"
    },
    {
      "handlerName" : "on_changecolors",
      "message" : "at (953, 596)",
      "identifier" : "click",
      "image" : "DefaultForeground",
      "handlerLine" : 7,
      "timestamp" : "2019-03-06 15:31:31.562 -0700",
      "scriptName" : "ChangeColors.script"
    },
    {
      "handlerName" : "on_changecolors",
      "message" : "at (1120, 674)",
      "identifier" : "click",
      "image" : "Modify",
      "handlerLine" : 8,
      "timestamp" : "2019-03-06 15:31:33.226 -0700",
      "scriptName" : "ChangeColors.script"
    },
    {
      "handlerName" : "on_changecolors",
      "message" : "at (760, 518)",
      "identifier" : "click",
      "image" : "Black",
      "handlerLine" : 9,
      "timestamp" : "2019-03-06 15:31:34.875 -0700",
      "scriptName" : "ChangeColors.script"
    },
    {
      "handlerName" : "on_changecolors",
      "message" : "at (781, 653)",
      "identifier" : "click",
      "image" : "OK",
      "handlerLine" : 10,
      "timestamp" : "2019-03-06 15:31:36.528 -0700",
      "scriptName" : "ChangeColors.script"
    },
    {
      "handlerName" : "on_changecolors",
      "message" : "at (956, 623)",
      "identifier" : "click",
      "image" : "DefaultBackground",
      "handlerLine" : 13,
      "timestamp" : "2019-03-06 15:31:38.200 -0700",
      "scriptName" : "ChangeColors.script"
    },
    {
      "handlerName" : "on_changecolors",
      "message" : "at (1120, 674)",
      "identifier" : "click",
      "image" : "Modify",
      "handlerLine" : 14,
      "timestamp" : "2019-03-06 15:31:39.856 -0700",
      "scriptName" : "ChangeColors.script"
    },
    {
      "handlerName" : "on_changecolors",
      "message" : "at (941, 516)",
      "identifier" : "click",
      "image" : "White",
      "handlerLine" : 15,
      "timestamp" : "2019-03-06 15:31:41.497 -0700",
      "scriptName" : "ChangeColors.script"
    },
    {
      "handlerName" : "on_changecolors",
      "message" : "at (781, 653)",
      "identifier" : "click",
      "image" : "OK",
      "handlerLine" : 16,
      "timestamp" : "2019-03-06 15:31:43.158 -0700",
      "scriptName" : "ChangeColors.script"
    },
    {
      "handlerName" : "on_changecolors",
      "message" : "at (814, 489)",
      "identifier" : "click",
      "image" : "Appearance",
      "handlerLine" : 19,
      "timestamp" : "2019-03-06 15:31:44.814 -0700",
      "scriptName" : "ChangeColors.script"
    },
    {
      "handlerName" : "on_changecolors",
      "message" : "at (1135, 519)",
      "identifier" : "click",
      "image" : "Change",
      "handlerLine" : 20,
      "timestamp" : "2019-03-06 15:31:46.490 -0700",
      "scriptName" : "ChangeColors.script"
    },
    {
      "handlerName" : "on_changecolors",
      "message" : "at (1136, 513)",
      "identifier" : "click",
      "image" : "Size",
      "handlerLine" : 21,
      "timestamp" : "2019-03-06 15:31:47.825 -0700",
      "scriptName" : "ChangeColors.script"
    },
    {
      "handlerName" : "on_changecolors",
      "message" : "18",
      "timestamp" : "2019-03-06 15:31:48.556 -0700",
      "identifier" : "typetext",
      "scriptName" : "ChangeColors.script",
      "handlerLine" : 22
    },
    {
      "handlerName" : "on_changecolors",
      "message" : "at (1049, 888)",
      "identifier" : "click",
      "image" : "OK",
      "handlerLine" : 23,
      "timestamp" : "2019-03-06 15:31:49.649 -0700",
      "scriptName" : "ChangeColors.script"
    },
    {
      "handlerName" : "on_changecolors",
      "message" : "at (1046, 740)",
      "identifier" : "click",
      "image" : "Apply",
      "handlerLine" : 27,
      "timestamp" : "2019-03-06 15:31:51.302 -0700",
      "scriptName" : "ChangeColors.script"
    },
    {
      "handlerName" : "on_index",
      "message" : "ls[returnKey]",
      "timestamp" : "2019-03-06 15:31:53.356 -0700",
      "identifier" : "typetext",
      "scriptName" : "Index.script",
      "handlerLine" : 23
    },
    {
      "handlerName" : "on_readoutput",
      "message" : "at (222,212,244,233)",
      "identifier" : "imagerectangle",
      "image" : "Putty Command Window",
      "handlerLine" : 6,
      "timestamp" : "2019-03-06 15:31:54.917 -0700",
      "scriptName" : "ReadOutPut.script"
    },
    {
      "handlerName" : "on_readoutput",
      "message" : "found 2 images",
      "identifier" : "everyimagerectangle",
      "image" : "(TEXT:\"demo@\")",
      "handlerLine" : 7,
      "timestamp" : "2019-03-06 15:31:56.654 -0700",
      "scriptName" : "ReadOutPut.script"
    },
    {
      "identifier" : "readtext",
      "message" : "(218,395,617,486)",
      "timestamp" : "2019-03-06 15:31:56.804 -0700"
    },
    {
      "handlerName" : "on_readoutput",
      "message" : "aspnet_client\\npub\\nreadme.txt",
      "timestamp" : "2019-03-06 15:31:56.805 -0700",
      "identifier" : "Log",
      "scriptName" : "ReadOutPut.script",
      "handlerLine" : 16
    },
    {
      "identifier" : "EndTestCase",
      "message" : "(Duration:\"44.048882\", Errors:\"0\", Exceptions:\"0\", StartTime:\"2019-03-06 15:31:13 -0700\", Successes:\"1\", TestCase:\"Index.script\", Warnings:\"0\")",
      "timestamp" : "2019-03-06 15:31:57.228 -0700"
    },
    {
      "identifier" : "SUCCESS",
      "message" : "Execution Time 0:00:44 Index.script",
      "timestamp" : "2019-03-06 15:31:57.246 -0700"
    }
  ],
  "createdTimestamp" : "2019-03-06 15:31:13.179 -0700"
}