{
  "entries" : [
    {
      "identifier" : "START",
      "message" : "Running GeneratePatientAPI.script",
      "timestamp" : "2018-11-26 17:16:24.174 -0500"
    },
    {
      "handlerName" : "on_generatepatientapi",
      "message" : "((gender:\"female\", name:\"Mildred\", region:\"United States\", surname:\"Gordon\"),(gender:\"female\", name:\"Karen\", region:\"United States\", surname:\"James\"),(@\"First Name\":\"Mildred\", Gender:\"female\", @\"Last Name\":\"Gordon\"),(@\"First Name\":\"Karen\", Gender:\"female\", @\"Last Name\":\"James\"))",
      "timestamp" : "2018-11-26 17:16:25.636 -0500",
      "identifier" : "Log",
      "scriptName" : "GeneratePatientAPI.script",
      "handlerLine" : 29
    },
    {
      "identifier" : "EndTestCase",
      "message" : "(Duration:\"1.714512\", Errors:\"0\", Exceptions:\"0\", StartTime:\"2018-11-26 17:16:24 -0500\", Successes:\"1\", TestCase:\"GeneratePatientAPI.script\", Warnings:\"0\")",
      "timestamp" : "2018-11-26 17:16:25.911 -0500"
    },
    {
      "identifier" : "SUCCESS",
      "message" : "Execution Time 0:00:01 GeneratePatientAPI.script",
      "timestamp" : "2018-11-26 17:16:25.965 -0500"
    }
  ],
  "createdTimestamp" : "2018-11-26 17:16:24.196 -0500"
}