{
  "entries" : [
    {
      "identifier" : "START",
      "message" : "Running Script1.script",
      "timestamp" : "2020-05-14 10:14:26.891 -0600"
    },
    {
      "identifier" : "EndTestCase",
      "message" : "(Duration:\"7.68279\", Errors:\"1\", Exceptions:\"0\", StartTime:\"2020-05-14 10:14:26 -0600\", Successes:\"0\", TestCase:\"Script1.script\", Warnings:\"0\")",
      "timestamp" : "2020-05-14 10:14:34.575 -0600"
    },
    {
      "identifier" : "ABORTED",
      "message" : "Execution Time 0:00:07 Script1.script",
      "timestamp" : "2020-05-14 10:14:34.577 -0600"
    }
  ],
  "createdTimestamp" : "2020-05-14 10:14:26.892 -0600"
}