{
  "entries" : [
    {
      "identifier" : "START",
      "message" : "Running Main02.script",
      "timestamp" : "2021-04-10 22:54:39.470 -0600"
    },
    {
      "identifier" : "EndTestCase",
      "message" : "(Duration:\"0.208008\", Errors:\"1\", Exceptions:\"0\", StartTime:\"2021-04-10 22:54:39 -0600\", Successes:\"0\", TestCase:\"Main02.script\", Warnings:\"0\")",
      "timestamp" : "2021-04-10 22:54:39.679 -0600"
    },
    {
      "identifier" : "FAILURE",
      "message" : "STFileException Failed to read file \/Users\/ranhesse\/Documents\/Simple_Examples\/Customer HTML Reports\/Sample Suite.suite\/Results\/Workflow01\/20210301_194416.595 -- Execution Time 0:00:00 Main02.script",
      "timestamp" : "2021-04-10 22:54:39.689 -0600"
    }
  ],
  "createdTimestamp" : "2021-04-10 22:54:39.471 -0600"
}