{
  "entries" : [
    {
      "identifier" : "START",
      "message" : "Running Master.script",
      "timestamp" : "2018-11-26 14:29:13.278 -0500"
    },
    {
      "handlerName" : "on_five",
      "message" : "five",
      "timestamp" : "2018-11-26 14:29:13.397 -0500",
      "identifier" : "Log",
      "scriptName" : "",
      "handlerLine" : 3
    },
    {
      "identifier" : "EndTestCase",
      "message" : "(Duration:\"0.38158\", Errors:\"0\", Exceptions:\"0\", StartTime:\"2018-11-26 14:29:13 -0500\", Successes:\"1\", TestCase:\"Master.script\", Warnings:\"0\")",
      "timestamp" : "2018-11-26 14:29:13.686 -0500"
    },
    {
      "identifier" : "SUCCESS",
      "message" : "Execution Time 0:00:00 Master.script",
      "timestamp" : "2018-11-26 14:29:13.737 -0500"
    }
  ],
  "createdTimestamp" : "2018-11-26 14:29:13.304 -0500"
}