{
  "entries" : [
    {
      "identifier" : "START",
      "message" : "Running index.script",
      "timestamp" : "2021-01-18 12:25:50.505 -0700"
    },
    {
      "handlerName" : "on_definecolorarea",
      "message" : "calculating...",
      "timestamp" : "2021-01-18 12:25:50.683 -0700",
      "identifier" : "Log",
      "scriptName" : "",
      "handlerLine" : 27
    },
    {
      "handlerName" : "function_pixelmatch",
      "message" : "PixelCount: 585",
      "timestamp" : "2021-01-18 12:25:50.696 -0700",
      "identifier" : "Log",
      "scriptName" : "",
      "handlerLine" : 11
    },
    {
      "handlerName" : "on_index",
      "message" : "{Light_Orange:585}",
      "timestamp" : "2021-01-18 12:25:54.138 -0700",
      "identifier" : "Log",
      "scriptName" : "index.script",
      "handlerLine" : 28
    },
    {
      "identifier" : "EndTestCase",
      "message" : "(Duration:\"3.721051\", Errors:\"0\", Exceptions:\"0\", StartTime:\"2021-01-18 12:25:50 -0700\", Successes:\"1\", TestCase:\"index.script\", Warnings:\"0\")",
      "timestamp" : "2021-01-18 12:25:54.227 -0700"
    },
    {
      "identifier" : "SUCCESS",
      "message" : "Execution Time 0:00:03 index.script",
      "timestamp" : "2021-01-18 12:25:54.234 -0700"
    }
  ],
  "createdTimestamp" : "2021-01-18 12:25:50.506 -0700"
}