{
  "entries" : [
    {
      "identifier" : "START",
      "message" : "Running MainFromSuite.script",
      "timestamp" : "2021-04-12 15:04:19.197 -0600"
    },
    {
      "handlerName" : "on_mainfromsuite",
      "message" : "Testing.png",
      "timestamp" : "2021-04-12 15:04:19.358 -0600",
      "identifier" : "Log",
      "scriptName" : "MainFromSuite.script",
      "handlerLine" : 64
    },
    {
      "handlerName" : "on_mainfromsuite",
      "message" : "Testing.png",
      "timestamp" : "2021-04-12 15:04:19.365 -0600",
      "identifier" : "Log",
      "scriptName" : "MainFromSuite.script",
      "handlerLine" : 64
    },
    {
      "handlerName" : "on_mainfromsuite",
      "message" : "Testing.png",
      "timestamp" : "2021-04-12 15:04:19.371 -0600",
      "identifier" : "Log",
      "scriptName" : "MainFromSuite.script",
      "handlerLine" : 64
    },
    {
      "handlerName" : "on_mainfromsuite",
      "message" : "Testing.png",
      "timestamp" : "2021-04-12 15:04:19.376 -0600",
      "identifier" : "Log",
      "scriptName" : "MainFromSuite.script",
      "handlerLine" : 64
    },
    {
      "handlerName" : "on_mainfromsuite",
      "message" : "Testing.png",
      "timestamp" : "2021-04-12 15:04:19.380 -0600",
      "identifier" : "Log",
      "scriptName" : "MainFromSuite.script",
      "handlerLine" : 64
    },
    {
      "handlerName" : "on_mainfromsuite",
      "message" : "Testing.png",
      "timestamp" : "2021-04-12 15:04:19.384 -0600",
      "identifier" : "Log",
      "scriptName" : "MainFromSuite.script",
      "handlerLine" : 64
    },
    {
      "handlerName" : "on_mainfromsuite",
      "message" : "Screen_Error.png",
      "timestamp" : "2021-04-12 15:04:19.388 -0600",
      "identifier" : "Log",
      "scriptName" : "MainFromSuite.script",
      "handlerLine" : 64
    },
    {
      "identifier" : "EndTestCase",
      "message" : "(Duration:\"0.37989\", Errors:\"0\", Exceptions:\"0\", StartTime:\"2021-04-12 15:04:19 -0600\", Successes:\"1\", TestCase:\"MainFromSuite.script\", Warnings:\"0\")",
      "timestamp" : "2021-04-12 15:04:19.578 -0600"
    },
    {
      "identifier" : "SUCCESS",
      "message" : "Execution Time 0:00:00 MainFromSuite.script",
      "timestamp" : "2021-04-12 15:04:19.588 -0600"
    }
  ],
  "createdTimestamp" : "2021-04-12 15:04:19.198 -0600"
}