{
  "entries" : [
    {
      "identifier" : "START",
      "message" : "Running Master.script",
      "timestamp" : "2018-11-26 14:22:43.509 -0500"
    },
    {
      "identifier" : "EndTestCase",
      "message" : "(Duration:\"0.302592\", Errors:\"1\", Exceptions:\"0\", StartTime:\"2018-11-26 14:22:43 -0500\", Successes:\"0\", TestCase:\"Master.script\", Warnings:\"0\")",
      "timestamp" : "2018-11-26 14:22:43.834 -0500"
    },
    {
      "message" : "SRUN_BadValue Bad value for Object expression.  Looking for an object or script identifier, got '(Script2,Script3)'. -- Execution Time 0:00:00 Master.script",
      "timestamp" : "2018-11-26 14:22:48.085 -0500",
      "identifier" : "FAILURE",
      "image" : "Screen_Error.png"
    }
  ],
  "createdTimestamp" : "2018-11-26 14:22:43.531 -0500"
}