{
  "entries" : [
    {
      "identifier" : "START",
      "message" : "Running AdvanceDates.script",
      "timestamp" : "2018-11-26 16:50:36.062 -0500"
    },
    {
      "handlerName" : "on_advancedates",
      "message" : "(2018-11-27,hello,2018-11-28,2018-11-29,2018-12-01,2018-12-01)",
      "timestamp" : "2018-11-26 16:50:36.154 -0500",
      "identifier" : "Log",
      "scriptName" : "AdvanceDates.script",
      "handlerLine" : 13
    },
    {
      "identifier" : "EndTestCase",
      "message" : "(Duration:\"0.334287\", Errors:\"0\", Exceptions:\"0\", StartTime:\"2018-11-26 16:50:36 -0500\", Successes:\"1\", TestCase:\"AdvanceDates.script\", Warnings:\"0\")",
      "timestamp" : "2018-11-26 16:50:36.425 -0500"
    },
    {
      "identifier" : "SUCCESS",
      "message" : "Execution Time 0:00:00 AdvanceDates.script",
      "timestamp" : "2018-11-26 16:50:36.483 -0500"
    }
  ],
  "createdTimestamp" : "2018-11-26 16:50:36.091 -0500"
}