﻿<?xml version="1.0"?>
<statistics>
 <script name="Write2">
  <LastStatus>Success</LastStatus>
  <NumberOfRuns>6</NumberOfRuns>
  <NumberOfFails>1</NumberOfFails>
  <FirstRun>2016-12-20 16:56:07 -0700</FirstRun>
  <LastRun>2017-03-30 09:50:28 -0600</LastRun>
  <TotalTimeOnSuccess>0.531788</TotalTimeOnSuccess>
 </script>
 <script name="Write1">
  <LastStatus>Success</LastStatus>
  <NumberOfRuns>20</NumberOfRuns>
  <NumberOfFails>11</NumberOfFails>
  <FirstRun>2016-11-07 13:13:40 -0700</FirstRun>
  <LastRun>2017-03-30 09:54:18 -0600</LastRun>
  <TotalTimeOnSuccess>1.486563</TotalTimeOnSuccess>
 </script>
 <script name="Index">
  <LastStatus>Success</LastStatus>
  <NumberOfRuns>30</NumberOfRuns>
  <NumberOfFails>2</NumberOfFails>
  <FirstRun>2016-09-27 10:44:09 -0600</FirstRun>
  <LastRun>2017-06-16 08:56:01 -0600</LastRun>
  <TotalTimeOnSuccess>0.252618</TotalTimeOnSuccess>
 </script>
 <script name="Loop2">
  <LastStatus>Success</LastStatus>
  <NumberOfRuns>1</NumberOfRuns>
  <NumberOfFails>0</NumberOfFails>
  <FirstRun>2016-11-01 21:55:19 -0400</FirstRun>
  <LastRun>2016-11-01 21:55:19 -0400</LastRun>
  <TotalTimeOnSuccess>0.000000</TotalTimeOnSuccess>
 </script>
 <script name="List">
  <LastStatus>Success</LastStatus>
  <NumberOfRuns>5</NumberOfRuns>
  <NumberOfFails>0</NumberOfFails>
  <FirstRun>2017-03-09 14:03:51 -0600</FirstRun>
  <LastRun>2017-08-26 16:27:44 -0600</LastRun>
  <TotalTimeOnSuccess>1.129889</TotalTimeOnSuccess>
 </script>
 <script name="Loop1">
  <LastStatus>Success</LastStatus>
  <NumberOfRuns>6</NumberOfRuns>
  <NumberOfFails>0</NumberOfFails>
  <FirstRun>2016-11-01 21:53:17 -0400</FirstRun>
  <LastRun>2017-03-02 09:39:30 -0700</LastRun>
  <TotalTimeOnSuccess>1.300324</TotalTimeOnSuccess>
 </script>
</statistics>
