{
  "entries" : [
    {
      "identifier" : "START",
      "message" : "Running Master.script",
      "timestamp" : "2018-11-26 12:51:37.318 -0500"
    },
    {
      "handlerName" : "on_one",
      "message" : "one",
      "timestamp" : "2018-11-26 12:51:37.434 -0500",
      "identifier" : "Log",
      "scriptName" : "",
      "handlerLine" : 3
    },
    {
      "identifier" : "EndTestCase",
      "message" : "(Duration:\"0.675688\", Errors:\"0\", Exceptions:\"0\", StartTime:\"2018-11-26 12:51:37 -0500\", Successes:\"1\", TestCase:\"Master.script\", Warnings:\"0\")",
      "timestamp" : "2018-11-26 12:51:38.019 -0500"
    },
    {
      "identifier" : "SUCCESS",
      "message" : "Execution Time 0:00:00 Master.script",
      "timestamp" : "2018-11-26 12:51:38.076 -0500"
    }
  ],
  "createdTimestamp" : "2018-11-26 12:51:37.344 -0500"
}