{
  "entries" : [
    {
      "identifier" : "START",
      "message" : "Running index.script",
      "timestamp" : "2021-01-18 12:23:20.855 -0700"
    },
    {
      "handlerName" : "on_definecolorarea",
      "message" : "calculating...",
      "timestamp" : "2021-01-18 12:23:20.957 -0700",
      "identifier" : "Log",
      "scriptName" : "",
      "handlerLine" : 27
    },
    {
      "handlerName" : "on_index",
      "message" : "{Light_Red:121}",
      "timestamp" : "2021-01-18 12:23:21.815 -0700",
      "identifier" : "Log",
      "scriptName" : "index.script",
      "handlerLine" : 28
    },
    {
      "identifier" : "EndTestCase",
      "message" : "(Duration:\"1.04655\", Errors:\"0\", Exceptions:\"0\", StartTime:\"2021-01-18 12:23:20 -0700\", Successes:\"1\", TestCase:\"index.script\", Warnings:\"0\")",
      "timestamp" : "2021-01-18 12:23:21.903 -0700"
    },
    {
      "identifier" : "SUCCESS",
      "message" : "Execution Time 0:00:01 index.script",
      "timestamp" : "2021-01-18 12:23:21.910 -0700"
    }
  ],
  "createdTimestamp" : "2021-01-18 12:23:20.856 -0700"
}