{
  "entries" : [
    {
      "identifier" : "START",
      "message" : "Running Master.script",
      "timestamp" : "2018-11-26 14:39:22.885 -0500"
    },
    {
      "handlerName" : "on_master",
      "message" : "(\"\/Utilities\/Script1'\",\"\/Utilities\/Script3'\",\"\/Utilities\/Script2'\")",
      "timestamp" : "2018-11-26 14:39:22.966 -0500",
      "identifier" : "Log",
      "scriptName" : "Master.script",
      "handlerLine" : 19
    },
    {
      "identifier" : "EndTestCase",
      "message" : "(Duration:\"0.328715\", Errors:\"1\", Exceptions:\"0\", StartTime:\"2018-11-26 14:39:22 -0500\", Successes:\"0\", TestCase:\"Master.script\", Warnings:\"0\")",
      "timestamp" : "2018-11-26 14:39:23.235 -0500"
    },
    {
      "message" : "SRUN_BadValue Bad value for Object expression.  Looking for an object or script identifier, got 'HLO'. -- Execution Time 0:00:00 Master.script",
      "timestamp" : "2018-11-26 14:39:27.478 -0500",
      "identifier" : "FAILURE",
      "image" : "Screen_Error.png"
    }
  ],
  "createdTimestamp" : "2018-11-26 14:39:22.906 -0500"
}