﻿<?xml version="1.0"?>
<runHistory script="Example Response Status Code-API">
 <run>
  <RunDate>2020-07-15 10:48:08.488 -0600</RunDate>
  <Status>Success</Status>
  <Duration>1.356982</Duration>
  <Errors>0</Errors>
  <Warnings>0</Warnings>
  <Exceptions>0</Exceptions>
  <Successes>1</Successes>
  <LogFile>20200715_104808.488/LogFile.txt</LogFile>
  <ReturnValue></ReturnValue>
  <ErrorMessage></ErrorMessage>
 </run>
 <run>
  <RunDate>2020-07-15 10:48:14.325 -0600</RunDate>
  <Status>Success</Status>
  <Duration>1.348722</Duration>
  <Errors>0</Errors>
  <Warnings>0</Warnings>
  <Exceptions>0</Exceptions>
  <Successes>1</Successes>
  <LogFile>20200715_104814.325/LogFile.txt</LogFile>
  <ReturnValue></ReturnValue>
  <ErrorMessage></ErrorMessage>
 </run>
</runHistory>
