{
  "entries" : [
    {
      "identifier" : "START",
      "message" : "Running Main.script",
      "timestamp" : "2021-03-31 10:13:05.082 -0600"
    },
    {
      "handlerName" : "on_buildhtml",
      "message" : "Building HTML Step Page: tabler.html",
      "timestamp" : "2021-03-31 10:13:05.257 -0600",
      "identifier" : "Log",
      "scriptName" : "",
      "handlerLine" : 7
    },
    {
      "handlerName" : "on_buildhtml",
      "message" : "Building HTML Report Page: indexer.html",
      "timestamp" : "2021-03-31 10:13:05.289 -0600",
      "identifier" : "Log",
      "scriptName" : "Utilities\/BuildReport.script",
      "handlerLine" : 8
    },
    {
      "identifier" : "EndTestCase",
      "message" : "(Duration:\"0.309617\", Errors:\"0\", Exceptions:\"0\", StartTime:\"2021-03-31 10:13:05 -0600\", Successes:\"1\", TestCase:\"Main.script\", Warnings:\"0\")",
      "timestamp" : "2021-03-31 10:13:05.393 -0600"
    },
    {
      "identifier" : "SUCCESS",
      "message" : "Execution Time 0:00:00 Main.script",
      "timestamp" : "2021-03-31 10:13:05.401 -0600"
    }
  ],
  "createdTimestamp" : "2021-03-31 10:13:05.083 -0600"
}