{
  "entries" : [
    {
      "identifier" : "START",
      "message" : "Running Script1.script",
      "timestamp" : "2020-05-14 09:12:55.449 -0600"
    },
    {
      "identifier" : "EndTestCase",
      "message" : "(Duration:\"22.418293\", Errors:\"1\", Exceptions:\"0\", StartTime:\"2020-05-14 09:12:55 -0600\", Successes:\"0\", TestCase:\"Script1.script\", Warnings:\"0\")",
      "timestamp" : "2020-05-14 09:13:17.869 -0600"
    },
    {
      "identifier" : "ABORTED",
      "message" : "Execution Time 0:00:22 Script1.script",
      "timestamp" : "2020-05-14 09:13:17.874 -0600"
    }
  ],
  "createdTimestamp" : "2020-05-14 09:12:55.450 -0600"
}