{
  "entries" : [
    {
      "identifier" : "START",
      "message" : "Running Script1.script",
      "timestamp" : "2020-05-14 09:34:17.401 -0600"
    },
    {
      "handlerName" : "on_script1",
      "message" : "Validation Warning: Empty request body.",
      "timestamp" : "2020-05-14 09:34:17.471 -0600",
      "identifier" : "LogWarning",
      "scriptName" : "Script1.script",
      "handlerLine" : 15
    },
    {
      "identifier" : "EndTestCase",
      "message" : "(Duration:\"0.453715\", Errors:\"1\", Exceptions:\"0\", StartTime:\"2020-05-14 09:34:17 -0600\", Successes:\"0\", TestCase:\"Script1.script\", Warnings:\"1\")",
      "timestamp" : "2020-05-14 09:34:17.856 -0600"
    },
    {
      "identifier" : "ABORTED",
      "message" : "Execution Time 0:00:00 Script1.script",
      "timestamp" : "2020-05-14 09:34:17.859 -0600"
    }
  ],
  "createdTimestamp" : "2020-05-14 09:34:17.402 -0600"
}