{
  "entries" : [
    {
      "identifier" : "START",
      "message" : "Running MainFromSuite.script",
      "timestamp" : "2021-04-10 22:31:51.249 -0600"
    },
    {
      "handlerName" : "on_mainfromsuite",
      "message" : "20210301_194448.575",
      "timestamp" : "2021-04-10 22:31:51.303 -0600",
      "identifier" : "Log",
      "scriptName" : "MainFromSuite.script",
      "handlerLine" : 22
    },
    {
      "handlerName" : "on_mainfromsuite",
      "message" : "20210301_194416.595",
      "timestamp" : "2021-04-10 22:31:51.304 -0600",
      "identifier" : "Log",
      "scriptName" : "MainFromSuite.script",
      "handlerLine" : 22
    },
    {
      "identifier" : "EndTestCase",
      "message" : "(Duration:\"0.176413\", Errors:\"0\", Exceptions:\"0\", StartTime:\"2021-04-10 22:31:51 -0600\", Successes:\"1\", TestCase:\"MainFromSuite.script\", Warnings:\"0\")",
      "timestamp" : "2021-04-10 22:31:51.426 -0600"
    },
    {
      "identifier" : "SUCCESS",
      "message" : "Execution Time 0:00:00 MainFromSuite.script",
      "timestamp" : "2021-04-10 22:31:51.435 -0600"
    }
  ],
  "createdTimestamp" : "2021-04-10 22:31:51.250 -0600"
}