{
  "entries" : [
    {
      "identifier" : "START",
      "message" : "Running MainFromSuite.script",
      "timestamp" : "2021-04-12 15:10:29.133 -0600"
    },
    {
      "identifier" : "EndTestCase",
      "message" : "(Duration:\"0.321632\", Errors:\"1\", Exceptions:\"0\", StartTime:\"2021-04-12 15:10:29 -0600\", Successes:\"0\", TestCase:\"MainFromSuite.script\", Warnings:\"0\")",
      "timestamp" : "2021-04-12 15:10:29.456 -0600"
    },
    {
      "message" : "SenseTalk Compiler Exception in moveresultcontents:\\nSyntax Error at line 11: Syntax Error - can't understand \"if\" at character 6 -- Execution Time 0:00:00 MainFromSuite.script",
      "timestamp" : "2021-04-12 15:10:29.827 -0600",
      "identifier" : "FAILURE",
      "image" : "Screen_Error.png"
    }
  ],
  "createdTimestamp" : "2021-04-12 15:10:29.134 -0600"
}