{
  "entries" : [
    {
      "identifier" : "START",
      "message" : "Running Example Get.apitest",
      "timestamp" : "2020-07-13 09:36:00.134 -0600"
    },
    {
      "identifier" : "EndTestCase",
      "message" : "(Duration:\"0.779304\", Errors:\"0\", Exceptions:\"0\", StartTime:\"2020-07-13 09:36:00 -0600\", Successes:\"1\", TestCase:\"Example Get.apitest\", Warnings:\"0\")",
      "timestamp" : "2020-07-13 09:36:00.924 -0600"
    },
    {
      "identifier" : "SUCCESS",
      "message" : "Execution Time 0:00:00 Example Get.apitest",
      "timestamp" : "2020-07-13 09:36:00.931 -0600"
    }
  ],
  "createdTimestamp" : "2020-07-13 09:36:00.143 -0600"
}