{
  "entries" : [
    {
      "identifier" : "START",
      "message" : "Running Example Post URL.apitest",
      "timestamp" : "2020-07-13 09:52:08.558 -0600"
    },
    {
      "identifier" : "LogWarning",
      "message" : "Validation Warning: Empty request body.",
      "timestamp" : "2020-07-13 09:52:08.574 -0600"
    },
    {
      "identifier" : "EndTestCase",
      "message" : "(Duration:\"1.059473\", Errors:\"0\", Exceptions:\"0\", StartTime:\"2020-07-13 09:52:08 -0600\", Successes:\"1\", TestCase:\"Example Post URL.apitest\", Warnings:\"1\")",
      "timestamp" : "2020-07-13 09:52:09.620 -0600"
    },
    {
      "identifier" : "SUCCESS",
      "message" : "Execution Time 0:00:01 Example Post URL.apitest",
      "timestamp" : "2020-07-13 09:52:09.640 -0600"
    }
  ],
  "createdTimestamp" : "2020-07-13 09:52:08.559 -0600"
}