﻿<?xml version="1.0"?>
<statistics>
 <script name="Index">
  <LastStatus>Success</LastStatus>
  <NumberOfRuns>6</NumberOfRuns>
  <NumberOfFails>1</NumberOfFails>
  <FirstRun>2019-02-15 20:50:52 -0700</FirstRun>
  <LastRun>2019-03-18 09:21:30 -0600</LastRun>
  <TotalTimeOnSuccess>136.696145</TotalTimeOnSuccess>
 </script>
 <script name="ChangeColors">
  <LastStatus>Success</LastStatus>
  <NumberOfRuns>2</NumberOfRuns>
  <NumberOfFails>0</NumberOfFails>
  <FirstRun>2019-02-15 20:59:04 -0700</FirstRun>
  <LastRun>2019-02-15 21:03:16 -0700</LastRun>
  <TotalTimeOnSuccess>15.088770</TotalTimeOnSuccess>
 </script>
 <script name="ReadOutPut">
  <LastStatus>Success</LastStatus>
  <NumberOfRuns>4</NumberOfRuns>
  <NumberOfFails>1</NumberOfFails>
  <FirstRun>2019-03-18 09:39:31 -0600</FirstRun>
  <LastRun>2019-03-18 09:40:15 -0600</LastRun>
  <TotalTimeOnSuccess>11.687081</TotalTimeOnSuccess>
 </script>
</statistics>
