{
  "entries" : [
    {
      "identifier" : "START",
      "message" : "Running IndexStright.script",
      "timestamp" : "2018-12-27 14:08:14.591 -0700"
    },
    {
      "handlerName" : "on_indexstright",
      "message" : "https:\/\/www.progressive.com\/ on {blendScaledScreen:False, Browser:\"chrome\", colorDepth:0, height:768, Host:\"172.16.229.128\", model:\"Chrome\", Name:\"Windows10WebDriver\", overrideName:\"Windows10WebDriver\", Port:4444, scaleRemoteScreen:0, serverIsAndroidUSBDevice:False, skipAvailabilityCheck:False, temporary:False, type:\"WebDriver\", username:\"\", width:1024}",
      "timestamp" : "2018-12-27 14:08:20.311 -0700",
      "identifier" : "Set URL",
      "scriptName" : "IndexStright.script",
      "handlerLine" : 9
    },
    {
      "handlerName" : "on_indexstright",
      "message" : "Unable to Find WebElement: <WebElement identified by (webXPath:@\"\/\/*[@id=\\\"QuoteStartForm_ueno\\\"]\") – not resolved yet>",
      "identifier" : "webelementfound",
      "image" : "<WebElement identified by (webXPath:@\"\/\/*[@id=\\\"QuoteStartForm_ueno\\\"]\") – not resolved yet>",
      "handlerLine" : 15,
      "timestamp" : "2018-12-27 14:08:22.459 -0700",
      "scriptName" : "IndexStright.script"
    },
    {
      "identifier" : "EndTestCase",
      "message" : "(Duration:\"8.360173\", Errors:\"1\", Exceptions:\"0\", StartTime:\"2018-12-27 14:08:14 -0700\", Successes:\"0\", TestCase:\"IndexStright.script\", Warnings:\"0\")",
      "timestamp" : "2018-12-27 14:08:23.004 -0700"
    },
    {
      "message" : "AssertionFailed  (assertion:  WebElementFound(webXPath: <<\/\/*[@id=\"QuoteStartForm_ueno\"]>>) is true; actually: False IS NOT equal to True) -- Execution Time 0:00:08 IndexStright.script",
      "timestamp" : "2018-12-27 14:08:23.714 -0700",
      "identifier" : "FAILURE",
      "image" : "Screen_Error.png"
    },
    {
      "message" : "AssertionFailed  (assertion:  WebElementFound(webXPath: <<\/\/*[@id=\"QuoteStartForm_ueno\"]>>) is true; actually: False IS NOT equal to True) -- Execution Time 0:00:08 IndexStright.script",
      "timestamp" : "2018-12-27 14:08:24.334 -0700",
      "identifier" : "FAILURE",
      "image" : "Screen_Error_Web.png"
    }
  ],
  "createdTimestamp" : "2018-12-27 14:08:14.643 -0700"
}