﻿<?xml version="1.0"?>
<runHistory script="index2">
 <run>
  <RunDate>2018-11-17 12:53:30.028 -0500</RunDate>
  <Status>Success</Status>
  <Duration>2.106771</Duration>
  <Errors>0</Errors>
  <Warnings>0</Warnings>
  <Exceptions>0</Exceptions>
  <Successes>1</Successes>
  <LogFile>20181117_125330.028/LogFile.txt</LogFile>
  <ReturnValue></ReturnValue>
  <ErrorMessage></ErrorMessage>
 </run>
 <run>
  <RunDate>2018-11-17 12:54:52.582 -0500</RunDate>
  <Status>Failure</Status>
  <Duration>0.497485</Duration>
  <Errors>1</Errors>
  <Warnings>0</Warnings>
  <Exceptions>0</Exceptions>
  <Successes>0</Successes>
  <LogFile>20181117_125452.582/LogFile.txt</LogFile>
  <ReturnValue></ReturnValue>
  <ErrorMessage>NSInvalidArgumentException -- *** -[__NSCFConstantString stringByAppendingString:]: nil argument</ErrorMessage>
 </run>
 <run>
  <RunDate>2018-11-17 12:59:18.844 -0500</RunDate>
  <Status>Success</Status>
  <Duration>0.552305</Duration>
  <Errors>0</Errors>
  <Warnings>0</Warnings>
  <Exceptions>0</Exceptions>
  <Successes>1</Successes>
  <LogFile>20181117_125918.844/LogFile.txt</LogFile>
  <ReturnValue></ReturnValue>
  <ErrorMessage></ErrorMessage>
 </run>
 <run>
  <RunDate>2018-11-17 13:00:45.705 -0500</RunDate>
  <Status>Success</Status>
  <Duration>2.138272</Duration>
  <Errors>0</Errors>
  <Warnings>0</Warnings>
  <Exceptions>0</Exceptions>
  <Successes>1</Successes>
  <LogFile>20181117_130045.705/LogFile.txt</LogFile>
  <ReturnValue></ReturnValue>
  <ErrorMessage></ErrorMessage>
 </run>
 <run>
  <RunDate>2018-11-17 13:00:57.600 -0500</RunDate>
  <Status>Success</Status>
  <Duration>2.324655</Duration>
  <Errors>0</Errors>
  <Warnings>0</Warnings>
  <Exceptions>0</Exceptions>
  <Successes>1</Successes>
  <LogFile>20181117_130057.600/LogFile.txt</LogFile>
  <ReturnValue></ReturnValue>
  <ErrorMessage></ErrorMessage>
 </run>
 <run>
  <RunDate>2018-11-17 13:01:13.543 -0500</RunDate>
  <Status>Success</Status>
  <Duration>2.218116</Duration>
  <Errors>0</Errors>
  <Warnings>0</Warnings>
  <Exceptions>0</Exceptions>
  <Successes>1</Successes>
  <LogFile>20181117_130113.543/LogFile.txt</LogFile>
  <ReturnValue></ReturnValue>
  <ErrorMessage></ErrorMessage>
 </run>
 <run>
  <RunDate>2018-11-17 13:01:37.764 -0500</RunDate>
  <Status>Success</Status>
  <Duration>2.278834</Duration>
  <Errors>0</Errors>
  <Warnings>0</Warnings>
  <Exceptions>0</Exceptions>
  <Successes>1</Successes>
  <LogFile>20181117_130137.764/LogFile.txt</LogFile>
  <ReturnValue></ReturnValue>
  <ErrorMessage></ErrorMessage>
 </run>
 <run>
  <RunDate>2018-11-18 22:51:46.482 -0500</RunDate>
  <Status>Success</Status>
  <Duration>1.508382</Duration>
  <Errors>0</Errors>
  <Warnings>0</Warnings>
  <Exceptions>0</Exceptions>
  <Successes>1</Successes>
  <LogFile>20181118_225146.482/LogFile.txt</LogFile>
  <ReturnValue></ReturnValue>
  <ErrorMessage></ErrorMessage>
 </run>
 <run>
  <RunDate>2018-11-20 19:40:33.084 -0500</RunDate>
  <Status>Success</Status>
  <Duration>1.071844</Duration>
  <Errors>0</Errors>
  <Warnings>0</Warnings>
  <Exceptions>0</Exceptions>
  <Successes>1</Successes>
  <LogFile>20181120_194033.084/LogFile.txt</LogFile>
  <ReturnValue></ReturnValue>
  <ErrorMessage></ErrorMessage>
 </run>
 <run>
  <RunDate>2018-11-20 20:51:27.888 -0500</RunDate>
  <Status>Success</Status>
  <Duration>1.484103</Duration>
  <Errors>0</Errors>
  <Warnings>0</Warnings>
  <Exceptions>0</Exceptions>
  <Successes>1</Successes>
  <LogFile>20181120_205127.888/LogFile.txt</LogFile>
  <ReturnValue></ReturnValue>
  <ErrorMessage></ErrorMessage>
 </run>
 <run>
  <RunDate>2018-11-20 20:51:42.135 -0500</RunDate>
  <Status>Success</Status>
  <Duration>1.624864</Duration>
  <Errors>0</Errors>
  <Warnings>0</Warnings>
  <Exceptions>0</Exceptions>
  <Successes>1</Successes>
  <LogFile>20181120_205142.135/LogFile.txt</LogFile>
  <ReturnValue></ReturnValue>
  <ErrorMessage></ErrorMessage>
 </run>
 <run>
  <RunDate>2018-11-20 20:52:19.480 -0500</RunDate>
  <Status>Success</Status>
  <Duration>1.480133</Duration>
  <Errors>0</Errors>
  <Warnings>0</Warnings>
  <Exceptions>0</Exceptions>
  <Successes>1</Successes>
  <LogFile>20181120_205219.480/LogFile.txt</LogFile>
  <ReturnValue></ReturnValue>
  <ErrorMessage></ErrorMessage>
 </run>
</runHistory>
