{
  "entries" : [
    {
      "identifier" : "START",
      "message" : "Running GeneratingHolds.script",
      "timestamp" : "2018-11-20 20:58:33.801 -0500"
    },
    {
      "handlerName" : "on_generatingholds",
      "message" : "(@\"Date of Birth\":\"2018.11.14\")",
      "timestamp" : "2018-11-20 20:58:33.972 -0500",
      "identifier" : "Log",
      "scriptName" : "GeneratingHolds.script",
      "handlerLine" : 14
    },
    {
      "identifier" : "EndTestCase",
      "message" : "(Duration:\"0.577241\", Errors:\"0\", Exceptions:\"0\", StartTime:\"2018-11-20 20:58:33 -0500\", Successes:\"1\", TestCase:\"GeneratingHolds.script\", Warnings:\"0\")",
      "timestamp" : "2018-11-20 20:58:34.401 -0500"
    },
    {
      "identifier" : "SUCCESS",
      "message" : "Execution Time 0:00:00 GeneratingHolds.script",
      "timestamp" : "2018-11-20 20:58:34.453 -0500"
    }
  ],
  "createdTimestamp" : "2018-11-20 20:58:33.824 -0500"
}