﻿<?xml version="1.0"?>
<runHistory script="Master">
 <run>
  <RunDate>2018-11-26 12:33:04.774 -0500</RunDate>
  <Status>Failure</Status>
  <Duration>0.567740</Duration>
  <Errors>1</Errors>
  <Warnings>0</Warnings>
  <Exceptions>0</Exceptions>
  <Successes>0</Successes>
  <LogFile>20181126_123304.774/LogFile.txt</LogFile>
  <ReturnValue></ReturnValue>
  <ErrorMessage>STUnknownMessage -- ERROR: No Such Function: &#x27;names&#x27;</ErrorMessage>
 </run>
 <run>
  <RunDate>2018-11-26 12:34:02.901 -0500</RunDate>
  <Status>Failure</Status>
  <Duration>0.744593</Duration>
  <Errors>1</Errors>
  <Warnings>0</Warnings>
  <Exceptions>0</Exceptions>
  <Successes>0</Successes>
  <LogFile>20181126_123402.901/LogFile.txt</LogFile>
  <ReturnValue></ReturnValue>
  <ErrorMessage>STUnknownMessage -- ERROR: No Such Function: &#x27;names&#x27;</ErrorMessage>
 </run>
 <run>
  <RunDate>2018-11-26 12:34:21.157 -0500</RunDate>
  <Status>Success</Status>
  <Duration>0.677325</Duration>
  <Errors>0</Errors>
  <Warnings>0</Warnings>
  <Exceptions>0</Exceptions>
  <Successes>1</Successes>
  <LogFile>20181126_123421.157/LogFile.txt</LogFile>
  <ReturnValue></ReturnValue>
  <ErrorMessage></ErrorMessage>
 </run>
 <run>
  <RunDate>2018-11-26 12:35:36.380 -0500</RunDate>
  <Status>Success</Status>
  <Duration>0.766923</Duration>
  <Errors>0</Errors>
  <Warnings>0</Warnings>
  <Exceptions>0</Exceptions>
  <Successes>1</Successes>
  <LogFile>20181126_123536.380/LogFile.txt</LogFile>
  <ReturnValue></ReturnValue>
  <ErrorMessage></ErrorMessage>
 </run>
 <run>
  <RunDate>2018-11-26 12:39:59.126 -0500</RunDate>
  <Status>Success</Status>
  <Duration>0.782762</Duration>
  <Errors>0</Errors>
  <Warnings>0</Warnings>
  <Exceptions>0</Exceptions>
  <Successes>1</Successes>
  <LogFile>20181126_123959.126/LogFile.txt</LogFile>
  <ReturnValue></ReturnValue>
  <ErrorMessage></ErrorMessage>
 </run>
 <run>
  <RunDate>2018-11-26 12:41:49.409 -0500</RunDate>
  <Status>Success</Status>
  <Duration>0.792380</Duration>
  <Errors>0</Errors>
  <Warnings>0</Warnings>
  <Exceptions>0</Exceptions>
  <Successes>1</Successes>
  <LogFile>20181126_124149.409/LogFile.txt</LogFile>
  <ReturnValue></ReturnValue>
  <ErrorMessage></ErrorMessage>
 </run>
 <run>
  <RunDate>2018-11-26 12:42:19.789 -0500</RunDate>
  <Status>Success</Status>
  <Duration>1.002682</Duration>
  <Errors>0</Errors>
  <Warnings>0</Warnings>
  <Exceptions>0</Exceptions>
  <Successes>1</Successes>
  <LogFile>20181126_124219.789/LogFile.txt</LogFile>
  <ReturnValue></ReturnValue>
  <ErrorMessage></ErrorMessage>
 </run>
 <run>
  <RunDate>2018-11-26 12:42:47.652 -0500</RunDate>
  <Status>Success</Status>
  <Duration>0.966047</Duration>
  <Errors>0</Errors>
  <Warnings>0</Warnings>
  <Exceptions>0</Exceptions>
  <Successes>1</Successes>
  <LogFile>20181126_124247.652/LogFile.txt</LogFile>
  <ReturnValue></ReturnValue>
  <ErrorMessage></ErrorMessage>
 </run>
 <run>
  <RunDate>2018-11-26 12:43:02.284 -0500</RunDate>
  <Status>Success</Status>
  <Duration>0.814543</Duration>
  <Errors>0</Errors>
  <Warnings>0</Warnings>
  <Exceptions>0</Exceptions>
  <Successes>1</Successes>
  <LogFile>20181126_124302.284/LogFile.txt</LogFile>
  <ReturnValue></ReturnValue>
  <ErrorMessage></ErrorMessage>
 </run>
 <run>
  <RunDate>2018-11-26 12:45:15.751 -0500</RunDate>
  <Status>Success</Status>
  <Duration>0.741818</Duration>
  <Errors>0</Errors>
  <Warnings>0</Warnings>
  <Exceptions>0</Exceptions>
  <Successes>1</Successes>
  <LogFile>20181126_124515.751/LogFile.txt</LogFile>
  <ReturnValue></ReturnValue>
  <ErrorMessage></ErrorMessage>
 </run>
 <run>
  <RunDate>2018-11-26 12:46:31.374 -0500</RunDate>
  <Status>Failure</Status>
  <Duration>0.747035</Duration>
  <Errors>1</Errors>
  <Warnings>0</Warnings>
  <Exceptions>0</Exceptions>
  <Successes>0</Successes>
  <LogFile>20181126_124631.374/LogFile.txt</LogFile>
  <ReturnValue></ReturnValue>
  <ErrorMessage>SRUN_BadValue -- Bad value for Object expression.  Looking for an object or script identifier, got &#x27;Modules/Verify&#x27;.</ErrorMessage>
 </run>
 <run>
  <RunDate>2018-11-26 12:46:51.445 -0500</RunDate>
  <Status>Success</Status>
  <Duration>0.758104</Duration>
  <Errors>0</Errors>
  <Warnings>0</Warnings>
  <Exceptions>0</Exceptions>
  <Successes>1</Successes>
  <LogFile>20181126_124651.445/LogFile.txt</LogFile>
  <ReturnValue></ReturnValue>
  <ErrorMessage></ErrorMessage>
 </run>
 <run>
  <RunDate>2018-11-26 12:47:02.188 -0500</RunDate>
  <Status>Success</Status>
  <Duration>0.751306</Duration>
  <Errors>0</Errors>
  <Warnings>0</Warnings>
  <Exceptions>0</Exceptions>
  <Successes>1</Successes>
  <LogFile>20181126_124702.188/LogFile.txt</LogFile>
  <ReturnValue></ReturnValue>
  <ErrorMessage></ErrorMessage>
 </run>
 <run>
  <RunDate>2018-11-26 12:47:14.203 -0500</RunDate>
  <Status>Success</Status>
  <Duration>0.829913</Duration>
  <Errors>0</Errors>
  <Warnings>0</Warnings>
  <Exceptions>0</Exceptions>
  <Successes>1</Successes>
  <LogFile>20181126_124714.203/LogFile.txt</LogFile>
  <ReturnValue></ReturnValue>
  <ErrorMessage></ErrorMessage>
 </run>
 <run>
  <RunDate>2018-11-26 12:47:31.385 -0500</RunDate>
  <Status>Failure</Status>
  <Duration>0.652797</Duration>
  <Errors>1</Errors>
  <Warnings>0</Warnings>
  <Exceptions>0</Exceptions>
  <Successes>0</Successes>
  <LogFile>20181126_124731.385/LogFile.txt</LogFile>
  <ReturnValue></ReturnValue>
  <ErrorMessage>SRUN_BadValue -- Bad value for Object expression.  Looking for an object or script identifier, got &#x27;((:),(:))&#x27;.</ErrorMessage>
 </run>
 <run>
  <RunDate>2018-11-26 12:48:23.089 -0500</RunDate>
  <Status>Failure</Status>
  <Duration>0.707056</Duration>
  <Errors>1</Errors>
  <Warnings>0</Warnings>
  <Exceptions>0</Exceptions>
  <Successes>0</Successes>
  <LogFile>20181126_124823.089/LogFile.txt</LogFile>
  <ReturnValue></ReturnValue>
  <ErrorMessage>SRUN_BadValue -- Bad value for Object expression.  Looking for an object or script identifier, got &#x27;(Utilities/Script1,Utilities/Script2)&#x27;.</ErrorMessage>
 </run>
 <run>
  <RunDate>2018-11-26 12:51:37.317 -0500</RunDate>
  <Status>Success</Status>
  <Duration>0.702146</Duration>
  <Errors>0</Errors>
  <Warnings>0</Warnings>
  <Exceptions>0</Exceptions>
  <Successes>1</Successes>
  <LogFile>20181126_125137.317/LogFile.txt</LogFile>
  <ReturnValue></ReturnValue>
  <ErrorMessage></ErrorMessage>
 </run>
 <run>
  <RunDate>2018-11-26 12:52:04.872 -0500</RunDate>
  <Status>Success</Status>
  <Duration>0.659427</Duration>
  <Errors>0</Errors>
  <Warnings>0</Warnings>
  <Exceptions>0</Exceptions>
  <Successes>1</Successes>
  <LogFile>20181126_125204.872/LogFile.txt</LogFile>
  <ReturnValue></ReturnValue>
  <ErrorMessage></ErrorMessage>
 </run>
 <run>
  <RunDate>2018-11-26 12:52:21.322 -0500</RunDate>
  <Status>Failure</Status>
  <Duration>0.870996</Duration>
  <Errors>1</Errors>
  <Warnings>0</Warnings>
  <Exceptions>0</Exceptions>
  <Successes>0</Successes>
  <LogFile>20181126_125221.322/LogFile.txt</LogFile>
  <ReturnValue></ReturnValue>
  <ErrorMessage>SRUN_BadValue -- Bad value for Object expression.  Looking for an object or script identifier, got &#x27;((:),(:))&#x27;.</ErrorMessage>
 </run>
 <run>
  <RunDate>2018-11-26 12:55:36.841 -0500</RunDate>
  <Status>Failure</Status>
  <Duration>0.600225</Duration>
  <Errors>1</Errors>
  <Warnings>0</Warnings>
  <Exceptions>0</Exceptions>
  <Successes>0</Successes>
  <LogFile>20181126_125536.841/LogFile.txt</LogFile>
  <ReturnValue></ReturnValue>
  <ErrorMessage>SRUN_BadValue -- Bad value for Object expression.  Looking for an object or script identifier, got &#x27;Utilities&#x27;.</ErrorMessage>
 </run>
 <run>
  <RunDate>2018-11-26 12:58:10.238 -0500</RunDate>
  <Status>Success</Status>
  <Duration>0.751994</Duration>
  <Errors>0</Errors>
  <Warnings>0</Warnings>
  <Exceptions>0</Exceptions>
  <Successes>1</Successes>
  <LogFile>20181126_125810.238/LogFile.txt</LogFile>
  <ReturnValue></ReturnValue>
  <ErrorMessage></ErrorMessage>
 </run>
 <run>
  <RunDate>2018-11-26 13:01:26.460 -0500</RunDate>
  <Status>Success</Status>
  <Duration>0.633450</Duration>
  <Errors>0</Errors>
  <Warnings>0</Warnings>
  <Exceptions>0</Exceptions>
  <Successes>1</Successes>
  <LogFile>20181126_130126.460/LogFile.txt</LogFile>
  <ReturnValue></ReturnValue>
  <ErrorMessage></ErrorMessage>
 </run>
 <run>
  <RunDate>2018-11-26 13:02:17.701 -0500</RunDate>
  <Status>Failure</Status>
  <Duration>0.684300</Duration>
  <Errors>1</Errors>
  <Warnings>0</Warnings>
  <Exceptions>0</Exceptions>
  <Successes>0</Successes>
  <LogFile>20181126_130217.701/LogFile.txt</LogFile>
  <ReturnValue></ReturnValue>
  <ErrorMessage>STUnknownMessage -- ERROR: No Such Function: &#x27;with&#x27;</ErrorMessage>
 </run>
 <run>
  <RunDate>2018-11-26 13:02:24.830 -0500</RunDate>
  <Status>Failure</Status>
  <Duration>0.618555</Duration>
  <Errors>1</Errors>
  <Warnings>0</Warnings>
  <Exceptions>0</Exceptions>
  <Successes>0</Successes>
  <LogFile>20181126_130224.830/LogFile.txt</LogFile>
  <ReturnValue></ReturnValue>
  <ErrorMessage>STInvalidBoolean -- Value &#x27;(:)&#x27; is not TRUE, FALSE, YES, NO, ON, OFF or empty</ErrorMessage>
 </run>
 <run>
  <RunDate>2018-11-26 13:02:36.273 -0500</RunDate>
  <Status>Failure</Status>
  <Duration>0.681127</Duration>
  <Errors>1</Errors>
  <Warnings>0</Warnings>
  <Exceptions>0</Exceptions>
  <Successes>0</Successes>
  <LogFile>20181126_130236.273/LogFile.txt</LogFile>
  <ReturnValue></ReturnValue>
  <ErrorMessage>STInvalidBoolean -- Value &#x27;(:)&#x27; is not TRUE, FALSE, YES, NO, ON, OFF or empty</ErrorMessage>
 </run>
 <run>
  <RunDate>2018-11-26 13:02:55.056 -0500</RunDate>
  <Status>Failure</Status>
  <Duration>0.675804</Duration>
  <Errors>1</Errors>
  <Warnings>0</Warnings>
  <Exceptions>0</Exceptions>
  <Successes>0</Successes>
  <LogFile>20181126_130255.056/LogFile.txt</LogFile>
  <ReturnValue></ReturnValue>
  <ErrorMessage>STInvalidBoolean -- Value &#x27;(:)&#x27; is not TRUE, FALSE, YES, NO, ON, OFF or empty</ErrorMessage>
 </run>
 <run>
  <RunDate>2018-11-26 13:03:05.453 -0500</RunDate>
  <Status>Failure</Status>
  <Duration>0.621188</Duration>
  <Errors>1</Errors>
  <Warnings>0</Warnings>
  <Exceptions>0</Exceptions>
  <Successes>0</Successes>
  <LogFile>20181126_130305.453/LogFile.txt</LogFile>
  <ReturnValue></ReturnValue>
  <ErrorMessage>STInvalidBoolean -- Value &#x27;Utilities/Script3&#x27; is not TRUE, FALSE, YES, NO, ON, OFF or empty</ErrorMessage>
 </run>
 <run>
  <RunDate>2018-11-26 13:07:56.695 -0500</RunDate>
  <Status>Failure</Status>
  <Duration>0.650114</Duration>
  <Errors>1</Errors>
  <Warnings>0</Warnings>
  <Exceptions>0</Exceptions>
  <Successes>0</Successes>
  <LogFile>20181126_130756.695/LogFile.txt</LogFile>
  <ReturnValue></ReturnValue>
  <ErrorMessage>SRUN_BadValue -- Bad value for Object expression.  Looking for an object or script identifier, got &#x27;(Utilities/Script1,Utilities/Script3)&#x27;.</ErrorMessage>
 </run>
 <run>
  <RunDate>2018-11-26 13:08:09.244 -0500</RunDate>
  <Status>Failure</Status>
  <Duration>0.818246</Duration>
  <Errors>1</Errors>
  <Warnings>0</Warnings>
  <Exceptions>0</Exceptions>
  <Successes>0</Successes>
  <LogFile>20181126_130809.244/LogFile.txt</LogFile>
  <ReturnValue></ReturnValue>
  <ErrorMessage>STUnknownMessage -- ERROR: No Such Command: &#x27;one&#x27;</ErrorMessage>
 </run>
 <run>
  <RunDate>2018-11-26 13:10:13.735 -0500</RunDate>
  <Status>Failure</Status>
  <Duration>0.882770</Duration>
  <Errors>1</Errors>
  <Warnings>0</Warnings>
  <Exceptions>0</Exceptions>
  <Successes>0</Successes>
  <LogFile>20181126_131013.735/LogFile.txt</LogFile>
  <ReturnValue></ReturnValue>
  <ErrorMessage>SRUN_BadValue -- Bad value for Object expression.  Looking for an object or script identifier, got &#x27;Person&#x27;.</ErrorMessage>
 </run>
 <run>
  <RunDate>2018-11-26 13:10:26.812 -0500</RunDate>
  <Status>Failure</Status>
  <Duration>0.759303</Duration>
  <Errors>1</Errors>
  <Warnings>0</Warnings>
  <Exceptions>0</Exceptions>
  <Successes>0</Successes>
  <LogFile>20181126_131026.812/LogFile.txt</LogFile>
  <ReturnValue></ReturnValue>
  <ErrorMessage>SRUN_BadValue -- Bad value for Object expression.  Looking for an object or script identifier, got &#x27;Person&#x27;.</ErrorMessage>
 </run>
 <run>
  <RunDate>2018-11-26 13:11:26.774 -0500</RunDate>
  <Status>Failure</Status>
  <Duration>0.725226</Duration>
  <Errors>1</Errors>
  <Warnings>0</Warnings>
  <Exceptions>0</Exceptions>
  <Successes>0</Successes>
  <LogFile>20181126_131126.774/LogFile.txt</LogFile>
  <ReturnValue></ReturnValue>
  <ErrorMessage>STUnknownMessage -- ERROR: No Such Function: &#x27;new&#x27;</ErrorMessage>
 </run>
 <run>
  <RunDate>2018-11-26 13:11:57.483 -0500</RunDate>
  <Status>Success</Status>
  <Duration>0.819065</Duration>
  <Errors>0</Errors>
  <Warnings>0</Warnings>
  <Exceptions>0</Exceptions>
  <Successes>1</Successes>
  <LogFile>20181126_131157.483/LogFile.txt</LogFile>
  <ReturnValue></ReturnValue>
  <ErrorMessage></ErrorMessage>
 </run>
 <run>
  <RunDate>2018-11-26 13:12:05.472 -0500</RunDate>
  <Status>Success</Status>
  <Duration>0.724594</Duration>
  <Errors>0</Errors>
  <Warnings>0</Warnings>
  <Exceptions>0</Exceptions>
  <Successes>1</Successes>
  <LogFile>20181126_131205.472/LogFile.txt</LogFile>
  <ReturnValue></ReturnValue>
  <ErrorMessage></ErrorMessage>
 </run>
 <run>
  <RunDate>2018-11-26 13:12:12.315 -0500</RunDate>
  <Status>Success</Status>
  <Duration>1.104124</Duration>
  <Errors>0</Errors>
  <Warnings>0</Warnings>
  <Exceptions>0</Exceptions>
  <Successes>1</Successes>
  <LogFile>20181126_131212.315/LogFile.txt</LogFile>
  <ReturnValue></ReturnValue>
  <ErrorMessage></ErrorMessage>
 </run>
 <run>
  <RunDate>2018-11-26 13:12:20.561 -0500</RunDate>
  <Status>Success</Status>
  <Duration>0.908174</Duration>
  <Errors>0</Errors>
  <Warnings>0</Warnings>
  <Exceptions>0</Exceptions>
  <Successes>1</Successes>
  <LogFile>20181126_131220.561/LogFile.txt</LogFile>
  <ReturnValue></ReturnValue>
  <ErrorMessage></ErrorMessage>
 </run>
 <run>
  <RunDate>2018-11-26 13:12:46.619 -0500</RunDate>
  <Status>Success</Status>
  <Duration>0.941403</Duration>
  <Errors>0</Errors>
  <Warnings>0</Warnings>
  <Exceptions>0</Exceptions>
  <Successes>1</Successes>
  <LogFile>20181126_131246.619/LogFile.txt</LogFile>
  <ReturnValue></ReturnValue>
  <ErrorMessage></ErrorMessage>
 </run>
 <run>
  <RunDate>2018-11-26 13:12:58.378 -0500</RunDate>
  <Status>Failure</Status>
  <Duration>0.826439</Duration>
  <Errors>1</Errors>
  <Warnings>0</Warnings>
  <Exceptions>0</Exceptions>
  <Successes>0</Successes>
  <LogFile>20181126_131258.378/LogFile.txt</LogFile>
  <ReturnValue></ReturnValue>
  <ErrorMessage>STUnknownMessage -- ERROR: No Such Command: &#x27;five&#x27;</ErrorMessage>
 </run>
 <run>
  <RunDate>2018-11-26 13:13:14.691 -0500</RunDate>
  <Status>Success</Status>
  <Duration>1.744381</Duration>
  <Errors>0</Errors>
  <Warnings>0</Warnings>
  <Exceptions>0</Exceptions>
  <Successes>1</Successes>
  <LogFile>20181126_131314.691/LogFile.txt</LogFile>
  <ReturnValue></ReturnValue>
  <ErrorMessage></ErrorMessage>
 </run>
 <run>
  <RunDate>2018-11-26 13:13:21.692 -0500</RunDate>
  <Status>Failure</Status>
  <Duration>0.906946</Duration>
  <Errors>1</Errors>
  <Warnings>0</Warnings>
  <Exceptions>0</Exceptions>
  <Successes>0</Successes>
  <LogFile>20181126_131321.692/LogFile.txt</LogFile>
  <ReturnValue></ReturnValue>
  <ErrorMessage>STUnknownMessage -- ERROR: No Such Command: &#x27;four&#x27;</ErrorMessage>
 </run>
 <run>
  <RunDate>2018-11-26 13:13:36.087 -0500</RunDate>
  <Status>Success</Status>
  <Duration>0.849605</Duration>
  <Errors>0</Errors>
  <Warnings>0</Warnings>
  <Exceptions>0</Exceptions>
  <Successes>1</Successes>
  <LogFile>20181126_131336.087/LogFile.txt</LogFile>
  <ReturnValue></ReturnValue>
  <ErrorMessage></ErrorMessage>
 </run>
 <run>
  <RunDate>2018-11-26 13:13:41.413 -0500</RunDate>
  <Status>Failure</Status>
  <Duration>0.805788</Duration>
  <Errors>1</Errors>
  <Warnings>0</Warnings>
  <Exceptions>0</Exceptions>
  <Successes>0</Successes>
  <LogFile>20181126_131341.413/LogFile.txt</LogFile>
  <ReturnValue></ReturnValue>
  <ErrorMessage>STUnknownMessage -- ERROR: No Such Command: &#x27;five&#x27;</ErrorMessage>
 </run>
 <run>
  <RunDate>2018-11-26 13:18:46.159 -0500</RunDate>
  <Status>Failure</Status>
  <Duration>0.637103</Duration>
  <Errors>1</Errors>
  <Warnings>0</Warnings>
  <Exceptions>0</Exceptions>
  <Successes>0</Successes>
  <LogFile>20181126_131846.159/LogFile.txt</LogFile>
  <ReturnValue></ReturnValue>
  <ErrorMessage>STUnknownMessage -- ERROR: No Such Function: &#x27;new&#x27;</ErrorMessage>
 </run>
 <run>
  <RunDate>2018-11-26 14:22:14.200 -0500</RunDate>
  <Status>Failure</Status>
  <Duration>0.468403</Duration>
  <Errors>1</Errors>
  <Warnings>0</Warnings>
  <Exceptions>0</Exceptions>
  <Successes>0</Successes>
  <LogFile>20181126_142214.200/LogFile.txt</LogFile>
  <ReturnValue></ReturnValue>
  <ErrorMessage>SRUN_BadValue -- Bad value for Object expression.  Looking for an object or script identifier, got &#x27;(Utilities/Script2,Utilities/Script3)&#x27;.</ErrorMessage>
 </run>
 <run>
  <RunDate>2018-11-26 14:22:43.508 -0500</RunDate>
  <Status>Failure</Status>
  <Duration>0.325335</Duration>
  <Errors>1</Errors>
  <Warnings>0</Warnings>
  <Exceptions>0</Exceptions>
  <Successes>0</Successes>
  <LogFile>20181126_142243.508/LogFile.txt</LogFile>
  <ReturnValue></ReturnValue>
  <ErrorMessage>SRUN_BadValue -- Bad value for Object expression.  Looking for an object or script identifier, got &#x27;(Script2,Script3)&#x27;.</ErrorMessage>
 </run>
 <run>
  <RunDate>2018-11-26 14:23:16.487 -0500</RunDate>
  <Status>Failure</Status>
  <Duration>0.302120</Duration>
  <Errors>1</Errors>
  <Warnings>0</Warnings>
  <Exceptions>0</Exceptions>
  <Successes>0</Successes>
  <LogFile>20181126_142316.487/LogFile.txt</LogFile>
  <ReturnValue></ReturnValue>
  <ErrorMessage>SRUN_BadValue -- Bad value for Object expression.  Looking for an object or script identifier, got &#x27;(Script2,Script3)&#x27;.</ErrorMessage>
 </run>
 <run>
  <RunDate>2018-11-26 14:24:54.317 -0500</RunDate>
  <Status>Failure</Status>
  <Duration>0.355788</Duration>
  <Errors>1</Errors>
  <Warnings>0</Warnings>
  <Exceptions>0</Exceptions>
  <Successes>0</Successes>
  <LogFile>20181126_142454.317/LogFile.txt</LogFile>
  <ReturnValue></ReturnValue>
  <ErrorMessage>SRUN_BadValue -- Bad value for Object expression.  Looking for an object or script identifier, got &#x27;(Utilities/Script2,Utilities/Script3)&#x27;.</ErrorMessage>
 </run>
 <run>
  <RunDate>2018-11-26 14:25:04.839 -0500</RunDate>
  <Status>Failure</Status>
  <Duration>0.345121</Duration>
  <Errors>1</Errors>
  <Warnings>0</Warnings>
  <Exceptions>0</Exceptions>
  <Successes>0</Successes>
  <LogFile>20181126_142504.839/LogFile.txt</LogFile>
  <ReturnValue></ReturnValue>
  <ErrorMessage>SRUN_BadValue -- Bad value for Object expression.  Looking for an object or script identifier, got &#x27;(Utilities/Script2,Utilities/Script3)&#x27;.</ErrorMessage>
 </run>
 <run>
  <RunDate>2018-11-26 14:25:15.869 -0500</RunDate>
  <Status>Success</Status>
  <Duration>0.379818</Duration>
  <Errors>0</Errors>
  <Warnings>0</Warnings>
  <Exceptions>0</Exceptions>
  <Successes>1</Successes>
  <LogFile>20181126_142515.869/LogFile.txt</LogFile>
  <ReturnValue></ReturnValue>
  <ErrorMessage></ErrorMessage>
 </run>
 <run>
  <RunDate>2018-11-26 14:25:24.711 -0500</RunDate>
  <Status>Success</Status>
  <Duration>0.376337</Duration>
  <Errors>0</Errors>
  <Warnings>0</Warnings>
  <Exceptions>0</Exceptions>
  <Successes>1</Successes>
  <LogFile>20181126_142524.711/LogFile.txt</LogFile>
  <ReturnValue></ReturnValue>
  <ErrorMessage></ErrorMessage>
 </run>
 <run>
  <RunDate>2018-11-26 14:25:33.350 -0500</RunDate>
  <Status>Success</Status>
  <Duration>0.366307</Duration>
  <Errors>0</Errors>
  <Warnings>0</Warnings>
  <Exceptions>0</Exceptions>
  <Successes>1</Successes>
  <LogFile>20181126_142533.350/LogFile.txt</LogFile>
  <ReturnValue></ReturnValue>
  <ErrorMessage></ErrorMessage>
 </run>
 <run>
  <RunDate>2018-11-26 14:27:38.570 -0500</RunDate>
  <Status>Failure</Status>
  <Duration>0.251769</Duration>
  <Errors>1</Errors>
  <Warnings>0</Warnings>
  <Exceptions>0</Exceptions>
  <Successes>0</Successes>
  <LogFile>20181126_142738.570/LogFile.txt</LogFile>
  <ReturnValue></ReturnValue>
  <ErrorMessage>SRUN_BadValue -- Bad value for Object expression.  Looking for an object or script identifier, got &#x27;(Utilities/Script2,Utilities/Script3)&#x27;.</ErrorMessage>
 </run>
 <run>
  <RunDate>2018-11-26 14:27:53.191 -0500</RunDate>
  <Status>Success</Status>
  <Duration>0.370327</Duration>
  <Errors>0</Errors>
  <Warnings>0</Warnings>
  <Exceptions>0</Exceptions>
  <Successes>1</Successes>
  <LogFile>20181126_142753.191/LogFile.txt</LogFile>
  <ReturnValue></ReturnValue>
  <ErrorMessage></ErrorMessage>
 </run>
 <run>
  <RunDate>2018-11-26 14:29:13.277 -0500</RunDate>
  <Status>Success</Status>
  <Duration>0.408469</Duration>
  <Errors>0</Errors>
  <Warnings>0</Warnings>
  <Exceptions>0</Exceptions>
  <Successes>1</Successes>
  <LogFile>20181126_142913.277/LogFile.txt</LogFile>
  <ReturnValue></ReturnValue>
  <ErrorMessage></ErrorMessage>
 </run>
 <run>
  <RunDate>2018-11-26 14:29:28.006 -0500</RunDate>
  <Status>Success</Status>
  <Duration>0.363285</Duration>
  <Errors>0</Errors>
  <Warnings>0</Warnings>
  <Exceptions>0</Exceptions>
  <Successes>1</Successes>
  <LogFile>20181126_142928.006/LogFile.txt</LogFile>
  <ReturnValue></ReturnValue>
  <ErrorMessage></ErrorMessage>
 </run>
 <run>
  <RunDate>2018-11-26 14:30:25.207 -0500</RunDate>
  <Status>Success</Status>
  <Duration>0.352050</Duration>
  <Errors>0</Errors>
  <Warnings>0</Warnings>
  <Exceptions>0</Exceptions>
  <Successes>1</Successes>
  <LogFile>20181126_143025.207/LogFile.txt</LogFile>
  <ReturnValue></ReturnValue>
  <ErrorMessage></ErrorMessage>
 </run>
 <run>
  <RunDate>2018-11-26 14:35:40.290 -0500</RunDate>
  <Status>Success</Status>
  <Duration>0.375354</Duration>
  <Errors>0</Errors>
  <Warnings>0</Warnings>
  <Exceptions>0</Exceptions>
  <Successes>1</Successes>
  <LogFile>20181126_143540.290/LogFile.txt</LogFile>
  <ReturnValue></ReturnValue>
  <ErrorMessage></ErrorMessage>
 </run>
 <run>
  <RunDate>2018-11-26 14:35:49.707 -0500</RunDate>
  <Status>Success</Status>
  <Duration>0.361343</Duration>
  <Errors>0</Errors>
  <Warnings>0</Warnings>
  <Exceptions>0</Exceptions>
  <Successes>1</Successes>
  <LogFile>20181126_143549.707/LogFile.txt</LogFile>
  <ReturnValue></ReturnValue>
  <ErrorMessage></ErrorMessage>
 </run>
 <run>
  <RunDate>2018-11-26 14:36:18.118 -0500</RunDate>
  <Status>Failure</Status>
  <Duration>0.374839</Duration>
  <Errors>1</Errors>
  <Warnings>0</Warnings>
  <Exceptions>0</Exceptions>
  <Successes>0</Successes>
  <LogFile>20181126_143618.118/LogFile.txt</LogFile>
  <ReturnValue></ReturnValue>
  <ErrorMessage>SRUN_BadValue -- Bad value for Object expression.  Looking for an object or script identifier, got &#x27;(/Utilities/Script1,/Utilities/Script3,/Utilities/Script2)&#x27;.</ErrorMessage>
 </run>
 <run>
  <RunDate>2018-11-26 14:39:22.883 -0500</RunDate>
  <Status>Failure</Status>
  <Duration>0.351402</Duration>
  <Errors>1</Errors>
  <Warnings>0</Warnings>
  <Exceptions>0</Exceptions>
  <Successes>0</Successes>
  <LogFile>20181126_143922.883/LogFile.txt</LogFile>
  <ReturnValue></ReturnValue>
  <ErrorMessage>SRUN_BadValue -- Bad value for Object expression.  Looking for an object or script identifier, got &#x27;HLO&#x27;.</ErrorMessage>
 </run>
 <run>
  <RunDate>2018-11-26 14:39:51.974 -0500</RunDate>
  <Status>Success</Status>
  <Duration>0.398322</Duration>
  <Errors>0</Errors>
  <Warnings>0</Warnings>
  <Exceptions>0</Exceptions>
  <Successes>1</Successes>
  <LogFile>20181126_143951.974/LogFile.txt</LogFile>
  <ReturnValue></ReturnValue>
  <ErrorMessage></ErrorMessage>
 </run>
 <run>
  <RunDate>2018-11-26 14:42:07.915 -0500</RunDate>
  <Status>Success</Status>
  <Duration>0.435061</Duration>
  <Errors>0</Errors>
  <Warnings>0</Warnings>
  <Exceptions>0</Exceptions>
  <Successes>1</Successes>
  <LogFile>20181126_144207.915/LogFile.txt</LogFile>
  <ReturnValue></ReturnValue>
  <ErrorMessage></ErrorMessage>
 </run>
 <run>
  <RunDate>2018-11-26 14:42:30.399 -0500</RunDate>
  <Status>Success</Status>
  <Duration>0.417681</Duration>
  <Errors>0</Errors>
  <Warnings>0</Warnings>
  <Exceptions>0</Exceptions>
  <Successes>1</Successes>
  <LogFile>20181126_144230.399/LogFile.txt</LogFile>
  <ReturnValue></ReturnValue>
  <ErrorMessage></ErrorMessage>
 </run>
 <run>
  <RunDate>2018-11-26 14:43:27.341 -0500</RunDate>
  <Status>Success</Status>
  <Duration>0.411145</Duration>
  <Errors>0</Errors>
  <Warnings>0</Warnings>
  <Exceptions>0</Exceptions>
  <Successes>1</Successes>
  <LogFile>20181126_144327.341/LogFile.txt</LogFile>
  <ReturnValue></ReturnValue>
  <ErrorMessage></ErrorMessage>
 </run>
 <run>
  <RunDate>2018-11-26 14:43:48.645 -0500</RunDate>
  <Status>Failure</Status>
  <Duration>0.340222</Duration>
  <Errors>1</Errors>
  <Warnings>0</Warnings>
  <Exceptions>0</Exceptions>
  <Successes>0</Successes>
  <LogFile>20181126_144348.645/LogFile.txt</LogFile>
  <ReturnValue></ReturnValue>
  <ErrorMessage>SRUN_BadValue -- Bad value for Object expression.  Looking for an object or script identifier, got &#x27;&quot;Utilities/Script2&quot;, “Utilities/Script3”&#x27;.</ErrorMessage>
 </run>
 <run>
  <RunDate>2018-11-29 13:57:48.951 -0700</RunDate>
  <Status>Failure</Status>
  <Duration>0.610118</Duration>
  <Errors>1</Errors>
  <Warnings>0</Warnings>
  <Exceptions>0</Exceptions>
  <Successes>0</Successes>
  <LogFile>20181129_135748.951/LogFile.txt</LogFile>
  <ReturnValue></ReturnValue>
  <ErrorMessage>Invalid Object -- These objects were not found: &#x27;&quot;/Utilities/Script1&#x27;&quot;&#x27;</ErrorMessage>
 </run>
 <run>
  <RunDate>2018-11-29 13:58:02.057 -0700</RunDate>
  <Status>Failure</Status>
  <Duration>0.463463</Duration>
  <Errors>1</Errors>
  <Warnings>0</Warnings>
  <Exceptions>0</Exceptions>
  <Successes>0</Successes>
  <LogFile>20181129_135802.057/LogFile.txt</LogFile>
  <ReturnValue></ReturnValue>
  <ErrorMessage>Invalid Object -- These objects were not found: &#x27;/Utilities/Script1&#x27;</ErrorMessage>
 </run>
 <run>
  <RunDate>2018-11-29 13:58:15.268 -0700</RunDate>
  <Status>Failure</Status>
  <Duration>0.507966</Duration>
  <Errors>1</Errors>
  <Warnings>0</Warnings>
  <Exceptions>0</Exceptions>
  <Successes>0</Successes>
  <LogFile>20181129_135815.268/LogFile.txt</LogFile>
  <ReturnValue></ReturnValue>
  <ErrorMessage>Invalid Object -- These objects were not found: &#x27;/Utilities/Script1&#x27;</ErrorMessage>
 </run>
 <run>
  <RunDate>2018-11-29 13:58:23.603 -0700</RunDate>
  <Status>Failure</Status>
  <Duration>0.732475</Duration>
  <Errors>1</Errors>
  <Warnings>0</Warnings>
  <Exceptions>0</Exceptions>
  <Successes>0</Successes>
  <LogFile>20181129_135823.603/LogFile.txt</LogFile>
  <ReturnValue></ReturnValue>
  <ErrorMessage>SRUN_BadValue -- Bad value for Object expression.  Looking for an object or script identifier, got &#x27;HLO&#x27;.</ErrorMessage>
 </run>
 <run>
  <RunDate>2018-11-29 13:59:27.098 -0700</RunDate>
  <Status>Failure</Status>
  <Duration>0.654907</Duration>
  <Errors>1</Errors>
  <Warnings>0</Warnings>
  <Exceptions>0</Exceptions>
  <Successes>0</Successes>
  <LogFile>20181129_135927.098/LogFile.txt</LogFile>
  <ReturnValue></ReturnValue>
  <ErrorMessage>Invalid Object -- These objects were not found: &#x27;&quot;/Utilities/Script1&quot;&#x27;</ErrorMessage>
 </run>
 <run>
  <RunDate>2018-11-29 14:02:55.897 -0700</RunDate>
  <Status>Failure</Status>
  <Duration>0.537249</Duration>
  <Errors>1</Errors>
  <Warnings>0</Warnings>
  <Exceptions>0</Exceptions>
  <Successes>0</Successes>
  <LogFile>20181129_140255.897/LogFile.txt</LogFile>
  <ReturnValue></ReturnValue>
  <ErrorMessage>Invalid Object -- These objects were not found: &#x27;/Utilities/Script1.script&#x27;</ErrorMessage>
 </run>
</runHistory>
