{
  "entries" : [
    {
      "identifier" : "START",
      "message" : "Running MainFromSuite.script",
      "timestamp" : "2021-04-10 22:35:03.578 -0600"
    },
    {
      "handlerName" : "on_mainfromsuite",
      "message" : "[\"\/Users\/ranhesse\/Documents\/Simple_Examples\/Customer HTML Reports\/Sample Suite.suite\/Results\/Workflow01\/20210301_194448.575\/LogFile.json\",\"\/Users\/ranhesse\/Documents\/Simple_Examples\/Customer HTML Reports\/Sample Suite.suite\/Results\/Workflow01\/20210301_194416.595\/LogFile.json\",\"\/Users\/ranhesse\/Documents\/Simple_Examples\/Customer HTML Reports\/Sample Suite.suite\/Results\/Workflow02\/20210301_201248.921\/LogFile.json\",\"\/Users\/ranhesse\/Documents\/Simple_Examples\/Customer HTML Reports\/Sample Suite.suite\/Results\/Workflow02\/20210301_201300.294\/LogFile.json\",\"\/Users\/ranhesse\/Documents\/Simple_Examples\/Customer HTML Reports\/Sample Suite.suite\/Results\/Workflow02\/20210301_201241.059\/LogFile.json\"]",
      "timestamp" : "2021-04-10 22:35:03.639 -0600",
      "identifier" : "Log",
      "scriptName" : "MainFromSuite.script",
      "handlerLine" : 28
    },
    {
      "identifier" : "EndTestCase",
      "message" : "(Duration:\"0.171703\", Errors:\"0\", Exceptions:\"0\", StartTime:\"2021-04-10 22:35:03 -0600\", Successes:\"1\", TestCase:\"MainFromSuite.script\", Warnings:\"0\")",
      "timestamp" : "2021-04-10 22:35:03.750 -0600"
    },
    {
      "identifier" : "SUCCESS",
      "message" : "Execution Time 0:00:00 MainFromSuite.script",
      "timestamp" : "2021-04-10 22:35:03.759 -0600"
    }
  ],
  "createdTimestamp" : "2021-04-10 22:35:03.578 -0600"
}