{
  "entries" : [
    {
      "identifier" : "START",
      "message" : "Running Example OverLoad API.script",
      "timestamp" : "2020-08-11 10:37:45.348 -0600"
    },
    {
      "identifier" : "EndTestCase",
      "message" : "(Duration:\"0.607936\", Errors:\"1\", Exceptions:\"0\", StartTime:\"2020-08-11 10:37:45 -0600\", Successes:\"0\", TestCase:\"Example OverLoad API.script\", Warnings:\"0\")",
      "timestamp" : "2020-08-11 10:37:45.957 -0600"
    },
    {
      "identifier" : "FAILURE",
      "message" : "STUnknownMessage ERROR: No Such Function: 'data' -- Execution Time 0:00:00 Example OverLoad API.script",
      "timestamp" : "2020-08-11 10:37:45.973 -0600"
    }
  ],
  "createdTimestamp" : "2020-08-11 10:37:45.348 -0600"
}