{
  "entries" : [
    {
      "identifier" : "START",
      "message" : "Running index.script",
      "timestamp" : "2020-03-04 14:49:22.214 -0700"
    },
    {
      "handlerName" : "on_initialize",
      "message" : "Finding all the color",
      "timestamp" : "2020-03-04 14:49:22.427 -0700",
      "identifier" : "Log",
      "scriptName" : "",
      "handlerLine" : 2
    },
    {
      "handlerName" : "on_initialize",
      "message" : "calculating...",
      "timestamp" : "2020-03-04 14:49:26.444 -0700",
      "identifier" : "Log",
      "scriptName" : "",
      "handlerLine" : 31
    },
    {
      "handlerName" : "on_index",
      "message" : "E6A082",
      "timestamp" : "2020-03-04 14:49:26.787 -0700",
      "identifier" : "Log",
      "scriptName" : "index.script",
      "handlerLine" : 15
    },
    {
      "handlerName" : "on_index",
      "message" : "(230,160,130)",
      "timestamp" : "2020-03-04 14:49:27.132 -0700",
      "identifier" : "Log",
      "scriptName" : "index.script",
      "handlerLine" : 16
    },
    {
      "handlerName" : "function_pixelmatch",
      "message" : "Pixel Count is: 16512",
      "timestamp" : "2020-03-04 14:49:27.207 -0700",
      "identifier" : "Log",
      "scriptName" : "",
      "handlerLine" : 9
    },
    {
      "handlerName" : "function_pixelmatch",
      "message" : "Still working on it...",
      "timestamp" : "2020-03-04 14:49:33.744 -0700",
      "identifier" : "Log",
      "scriptName" : "",
      "handlerLine" : 37
    },
    {
      "handlerName" : "function_pixelmatch",
      "message" : "Still working on it...",
      "timestamp" : "2020-03-04 14:49:40.524 -0700",
      "identifier" : "Log",
      "scriptName" : "",
      "handlerLine" : 37
    },
    {
      "handlerName" : "function_pixelmatch",
      "message" : "Still working on it...",
      "timestamp" : "2020-03-04 14:49:47.252 -0700",
      "identifier" : "Log",
      "scriptName" : "",
      "handlerLine" : 37
    },
    {
      "handlerName" : "function_pixelmatch",
      "message" : "Still working on it...",
      "timestamp" : "2020-03-04 14:49:54.165 -0700",
      "identifier" : "Log",
      "scriptName" : "",
      "handlerLine" : 37
    },
    {
      "handlerName" : "function_pixelmatch",
      "message" : "Still working on it...",
      "timestamp" : "2020-03-04 14:50:00.979 -0700",
      "identifier" : "Log",
      "scriptName" : "",
      "handlerLine" : 37
    },
    {
      "handlerName" : "function_pixelmatch",
      "message" : "Still working on it...",
      "timestamp" : "2020-03-04 14:50:07.655 -0700",
      "identifier" : "Log",
      "scriptName" : "",
      "handlerLine" : 37
    },
    {
      "handlerName" : "function_pixelmatch",
      "message" : "Still working on it...",
      "timestamp" : "2020-03-04 14:50:14.057 -0700",
      "identifier" : "Log",
      "scriptName" : "",
      "handlerLine" : 37
    },
    {
      "handlerName" : "function_pixelmatch",
      "message" : "Still working on it...",
      "timestamp" : "2020-03-04 14:50:20.799 -0700",
      "identifier" : "Log",
      "scriptName" : "",
      "handlerLine" : 37
    },
    {
      "handlerName" : "function_pixelmatch",
      "message" : "Still working on it...",
      "timestamp" : "2020-03-04 14:50:27.388 -0700",
      "identifier" : "Log",
      "scriptName" : "",
      "handlerLine" : 37
    },
    {
      "handlerName" : "function_pixelmatch",
      "message" : "Still working on it...",
      "timestamp" : "2020-03-04 14:50:33.974 -0700",
      "identifier" : "Log",
      "scriptName" : "",
      "handlerLine" : 37
    },
    {
      "handlerName" : "function_pixelmatch",
      "message" : "Still working on it...",
      "timestamp" : "2020-03-04 14:50:40.607 -0700",
      "identifier" : "Log",
      "scriptName" : "",
      "handlerLine" : 37
    },
    {
      "handlerName" : "function_pixelmatch",
      "message" : "Still working on it...",
      "timestamp" : "2020-03-04 14:50:47.384 -0700",
      "identifier" : "Log",
      "scriptName" : "",
      "handlerLine" : 37
    },
    {
      "handlerName" : "function_pixelmatch",
      "message" : "Still working on it...",
      "timestamp" : "2020-03-04 14:50:54.286 -0700",
      "identifier" : "Log",
      "scriptName" : "",
      "handlerLine" : 37
    },
    {
      "handlerName" : "function_pixelmatch",
      "message" : "Still working on it...",
      "timestamp" : "2020-03-04 14:51:01.260 -0700",
      "identifier" : "Log",
      "scriptName" : "",
      "handlerLine" : 37
    },
    {
      "handlerName" : "function_pixelmatch",
      "message" : "Still working on it...",
      "timestamp" : "2020-03-04 14:51:08.375 -0700",
      "identifier" : "Log",
      "scriptName" : "",
      "handlerLine" : 37
    },
    {
      "handlerName" : "function_pixelmatch",
      "message" : "Still working on it...",
      "timestamp" : "2020-03-04 14:51:15.124 -0700",
      "identifier" : "Log",
      "scriptName" : "",
      "handlerLine" : 37
    },
    {
      "handlerName" : "on_index",
      "message" : "(Defined_Green:\"1782\", Defined_Orange:\"1710\", Defined_Red:\"5173\")",
      "timestamp" : "2020-03-04 14:51:18.584 -0700",
      "identifier" : "Log",
      "scriptName" : "index.script",
      "handlerLine" : 17
    },
    {
      "handlerName" : "on_index",
      "message" : "16512",
      "timestamp" : "2020-03-04 14:51:18.586 -0700",
      "identifier" : "Log",
      "scriptName" : "index.script",
      "handlerLine" : 20
    },
    {
      "identifier" : "EndTestCase",
      "message" : "(Duration:\"117.278894\", Errors:\"0\", Exceptions:\"0\", StartTime:\"2020-03-04 14:49:22 -0700\", Successes:\"1\", TestCase:\"index.script\", Warnings:\"0\")",
      "timestamp" : "2020-03-04 14:51:19.495 -0700"
    },
    {
      "identifier" : "SUCCESS",
      "message" : "Execution Time 0:01:57 index.script",
      "timestamp" : "2020-03-04 14:51:19.507 -0700"
    }
  ],
  "createdTimestamp" : "2020-03-04 14:49:22.215 -0700"
}