{
  "entries" : [
    {
      "identifier" : "START",
      "message" : "Running Main02.script",
      "timestamp" : "2021-03-31 13:57:34.072 -0600"
    },
    {
      "handlerName" : "on_definelocation",
      "message" : "Overwritting Folder",
      "timestamp" : "2021-03-31 13:57:34.116 -0600",
      "identifier" : "LogWarning",
      "scriptName" : "",
      "handlerLine" : 3
    },
    {
      "identifier" : "EndTestCase",
      "message" : "(Duration:\"0.190874\", Errors:\"0\", Exceptions:\"0\", StartTime:\"2021-03-31 13:57:34 -0600\", Successes:\"1\", TestCase:\"Main02.script\", Warnings:\"1\")",
      "timestamp" : "2021-03-31 13:57:34.263 -0600"
    },
    {
      "identifier" : "SUCCESS",
      "message" : "Execution Time 0:00:00 Main02.script",
      "timestamp" : "2021-03-31 13:57:34.270 -0600"
    }
  ],
  "createdTimestamp" : "2021-03-31 13:57:34.072 -0600"
}