{
  "entries" : [
    {
      "identifier" : "START",
      "message" : "Running VerifyResponse.script",
      "timestamp" : "2020-08-05 10:30:07.642 -0600"
    },
    {
      "handlerName" : "on_verifyresponse",
      "message" : "data from Response Body {hand:\"wave\"}",
      "timestamp" : "2020-08-05 10:30:07.899 -0600",
      "identifier" : "Log",
      "scriptName" : "VerifyResponse.script",
      "handlerLine" : 6
    },
    {
      "identifier" : "EndTestCase",
      "message" : "(Duration:\"1.442886\", Errors:\"0\", Exceptions:\"0\", StartTime:\"2020-08-05 10:30:07 -0600\", Successes:\"1\", TestCase:\"VerifyResponse.script\", Warnings:\"0\")",
      "timestamp" : "2020-08-05 10:30:09.088 -0600"
    },
    {
      "identifier" : "SUCCESS",
      "message" : "Execution Time 0:00:01 VerifyResponse.script",
      "timestamp" : "2020-08-05 10:30:09.103 -0600"
    }
  ],
  "createdTimestamp" : "2020-08-05 10:30:07.644 -0600"
}