{
  "entries" : [
    {
      "identifier" : "EndTestCase",
      "message" : "(Duration:\"0.100726\", Errors:\"0\", Exceptions:\"0\", StartTime:\"2019-04-18 17:20:33 -0600\", Successes:\"3\", TestCase:\"Master2.script\", Warnings:\"0\")",
      "timestamp" : "2019-04-18 17:20:33.555 -0600"
    },
    {
      "identifier" : "SUCCESS",
      "message" : "Execution Time 0:00:00 Master2.script",
      "timestamp" : "2019-04-18 17:20:33.561 -0600"
    }
  ],
  "createdTimestamp" : "2019-04-18 17:20:33.556 -0600"
}