{
  "entries" : [
    {
      "identifier" : "START",
      "message" : "Running index Second.script",
      "timestamp" : "2018-11-28 15:40:31.108 -0500"
    },
    {
      "identifier" : "EndTestCase",
      "message" : "(Duration:\"1.02068\", Errors:\"0\", Exceptions:\"0\", StartTime:\"2018-11-28 15:40:31 -0500\", Successes:\"1\", TestCase:\"index Second.script\", Warnings:\"0\")",
      "timestamp" : "2018-11-28 15:40:32.162 -0500"
    },
    {
      "identifier" : "SUCCESS",
      "message" : "Execution Time 0:00:01 index Second.script",
      "timestamp" : "2018-11-28 15:40:32.224 -0500"
    }
  ],
  "createdTimestamp" : "2018-11-28 15:40:31.141 -0500"
}