{
  "entries" : [
    {
      "identifier" : "START",
      "message" : "Running Script1.script",
      "timestamp" : "2020-05-14 10:14:51.904 -0600"
    },
    {
      "identifier" : "EndTestCase",
      "message" : "(Duration:\"7.298821\", Errors:\"1\", Exceptions:\"0\", StartTime:\"2020-05-14 10:14:51 -0600\", Successes:\"0\", TestCase:\"Script1.script\", Warnings:\"0\")",
      "timestamp" : "2020-05-14 10:14:59.204 -0600"
    },
    {
      "identifier" : "ABORTED",
      "message" : "Execution Time 0:00:07 Script1.script",
      "timestamp" : "2020-05-14 10:14:59.207 -0600"
    }
  ],
  "createdTimestamp" : "2020-05-14 10:14:51.905 -0600"
}