{
  "entries" : [
    {
      "identifier" : "START",
      "message" : "Running MainFromSuite.script",
      "timestamp" : "2021-04-13 09:23:10.717 -0600"
    },
    {
      "handlerName" : "on_definelocation",
      "message" : "Overwritting Folder",
      "timestamp" : "2021-04-13 09:23:11.045 -0600",
      "identifier" : "LogWarning",
      "scriptName" : "",
      "handlerLine" : 3
    },
    {
      "handlerName" : "on_definelocation",
      "message" : "Overwritting Folder",
      "timestamp" : "2021-04-13 09:23:11.140 -0600",
      "identifier" : "LogWarning",
      "scriptName" : "",
      "handlerLine" : 3
    },
    {
      "handlerName" : "on_definelocation",
      "message" : "Overwritting Folder",
      "timestamp" : "2021-04-13 09:23:11.223 -0600",
      "identifier" : "LogWarning",
      "scriptName" : "",
      "handlerLine" : 3
    },
    {
      "handlerName" : "on_definelocation",
      "message" : "Overwritting Folder",
      "timestamp" : "2021-04-13 09:23:11.323 -0600",
      "identifier" : "LogWarning",
      "scriptName" : "",
      "handlerLine" : 3
    },
    {
      "handlerName" : "on_definelocation",
      "message" : "Overwritting Folder",
      "timestamp" : "2021-04-13 09:23:11.411 -0600",
      "identifier" : "LogWarning",
      "scriptName" : "",
      "handlerLine" : 3
    },
    {
      "identifier" : "EndTestCase",
      "message" : "(Duration:\"0.913448\", Errors:\"1\", Exceptions:\"0\", StartTime:\"2021-04-13 09:23:10 -0600\", Successes:\"0\", TestCase:\"MainFromSuite.script\", Warnings:\"5\")",
      "timestamp" : "2021-04-13 09:23:11.632 -0600"
    },
    {
      "identifier" : "FAILURE",
      "message" : "NSInvalidArgumentException data parameter is nil -- Execution Time 0:00:00 MainFromSuite.script",
      "timestamp" : "2021-04-13 09:23:11.642 -0600"
    }
  ],
  "createdTimestamp" : "2021-04-13 09:23:10.718 -0600"
}