{
  "entries" : [
    {
      "identifier" : "START",
      "message" : "Running LocateObject.script",
      "timestamp" : "2020-04-27 15:54:51.817 -0600"
    },
    {
      "handlerName" : "on_locateobject",
      "message" : "(0,0,1920,964)",
      "identifier" : "capturescreen",
      "image" : "\/Users\/randyhesse\/Documents\/Simple_Examples\/facial_recognition.suite\/Resources\/InputPicture.png",
      "handlerLine" : 3,
      "timestamp" : "2020-04-27 15:54:52.376 -0600",
      "scriptName" : "LocateObject.script"
    },
    {
      "handlerName" : "on_locateobject",
      "message" : "Input Full Path InputPicture.png\\nOutput Full Path OutputPicture.png\\ndetected (940,347)-(1200,607)\\ndetected (1534,270)-(1640,376)\\ndetected (1298,224)-(1561,487)\\ndetected (346,243)-(646,543)\\n",
      "timestamp" : "2020-04-27 15:54:56.340 -0600",
      "identifier" : "Log",
      "scriptName" : "LocateObject.script",
      "handlerLine" : 22
    },
    {
      "handlerName" : "on_locateobject",
      "message" : "[\"detected\",\"(940,347)-(1200,607)\"]",
      "timestamp" : "2020-04-27 15:54:56.350 -0600",
      "identifier" : "Log",
      "scriptName" : "LocateObject.script",
      "handlerLine" : 30
    },
    {
      "handlerName" : "on_locateobject",
      "message" : "(940,347,1200,607)",
      "timestamp" : "2020-04-27 15:54:56.353 -0600",
      "identifier" : "Log",
      "scriptName" : "LocateObject.script",
      "handlerLine" : 33
    },
    {
      "handlerName" : "on_locateobject",
      "message" : "[\"detected\",\"(1534,270)-(1640,376)\"]",
      "timestamp" : "2020-04-27 15:54:56.358 -0600",
      "identifier" : "Log",
      "scriptName" : "LocateObject.script",
      "handlerLine" : 30
    },
    {
      "handlerName" : "on_locateobject",
      "message" : "(1534,270,1640,376)",
      "timestamp" : "2020-04-27 15:54:56.361 -0600",
      "identifier" : "Log",
      "scriptName" : "LocateObject.script",
      "handlerLine" : 33
    },
    {
      "handlerName" : "on_locateobject",
      "message" : "[\"detected\",\"(1298,224)-(1561,487)\"]",
      "timestamp" : "2020-04-27 15:54:56.366 -0600",
      "identifier" : "Log",
      "scriptName" : "LocateObject.script",
      "handlerLine" : 30
    },
    {
      "handlerName" : "on_locateobject",
      "message" : "(1298,224,1561,487)",
      "timestamp" : "2020-04-27 15:54:56.371 -0600",
      "identifier" : "Log",
      "scriptName" : "LocateObject.script",
      "handlerLine" : 33
    },
    {
      "handlerName" : "on_locateobject",
      "message" : "[\"detected\",\"(346,243)-(646,543)\"]",
      "timestamp" : "2020-04-27 15:54:56.375 -0600",
      "identifier" : "Log",
      "scriptName" : "LocateObject.script",
      "handlerLine" : 30
    },
    {
      "handlerName" : "on_locateobject",
      "message" : "(346,243,646,543)",
      "timestamp" : "2020-04-27 15:54:56.380 -0600",
      "identifier" : "Log",
      "scriptName" : "LocateObject.script",
      "handlerLine" : 33
    },
    {
      "identifier" : "EndTestCase",
      "message" : "(Duration:\"5.442136\", Errors:\"0\", Exceptions:\"0\", StartTime:\"2020-04-27 15:54:51 -0600\", Successes:\"1\", TestCase:\"LocateObject.script\", Warnings:\"0\")",
      "timestamp" : "2020-04-27 15:54:57.263 -0600"
    },
    {
      "identifier" : "SUCCESS",
      "message" : "Execution Time 0:00:05 LocateObject.script",
      "timestamp" : "2020-04-27 15:54:57.292 -0600"
    }
  ],
  "createdTimestamp" : "2020-04-27 15:54:51.820 -0600"
}