{
  "entries" : [
    {
      "identifier" : "START",
      "message" : "Running index.script",
      "timestamp" : "2020-03-04 15:14:38.218 -0700"
    },
    {
      "identifier" : "EndTestCase",
      "message" : "(Duration:\"0.000793\", Errors:\"1\", Exceptions:\"0\", StartTime:\"2020-03-04 15:14:38 -0700\", Successes:\"0\", TestCase:\"index.script\", Warnings:\"0\")",
      "timestamp" : "2020-03-04 15:14:38.221 -0700"
    },
    {
      "message" : "SenseTalk Compiler Exception in index:\\nSyntax Error at line 4: Syntax Error - can't understand \"into\" at character 57 -- Execution Time 0:00:00 index.script",
      "timestamp" : "2020-03-04 15:14:38.493 -0700",
      "identifier" : "FAILURE",
      "image" : "Screen_Error.png"
    }
  ],
  "createdTimestamp" : "2020-03-04 15:14:38.220 -0700"
}