{
  "entries" : [
    {
      "identifier" : "START",
      "message" : "Running Index.script",
      "timestamp" : "2018-11-21 17:22:26.394 -0500"
    },
    {
      "handlerName" : "on_processingmain",
      "message" : "Todays Date is 11.21.2018",
      "timestamp" : "2018-11-21 17:22:26.726 -0500",
      "identifier" : "Log",
      "scriptName" : "ProcessingMain.script",
      "handlerLine" : 13
    },
    {
      "handlerName" : "on_processing_create",
      "message" : "-------------------------------------",
      "timestamp" : "2018-11-21 17:22:26.797 -0500",
      "identifier" : "Log",
      "scriptName" : "Processing\/Create.script",
      "handlerLine" : 4
    },
    {
      "handlerName" : "on_processing_create",
      "message" : "Creating the Patient ",
      "timestamp" : "2018-11-21 17:22:26.835 -0500",
      "identifier" : "Log",
      "scriptName" : "Processing\/Create.script",
      "handlerLine" : 5
    },
    {
      "handlerName" : "on_processing_create",
      "message" : "Frist Name Homer",
      "timestamp" : "2018-11-21 17:22:26.872 -0500",
      "identifier" : "Log",
      "scriptName" : "Processing\/Create.script",
      "handlerLine" : 6
    },
    {
      "handlerName" : "on_processing_create",
      "message" : "Middle Name M",
      "timestamp" : "2018-11-21 17:22:26.906 -0500",
      "identifier" : "Log",
      "scriptName" : "Processing\/Create.script",
      "handlerLine" : 7
    },
    {
      "handlerName" : "on_processing_create",
      "message" : "Last Name SquarePants",
      "timestamp" : "2018-11-21 17:22:26.944 -0500",
      "identifier" : "Log",
      "scriptName" : "Processing\/Create.script",
      "handlerLine" : 8
    },
    {
      "handlerName" : "on_processing_create",
      "message" : "-------------------------------------",
      "timestamp" : "2018-11-21 17:22:27.003 -0500",
      "identifier" : "Log",
      "scriptName" : "Processing\/Create.script",
      "handlerLine" : 4
    },
    {
      "handlerName" : "on_processing_create",
      "message" : "Creating the Patient ",
      "timestamp" : "2018-11-21 17:22:27.041 -0500",
      "identifier" : "Log",
      "scriptName" : "Processing\/Create.script",
      "handlerLine" : 5
    },
    {
      "handlerName" : "on_processing_create",
      "message" : "Frist Name James",
      "timestamp" : "2018-11-21 17:22:27.078 -0500",
      "identifier" : "Log",
      "scriptName" : "Processing\/Create.script",
      "handlerLine" : 6
    },
    {
      "handlerName" : "on_processing_create",
      "message" : "Middle Name Y",
      "timestamp" : "2018-11-21 17:22:27.111 -0500",
      "identifier" : "Log",
      "scriptName" : "Processing\/Create.script",
      "handlerLine" : 7
    },
    {
      "handlerName" : "on_processing_create",
      "message" : "Last Name Simpson",
      "timestamp" : "2018-11-21 17:22:27.147 -0500",
      "identifier" : "Log",
      "scriptName" : "Processing\/Create.script",
      "handlerLine" : 8
    },
    {
      "handlerName" : "on_processing_create",
      "message" : "-------------------------------------",
      "timestamp" : "2018-11-21 17:22:27.220 -0500",
      "identifier" : "Log",
      "scriptName" : "Processing\/Create.script",
      "handlerLine" : 4
    },
    {
      "handlerName" : "on_processing_create",
      "message" : "Creating the Patient ",
      "timestamp" : "2018-11-21 17:22:27.257 -0500",
      "identifier" : "Log",
      "scriptName" : "Processing\/Create.script",
      "handlerLine" : 5
    },
    {
      "handlerName" : "on_processing_create",
      "message" : "Frist Name Optimus",
      "timestamp" : "2018-11-21 17:22:27.294 -0500",
      "identifier" : "Log",
      "scriptName" : "Processing\/Create.script",
      "handlerLine" : 6
    },
    {
      "handlerName" : "on_processing_create",
      "message" : "Middle Name Y",
      "timestamp" : "2018-11-21 17:22:27.331 -0500",
      "identifier" : "Log",
      "scriptName" : "Processing\/Create.script",
      "handlerLine" : 7
    },
    {
      "handlerName" : "on_processing_create",
      "message" : "Last Name Prime",
      "timestamp" : "2018-11-21 17:22:27.368 -0500",
      "identifier" : "Log",
      "scriptName" : "Processing\/Create.script",
      "handlerLine" : 8
    },
    {
      "handlerName" : "on_processing_coding",
      "message" : "-------------------------------------",
      "timestamp" : "2018-11-21 17:22:27.412 -0500",
      "identifier" : "Log",
      "scriptName" : "Processing\/Coding.script",
      "handlerLine" : 4
    },
    {
      "handlerName" : "on_processing_coding",
      "message" : "Coding the Patient ",
      "timestamp" : "2018-11-21 17:22:27.452 -0500",
      "identifier" : "Log",
      "scriptName" : "Processing\/Coding.script",
      "handlerLine" : 5
    },
    {
      "handlerName" : "on_processing_coding",
      "message" : "Frist Name Optimus",
      "timestamp" : "2018-11-21 17:22:27.490 -0500",
      "identifier" : "Log",
      "scriptName" : "Processing\/Coding.script",
      "handlerLine" : 6
    },
    {
      "handlerName" : "on_processing_coding",
      "message" : "Middle Name Y",
      "timestamp" : "2018-11-21 17:22:27.524 -0500",
      "identifier" : "Log",
      "scriptName" : "Processing\/Coding.script",
      "handlerLine" : 7
    },
    {
      "handlerName" : "on_processing_coding",
      "message" : "Last Name Prime",
      "timestamp" : "2018-11-21 17:22:27.561 -0500",
      "identifier" : "Log",
      "scriptName" : "Processing\/Coding.script",
      "handlerLine" : 8
    },
    {
      "handlerName" : "on_processing_create",
      "message" : "-------------------------------------",
      "timestamp" : "2018-11-21 17:22:27.638 -0500",
      "identifier" : "Log",
      "scriptName" : "Processing\/Create.script",
      "handlerLine" : 4
    },
    {
      "handlerName" : "on_processing_create",
      "message" : "Creating the Patient ",
      "timestamp" : "2018-11-21 17:22:27.676 -0500",
      "identifier" : "Log",
      "scriptName" : "Processing\/Create.script",
      "handlerLine" : 5
    },
    {
      "handlerName" : "on_processing_create",
      "message" : "Frist Name James",
      "timestamp" : "2018-11-21 17:22:27.711 -0500",
      "identifier" : "Log",
      "scriptName" : "Processing\/Create.script",
      "handlerLine" : 6
    },
    {
      "handlerName" : "on_processing_create",
      "message" : "Middle Name O",
      "timestamp" : "2018-11-21 17:22:27.747 -0500",
      "identifier" : "Log",
      "scriptName" : "Processing\/Create.script",
      "handlerLine" : 7
    },
    {
      "handlerName" : "on_processing_create",
      "message" : "Last Name Simpson",
      "timestamp" : "2018-11-21 17:22:27.784 -0500",
      "identifier" : "Log",
      "scriptName" : "Processing\/Create.script",
      "handlerLine" : 8
    },
    {
      "identifier" : "EndTestCase",
      "message" : "(Duration:\"1.639322\", Errors:\"0\", Exceptions:\"0\", StartTime:\"2018-11-21 17:22:26 -0500\", Successes:\"1\", TestCase:\"Index.script\", Warnings:\"0\")",
      "timestamp" : "2018-11-21 17:22:28.054 -0500"
    },
    {
      "identifier" : "SUCCESS",
      "message" : "Execution Time 0:00:01 Index.script",
      "timestamp" : "2018-11-21 17:22:28.102 -0500"
    }
  ],
  "createdTimestamp" : "2018-11-21 17:22:26.415 -0500"
}