{
  "entries" : [
    {
      "identifier" : "START",
      "message" : "Running Master.script",
      "timestamp" : "2018-11-26 14:42:30.401 -0500"
    },
    {
      "handlerName" : "on_master",
      "message" : "(\"\/Utilities\/Script1'\",\"\/Utilities\/Script3'\",\"\/Utilities\/Script2'\")",
      "timestamp" : "2018-11-26 14:42:30.507 -0500",
      "identifier" : "Log",
      "scriptName" : "Master.script",
      "handlerLine" : 24
    },
    {
      "identifier" : "EndTestCase",
      "message" : "(Duration:\"0.392975\", Errors:\"0\", Exceptions:\"0\", StartTime:\"2018-11-26 14:42:30 -0500\", Successes:\"1\", TestCase:\"Master.script\", Warnings:\"0\")",
      "timestamp" : "2018-11-26 14:42:30.818 -0500"
    },
    {
      "identifier" : "SUCCESS",
      "message" : "Execution Time 0:00:00 Master.script",
      "timestamp" : "2018-11-26 14:42:30.869 -0500"
    }
  ],
  "createdTimestamp" : "2018-11-26 14:42:30.424 -0500"
}