{
  "entries" : [
    {
      "identifier" : "START",
      "message" : "Running Master.script",
      "timestamp" : "2018-11-26 12:47:02.189 -0500"
    },
    {
      "handlerName" : "on_master",
      "message" : "(Script1.script,Script2.script)",
      "timestamp" : "2018-11-26 12:47:02.289 -0500",
      "identifier" : "Log",
      "scriptName" : "Master.script",
      "handlerLine" : 8
    },
    {
      "handlerName" : "on_master",
      "timestamp" : "2018-11-26 12:47:02.352 -0500",
      "identifier" : "Log",
      "scriptName" : "Master.script",
      "handlerLine" : 14
    },
    {
      "identifier" : "EndTestCase",
      "message" : "(Duration:\"0.720853\", Errors:\"0\", Exceptions:\"0\", StartTime:\"2018-11-26 12:47:02 -0500\", Successes:\"1\", TestCase:\"Master.script\", Warnings:\"0\")",
      "timestamp" : "2018-11-26 12:47:02.940 -0500"
    },
    {
      "identifier" : "SUCCESS",
      "message" : "Execution Time 0:00:00 Master.script",
      "timestamp" : "2018-11-26 12:47:02.990 -0500"
    }
  ],
  "createdTimestamp" : "2018-11-26 12:47:02.218 -0500"
}