﻿<?xml version="1.0"?>
<runHistory script="IndexDataSoruce">
 <run>
  <RunDate>2018-11-08 10:39:17.170 -0700</RunDate>
  <Status>Success</Status>
  <Duration>4.898541</Duration>
  <Errors>0</Errors>
  <Warnings>0</Warnings>
  <Exceptions>0</Exceptions>
  <Successes>1</Successes>
  <LogFile>20181108_103917.170/LogFile.txt</LogFile>
  <ReturnValue></ReturnValue>
  <ErrorMessage></ErrorMessage>
 </run>
 <run>
  <RunDate>2018-11-08 10:40:43.132 -0700</RunDate>
  <Status>Failure</Status>
  <Duration>0.567783</Duration>
  <Errors>1</Errors>
  <Warnings>0</Warnings>
  <Exceptions>0</Exceptions>
  <Successes>0</Successes>
  <LogFile>20181108_104043.132/LogFile.txt</LogFile>
  <ReturnValue></ReturnValue>
  <ErrorMessage>STUnknownMessage -- ERROR: No Such Function: &#x27;elementidentifier&#x27;</ErrorMessage>
 </run>
 <run>
  <RunDate>2018-11-08 10:40:55.956 -0700</RunDate>
  <Status>Failure</Status>
  <Duration>0.530932</Duration>
  <Errors>1</Errors>
  <Warnings>0</Warnings>
  <Exceptions>0</Exceptions>
  <Successes>0</Successes>
  <LogFile>20181108_104055.956/LogFile.txt</LogFile>
  <ReturnValue></ReturnValue>
  <ErrorMessage>STUnknownMessage -- ERROR: No Such Function: &#x27;elementidentifier&#x27;</ErrorMessage>
 </run>
 <run>
  <RunDate>2018-11-08 10:41:26.314 -0700</RunDate>
  <Status>Failure</Status>
  <Duration>0.492176</Duration>
  <Errors>1</Errors>
  <Warnings>0</Warnings>
  <Exceptions>0</Exceptions>
  <Successes>0</Successes>
  <LogFile>20181108_104126.314/LogFile.txt</LogFile>
  <ReturnValue></ReturnValue>
  <ErrorMessage>STUnknownMessage -- ERROR: No Such Function: &#x27;elementidentifier&#x27;</ErrorMessage>
 </run>
 <run>
  <RunDate>2018-11-08 10:41:41.056 -0700</RunDate>
  <Status>Failure</Status>
  <Duration>0.552326</Duration>
  <Errors>1</Errors>
  <Warnings>0</Warnings>
  <Exceptions>0</Exceptions>
  <Successes>0</Successes>
  <LogFile>20181108_104141.056/LogFile.txt</LogFile>
  <ReturnValue></ReturnValue>
  <ErrorMessage>STUnknownMessage -- ERROR: No Such Function: &#x27;*[@id=&quot;quotestartform_ueno&quot;]&#x27;</ErrorMessage>
 </run>
 <run>
  <RunDate>2018-11-08 10:42:00.526 -0700</RunDate>
  <Status>Failure</Status>
  <Duration>0.489284</Duration>
  <Errors>1</Errors>
  <Warnings>0</Warnings>
  <Exceptions>0</Exceptions>
  <Successes>0</Successes>
  <LogFile>20181108_104200.526/LogFile.txt</LogFile>
  <ReturnValue></ReturnValue>
  <ErrorMessage>STUnknownMessage -- ERROR: No Such Function: &#x27;blah&#x27;</ErrorMessage>
 </run>
 <run>
  <RunDate>2018-11-08 10:42:21.791 -0700</RunDate>
  <Status>Success</Status>
  <Duration>0.482288</Duration>
  <Errors>0</Errors>
  <Warnings>0</Warnings>
  <Exceptions>0</Exceptions>
  <Successes>1</Successes>
  <LogFile>20181108_104221.791/LogFile.txt</LogFile>
  <ReturnValue></ReturnValue>
  <ErrorMessage></ErrorMessage>
 </run>
 <run>
  <RunDate>2018-11-08 10:42:31.752 -0700</RunDate>
  <Status>Success</Status>
  <Duration>0.477163</Duration>
  <Errors>0</Errors>
  <Warnings>0</Warnings>
  <Exceptions>0</Exceptions>
  <Successes>1</Successes>
  <LogFile>20181108_104231.752/LogFile.txt</LogFile>
  <ReturnValue></ReturnValue>
  <ErrorMessage></ErrorMessage>
 </run>
 <run>
  <RunDate>2018-11-08 10:43:21.283 -0700</RunDate>
  <Status>Success</Status>
  <Duration>1.060740</Duration>
  <Errors>0</Errors>
  <Warnings>0</Warnings>
  <Exceptions>0</Exceptions>
  <Successes>1</Successes>
  <LogFile>20181108_104321.283/LogFile.txt</LogFile>
  <ReturnValue></ReturnValue>
  <ErrorMessage></ErrorMessage>
 </run>
 <run>
  <RunDate>2018-11-08 10:43:47.346 -0700</RunDate>
  <Status>Success</Status>
  <Duration>1.025511</Duration>
  <Errors>0</Errors>
  <Warnings>0</Warnings>
  <Exceptions>0</Exceptions>
  <Successes>1</Successes>
  <LogFile>20181108_104347.346/LogFile.txt</LogFile>
  <ReturnValue></ReturnValue>
  <ErrorMessage></ErrorMessage>
 </run>
 <run>
  <RunDate>2018-11-08 10:44:36.261 -0700</RunDate>
  <Status>Success</Status>
  <Duration>1.083684</Duration>
  <Errors>0</Errors>
  <Warnings>0</Warnings>
  <Exceptions>0</Exceptions>
  <Successes>1</Successes>
  <LogFile>20181108_104436.261/LogFile.txt</LogFile>
  <ReturnValue></ReturnValue>
  <ErrorMessage></ErrorMessage>
 </run>
 <run>
  <RunDate>2018-11-08 10:47:45.992 -0700</RunDate>
  <Status>Failure</Status>
  <Duration>1.176049</Duration>
  <Errors>1</Errors>
  <Warnings>0</Warnings>
  <Exceptions>0</Exceptions>
  <Successes>1</Successes>
  <LogFile>20181108_104745.992/LogFile.txt</LogFile>
  <ReturnValue></ReturnValue>
  <ErrorMessage>InvalidWebElementIdentifier -- Only one property may be used to identify a web element (got webLinkText,webXPath)</ErrorMessage>
 </run>
 <run>
  <RunDate>2018-11-08 10:48:17.471 -0700</RunDate>
  <Status>Failure</Status>
  <Duration>0.880980</Duration>
  <Errors>1</Errors>
  <Warnings>0</Warnings>
  <Exceptions>0</Exceptions>
  <Successes>1</Successes>
  <LogFile>20181108_104817.471/LogFile.txt</LogFile>
  <ReturnValue></ReturnValue>
  <ErrorMessage>InvalidWebElementIdentifier -- Only one property may be used to identify a web element (got webLinkText,webXPath)</ErrorMessage>
 </run>
 <run>
  <RunDate>2018-11-08 10:49:13.136 -0700</RunDate>
  <Status>Failure</Status>
  <Duration>0.873172</Duration>
  <Errors>1</Errors>
  <Warnings>0</Warnings>
  <Exceptions>0</Exceptions>
  <Successes>1</Successes>
  <LogFile>20181108_104913.136/LogFile.txt</LogFile>
  <ReturnValue></ReturnValue>
  <ErrorMessage>InvalidWebElementIdentifier -- Only one property may be used to identify a web element (got webLinkText,webXPath)</ErrorMessage>
 </run>
 <run>
  <RunDate>2018-11-08 10:49:45.635 -0700</RunDate>
  <Status>Success</Status>
  <Duration>1.386142</Duration>
  <Errors>0</Errors>
  <Warnings>0</Warnings>
  <Exceptions>0</Exceptions>
  <Successes>1</Successes>
  <LogFile>20181108_104945.635/LogFile.txt</LogFile>
  <ReturnValue></ReturnValue>
  <ErrorMessage></ErrorMessage>
 </run>
 <run>
  <RunDate>2018-11-08 10:50:38.471 -0700</RunDate>
  <Status>Success</Status>
  <Duration>12.873706</Duration>
  <Errors>0</Errors>
  <Warnings>0</Warnings>
  <Exceptions>0</Exceptions>
  <Successes>1</Successes>
  <LogFile>20181108_105038.471/LogFile.txt</LogFile>
  <ReturnValue></ReturnValue>
  <ErrorMessage></ErrorMessage>
 </run>
 <run>
  <RunDate>2018-11-08 10:52:12.063 -0700</RunDate>
  <Status>Success</Status>
  <Duration>13.578776</Duration>
  <Errors>0</Errors>
  <Warnings>0</Warnings>
  <Exceptions>0</Exceptions>
  <Successes>1</Successes>
  <LogFile>20181108_105212.063/LogFile.txt</LogFile>
  <ReturnValue></ReturnValue>
  <ErrorMessage></ErrorMessage>
 </run>
</runHistory>
