﻿<?xml version="1.0" encoding="UTF-8" ?>
<statistics>
 <script name="Workflow01">
  <LastStatus>Success</LastStatus>
  <NumberOfRuns>4</NumberOfRuns>
  <NumberOfFails>0</NumberOfFails>
  <FirstRun>2021-03-01 13:36:03 -0700</FirstRun>
  <LastRun>2021-03-01 13:47:59 -0700</LastRun>
  <TotalTimeOnSuccess>20.824139</TotalTimeOnSuccess>
 </script>
 <script name="CustomReport">
  <LastStatus>Success</LastStatus>
  <NumberOfRuns>3</NumberOfRuns>
  <NumberOfFails>0</NumberOfFails>
  <FirstRun>2021-03-01 13:45:23 -0700</FirstRun>
  <LastRun>2021-03-01 13:49:20 -0700</LastRun>
  <TotalTimeOnSuccess>14.100125</TotalTimeOnSuccess>
 </script>
 <script name="WriteHTML">
  <LastStatus>Success</LastStatus>
  <NumberOfRuns>25</NumberOfRuns>
  <NumberOfFails>4</NumberOfFails>
  <FirstRun>2021-03-01 13:55:39 -0700</FirstRun>
  <LastRun>2021-03-01 19:40:22 -0700</LastRun>
  <TotalTimeOnSuccess>6.142399</TotalTimeOnSuccess>
 </script>
 <script name="DivTable">
  <LastStatus>Success</LastStatus>
  <NumberOfRuns>58</NumberOfRuns>
  <NumberOfFails>10</NumberOfFails>
  <FirstRun>2021-03-01 14:21:50 -0700</FirstRun>
  <LastRun>2021-03-01 19:08:37 -0700</LastRun>
  <TotalTimeOnSuccess>13.371321</TotalTimeOnSuccess>
 </script>
 <script name="GenerateCSS">
  <LastStatus>Success</LastStatus>
  <NumberOfRuns>7</NumberOfRuns>
  <NumberOfFails>0</NumberOfFails>
  <FirstRun>2021-03-01 14:25:06 -0700</FirstRun>
  <LastRun>2021-03-01 19:08:09 -0700</LastRun>
  <TotalTimeOnSuccess>1.698718</TotalTimeOnSuccess>
 </script>
</statistics>
