﻿<?xml version="1.0" encoding="UTF-8" ?>
<statistics>
 <script name="Workflow02">
  <LastStatus>Success</LastStatus>
  <NumberOfRuns>3</NumberOfRuns>
  <NumberOfFails>0</NumberOfFails>
  <FirstRun>2021-03-01 20:12:41 -0700</FirstRun>
  <LastRun>2021-03-01 20:13:00 -0700</LastRun>
  <TotalTimeOnSuccess>20.195066</TotalTimeOnSuccess>
 </script>
 <script name="Workflow01">
  <LastStatus>Success</LastStatus>
  <NumberOfRuns>2</NumberOfRuns>
  <NumberOfFails>0</NumberOfFails>
  <FirstRun>2021-03-01 19:44:16 -0700</FirstRun>
  <LastRun>2021-03-01 19:44:48 -0700</LastRun>
  <TotalTimeOnSuccess>13.695837</TotalTimeOnSuccess>
 </script>
</statistics>
