{
  "entries" : [
    {
      "identifier" : "START",
      "message" : "Running GeneratePatientAPI.script",
      "timestamp" : "2018-11-26 17:12:27.972 -0500"
    },
    {
      "handlerName" : "on_generatepatientapi",
      "message" : "((gender:\"male\", name:\"Aaron\", region:\"United States\", surname:\"Williams\"),(gender:\"male\", name:\"Bobby\", region:\"United States\", surname:\"Richardson\"))",
      "timestamp" : "2018-11-26 17:12:28.535 -0500",
      "identifier" : "Log",
      "scriptName" : "GeneratePatientAPI.script",
      "handlerLine" : 10
    },
    {
      "identifier" : "EndTestCase",
      "message" : "(Duration:\"0.796489\", Errors:\"0\", Exceptions:\"0\", StartTime:\"2018-11-26 17:12:27 -0500\", Successes:\"1\", TestCase:\"GeneratePatientAPI.script\", Warnings:\"0\")",
      "timestamp" : "2018-11-26 17:12:28.792 -0500"
    },
    {
      "identifier" : "SUCCESS",
      "message" : "Execution Time 0:00:00 GeneratePatientAPI.script",
      "timestamp" : "2018-11-26 17:12:28.845 -0500"
    }
  ],
  "createdTimestamp" : "2018-11-26 17:12:27.995 -0500"
}