{
  "entries" : [
    {
      "identifier" : "START",
      "message" : "Running MainFromSuite.script",
      "timestamp" : "2021-04-10 22:22:39.906 -0600"
    },
    {
      "handlerName" : "on_mainfromsuite",
      "message" : "\/Users\/ranhesse\/Documents\/Simple_Examples\/Customer HTML Reports\/Sample Suite.suite\/Results",
      "timestamp" : "2021-04-10 22:22:39.967 -0600",
      "identifier" : "Log",
      "scriptName" : "MainFromSuite.script",
      "handlerLine" : 9
    },
    {
      "identifier" : "EndTestCase",
      "message" : "(Duration:\"0.197892\", Errors:\"0\", Exceptions:\"0\", StartTime:\"2021-04-10 22:22:39 -0600\", Successes:\"1\", TestCase:\"MainFromSuite.script\", Warnings:\"0\")",
      "timestamp" : "2021-04-10 22:22:40.105 -0600"
    },
    {
      "identifier" : "SUCCESS",
      "message" : "Execution Time 0:00:00 MainFromSuite.script",
      "timestamp" : "2021-04-10 22:22:40.114 -0600"
    }
  ],
  "createdTimestamp" : "2021-04-10 22:22:39.906 -0600"
}