{
  "entries" : [
    {
      "identifier" : "START",
      "message" : "Running Example Basic OAuth.apitest",
      "timestamp" : "2020-07-13 10:19:02.069 -0600"
    },
    {
      "identifier" : "EndTestCase",
      "message" : "(Duration:\"1.100144\", Errors:\"0\", Exceptions:\"0\", StartTime:\"2020-07-13 10:19:02 -0600\", Successes:\"1\", TestCase:\"Example Basic OAuth.apitest\", Warnings:\"0\")",
      "timestamp" : "2020-07-13 10:19:03.170 -0600"
    },
    {
      "identifier" : "SUCCESS",
      "message" : "Execution Time 0:00:01 Example Basic OAuth.apitest",
      "timestamp" : "2020-07-13 10:19:03.196 -0600"
    }
  ],
  "createdTimestamp" : "2020-07-13 10:19:02.070 -0600"
}