﻿<?xml version="1.0"?>
<runHistory script="Index">
 <run>
  <RunDate>2019-02-15 20:50:52.857 -0700</RunDate>
  <Status>Success</Status>
  <Duration>5.702606</Duration>
  <Errors>0</Errors>
  <Warnings>0</Warnings>
  <Exceptions>0</Exceptions>
  <Successes>1</Successes>
  <LogFile>20190215_205052.857/LogFile.txt</LogFile>
  <ReturnValue></ReturnValue>
  <ErrorMessage></ErrorMessage>
 </run>
 <run>
  <RunDate>2019-02-15 20:52:12.788 -0700</RunDate>
  <Status>Aborted</Status>
  <Duration>18.754938</Duration>
  <Errors>1</Errors>
  <Warnings>0</Warnings>
  <Exceptions>1</Exceptions>
  <Successes>0</Successes>
  <LogFile>20190215_205212.788/LogFile.txt</LogFile>
  <ReturnValue></ReturnValue>
  <ErrorMessage></ErrorMessage>
 </run>
 <run>
  <RunDate>2019-02-15 20:56:17.965 -0700</RunDate>
  <Status>Success</Status>
  <Duration>10.314511</Duration>
  <Errors>0</Errors>
  <Warnings>0</Warnings>
  <Exceptions>0</Exceptions>
  <Successes>1</Successes>
  <LogFile>20190215_205617.965/LogFile.txt</LogFile>
  <ReturnValue></ReturnValue>
  <ErrorMessage></ErrorMessage>
 </run>
 <run>
  <RunDate>2019-02-15 21:06:53.368 -0700</RunDate>
  <Status>Success</Status>
  <Duration>30.099923</Duration>
  <Errors>0</Errors>
  <Warnings>0</Warnings>
  <Exceptions>0</Exceptions>
  <Successes>1</Successes>
  <LogFile>20190215_210653.368/LogFile.txt</LogFile>
  <ReturnValue></ReturnValue>
  <ErrorMessage></ErrorMessage>
 </run>
 <run>
  <RunDate>2019-02-25 11:09:15.754 -0700</RunDate>
  <Status>Failure</Status>
  <Duration>38.333586</Duration>
  <Errors>1</Errors>
  <Warnings>0</Warnings>
  <Exceptions>1</Exceptions>
  <Successes>0</Successes>
  <LogFile>20190225_110915.754/LogFile.txt</LogFile>
  <ReturnValue></ReturnValue>
  <ErrorMessage>File Not Found -- readtext Error - Could Not Open Image: (empty)</ErrorMessage>
 </run>
 <run>
  <RunDate>2019-03-06 15:31:13.175 -0700</RunDate>
  <Status>Success</Status>
  <Duration>44.051965</Duration>
  <Errors>0</Errors>
  <Warnings>0</Warnings>
  <Exceptions>0</Exceptions>
  <Successes>1</Successes>
  <LogFile>20190306_153113.175/LogFile.txt</LogFile>
  <ReturnValue></ReturnValue>
  <ErrorMessage></ErrorMessage>
 </run>
 <run>
  <RunDate>2019-03-18 09:21:30.216 -0600</RunDate>
  <Status>Success</Status>
  <Duration>46.527140</Duration>
  <Errors>0</Errors>
  <Warnings>0</Warnings>
  <Exceptions>0</Exceptions>
  <Successes>1</Successes>
  <LogFile>20190318_092130.216/LogFile.txt</LogFile>
  <ReturnValue></ReturnValue>
  <ErrorMessage></ErrorMessage>
 </run>
</runHistory>
