{
  "entries" : [
    {
      "identifier" : "START",
      "message" : "Running AdvanceDates.script",
      "timestamp" : "2018-11-26 16:47:37.543 -0500"
    },
    {
      "handlerName" : "on_advancedates",
      "message" : "(2018-11-28,2018-11-29,2018-11-29,2018-11-30,2018-12-06)",
      "timestamp" : "2018-11-26 16:47:37.636 -0500",
      "identifier" : "Log",
      "scriptName" : "AdvanceDates.script",
      "handlerLine" : 12
    },
    {
      "identifier" : "EndTestCase",
      "message" : "(Duration:\"0.365878\", Errors:\"0\", Exceptions:\"0\", StartTime:\"2018-11-26 16:47:37 -0500\", Successes:\"1\", TestCase:\"AdvanceDates.script\", Warnings:\"0\")",
      "timestamp" : "2018-11-26 16:47:37.932 -0500"
    },
    {
      "identifier" : "SUCCESS",
      "message" : "Execution Time 0:00:00 AdvanceDates.script",
      "timestamp" : "2018-11-26 16:47:37.984 -0500"
    }
  ],
  "createdTimestamp" : "2018-11-26 16:47:37.566 -0500"
}