{
  "entries" : [
    {
      "identifier" : "START",
      "message" : "Running Example Put.apitest",
      "timestamp" : "2020-07-15 11:00:57.590 -0600"
    },
    {
      "identifier" : "EndTestCase",
      "message" : "(Duration:\"1.089469\", Errors:\"0\", Exceptions:\"0\", StartTime:\"2020-07-15 11:00:57 -0600\", Successes:\"1\", TestCase:\"Example Put.apitest\", Warnings:\"0\")",
      "timestamp" : "2020-07-15 11:00:58.681 -0600"
    },
    {
      "identifier" : "SUCCESS",
      "message" : "Execution Time 0:00:01 Example Put.apitest",
      "timestamp" : "2020-07-15 11:00:58.701 -0600"
    }
  ],
  "createdTimestamp" : "2020-07-15 11:00:57.591 -0600"
}