{
  "entries" : [
    {
      "identifier" : "START",
      "message" : "Running index.script",
      "timestamp" : "2021-01-18 12:25:35.763 -0700"
    },
    {
      "handlerName" : "on_definecolorarea",
      "message" : "calculating...",
      "timestamp" : "2021-01-18 12:25:35.916 -0700",
      "identifier" : "Log",
      "scriptName" : "",
      "handlerLine" : 27
    },
    {
      "handlerName" : "function_pixelmatch",
      "message" : "PixelCount: 456",
      "timestamp" : "2021-01-18 12:25:35.929 -0700",
      "identifier" : "Log",
      "scriptName" : "",
      "handlerLine" : 11
    },
    {
      "handlerName" : "on_index",
      "message" : "{Light_Yellow:456}",
      "timestamp" : "2021-01-18 12:25:39.064 -0700",
      "identifier" : "Log",
      "scriptName" : "index.script",
      "handlerLine" : 28
    },
    {
      "identifier" : "EndTestCase",
      "message" : "(Duration:\"3.387064\", Errors:\"0\", Exceptions:\"0\", StartTime:\"2021-01-18 12:25:35 -0700\", Successes:\"1\", TestCase:\"index.script\", Warnings:\"0\")",
      "timestamp" : "2021-01-18 12:25:39.151 -0700"
    },
    {
      "identifier" : "SUCCESS",
      "message" : "Execution Time 0:00:03 index.script",
      "timestamp" : "2021-01-18 12:25:39.160 -0700"
    }
  ],
  "createdTimestamp" : "2021-01-18 12:25:35.764 -0700"
}