{
  "entries" : [
    {
      "identifier" : "START",
      "message" : "Running Untitled1.script",
      "timestamp" : "2021-01-18 14:09:13.168 -0700"
    },
    {
      "identifier" : "EndTestCase",
      "message" : "(Duration:\"0.200987\", Errors:\"1\", Exceptions:\"0\", StartTime:\"2021-01-18 14:09:13 -0700\", Successes:\"0\", TestCase:\"Untitled1.script\", Warnings:\"0\")",
      "timestamp" : "2021-01-18 14:09:13.370 -0700"
    },
    {
      "message" : "STInvalidNumber Value is not a number: '[255,174]' -- Execution Time 0:00:00 Untitled1.script",
      "timestamp" : "2021-01-18 14:09:13.930 -0700",
      "identifier" : "FAILURE",
      "image" : "Screen_Error.png"
    }
  ],
  "createdTimestamp" : "2021-01-18 14:09:13.169 -0700"
}