﻿<?xml version="1.0"?>
<runHistory script="Examples/TroubleshootingExamples/TroubleshootingExample2">
 <run>
  <RunDate>2017-07-03 14:03:00.530 -0600</RunDate>
  <Status>Success</Status>
  <Duration>0.493270</Duration>
  <Errors>0</Errors>
  <Warnings>0</Warnings>
  <Exceptions>0</Exceptions>
  <Successes>1</Successes>
  <LogFile>20170703_140300.530/LogFile.txt</LogFile>
  <ReturnValue></ReturnValue>
  <ErrorMessage></ErrorMessage>
 </run>
 <run>
  <RunDate>2017-07-03 14:03:16.615 -0600</RunDate>
  <Status>Success</Status>
  <Duration>0.496989</Duration>
  <Errors>0</Errors>
  <Warnings>0</Warnings>
  <Exceptions>0</Exceptions>
  <Successes>1</Successes>
  <LogFile>20170703_140316.615/LogFile.txt</LogFile>
  <ReturnValue></ReturnValue>
  <ErrorMessage></ErrorMessage>
 </run>
 <run>
  <RunDate>2017-07-03 14:03:56.753 -0600</RunDate>
  <Status>Success</Status>
  <Duration>0.428165</Duration>
  <Errors>0</Errors>
  <Warnings>0</Warnings>
  <Exceptions>0</Exceptions>
  <Successes>1</Successes>
  <LogFile>20170703_140356.753/LogFile.txt</LogFile>
  <ReturnValue></ReturnValue>
  <ErrorMessage></ErrorMessage>
 </run>
 <run>
  <RunDate>2017-07-03 14:04:08.280 -0600</RunDate>
  <Status>Success</Status>
  <Duration>0.502977</Duration>
  <Errors>0</Errors>
  <Warnings>0</Warnings>
  <Exceptions>0</Exceptions>
  <Successes>1</Successes>
  <LogFile>20170703_140408.280/LogFile.txt</LogFile>
  <ReturnValue></ReturnValue>
  <ErrorMessage></ErrorMessage>
 </run>
</runHistory>
