{
  "entries" : [
    {
      "identifier" : "START",
      "message" : "Running Script1.script",
      "timestamp" : "2020-05-14 10:13:42.764 -0600"
    },
    {
      "identifier" : "EndTestCase",
      "message" : "(Duration:\"9.762608\", Errors:\"1\", Exceptions:\"0\", StartTime:\"2020-05-14 10:13:42 -0600\", Successes:\"0\", TestCase:\"Script1.script\", Warnings:\"0\")",
      "timestamp" : "2020-05-14 10:13:52.528 -0600"
    },
    {
      "identifier" : "ABORTED",
      "message" : "Execution Time 0:00:09 Script1.script",
      "timestamp" : "2020-05-14 10:13:52.531 -0600"
    }
  ],
  "createdTimestamp" : "2020-05-14 10:13:42.765 -0600"
}