{
  "entries" : [
    {
      "identifier" : "START",
      "message" : "Running Main02.script",
      "timestamp" : "2021-04-10 22:14:06.831 -0600"
    },
    {
      "handlerName" : "on_definelocation",
      "message" : "Overwritting Folder",
      "timestamp" : "2021-04-10 22:14:06.916 -0600",
      "identifier" : "LogWarning",
      "scriptName" : "",
      "handlerLine" : 3
    },
    {
      "identifier" : "EndTestCase",
      "message" : "(Duration:\"0.297269\", Errors:\"0\", Exceptions:\"0\", StartTime:\"2021-04-10 22:14:06 -0600\", Successes:\"1\", TestCase:\"Main02.script\", Warnings:\"1\")",
      "timestamp" : "2021-04-10 22:14:07.129 -0600"
    },
    {
      "identifier" : "SUCCESS",
      "message" : "Execution Time 0:00:00 Main02.script",
      "timestamp" : "2021-04-10 22:14:07.138 -0600"
    }
  ],
  "createdTimestamp" : "2021-04-10 22:14:06.832 -0600"
}