{
  "entries" : [
    {
      "identifier" : "START",
      "message" : "Running Master.script",
      "timestamp" : "2018-11-26 12:46:51.447 -0500"
    },
    {
      "handlerName" : "on_master",
      "message" : "(Script1.script,Script2.script)",
      "timestamp" : "2018-11-26 12:46:51.570 -0500",
      "identifier" : "Log",
      "scriptName" : "Master.script",
      "handlerLine" : 8
    },
    {
      "handlerName" : "on_master",
      "message" : "(:)",
      "timestamp" : "2018-11-26 12:46:51.627 -0500",
      "identifier" : "Log",
      "scriptName" : "Master.script",
      "handlerLine" : 14
    },
    {
      "identifier" : "EndTestCase",
      "message" : "(Duration:\"0.732367\", Errors:\"0\", Exceptions:\"0\", StartTime:\"2018-11-26 12:46:51 -0500\", Successes:\"1\", TestCase:\"Master.script\", Warnings:\"0\")",
      "timestamp" : "2018-11-26 12:46:52.204 -0500"
    },
    {
      "identifier" : "SUCCESS",
      "message" : "Execution Time 0:00:00 Master.script",
      "timestamp" : "2018-11-26 12:46:52.259 -0500"
    }
  ],
  "createdTimestamp" : "2018-11-26 12:46:51.471 -0500"
}