{
  "entries" : [
    {
      "identifier" : "START",
      "message" : "Running Master.script",
      "timestamp" : "2018-11-26 12:43:02.286 -0500"
    },
    {
      "handlerName" : "on_master",
      "message" : "\"\/Users\/randyhesse\/Documents\/Simple Examples\/Handler Dynamic File Drop.suite\/Utilities\/\"",
      "timestamp" : "2018-11-26 12:43:02.386 -0500",
      "identifier" : "Log",
      "scriptName" : "Master.script",
      "handlerLine" : 6
    },
    {
      "handlerName" : "on_master",
      "message" : "()",
      "timestamp" : "2018-11-26 12:43:02.456 -0500",
      "identifier" : "Log",
      "scriptName" : "Master.script",
      "handlerLine" : 11
    },
    {
      "identifier" : "EndTestCase",
      "message" : "(Duration:\"0.783236\", Errors:\"0\", Exceptions:\"0\", StartTime:\"2018-11-26 12:43:02 -0500\", Successes:\"1\", TestCase:\"Master.script\", Warnings:\"0\")",
      "timestamp" : "2018-11-26 12:43:03.100 -0500"
    },
    {
      "identifier" : "SUCCESS",
      "message" : "Execution Time 0:00:00 Master.script",
      "timestamp" : "2018-11-26 12:43:03.155 -0500"
    }
  ],
  "createdTimestamp" : "2018-11-26 12:43:02.316 -0500"
}