{
  "entries" : [
    {
      "identifier" : "START",
      "message" : "Running Untitled1.script",
      "timestamp" : "2021-01-18 13:35:16.058 -0700"
    },
    {
      "handlerName" : "on_untitled1",
      "message" : "[\"255\",\"174\",\"206\"]",
      "timestamp" : "2021-01-18 13:35:16.124 -0700",
      "identifier" : "Log",
      "scriptName" : "Untitled1.script",
      "handlerLine" : 12
    },
    {
      "handlerName" : "on_untitled1",
      "message" : "[\"255\",\"174\",\"206\"]",
      "timestamp" : "2021-01-18 13:35:16.125 -0700",
      "identifier" : "Log",
      "scriptName" : "Untitled1.script",
      "handlerLine" : 12
    },
    {
      "handlerName" : "on_untitled1",
      "message" : "[\"255\",\"174\",\"206\"]",
      "timestamp" : "2021-01-18 13:35:16.126 -0700",
      "identifier" : "Log",
      "scriptName" : "Untitled1.script",
      "handlerLine" : 12
    },
    {
      "handlerName" : "on_untitled1",
      "message" : "[\"255\",\"174\",\"206\"]",
      "timestamp" : "2021-01-18 13:35:16.128 -0700",
      "identifier" : "Log",
      "scriptName" : "Untitled1.script",
      "handlerLine" : 12
    },
    {
      "handlerName" : "on_untitled1",
      "message" : "[\"255\",\"174\",\"206\"]",
      "timestamp" : "2021-01-18 13:35:16.129 -0700",
      "identifier" : "Log",
      "scriptName" : "Untitled1.script",
      "handlerLine" : 12
    },
    {
      "handlerName" : "on_untitled1",
      "message" : "[\"255\",\"174\",\"206\"]",
      "timestamp" : "2021-01-18 13:35:16.131 -0700",
      "identifier" : "Log",
      "scriptName" : "Untitled1.script",
      "handlerLine" : 12
    },
    {
      "handlerName" : "on_untitled1",
      "message" : "[\"255\",\"174\",\"206\"]",
      "timestamp" : "2021-01-18 13:35:16.132 -0700",
      "identifier" : "Log",
      "scriptName" : "Untitled1.script",
      "handlerLine" : 12
    },
    {
      "handlerName" : "on_untitled1",
      "message" : "[\"255\",\"174\",\"206\"]",
      "timestamp" : "2021-01-18 13:35:16.133 -0700",
      "identifier" : "Log",
      "scriptName" : "Untitled1.script",
      "handlerLine" : 12
    },
    {
      "handlerName" : "on_untitled1",
      "message" : "[\"255\",\"174\",\"206\"]",
      "timestamp" : "2021-01-18 13:35:16.135 -0700",
      "identifier" : "Log",
      "scriptName" : "Untitled1.script",
      "handlerLine" : 12
    },
    {
      "handlerName" : "on_untitled1",
      "message" : "[\"255\",\"174\",\"206\"]",
      "timestamp" : "2021-01-18 13:35:16.136 -0700",
      "identifier" : "Log",
      "scriptName" : "Untitled1.script",
      "handlerLine" : 12
    },
    {
      "handlerName" : "on_untitled1",
      "message" : "[\"255\",\"174\",\"206\"]",
      "timestamp" : "2021-01-18 13:35:16.137 -0700",
      "identifier" : "Log",
      "scriptName" : "Untitled1.script",
      "handlerLine" : 12
    },
    {
      "handlerName" : "on_untitled1",
      "message" : "[\"255\",\"174\",\"206\"]",
      "timestamp" : "2021-01-18 13:35:16.139 -0700",
      "identifier" : "Log",
      "scriptName" : "Untitled1.script",
      "handlerLine" : 12
    },
    {
      "handlerName" : "on_untitled1",
      "message" : "[\"255\",\"174\",\"206\"]",
      "timestamp" : "2021-01-18 13:35:16.140 -0700",
      "identifier" : "Log",
      "scriptName" : "Untitled1.script",
      "handlerLine" : 12
    },
    {
      "handlerName" : "on_untitled1",
      "message" : "[\"255\",\"174\",\"206\"]",
      "timestamp" : "2021-01-18 13:35:16.141 -0700",
      "identifier" : "Log",
      "scriptName" : "Untitled1.script",
      "handlerLine" : 12
    },
    {
      "handlerName" : "on_untitled1",
      "message" : "[\"255\",\"174\",\"206\"]",
      "timestamp" : "2021-01-18 13:35:16.143 -0700",
      "identifier" : "Log",
      "scriptName" : "Untitled1.script",
      "handlerLine" : 12
    },
    {
      "handlerName" : "on_untitled1",
      "message" : "[\"255\",\"174\",\"206\"]",
      "timestamp" : "2021-01-18 13:35:16.144 -0700",
      "identifier" : "Log",
      "scriptName" : "Untitled1.script",
      "handlerLine" : 12
    },
    {
      "identifier" : "EndTestCase",
      "message" : "(Duration:\"0.206253\", Errors:\"0\", Exceptions:\"0\", StartTime:\"2021-01-18 13:35:16 -0700\", Successes:\"1\", TestCase:\"Untitled1.script\", Warnings:\"0\")",
      "timestamp" : "2021-01-18 13:35:16.266 -0700"
    },
    {
      "identifier" : "SUCCESS",
      "message" : "Execution Time 0:00:00 Untitled1.script",
      "timestamp" : "2021-01-18 13:35:16.274 -0700"
    }
  ],
  "createdTimestamp" : "2021-01-18 13:35:16.059 -0700"
}