{
  "entries" : [
    {
      "identifier" : "START",
      "message" : "Running Main.script",
      "timestamp" : "2020-05-29 11:19:28.723 -0600"
    },
    {
      "handlerName" : "function_locaterrectangle",
      "message" : "(0,0,2580,1668)",
      "identifier" : "capturescreen",
      "image" : "\/Users\/randyhesse\/Documents\/Simple_Examples\/AI Modeling\/facial_recognition_v2.suite\/Resources\/InputPicture.png",
      "handlerLine" : 5,
      "timestamp" : "2020-05-29 11:19:30.667 -0600",
      "scriptName" : ""
    },
    {
      "handlerName" : "on_main",
      "message" : "[[2055,1065,2287,1297],[981,983,1266,1268],[211,1405,254,1448],[344,230,471,357],[462,277,749,564],[1502,291,1837,626],[295,1043,496,1244],[1746,1385,1782,1421],[823,1138,876,1191]]",
      "timestamp" : "2020-05-29 11:19:37.920 -0600",
      "identifier" : "Log",
      "scriptName" : "Main.script",
      "handlerLine" : 17
    },
    {
      "handlerName" : "on_main",
      "message" : "(2055,1065,2287,1297)",
      "identifier" : "capturescreen",
      "image" : "1.png",
      "handlerLine" : 24,
      "timestamp" : "2020-05-29 11:19:37.989 -0600",
      "scriptName" : "Main.script"
    },
    {
      "handlerName" : "on_main",
      "message" : "(981,983,1266,1268)",
      "identifier" : "capturescreen",
      "image" : "2.png",
      "handlerLine" : 24,
      "timestamp" : "2020-05-29 11:19:38.093 -0600",
      "scriptName" : "Main.script"
    },
    {
      "handlerName" : "on_main",
      "message" : "(211,1405,254,1448)",
      "identifier" : "capturescreen",
      "image" : "3.png",
      "handlerLine" : 24,
      "timestamp" : "2020-05-29 11:19:38.181 -0600",
      "scriptName" : "Main.script"
    },
    {
      "handlerName" : "on_main",
      "message" : "(344,230,471,357)",
      "identifier" : "capturescreen",
      "image" : "4.png",
      "handlerLine" : 24,
      "timestamp" : "2020-05-29 11:19:38.284 -0600",
      "scriptName" : "Main.script"
    },
    {
      "handlerName" : "on_main",
      "message" : "(462,277,749,564)",
      "identifier" : "capturescreen",
      "image" : "5.png",
      "handlerLine" : 24,
      "timestamp" : "2020-05-29 11:19:38.399 -0600",
      "scriptName" : "Main.script"
    },
    {
      "handlerName" : "on_main",
      "message" : "(1502,291,1837,626)",
      "identifier" : "capturescreen",
      "image" : "6.png",
      "handlerLine" : 24,
      "timestamp" : "2020-05-29 11:19:38.518 -0600",
      "scriptName" : "Main.script"
    },
    {
      "handlerName" : "on_main",
      "message" : "(295,1043,496,1244)",
      "identifier" : "capturescreen",
      "image" : "7.png",
      "handlerLine" : 24,
      "timestamp" : "2020-05-29 11:19:38.623 -0600",
      "scriptName" : "Main.script"
    },
    {
      "handlerName" : "on_main",
      "message" : "(1746,1385,1782,1421)",
      "identifier" : "capturescreen",
      "image" : "8.png",
      "handlerLine" : 24,
      "timestamp" : "2020-05-29 11:19:38.719 -0600",
      "scriptName" : "Main.script"
    },
    {
      "handlerName" : "on_main",
      "message" : "(823,1138,876,1191)",
      "identifier" : "capturescreen",
      "image" : "9.png",
      "handlerLine" : 24,
      "timestamp" : "2020-05-29 11:19:38.814 -0600",
      "scriptName" : "Main.script"
    },
    {
      "identifier" : "EndTestCase",
      "message" : "(Duration:\"20.019294\", Errors:\"0\", Exceptions:\"0\", StartTime:\"2020-05-29 11:19:28 -0600\", Successes:\"1\", TestCase:\"Main.script\", Warnings:\"0\")",
      "timestamp" : "2020-05-29 11:19:48.747 -0600"
    },
    {
      "identifier" : "SUCCESS",
      "message" : "Execution Time 0:00:20 Main.script",
      "timestamp" : "2020-05-29 11:19:48.864 -0600"
    }
  ],
  "createdTimestamp" : "2020-05-29 11:19:28.726 -0600"
}