{
  "entries" : [
    {
      "identifier" : "START",
      "message" : "Running Master.script",
      "timestamp" : "2018-11-26 13:11:57.484 -0500"
    },
    {
      "handlerName" : "on_master",
      "message" : "(:)",
      "timestamp" : "2018-11-26 13:11:57.596 -0500",
      "identifier" : "Log",
      "scriptName" : "Master.script",
      "handlerLine" : 31
    },
    {
      "identifier" : "EndTestCase",
      "message" : "(Duration:\"0.791344\", Errors:\"0\", Exceptions:\"0\", StartTime:\"2018-11-26 13:11:57 -0500\", Successes:\"1\", TestCase:\"Master.script\", Warnings:\"0\")",
      "timestamp" : "2018-11-26 13:11:58.302 -0500"
    },
    {
      "identifier" : "SUCCESS",
      "message" : "Execution Time 0:00:00 Master.script",
      "timestamp" : "2018-11-26 13:11:58.355 -0500"
    }
  ],
  "createdTimestamp" : "2018-11-26 13:11:57.511 -0500"
}