{
  "entries" : [
    {
      "identifier" : "START",
      "message" : "Running index.script",
      "timestamp" : "2021-01-18 12:26:24.521 -0700"
    },
    {
      "handlerName" : "on_definecolorarea",
      "message" : "calculating...",
      "timestamp" : "2021-01-18 12:26:25.048 -0700",
      "identifier" : "Log",
      "scriptName" : "",
      "handlerLine" : 27
    },
    {
      "handlerName" : "function_pixelmatch",
      "message" : "PixelCount: 2535",
      "timestamp" : "2021-01-18 12:26:25.065 -0700",
      "identifier" : "Log",
      "scriptName" : "",
      "handlerLine" : 11
    },
    {
      "handlerName" : "function_pixelmatch",
      "message" : "Still working on it...",
      "timestamp" : "2021-01-18 12:26:29.180 -0700",
      "identifier" : "Log",
      "scriptName" : "",
      "handlerLine" : 39
    },
    {
      "handlerName" : "function_pixelmatch",
      "message" : "Still working on it...",
      "timestamp" : "2021-01-18 12:26:33.267 -0700",
      "identifier" : "Log",
      "scriptName" : "",
      "handlerLine" : 39
    },
    {
      "handlerName" : "on_index",
      "message" : "0",
      "timestamp" : "2021-01-18 12:26:35.473 -0700",
      "identifier" : "Log",
      "scriptName" : "index.script",
      "handlerLine" : 28
    },
    {
      "identifier" : "EndTestCase",
      "message" : "(Duration:\"11.040173\", Errors:\"0\", Exceptions:\"0\", StartTime:\"2021-01-18 12:26:24 -0700\", Successes:\"1\", TestCase:\"index.script\", Warnings:\"0\")",
      "timestamp" : "2021-01-18 12:26:35.562 -0700"
    },
    {
      "identifier" : "SUCCESS",
      "message" : "Execution Time 0:00:11 index.script",
      "timestamp" : "2021-01-18 12:26:35.569 -0700"
    }
  ],
  "createdTimestamp" : "2021-01-18 12:26:24.522 -0700"
}