﻿Date Run,Status,Time,# of Errors,# of Warnings,# of Exceptions,Log File,Return Value,Error Message,# of Successes
2018-11-08 09:40:43.264 -0700,"Success",0:00:08,0,0,0,"20181108_094043.264/LogFile.txt","","",1
2018-11-08 10:18:45.524 -0700,"Success",0:00:08,0,0,0,"20181108_101845.524/LogFile.txt","","",1
2019-05-08 15:17:51.161 -0600,"Failure",0:00:00,1,0,0,"20190508_151751.161/LogFile.txt","","WebDriverNotFound -- There is No Active WebDriver",0
2019-05-08 15:18:41.282 -0600,"Failure",0:00:06,1,0,1,"20190508_151841.282/LogFile.txt","","WebElement Not Found -- click Error - \nUnable to find the WebElement '<WebElement identified by (webXPath:@""//*[@id=\\""primary\\""]/div/ul[1]/li[2]/span[1]/small"") – not resolved yet>' on the page.",0
