{
  "entries" : [
    {
      "identifier" : "START",
      "message" : "Running Main01.script",
      "timestamp" : "2021-04-12 15:24:16.298 -0600"
    },
    {
      "identifier" : "EndTestCase",
      "message" : "(Duration:\"0.262564\", Errors:\"1\", Exceptions:\"0\", StartTime:\"2021-04-12 15:24:16 -0600\", Successes:\"0\", TestCase:\"Main01.script\", Warnings:\"0\")",
      "timestamp" : "2021-04-12 15:24:16.562 -0600"
    },
    {
      "message" : "NSInvalidArgumentException data parameter is nil -- Execution Time 0:00:00 Main01.script",
      "timestamp" : "2021-04-12 15:24:16.942 -0600",
      "identifier" : "FAILURE",
      "image" : "Screen_Error.png"
    }
  ],
  "createdTimestamp" : "2021-04-12 15:24:16.299 -0600"
}