{
  "entries" : [
    {
      "identifier" : "START",
      "message" : "Running GeneratingHolds.script",
      "timestamp" : "2018-11-20 21:00:28.551 -0500"
    },
    {
      "handlerName" : "on_generatingholds",
      "message" : "2018-11-26",
      "timestamp" : "2018-11-20 21:00:28.685 -0500",
      "identifier" : "Log",
      "scriptName" : "GeneratingHolds.script",
      "handlerLine" : 13
    },
    {
      "identifier" : "EndTestCase",
      "message" : "(Duration:\"0.612334\", Errors:\"0\", Exceptions:\"0\", StartTime:\"2018-11-20 21:00:28 -0500\", Successes:\"1\", TestCase:\"GeneratingHolds.script\", Warnings:\"0\")",
      "timestamp" : "2018-11-20 21:00:29.191 -0500"
    },
    {
      "identifier" : "SUCCESS",
      "message" : "Execution Time 0:00:00 GeneratingHolds.script",
      "timestamp" : "2018-11-20 21:00:29.247 -0500"
    }
  ],
  "createdTimestamp" : "2018-11-20 21:00:28.578 -0500"
}