{
  "entries" : [
    {
      "identifier" : "START",
      "message" : "Running MainFromSuite.script",
      "timestamp" : "2021-04-10 22:29:55.825 -0600"
    },
    {
      "handlerName" : "on_mainfromsuite",
      "message" : "20210301_194448.575",
      "timestamp" : "2021-04-10 22:29:55.881 -0600",
      "identifier" : "Log",
      "scriptName" : "MainFromSuite.script",
      "handlerLine" : 20
    },
    {
      "handlerName" : "on_mainfromsuite",
      "message" : "20210301_194416.595",
      "timestamp" : "2021-04-10 22:29:55.883 -0600",
      "identifier" : "Log",
      "scriptName" : "MainFromSuite.script",
      "handlerLine" : 20
    },
    {
      "identifier" : "EndTestCase",
      "message" : "(Duration:\"0.193146\", Errors:\"0\", Exceptions:\"0\", StartTime:\"2021-04-10 22:29:55 -0600\", Successes:\"1\", TestCase:\"MainFromSuite.script\", Warnings:\"0\")",
      "timestamp" : "2021-04-10 22:29:56.019 -0600"
    },
    {
      "identifier" : "SUCCESS",
      "message" : "Execution Time 0:00:00 MainFromSuite.script",
      "timestamp" : "2021-04-10 22:29:56.036 -0600"
    }
  ],
  "createdTimestamp" : "2021-04-10 22:29:55.826 -0600"
}