{
  "entries" : [
    {
      "identifier" : "START",
      "message" : "Running Main02.script",
      "timestamp" : "2021-04-09 14:32:57.661 -0600"
    },
    {
      "identifier" : "EndTestCase",
      "message" : "(Duration:\"0.232801\", Errors:\"0\", Exceptions:\"0\", StartTime:\"2021-04-09 14:32:57 -0600\", Successes:\"1\", TestCase:\"Main02.script\", Warnings:\"0\")",
      "timestamp" : "2021-04-09 14:32:57.895 -0600"
    },
    {
      "identifier" : "SUCCESS",
      "message" : "Execution Time 0:00:00 Main02.script",
      "timestamp" : "2021-04-09 14:32:57.904 -0600"
    }
  ],
  "createdTimestamp" : "2021-04-09 14:32:57.662 -0600"
}