{
  "entries" : [
    {
      "identifier" : "START",
      "message" : "Running AdvanceDates.script",
      "timestamp" : "2018-11-26 16:57:34.811 -0500"
    },
    {
      "handlerName" : "on_advancedates",
      "message" : "(,,,,2018-12-04)",
      "timestamp" : "2018-11-26 16:57:34.887 -0500",
      "identifier" : "Log",
      "scriptName" : "AdvanceDates.script",
      "handlerLine" : 18
    },
    {
      "identifier" : "EndTestCase",
      "message" : "(Duration:\"0.350947\", Errors:\"0\", Exceptions:\"0\", StartTime:\"2018-11-26 16:57:34 -0500\", Successes:\"1\", TestCase:\"AdvanceDates.script\", Warnings:\"0\")",
      "timestamp" : "2018-11-26 16:57:35.189 -0500"
    },
    {
      "identifier" : "SUCCESS",
      "message" : "Execution Time 0:00:00 AdvanceDates.script",
      "timestamp" : "2018-11-26 16:57:35.252 -0500"
    }
  ],
  "createdTimestamp" : "2018-11-26 16:57:34.838 -0500"
}