{
  "entries" : [
    {
      "identifier" : "START",
      "message" : "Running Exampel Get Headers.apitest",
      "timestamp" : "2020-07-13 10:02:23.699 -0600"
    },
    {
      "identifier" : "EndTestCase",
      "message" : "(Duration:\"0.887028\", Errors:\"0\", Exceptions:\"0\", StartTime:\"2020-07-13 10:02:23 -0600\", Successes:\"1\", TestCase:\"Exampel Get Headers.apitest\", Warnings:\"0\")",
      "timestamp" : "2020-07-13 10:02:24.588 -0600"
    },
    {
      "identifier" : "SUCCESS",
      "message" : "Execution Time 0:00:00 Exampel Get Headers.apitest",
      "timestamp" : "2020-07-13 10:02:24.603 -0600"
    }
  ],
  "createdTimestamp" : "2020-07-13 10:02:23.701 -0600"
}