{
  "entries" : [
    {
      "identifier" : "START",
      "message" : "Running Untitled1.script",
      "timestamp" : "2021-01-18 14:08:35.014 -0700"
    },
    {
      "handlerName" : "on_untitled1",
      "message" : "[255,174,206]",
      "timestamp" : "2021-01-18 14:08:35.059 -0700",
      "identifier" : "Log",
      "scriptName" : "Untitled1.script",
      "handlerLine" : 14
    },
    {
      "handlerName" : "on_untitled1",
      "message" : "[255,174,206]",
      "timestamp" : "2021-01-18 14:08:35.060 -0700",
      "identifier" : "Log",
      "scriptName" : "Untitled1.script",
      "handlerLine" : 14
    },
    {
      "handlerName" : "on_untitled1",
      "message" : "[255,174,206]",
      "timestamp" : "2021-01-18 14:08:35.061 -0700",
      "identifier" : "Log",
      "scriptName" : "Untitled1.script",
      "handlerLine" : 14
    },
    {
      "handlerName" : "on_untitled1",
      "message" : "[255,174,206]",
      "timestamp" : "2021-01-18 14:08:35.062 -0700",
      "identifier" : "Log",
      "scriptName" : "Untitled1.script",
      "handlerLine" : 14
    },
    {
      "handlerName" : "on_untitled1",
      "message" : "[255,174,206]",
      "timestamp" : "2021-01-18 14:08:35.064 -0700",
      "identifier" : "Log",
      "scriptName" : "Untitled1.script",
      "handlerLine" : 14
    },
    {
      "handlerName" : "on_untitled1",
      "message" : "[255,174,206]",
      "timestamp" : "2021-01-18 14:08:35.066 -0700",
      "identifier" : "Log",
      "scriptName" : "Untitled1.script",
      "handlerLine" : 14
    },
    {
      "handlerName" : "on_untitled1",
      "message" : "[255,174,206]",
      "timestamp" : "2021-01-18 14:08:35.068 -0700",
      "identifier" : "Log",
      "scriptName" : "Untitled1.script",
      "handlerLine" : 14
    },
    {
      "handlerName" : "on_untitled1",
      "message" : "[255,174,206]",
      "timestamp" : "2021-01-18 14:08:35.069 -0700",
      "identifier" : "Log",
      "scriptName" : "Untitled1.script",
      "handlerLine" : 14
    },
    {
      "handlerName" : "on_untitled1",
      "message" : "[255,174,206]",
      "timestamp" : "2021-01-18 14:08:35.071 -0700",
      "identifier" : "Log",
      "scriptName" : "Untitled1.script",
      "handlerLine" : 14
    },
    {
      "handlerName" : "on_untitled1",
      "message" : "[255,174,206]",
      "timestamp" : "2021-01-18 14:08:35.072 -0700",
      "identifier" : "Log",
      "scriptName" : "Untitled1.script",
      "handlerLine" : 14
    },
    {
      "handlerName" : "on_untitled1",
      "message" : "[255,174,206]",
      "timestamp" : "2021-01-18 14:08:35.074 -0700",
      "identifier" : "Log",
      "scriptName" : "Untitled1.script",
      "handlerLine" : 14
    },
    {
      "handlerName" : "on_untitled1",
      "message" : "[255,174,206]",
      "timestamp" : "2021-01-18 14:08:35.075 -0700",
      "identifier" : "Log",
      "scriptName" : "Untitled1.script",
      "handlerLine" : 14
    },
    {
      "handlerName" : "on_untitled1",
      "message" : "[255,174,206]",
      "timestamp" : "2021-01-18 14:08:35.076 -0700",
      "identifier" : "Log",
      "scriptName" : "Untitled1.script",
      "handlerLine" : 14
    },
    {
      "handlerName" : "on_untitled1",
      "message" : "[255,174,206]",
      "timestamp" : "2021-01-18 14:08:35.078 -0700",
      "identifier" : "Log",
      "scriptName" : "Untitled1.script",
      "handlerLine" : 14
    },
    {
      "handlerName" : "on_untitled1",
      "message" : "[255,174,206]",
      "timestamp" : "2021-01-18 14:08:35.079 -0700",
      "identifier" : "Log",
      "scriptName" : "Untitled1.script",
      "handlerLine" : 14
    },
    {
      "handlerName" : "on_untitled1",
      "message" : "[255,174,206]",
      "timestamp" : "2021-01-18 14:08:35.080 -0700",
      "identifier" : "Log",
      "scriptName" : "Untitled1.script",
      "handlerLine" : 14
    },
    {
      "handlerName" : "on_untitled1",
      "message" : "[255,203,8]",
      "timestamp" : "2021-01-18 14:08:35.081 -0700",
      "identifier" : "Log",
      "scriptName" : "Untitled1.script",
      "handlerLine" : 14
    },
    {
      "handlerName" : "on_untitled1",
      "message" : "[255,203,8]",
      "timestamp" : "2021-01-18 14:08:35.083 -0700",
      "identifier" : "Log",
      "scriptName" : "Untitled1.script",
      "handlerLine" : 14
    },
    {
      "handlerName" : "on_untitled1",
      "message" : "[255,203,8]",
      "timestamp" : "2021-01-18 14:08:35.084 -0700",
      "identifier" : "Log",
      "scriptName" : "Untitled1.script",
      "handlerLine" : 14
    },
    {
      "handlerName" : "on_untitled1",
      "message" : "[255,203,8]",
      "timestamp" : "2021-01-18 14:08:35.085 -0700",
      "identifier" : "Log",
      "scriptName" : "Untitled1.script",
      "handlerLine" : 14
    },
    {
      "handlerName" : "on_untitled1",
      "message" : "[255,203,8]",
      "timestamp" : "2021-01-18 14:08:35.086 -0700",
      "identifier" : "Log",
      "scriptName" : "Untitled1.script",
      "handlerLine" : 14
    },
    {
      "identifier" : "EndTestCase",
      "message" : "(Duration:\"0.187478\", Errors:\"0\", Exceptions:\"0\", StartTime:\"2021-01-18 14:08:35 -0700\", Successes:\"1\", TestCase:\"Untitled1.script\", Warnings:\"0\")",
      "timestamp" : "2021-01-18 14:08:35.203 -0700"
    },
    {
      "identifier" : "SUCCESS",
      "message" : "Execution Time 0:00:00 Untitled1.script",
      "timestamp" : "2021-01-18 14:08:35.211 -0700"
    }
  ],
  "createdTimestamp" : "2021-01-18 14:08:35.015 -0700"
}