{
  "entries" : [
    {
      "identifier" : "START",
      "message" : "Running Untitled.script",
      "timestamp" : "2018-11-29 14:24:50.986 -0700"
    },
    {
      "handlerName" : "on_untitled",
      "message" : "ScriptList",
      "timestamp" : "2018-11-29 14:24:51.057 -0700",
      "identifier" : "Log",
      "scriptName" : "Untitled.script",
      "handlerLine" : 12
    },
    {
      "handlerName" : "on_untitled",
      "timestamp" : "2018-11-29 14:24:51.128 -0700",
      "identifier" : "Log",
      "scriptName" : "Untitled.script",
      "handlerLine" : 12
    },
    {
      "handlerName" : "on_untitled",
      "timestamp" : "2018-11-29 14:24:51.195 -0700",
      "identifier" : "Log",
      "scriptName" : "Untitled.script",
      "handlerLine" : 12
    },
    {
      "identifier" : "EndTestCase",
      "message" : "(Duration:\"0.659926\", Errors:\"0\", Exceptions:\"0\", StartTime:\"2018-11-29 14:24:51 -0700\", Successes:\"1\", TestCase:\"Untitled.script\", Warnings:\"0\")",
      "timestamp" : "2018-11-29 14:24:51.687 -0700"
    },
    {
      "identifier" : "SUCCESS",
      "message" : "Execution Time 0:00:00 Untitled.script",
      "timestamp" : "2018-11-29 14:24:51.752 -0700"
    }
  ],
  "createdTimestamp" : "2018-11-29 14:24:51.027 -0700"
}