{
  "entries" : [
    {
      "identifier" : "START",
      "message" : "Running Example Basic OAuth.apitest",
      "timestamp" : "2020-07-13 10:20:39.511 -0600"
    },
    {
      "identifier" : "EndTestCase",
      "message" : "(Duration:\"1.470733\", Errors:\"0\", Exceptions:\"0\", StartTime:\"2020-07-13 10:20:39 -0600\", Successes:\"1\", TestCase:\"Example Basic OAuth.apitest\", Warnings:\"0\")",
      "timestamp" : "2020-07-13 10:20:40.984 -0600"
    },
    {
      "identifier" : "SUCCESS",
      "message" : "Execution Time 0:00:01 Example Basic OAuth.apitest",
      "timestamp" : "2020-07-13 10:20:41.013 -0600"
    }
  ],
  "createdTimestamp" : "2020-07-13 10:20:39.512 -0600"
}