{
  "entries" : [
    {
      "identifier" : "START",
      "message" : "Running Main02.script",
      "timestamp" : "2021-04-10 22:04:22.649 -0600"
    },
    {
      "identifier" : "EndTestCase",
      "message" : "(Duration:\"0.260298\", Errors:\"0\", Exceptions:\"0\", StartTime:\"2021-04-10 22:04:22 -0600\", Successes:\"1\", TestCase:\"Main02.script\", Warnings:\"0\")",
      "timestamp" : "2021-04-10 22:04:22.910 -0600"
    },
    {
      "identifier" : "SUCCESS",
      "message" : "Execution Time 0:00:00 Main02.script",
      "timestamp" : "2021-04-10 22:04:22.918 -0600"
    }
  ],
  "createdTimestamp" : "2021-04-10 22:04:22.650 -0600"
}