{
  "entries" : [
    {
      "identifier" : "START",
      "message" : "Running Example Post.apitest",
      "timestamp" : "2020-07-13 09:37:22.731 -0600"
    },
    {
      "identifier" : "LogWarning",
      "message" : "Validation Warning: Empty request body.",
      "timestamp" : "2020-07-13 09:37:22.746 -0600"
    },
    {
      "identifier" : "EndTestCase",
      "message" : "(Duration:\"0.604319\", Errors:\"0\", Exceptions:\"0\", StartTime:\"2020-07-13 09:37:22 -0600\", Successes:\"1\", TestCase:\"Example Post.apitest\", Warnings:\"1\")",
      "timestamp" : "2020-07-13 09:37:23.337 -0600"
    },
    {
      "identifier" : "SUCCESS",
      "message" : "Execution Time 0:00:00 Example Post.apitest",
      "timestamp" : "2020-07-13 09:37:23.345 -0600"
    }
  ],
  "createdTimestamp" : "2020-07-13 09:37:22.732 -0600"
}