﻿<?xml version="1.0" encoding="UTF-8" ?>
<runHistory script="Main">
 <run>
  <RunDate>2021-03-31 10:13:05.079 -0600</RunDate>
  <Status>Success</Status>
  <Duration>0.313656</Duration>
  <Errors>0</Errors>
  <Warnings>0</Warnings>
  <Exceptions>0</Exceptions>
  <Successes>1</Successes>
  <LogFile>20210331_101305.079/LogFile.txt</LogFile>
  <ReturnValue></ReturnValue>
  <ErrorMessage></ErrorMessage>
 </run>
 <run>
  <RunDate>2021-03-31 10:17:03.443 -0600</RunDate>
  <Status>Failure</Status>
  <Duration>0.282755</Duration>
  <Errors>1</Errors>
  <Warnings>0</Warnings>
  <Exceptions>0</Exceptions>
  <Successes>0</Successes>
  <LogFile>20210331_101703.443/LogFile.txt</LogFile>
  <ReturnValue></ReturnValue>
  <ErrorMessage>STFileSystemException -- Failed to copy file or folder /Users/ranhesse/Documents/Simple_Examples/Customer HTML Reports/CustomHTMLReport.suite/Resources/CompanyLogo.jpg (Error: “CompanyLogo.jpg” couldn’t be copied to “NewReport” because an item with the same name already exists.)</ErrorMessage>
 </run>
 <run>
  <RunDate>2021-03-31 10:21:20.784 -0600</RunDate>
  <Status>Success</Status>
  <Duration>0.371558</Duration>
  <Errors>0</Errors>
  <Warnings>1</Warnings>
  <Exceptions>0</Exceptions>
  <Successes>1</Successes>
  <LogFile>20210331_102120.784/LogFile.txt</LogFile>
  <ReturnValue></ReturnValue>
  <ErrorMessage></ErrorMessage>
 </run>
</runHistory>
