{
  "entries" : [
    {
      "identifier" : "START",
      "message" : "Running Workflow01.script",
      "timestamp" : "2021-03-01 19:44:48.577 -0700"
    },
    {
      "handlerName" : "on_workflow01",
      "message" : "[windowsKey]r",
      "timestamp" : "2021-03-01 19:44:48.655 -0700",
      "identifier" : "typetext",
      "scriptName" : "Workflow01.script",
      "handlerLine" : 3
    },
    {
      "handlerName" : "on_workflow01",
      "message" : "chrome.exe[returnKey]",
      "timestamp" : "2021-03-01 19:44:49.498 -0700",
      "identifier" : "typetext",
      "scriptName" : "Workflow01.script",
      "handlerLine" : 4
    },
    {
      "handlerName" : "on_workflow01",
      "message" : "found at (210, 52)",
      "identifier" : "waitfor",
      "image" : "Refresh Icon",
      "handlerLine" : 5,
      "timestamp" : "2021-03-01 19:44:50.160 -0700",
      "scriptName" : "Workflow01.script"
    },
    {
      "handlerName" : "on_workflow01",
      "message" : "[controlKey]l",
      "timestamp" : "2021-03-01 19:44:50.227 -0700",
      "identifier" : "typetext",
      "scriptName" : "Workflow01.script",
      "handlerLine" : 6
    },
    {
      "handlerName" : "on_workflow01",
      "message" : "www.amazon.com[returnKey]",
      "timestamp" : "2021-03-01 19:44:51.135 -0700",
      "identifier" : "typetext",
      "scriptName" : "Workflow01.script",
      "handlerLine" : 7
    },
    {
      "handlerName" : "on_workflow01",
      "message" : "found at (66, 100)",
      "identifier" : "waitfor",
      "image" : "amazon logo",
      "handlerLine" : 8,
      "timestamp" : "2021-03-01 19:44:51.866 -0700",
      "scriptName" : "Workflow01.script"
    },
    {
      "handlerName" : "on_workflow01",
      "message" : "Amazon has been Open",
      "timestamp" : "2021-03-01 19:44:51.867 -0700",
      "identifier" : "Log",
      "scriptName" : "Workflow01.script",
      "handlerLine" : 9
    },
    {
      "handlerName" : "on_workflow01",
      "message" : "at (500, 106)",
      "identifier" : "click",
      "image" : "AmazonSearch",
      "handlerLine" : 10,
      "timestamp" : "2021-03-01 19:44:51.961 -0700",
      "scriptName" : "Workflow01.script"
    },
    {
      "handlerName" : "on_workflow01",
      "message" : "v-moda[returnKey]",
      "timestamp" : "2021-03-01 19:44:52.757 -0700",
      "identifier" : "typetext",
      "scriptName" : "Workflow01.script",
      "handlerLine" : 11
    },
    {
      "handlerName" : "on_workflow01",
      "message" : "at (560, 853)",
      "identifier" : "click",
      "image" : "AmazonsChoice",
      "handlerLine" : 12,
      "timestamp" : "2021-03-01 19:44:53.651 -0700",
      "scriptName" : "Workflow01.script"
    },
    {
      "handlerName" : "on_workflow01",
      "message" : "found at (1570, 608)",
      "identifier" : "waitfor",
      "image" : "AcidtoCart",
      "handlerLine" : 13,
      "timestamp" : "2021-03-01 19:44:54.756 -0700",
      "scriptName" : "Workflow01.script"
    },
    {
      "handlerLine" : 14,
      "handlerName" : "on_workflow01",
      "timestamp" : "2021-03-01 19:44:54.833 -0700",
      "identifier" : "capturescreen",
      "image" : "Product.png",
      "scriptName" : "Workflow01.script"
    },
    {
      "handlerName" : "on_workflow01",
      "message" : "[windowsAltKey][F4]",
      "timestamp" : "2021-03-01 19:44:54.862 -0700",
      "identifier" : "typetext",
      "scriptName" : "Workflow01.script",
      "handlerLine" : 15
    },
    {
      "identifier" : "EndTestCase",
      "message" : "(Duration:\"6.457541\", Errors:\"0\", Exceptions:\"0\", StartTime:\"2021-03-01 19:44:48 -0700\", Successes:\"1\", TestCase:\"Workflow01.script\", Warnings:\"0\")",
      "timestamp" : "2021-03-01 19:44:55.036 -0700"
    },
    {
      "identifier" : "SUCCESS",
      "message" : "Execution Time 0:00:06 Workflow01.script",
      "timestamp" : "2021-03-01 19:44:55.062 -0700"
    }
  ],
  "createdTimestamp" : "2021-03-01 19:44:48.578 -0700"
}