{
  "entries" : [
    {
      "identifier" : "START",
      "message" : "Running Script1.script",
      "timestamp" : "2020-05-14 10:14:46.025 -0600"
    },
    {
      "identifier" : "EndTestCase",
      "message" : "(Duration:\"5.300069\", Errors:\"1\", Exceptions:\"0\", StartTime:\"2020-05-14 10:14:46 -0600\", Successes:\"0\", TestCase:\"Script1.script\", Warnings:\"0\")",
      "timestamp" : "2020-05-14 10:14:51.326 -0600"
    },
    {
      "identifier" : "ABORTED",
      "message" : "Execution Time 0:00:05 Script1.script",
      "timestamp" : "2020-05-14 10:14:51.329 -0600"
    }
  ],
  "createdTimestamp" : "2020-05-14 10:14:46.026 -0600"
}