{
  "entries" : [
    {
      "identifier" : "START",
      "message" : "Running Script1.script",
      "timestamp" : "2020-05-14 09:38:05.723 -0600"
    },
    {
      "handlerName" : "on_script1",
      "message" : "A valid token must be passed.",
      "timestamp" : "2020-05-14 09:38:05.981 -0600",
      "identifier" : "Log",
      "scriptName" : "Script1.script",
      "handlerLine" : 15
    },
    {
      "identifier" : "EndTestCase",
      "message" : "(Duration:\"0.637643\", Errors:\"0\", Exceptions:\"0\", StartTime:\"2020-05-14 09:38:05 -0600\", Successes:\"1\", TestCase:\"Script1.script\", Warnings:\"0\")",
      "timestamp" : "2020-05-14 09:38:06.363 -0600"
    },
    {
      "identifier" : "SUCCESS",
      "message" : "Execution Time 0:00:00 Script1.script",
      "timestamp" : "2020-05-14 09:38:06.375 -0600"
    }
  ],
  "createdTimestamp" : "2020-05-14 09:38:05.724 -0600"
}