{
  "entries" : [
    {
      "identifier" : "START",
      "message" : "Running Main02.script",
      "timestamp" : "2021-04-10 21:49:08.692 -0600"
    },
    {
      "identifier" : "EndTestCase",
      "message" : "(Duration:\"0.255198\", Errors:\"0\", Exceptions:\"0\", StartTime:\"2021-04-10 21:49:08 -0600\", Successes:\"1\", TestCase:\"Main02.script\", Warnings:\"0\")",
      "timestamp" : "2021-04-10 21:49:08.949 -0600"
    },
    {
      "identifier" : "SUCCESS",
      "message" : "Execution Time 0:00:00 Main02.script",
      "timestamp" : "2021-04-10 21:49:08.955 -0600"
    }
  ],
  "createdTimestamp" : "2021-04-10 21:49:08.693 -0600"
}