﻿<?xml version="1.0"?>
<runHistory script="index">
 <run>
  <RunDate>2016-07-06 11:28:17.699 -0600</RunDate>
  <Status>Success</Status>
  <Duration>0.493201</Duration>
  <Errors>0</Errors>
  <Warnings>0</Warnings>
  <Exceptions>0</Exceptions>
  <Successes>1</Successes>
  <LogFile>20160706_112817.699/LogFile.txt</LogFile>
  <ReturnValue></ReturnValue>
  <ErrorMessage></ErrorMessage>
 </run>
 <run>
  <RunDate>2016-07-06 11:29:27.207 -0600</RunDate>
  <Status>Success</Status>
  <Duration>0.523894</Duration>
  <Errors>0</Errors>
  <Warnings>0</Warnings>
  <Exceptions>0</Exceptions>
  <Successes>1</Successes>
  <LogFile>20160706_112927.207/LogFile.txt</LogFile>
  <ReturnValue></ReturnValue>
  <ErrorMessage></ErrorMessage>
 </run>
 <run>
  <RunDate>2016-07-06 11:29:36.180 -0600</RunDate>
  <Status>Success</Status>
  <Duration>0.523227</Duration>
  <Errors>0</Errors>
  <Warnings>0</Warnings>
  <Exceptions>0</Exceptions>
  <Successes>1</Successes>
  <LogFile>20160706_112936.180/LogFile.txt</LogFile>
  <ReturnValue></ReturnValue>
  <ErrorMessage></ErrorMessage>
 </run>
 <run>
  <RunDate>2016-08-31 08:34:15.404 -0600</RunDate>
  <Status>Success</Status>
  <Duration>0.698327</Duration>
  <Errors>0</Errors>
  <Warnings>0</Warnings>
  <Exceptions>0</Exceptions>
  <Successes>1</Successes>
  <LogFile>20160831_083415.404/LogFile.txt</LogFile>
  <ReturnValue></ReturnValue>
  <ErrorMessage></ErrorMessage>
 </run>
 <run>
  <RunDate>2016-08-31 08:34:25.917 -0600</RunDate>
  <Status>Success</Status>
  <Duration>0.686319</Duration>
  <Errors>0</Errors>
  <Warnings>0</Warnings>
  <Exceptions>0</Exceptions>
  <Successes>1</Successes>
  <LogFile>20160831_083425.917/LogFile.txt</LogFile>
  <ReturnValue></ReturnValue>
  <ErrorMessage></ErrorMessage>
 </run>
 <run>
  <RunDate>2016-08-31 08:34:49.611 -0600</RunDate>
  <Status>Success</Status>
  <Duration>0.708910</Duration>
  <Errors>0</Errors>
  <Warnings>0</Warnings>
  <Exceptions>0</Exceptions>
  <Successes>1</Successes>
  <LogFile>20160831_083449.611/LogFile.txt</LogFile>
  <ReturnValue></ReturnValue>
  <ErrorMessage></ErrorMessage>
 </run>
 <run>
  <RunDate>2016-08-31 08:34:56.565 -0600</RunDate>
  <Status>Success</Status>
  <Duration>0.695315</Duration>
  <Errors>0</Errors>
  <Warnings>0</Warnings>
  <Exceptions>0</Exceptions>
  <Successes>1</Successes>
  <LogFile>20160831_083456.565/LogFile.txt</LogFile>
  <ReturnValue></ReturnValue>
  <ErrorMessage></ErrorMessage>
 </run>
 <run>
  <RunDate>2016-08-31 08:35:04.244 -0600</RunDate>
  <Status>Success</Status>
  <Duration>0.707718</Duration>
  <Errors>0</Errors>
  <Warnings>0</Warnings>
  <Exceptions>0</Exceptions>
  <Successes>1</Successes>
  <LogFile>20160831_083504.244/LogFile.txt</LogFile>
  <ReturnValue></ReturnValue>
  <ErrorMessage></ErrorMessage>
 </run>
 <run>
  <RunDate>2016-08-31 08:35:34.494 -0600</RunDate>
  <Status>Failure</Status>
  <Duration>0.684883</Duration>
  <Errors>1</Errors>
  <Warnings>0</Warnings>
  <Exceptions>0</Exceptions>
  <Successes>0</Successes>
  <LogFile>20160831_083534.494/LogFile.txt</LogFile>
  <ReturnValue></ReturnValue>
  <ErrorMessage>STUnknownMessage -- ERROR: No Such Command: &#x27;into&#x27;</ErrorMessage>
 </run>
 <run>
  <RunDate>2016-08-31 08:35:50.223 -0600</RunDate>
  <Status>Success</Status>
  <Duration>0.697122</Duration>
  <Errors>0</Errors>
  <Warnings>0</Warnings>
  <Exceptions>0</Exceptions>
  <Successes>1</Successes>
  <LogFile>20160831_083550.223/LogFile.txt</LogFile>
  <ReturnValue></ReturnValue>
  <ErrorMessage></ErrorMessage>
 </run>
 <run>
  <RunDate>2016-08-31 08:36:45.024 -0600</RunDate>
  <Status>Success</Status>
  <Duration>0.719449</Duration>
  <Errors>0</Errors>
  <Warnings>0</Warnings>
  <Exceptions>0</Exceptions>
  <Successes>1</Successes>
  <LogFile>20160831_083645.024/LogFile.txt</LogFile>
  <ReturnValue></ReturnValue>
  <ErrorMessage></ErrorMessage>
 </run>
 <run>
  <RunDate>2016-08-31 08:37:10.552 -0600</RunDate>
  <Status>Success</Status>
  <Duration>0.698883</Duration>
  <Errors>0</Errors>
  <Warnings>0</Warnings>
  <Exceptions>0</Exceptions>
  <Successes>1</Successes>
  <LogFile>20160831_083710.552/LogFile.txt</LogFile>
  <ReturnValue></ReturnValue>
  <ErrorMessage></ErrorMessage>
 </run>
 <run>
  <RunDate>2016-08-31 08:38:52.391 -0600</RunDate>
  <Status>Failure</Status>
  <Duration>0.690836</Duration>
  <Errors>1</Errors>
  <Warnings>0</Warnings>
  <Exceptions>0</Exceptions>
  <Successes>0</Successes>
  <LogFile>20160831_083852.391/LogFile.txt</LogFile>
  <ReturnValue></ReturnValue>
  <ErrorMessage>STInvalidDate -- Value is not a date: &#x27;(script:return &amp; ...&#x27;</ErrorMessage>
 </run>
 <run>
  <RunDate>2016-08-31 08:38:59.590 -0600</RunDate>
  <Status>Failure</Status>
  <Duration>2.932074</Duration>
  <Errors>1</Errors>
  <Warnings>0</Warnings>
  <Exceptions>0</Exceptions>
  <Successes>0</Successes>
  <LogFile>20160831_083859.590/LogFile.txt</LogFile>
  <ReturnValue></ReturnValue>
  <ErrorMessage>STMaxCallDepthExceeded -- Handlers were called to a depth exceeding the maximum limit (40). HINT: One common cause for this error is a script that has been given the same name as a built-in command or function unintentionally calling itself.</ErrorMessage>
 </run>
 <run>
  <RunDate>2016-08-31 08:41:05.122 -0600</RunDate>
  <Status>Failure</Status>
  <Duration>0.660199</Duration>
  <Errors>1</Errors>
  <Warnings>0</Warnings>
  <Exceptions>0</Exceptions>
  <Successes>0</Successes>
  <LogFile>20160831_084105.122/LogFile.txt</LogFile>
  <ReturnValue></ReturnValue>
  <ErrorMessage>STInvalidDate -- Value is not a date: &#x27;wordformat&#x27;</ErrorMessage>
 </run>
 <run>
  <RunDate>2016-08-31 08:41:53.140 -0600</RunDate>
  <Status>Success</Status>
  <Duration>0.710356</Duration>
  <Errors>0</Errors>
  <Warnings>0</Warnings>
  <Exceptions>0</Exceptions>
  <Successes>1</Successes>
  <LogFile>20160831_084153.140/LogFile.txt</LogFile>
  <ReturnValue></ReturnValue>
  <ErrorMessage></ErrorMessage>
 </run>
 <run>
  <RunDate>2016-08-31 08:42:37.210 -0600</RunDate>
  <Status>Success</Status>
  <Duration>0.748827</Duration>
  <Errors>0</Errors>
  <Warnings>0</Warnings>
  <Exceptions>0</Exceptions>
  <Successes>1</Successes>
  <LogFile>20160831_084237.210/LogFile.txt</LogFile>
  <ReturnValue></ReturnValue>
  <ErrorMessage></ErrorMessage>
 </run>
 <run>
  <RunDate>2016-08-31 08:43:08.932 -0600</RunDate>
  <Status>Failure</Status>
  <Duration>0.727781</Duration>
  <Errors>1</Errors>
  <Warnings>0</Warnings>
  <Exceptions>0</Exceptions>
  <Successes>0</Successes>
  <LogFile>20160831_084308.932/LogFile.txt</LogFile>
  <ReturnValue></ReturnValue>
  <ErrorMessage>SenseTalk Compiler Exception -- in wordtime:
Warning at line 9: Warning - Non-matching handler name: time</ErrorMessage>
 </run>
 <run>
  <RunDate>2016-08-31 08:43:22.843 -0600</RunDate>
  <Status>Success</Status>
  <Duration>0.765827</Duration>
  <Errors>0</Errors>
  <Warnings>0</Warnings>
  <Exceptions>0</Exceptions>
  <Successes>1</Successes>
  <LogFile>20160831_084322.843/LogFile.txt</LogFile>
  <ReturnValue></ReturnValue>
  <ErrorMessage></ErrorMessage>
 </run>
 <run>
  <RunDate>2016-08-31 08:44:54.294 -0600</RunDate>
  <Status>Success</Status>
  <Duration>0.709638</Duration>
  <Errors>0</Errors>
  <Warnings>0</Warnings>
  <Exceptions>0</Exceptions>
  <Successes>1</Successes>
  <LogFile>20160831_084454.294/LogFile.txt</LogFile>
  <ReturnValue></ReturnValue>
  <ErrorMessage></ErrorMessage>
 </run>
 <run>
  <RunDate>2016-10-14 13:03:01.182 -0600</RunDate>
  <Status>Success</Status>
  <Duration>1.265419</Duration>
  <Errors>0</Errors>
  <Warnings>0</Warnings>
  <Exceptions>0</Exceptions>
  <Successes>1</Successes>
  <LogFile>20161014_130301.182/LogFile.txt</LogFile>
  <ReturnValue></ReturnValue>
  <ErrorMessage></ErrorMessage>
 </run>
 <run>
  <RunDate>2016-10-18 15:17:45.738 -0600</RunDate>
  <Status>Success</Status>
  <Duration>0.926530</Duration>
  <Errors>0</Errors>
  <Warnings>0</Warnings>
  <Exceptions>0</Exceptions>
  <Successes>1</Successes>
  <LogFile>20161018_151745.738/LogFile.txt</LogFile>
  <ReturnValue></ReturnValue>
  <ErrorMessage></ErrorMessage>
 </run>
 <run>
  <RunDate>2016-10-20 10:11:46.266 -0600</RunDate>
  <Status>Success</Status>
  <Duration>1.321529</Duration>
  <Errors>0</Errors>
  <Warnings>0</Warnings>
  <Exceptions>0</Exceptions>
  <Successes>1</Successes>
  <LogFile>20161020_101146.266/LogFile.txt</LogFile>
  <ReturnValue></ReturnValue>
  <ErrorMessage></ErrorMessage>
 </run>
 <run>
  <RunDate>2016-10-20 10:24:22.836 -0600</RunDate>
  <Status>Success</Status>
  <Duration>1.003456</Duration>
  <Errors>0</Errors>
  <Warnings>0</Warnings>
  <Exceptions>0</Exceptions>
  <Successes>1</Successes>
  <LogFile>20161020_102422.836/LogFile.txt</LogFile>
  <ReturnValue></ReturnValue>
  <ErrorMessage></ErrorMessage>
 </run>
 <run>
  <RunDate>2016-10-20 10:24:26.585 -0600</RunDate>
  <Status>Success</Status>
  <Duration>0.987099</Duration>
  <Errors>0</Errors>
  <Warnings>0</Warnings>
  <Exceptions>0</Exceptions>
  <Successes>1</Successes>
  <LogFile>20161020_102426.585/LogFile.txt</LogFile>
  <ReturnValue></ReturnValue>
  <ErrorMessage></ErrorMessage>
 </run>
 <run>
  <RunDate>2016-10-20 10:24:47.285 -0600</RunDate>
  <Status>Success</Status>
  <Duration>0.999931</Duration>
  <Errors>0</Errors>
  <Warnings>0</Warnings>
  <Exceptions>0</Exceptions>
  <Successes>1</Successes>
  <LogFile>20161020_102447.285/LogFile.txt</LogFile>
  <ReturnValue></ReturnValue>
  <ErrorMessage></ErrorMessage>
 </run>
 <run>
  <RunDate>2016-10-20 10:25:07.773 -0600</RunDate>
  <Status>Success</Status>
  <Duration>0.995030</Duration>
  <Errors>0</Errors>
  <Warnings>0</Warnings>
  <Exceptions>0</Exceptions>
  <Successes>1</Successes>
  <LogFile>20161020_102507.773/LogFile.txt</LogFile>
  <ReturnValue></ReturnValue>
  <ErrorMessage></ErrorMessage>
 </run>
 <run>
  <RunDate>2016-10-20 10:25:18.571 -0600</RunDate>
  <Status>Success</Status>
  <Duration>1.024118</Duration>
  <Errors>0</Errors>
  <Warnings>0</Warnings>
  <Exceptions>0</Exceptions>
  <Successes>1</Successes>
  <LogFile>20161020_102518.571/LogFile.txt</LogFile>
  <ReturnValue></ReturnValue>
  <ErrorMessage></ErrorMessage>
 </run>
 <run>
  <RunDate>2016-10-20 10:25:33.019 -0600</RunDate>
  <Status>Success</Status>
  <Duration>1.004777</Duration>
  <Errors>0</Errors>
  <Warnings>0</Warnings>
  <Exceptions>0</Exceptions>
  <Successes>1</Successes>
  <LogFile>20161020_102533.019/LogFile.txt</LogFile>
  <ReturnValue></ReturnValue>
  <ErrorMessage></ErrorMessage>
 </run>
 <run>
  <RunDate>2016-10-20 10:26:32.995 -0600</RunDate>
  <Status>Success</Status>
  <Duration>0.993874</Duration>
  <Errors>0</Errors>
  <Warnings>0</Warnings>
  <Exceptions>0</Exceptions>
  <Successes>1</Successes>
  <LogFile>20161020_102632.995/LogFile.txt</LogFile>
  <ReturnValue></ReturnValue>
  <ErrorMessage></ErrorMessage>
 </run>
 <run>
  <RunDate>2016-10-20 10:26:44.135 -0600</RunDate>
  <Status>Success</Status>
  <Duration>0.994328</Duration>
  <Errors>0</Errors>
  <Warnings>0</Warnings>
  <Exceptions>0</Exceptions>
  <Successes>1</Successes>
  <LogFile>20161020_102644.135/LogFile.txt</LogFile>
  <ReturnValue></ReturnValue>
  <ErrorMessage></ErrorMessage>
 </run>
 <run>
  <RunDate>2016-10-20 10:26:50.564 -0600</RunDate>
  <Status>Success</Status>
  <Duration>1.003730</Duration>
  <Errors>0</Errors>
  <Warnings>0</Warnings>
  <Exceptions>0</Exceptions>
  <Successes>1</Successes>
  <LogFile>20161020_102650.564/LogFile.txt</LogFile>
  <ReturnValue></ReturnValue>
  <ErrorMessage></ErrorMessage>
 </run>
 <run>
  <RunDate>2016-10-20 10:28:14.272 -0600</RunDate>
  <Status>Failure</Status>
  <Duration>0.974512</Duration>
  <Errors>1</Errors>
  <Warnings>0</Warnings>
  <Exceptions>0</Exceptions>
  <Successes>0</Successes>
  <LogFile>20161020_102814.272/LogFile.txt</LogFile>
  <ReturnValue></ReturnValue>
  <ErrorMessage>SenseTalk Compiler Exception -- in wordyear:
Warning at line 5: Warning - Non-matching handler name: Worddate</ErrorMessage>
 </run>
 <run>
  <RunDate>2016-10-20 10:28:34.759 -0600</RunDate>
  <Status>Success</Status>
  <Duration>1.039548</Duration>
  <Errors>0</Errors>
  <Warnings>0</Warnings>
  <Exceptions>0</Exceptions>
  <Successes>1</Successes>
  <LogFile>20161020_102834.759/LogFile.txt</LogFile>
  <ReturnValue></ReturnValue>
  <ErrorMessage></ErrorMessage>
 </run>
 <run>
  <RunDate>2016-10-20 10:29:39.163 -0600</RunDate>
  <Status>Success</Status>
  <Duration>1.107167</Duration>
  <Errors>0</Errors>
  <Warnings>0</Warnings>
  <Exceptions>0</Exceptions>
  <Successes>1</Successes>
  <LogFile>20161020_102939.163/LogFile.txt</LogFile>
  <ReturnValue></ReturnValue>
  <ErrorMessage></ErrorMessage>
 </run>
 <run>
  <RunDate>2016-10-20 10:31:02.759 -0600</RunDate>
  <Status>Failure</Status>
  <Duration>1.070328</Duration>
  <Errors>1</Errors>
  <Warnings>0</Warnings>
  <Exceptions>0</Exceptions>
  <Successes>0</Successes>
  <LogFile>20161020_103102.759/LogFile.txt</LogFile>
  <ReturnValue></ReturnValue>
  <ErrorMessage>STUnknownMessage -- ERROR: &#x27;numberwords&#x27; was called as a Command, but is only available as a Function</ErrorMessage>
 </run>
 <run>
  <RunDate>2016-10-20 10:31:52.831 -0600</RunDate>
  <Status>Success</Status>
  <Duration>1.102385</Duration>
  <Errors>0</Errors>
  <Warnings>0</Warnings>
  <Exceptions>0</Exceptions>
  <Successes>1</Successes>
  <LogFile>20161020_103152.831/LogFile.txt</LogFile>
  <ReturnValue></ReturnValue>
  <ErrorMessage></ErrorMessage>
 </run>
 <run>
  <RunDate>2016-10-20 10:32:12.288 -0600</RunDate>
  <Status>Success</Status>
  <Duration>1.111701</Duration>
  <Errors>0</Errors>
  <Warnings>0</Warnings>
  <Exceptions>0</Exceptions>
  <Successes>1</Successes>
  <LogFile>20161020_103212.288/LogFile.txt</LogFile>
  <ReturnValue></ReturnValue>
  <ErrorMessage></ErrorMessage>
 </run>
 <run>
  <RunDate>2016-10-20 10:32:22.850 -0600</RunDate>
  <Status>Success</Status>
  <Duration>1.109888</Duration>
  <Errors>0</Errors>
  <Warnings>0</Warnings>
  <Exceptions>0</Exceptions>
  <Successes>1</Successes>
  <LogFile>20161020_103222.850/LogFile.txt</LogFile>
  <ReturnValue></ReturnValue>
  <ErrorMessage></ErrorMessage>
 </run>
 <run>
  <RunDate>2016-10-20 10:33:25.743 -0600</RunDate>
  <Status>Success</Status>
  <Duration>1.117547</Duration>
  <Errors>0</Errors>
  <Warnings>0</Warnings>
  <Exceptions>0</Exceptions>
  <Successes>1</Successes>
  <LogFile>20161020_103325.743/LogFile.txt</LogFile>
  <ReturnValue></ReturnValue>
  <ErrorMessage></ErrorMessage>
 </run>
 <run>
  <RunDate>2016-10-20 10:33:39.746 -0600</RunDate>
  <Status>Success</Status>
  <Duration>1.095087</Duration>
  <Errors>0</Errors>
  <Warnings>0</Warnings>
  <Exceptions>0</Exceptions>
  <Successes>1</Successes>
  <LogFile>20161020_103339.746/LogFile.txt</LogFile>
  <ReturnValue></ReturnValue>
  <ErrorMessage></ErrorMessage>
 </run>
 <run>
  <RunDate>2016-10-20 10:34:55.503 -0600</RunDate>
  <Status>Success</Status>
  <Duration>1.110150</Duration>
  <Errors>0</Errors>
  <Warnings>0</Warnings>
  <Exceptions>0</Exceptions>
  <Successes>1</Successes>
  <LogFile>20161020_103455.503/LogFile.txt</LogFile>
  <ReturnValue></ReturnValue>
  <ErrorMessage></ErrorMessage>
 </run>
 <run>
  <RunDate>2016-10-20 10:35:14.294 -0600</RunDate>
  <Status>Success</Status>
  <Duration>1.100057</Duration>
  <Errors>0</Errors>
  <Warnings>0</Warnings>
  <Exceptions>0</Exceptions>
  <Successes>1</Successes>
  <LogFile>20161020_103514.294/LogFile.txt</LogFile>
  <ReturnValue></ReturnValue>
  <ErrorMessage></ErrorMessage>
 </run>
 <run>
  <RunDate>2016-10-20 10:35:17.213 -0600</RunDate>
  <Status>Success</Status>
  <Duration>1.158762</Duration>
  <Errors>0</Errors>
  <Warnings>0</Warnings>
  <Exceptions>0</Exceptions>
  <Successes>1</Successes>
  <LogFile>20161020_103517.213/LogFile.txt</LogFile>
  <ReturnValue></ReturnValue>
  <ErrorMessage></ErrorMessage>
 </run>
</runHistory>
