{
  "entries" : [
    {
      "identifier" : "START",
      "message" : "Running AdvanceDates.script",
      "timestamp" : "2018-11-26 16:51:06.345 -0500"
    },
    {
      "handlerName" : "on_advancedates",
      "message" : "(2018-11-26,2018-11-30,2018-12-01,hello,2018-12-03,2018-12-04)",
      "timestamp" : "2018-11-26 16:51:06.437 -0500",
      "identifier" : "Log",
      "scriptName" : "AdvanceDates.script",
      "handlerLine" : 13
    },
    {
      "identifier" : "EndTestCase",
      "message" : "(Duration:\"0.423203\", Errors:\"0\", Exceptions:\"0\", StartTime:\"2018-11-26 16:51:06 -0500\", Successes:\"1\", TestCase:\"AdvanceDates.script\", Warnings:\"0\")",
      "timestamp" : "2018-11-26 16:51:06.792 -0500"
    },
    {
      "identifier" : "SUCCESS",
      "message" : "Execution Time 0:00:00 AdvanceDates.script",
      "timestamp" : "2018-11-26 16:51:06.848 -0500"
    }
  ],
  "createdTimestamp" : "2018-11-26 16:51:06.369 -0500"
}