{
  "entries" : [
    {
      "identifier" : "START",
      "message" : "Running MainSingleData.script",
      "timestamp" : "2020-07-30 13:56:30.360 -0600"
    },
    {
      "handlerName" : "on_mainsingledata",
      "message" : "Loading Data{@\"Billing Date\":\"12\/5\/18\", @\"Charge Capture Date\":\"12\/8\/18\", @\"Claims Date\":\"12\/8\/18\", @\"Coding Date\":\"12\/3\/18\", @\"Created Date\":\"12\/1\/18\", @\"Date of Birth\":\"7\/25\/18\", @\"First Name\":\"Harold\", Gender:\"Male\", @\"Last Name\":\"Jones\", @\"Marital Status\":\"Divorced\", @\"Medical Record Number\":\"41281\", @\"Middle Name\":\"T\", @\"Social Security Number\":\"621-43-2972\", Suffix:\"Mr\"}",
      "timestamp" : "2020-07-30 13:56:30.476 -0600",
      "identifier" : "Log",
      "scriptName" : "MainSingleData.script",
      "handlerLine" : 13
    },
    {
      "handlerName" : "on_mainsingledata",
      "message" : "--------------------",
      "timestamp" : "2020-07-30 13:56:30.479 -0600",
      "identifier" : "Log",
      "scriptName" : "MainSingleData.script",
      "handlerLine" : 14
    },
    {
      "handlerName" : "on_subscript_script1",
      "message" : "Starting Script 1",
      "timestamp" : "2020-07-30 13:56:30.504 -0600",
      "identifier" : "Log",
      "scriptName" : "SubScript\/Script1.script",
      "handlerLine" : 2
    },
    {
      "handlerName" : "on_subscript_script1",
      "message" : "Mr",
      "timestamp" : "2020-07-30 13:56:30.507 -0600",
      "identifier" : "Log",
      "scriptName" : "SubScript\/Script1.script",
      "handlerLine" : 7
    },
    {
      "handlerName" : "on_subscript_script1",
      "message" : "Harold",
      "timestamp" : "2020-07-30 13:56:30.532 -0600",
      "identifier" : "Log",
      "scriptName" : "SubScript\/Script1.script",
      "handlerLine" : 8
    },
    {
      "handlerName" : "on_subscript_script2",
      "message" : "Starting Script 2",
      "timestamp" : "2020-07-30 13:56:30.556 -0600",
      "identifier" : "Log",
      "scriptName" : "SubScript\/Script2.script",
      "handlerLine" : 2
    },
    {
      "handlerName" : "on_subscript_script2",
      "message" : "41281",
      "timestamp" : "2020-07-30 13:56:30.558 -0600",
      "identifier" : "Log",
      "scriptName" : "SubScript\/Script2.script",
      "handlerLine" : 7
    },
    {
      "handlerName" : "on_subscript_script2",
      "message" : "621-43-2972",
      "timestamp" : "2020-07-30 13:56:30.581 -0600",
      "identifier" : "Log",
      "scriptName" : "SubScript\/Script2.script",
      "handlerLine" : 8
    },
    {
      "handlerName" : "on_subscript_script3",
      "message" : "Starting Script 3",
      "timestamp" : "2020-07-30 13:56:30.589 -0600",
      "identifier" : "Log",
      "scriptName" : "SubScript\/Script3.script",
      "handlerLine" : 2
    },
    {
      "handlerName" : "on_module1",
      "message" : "Starting Module1",
      "timestamp" : "2020-07-30 13:56:30.608 -0600",
      "identifier" : "Log",
      "scriptName" : "Script3\/SubModules.script",
      "handlerLine" : 2
    },
    {
      "handlerName" : "on_module1",
      "message" : "12\/1\/18",
      "timestamp" : "2020-07-30 13:56:30.610 -0600",
      "identifier" : "Log",
      "scriptName" : "Script3\/SubModules.script",
      "handlerLine" : 5
    },
    {
      "handlerName" : "on_module1",
      "message" : "Harold",
      "timestamp" : "2020-07-30 13:56:30.622 -0600",
      "identifier" : "Log",
      "scriptName" : "Script3\/SubModules.script",
      "handlerLine" : 6
    },
    {
      "handlerName" : "on_module2",
      "message" : "Starting Module2",
      "timestamp" : "2020-07-30 13:56:30.646 -0600",
      "identifier" : "Log",
      "scriptName" : "Script3\/SubModules.script",
      "handlerLine" : 2
    },
    {
      "handlerName" : "on_module2",
      "message" : "Mr",
      "timestamp" : "2020-07-30 13:56:30.648 -0600",
      "identifier" : "Log",
      "scriptName" : "Script3\/SubModules.script",
      "handlerLine" : 4
    },
    {
      "handlerName" : "on_module2",
      "message" : "Harold",
      "timestamp" : "2020-07-30 13:56:30.656 -0600",
      "identifier" : "Log",
      "scriptName" : "Script3\/SubModules.script",
      "handlerLine" : 5
    },
    {
      "handlerName" : "on_mainsingledata",
      "message" : "**********************************************",
      "timestamp" : "2020-07-30 13:56:30.676 -0600",
      "identifier" : "Log",
      "scriptName" : "MainSingleData.script",
      "handlerLine" : 19
    },
    {
      "identifier" : "EndTestCase",
      "message" : "(Duration:\"0.709593\", Errors:\"0\", Exceptions:\"0\", StartTime:\"2020-07-30 13:56:30 -0600\", Successes:\"1\", TestCase:\"MainSingleData.script\", Warnings:\"0\")",
      "timestamp" : "2020-07-30 13:56:31.071 -0600"
    },
    {
      "identifier" : "SUCCESS",
      "message" : "Execution Time 0:00:00 MainSingleData.script",
      "timestamp" : "2020-07-30 13:56:31.079 -0600"
    }
  ],
  "createdTimestamp" : "2020-07-30 13:56:30.361 -0600"
}