{
  "entries" : [
    {
      "identifier" : "START",
      "message" : "Running AdvanceDates.script",
      "timestamp" : "2018-11-26 16:57:35.836 -0500"
    },
    {
      "handlerName" : "on_advancedates",
      "message" : "(,2018-11-26,2018-11-27,2018-12-01,2018-12-05)",
      "timestamp" : "2018-11-26 16:57:35.921 -0500",
      "identifier" : "Log",
      "scriptName" : "AdvanceDates.script",
      "handlerLine" : 18
    },
    {
      "identifier" : "EndTestCase",
      "message" : "(Duration:\"0.340449\", Errors:\"0\", Exceptions:\"0\", StartTime:\"2018-11-26 16:57:35 -0500\", Successes:\"1\", TestCase:\"AdvanceDates.script\", Warnings:\"0\")",
      "timestamp" : "2018-11-26 16:57:36.201 -0500"
    },
    {
      "identifier" : "SUCCESS",
      "message" : "Execution Time 0:00:00 AdvanceDates.script",
      "timestamp" : "2018-11-26 16:57:36.252 -0500"
    }
  ],
  "createdTimestamp" : "2018-11-26 16:57:35.860 -0500"
}