{
  "entries" : [
    {
      "identifier" : "START",
      "message" : "Running Master.script",
      "timestamp" : "2018-11-26 13:12:20.563 -0500"
    },
    {
      "handlerName" : "on_two",
      "message" : "two",
      "timestamp" : "2018-11-26 13:12:20.710 -0500",
      "identifier" : "Log",
      "scriptName" : "",
      "handlerLine" : 3
    },
    {
      "identifier" : "EndTestCase",
      "message" : "(Duration:\"0.878136\", Errors:\"0\", Exceptions:\"0\", StartTime:\"2018-11-26 13:12:20 -0500\", Successes:\"1\", TestCase:\"Master.script\", Warnings:\"0\")",
      "timestamp" : "2018-11-26 13:12:21.470 -0500"
    },
    {
      "identifier" : "SUCCESS",
      "message" : "Execution Time 0:00:00 Master.script",
      "timestamp" : "2018-11-26 13:12:21.525 -0500"
    }
  ],
  "createdTimestamp" : "2018-11-26 13:12:20.592 -0500"
}