﻿<?xml version="1.0" encoding="UTF-8" ?>
<statistics>
 <script name="Example Get-API">
  <LastStatus>Success</LastStatus>
  <NumberOfRuns>1</NumberOfRuns>
  <NumberOfFails>0</NumberOfFails>
  <FirstRun>2020-11-12 12:13:43 -0700</FirstRun>
  <LastRun>2020-11-12 12:13:43 -0700</LastRun>
  <TotalTimeOnSuccess>0.902653</TotalTimeOnSuccess>
 </script>
 <script name="Example UsingSuiteVaribles-API">
  <LastStatus>Success</LastStatus>
  <NumberOfRuns>1</NumberOfRuns>
  <NumberOfFails>0</NumberOfFails>
  <FirstRun>2020-10-20 14:31:56 -0600</FirstRun>
  <LastRun>2020-10-20 14:31:56 -0600</LastRun>
  <TotalTimeOnSuccess>0.992199</TotalTimeOnSuccess>
 </script>
 <script name="Example OverLoad API">
  <LastStatus>Success</LastStatus>
  <NumberOfRuns>18</NumberOfRuns>
  <NumberOfFails>3</NumberOfFails>
  <FirstRun>2020-08-11 10:34:29 -0600</FirstRun>
  <LastRun>2020-10-20 14:23:36 -0600</LastRun>
  <TotalTimeOnSuccess>10.195724</TotalTimeOnSuccess>
 </script>
 <script name="Example Post Form Data-API">
  <LastStatus>Success</LastStatus>
  <NumberOfRuns>1</NumberOfRuns>
  <NumberOfFails>0</NumberOfFails>
  <FirstRun>2020-09-11 07:46:19 -0600</FirstRun>
  <LastRun>2020-09-11 07:46:19 -0600</LastRun>
  <TotalTimeOnSuccess>1.185455</TotalTimeOnSuccess>
 </script>
 <script name="Example VerifyResponse">
  <LastStatus>Success</LastStatus>
  <NumberOfRuns>13</NumberOfRuns>
  <NumberOfFails>4</NumberOfFails>
  <FirstRun>2020-08-05 10:28:54 -0600</FirstRun>
  <LastRun>2020-08-05 10:36:11 -0600</LastRun>
  <TotalTimeOnSuccess>16.434884</TotalTimeOnSuccess>
 </script>
 <script name="Example SuiteVariables">
  <LastStatus>Success</LastStatus>
  <NumberOfRuns>9</NumberOfRuns>
  <NumberOfFails>2</NumberOfFails>
  <FirstRun>2020-08-05 10:44:29 -0600</FirstRun>
  <LastRun>2020-08-05 11:02:18 -0600</LastRun>
  <TotalTimeOnSuccess>20.175480</TotalTimeOnSuccess>
 </script>
 <script name="Example Post Json-API">
  <LastStatus>Success</LastStatus>
  <NumberOfRuns>3</NumberOfRuns>
  <NumberOfFails>0</NumberOfFails>
  <FirstRun>2020-08-11 10:39:01 -0600</FirstRun>
  <LastRun>2020-10-20 14:22:50 -0600</LastRun>
  <TotalTimeOnSuccess>2.748746</TotalTimeOnSuccess>
 </script>
 <script name="Untitled">
  <LastStatus>Success</LastStatus>
  <NumberOfRuns>2</NumberOfRuns>
  <NumberOfFails>0</NumberOfFails>
  <FirstRun>2020-11-12 12:14:17 -0700</FirstRun>
  <LastRun>2020-11-12 12:14:27 -0700</LastRun>
  <TotalTimeOnSuccess>1.939798</TotalTimeOnSuccess>
 </script>
 <script name="Example Response Status Code-API">
  <LastStatus>Success</LastStatus>
  <NumberOfRuns>1</NumberOfRuns>
  <NumberOfFails>0</NumberOfFails>
  <FirstRun>2020-08-18 13:24:56 -0600</FirstRun>
  <LastRun>2020-08-18 13:24:56 -0600</LastRun>
  <TotalTimeOnSuccess>1.099545</TotalTimeOnSuccess>
 </script>
 <script name="TestAllAPIs">
  <LastStatus>Success</LastStatus>
  <NumberOfRuns>1</NumberOfRuns>
  <NumberOfFails>0</NumberOfFails>
  <FirstRun>2020-10-20 14:31:13 -0600</FirstRun>
  <LastRun>2020-10-20 14:31:13 -0600</LastRun>
  <TotalTimeOnSuccess>4.408094</TotalTimeOnSuccess>
 </script>
</statistics>
