﻿Script,Last Status,Runs,Fails,First Run,Last Run,Avg Time(Success)
Example Get-API,Success,1,0,2020-11-12 12:13:43 -0700,2020-11-12 12:13:43 -0700,0:00:00
Example UsingSuiteVaribles-API,Success,1,0,2020-10-20 14:31:56 -0600,2020-10-20 14:31:56 -0600,0:00:00
Example OverLoad API,Success,18,3,2020-08-11 10:34:29 -0600,2020-10-20 14:23:36 -0600,0:00:00
Example Post Form Data-API,Success,1,0,2020-09-11 07:46:19 -0600,2020-09-11 07:46:19 -0600,0:00:01
Example VerifyResponse,Success,13,4,2020-08-05 10:28:54 -0600,2020-08-05 10:36:11 -0600,0:00:01
Example SuiteVariables,Success,9,2,2020-08-05 10:44:29 -0600,2020-08-05 11:02:18 -0600,0:00:02
Example Post Json-API,Success,3,0,2020-08-11 10:39:01 -0600,2020-10-20 14:22:50 -0600,0:00:00
Untitled,Success,2,0,2020-11-12 12:14:17 -0700,2020-11-12 12:14:27 -0700,0:00:00
Example Response Status Code-API,Success,1,0,2020-08-18 13:24:56 -0600,2020-08-18 13:24:56 -0600,0:00:01
TestAllAPIs,Success,1,0,2020-10-20 14:31:13 -0600,2020-10-20 14:31:13 -0600,0:00:04
