{
  "entries" : [
    {
      "identifier" : "START",
      "message" : "Running AdvanceDates.script",
      "timestamp" : "2018-11-26 16:51:28.420 -0500"
    },
    {
      "handlerName" : "on_advancedates",
      "message" : "(2018-11-28,hello,2018-11-30,2018-12-01,2018-12-02,2018-12-04)",
      "timestamp" : "2018-11-26 16:51:28.462 -0500",
      "identifier" : "Log",
      "scriptName" : "AdvanceDates.script",
      "handlerLine" : 13
    },
    {
      "identifier" : "EndTestCase",
      "message" : "(Duration:\"0.318103\", Errors:\"0\", Exceptions:\"0\", StartTime:\"2018-11-26 16:51:28 -0500\", Successes:\"1\", TestCase:\"AdvanceDates.script\", Warnings:\"0\")",
      "timestamp" : "2018-11-26 16:51:28.762 -0500"
    },
    {
      "identifier" : "SUCCESS",
      "message" : "Execution Time 0:00:00 AdvanceDates.script",
      "timestamp" : "2018-11-26 16:51:28.813 -0500"
    }
  ],
  "createdTimestamp" : "2018-11-26 16:51:28.444 -0500"
}