{
  "entries" : [
    {
      "identifier" : "START",
      "message" : "Running Untitled1.script",
      "timestamp" : "2018-11-29 13:42:55.155 -0700"
    },
    {
      "handlerName" : "on_five",
      "message" : "the five",
      "timestamp" : "2018-11-29 13:42:55.510 -0700",
      "identifier" : "Log",
      "scriptName" : "",
      "handlerLine" : 3
    },
    {
      "identifier" : "EndTestCase",
      "message" : "(Duration:\"0.86897\", Errors:\"0\", Exceptions:\"0\", StartTime:\"2018-11-29 13:42:55 -0700\", Successes:\"1\", TestCase:\"Untitled1.script\", Warnings:\"0\")",
      "timestamp" : "2018-11-29 13:42:56.064 -0700"
    },
    {
      "identifier" : "SUCCESS",
      "message" : "Execution Time 0:00:00 Untitled1.script",
      "timestamp" : "2018-11-29 13:42:56.122 -0700"
    }
  ],
  "createdTimestamp" : "2018-11-29 13:42:55.195 -0700"
}