﻿Date Run,Status,Time,# of Errors,# of Warnings,# of Exceptions,Log File,Return Value,Error Message,# of Successes
2018-11-21 17:31:39.372 -0500,"Failure",0:00:00,1,0,1,"20181121_173139.372/LogFile.txt","","Error Running Script Command -- runwithnewresults Error - Unable to locate script named: Processing/",0
2018-11-21 17:31:57.923 -0500,"Success",0:00:01,0,0,0,"20181121_173157.923/LogFile.txt","","",1
2018-11-21 17:32:00.245 -0500,"Success",0:00:01,0,0,0,"20181121_173200.245/LogFile.txt","","",1
2018-11-21 17:32:45.494 -0500,"Success",0:00:01,0,0,0,"20181121_173245.494/LogFile.txt","","",1
2018-11-21 17:33:00.176 -0500,"Success",0:00:01,0,0,0,"20181121_173300.176/LogFile.txt","","",1
2018-11-21 17:33:01.989 -0500,"Success",0:00:01,0,0,0,"20181121_173301.989/LogFile.txt","","",1
