{
  "entries" : [
    {
      "identifier" : "START",
      "message" : "Running Untitled1.script",
      "timestamp" : "2021-01-18 13:59:45.956 -0700"
    },
    {
      "handlerName" : "on_untitled1",
      "message" : "[[0,0,0]]",
      "timestamp" : "2021-01-18 13:59:46.005 -0700",
      "identifier" : "Log",
      "scriptName" : "Untitled1.script",
      "handlerLine" : 22
    },
    {
      "identifier" : "EndTestCase",
      "message" : "(Duration:\"0.19501\", Errors:\"0\", Exceptions:\"0\", StartTime:\"2021-01-18 13:59:45 -0700\", Successes:\"1\", TestCase:\"Untitled1.script\", Warnings:\"0\")",
      "timestamp" : "2021-01-18 13:59:46.152 -0700"
    },
    {
      "identifier" : "SUCCESS",
      "message" : "Execution Time 0:00:00 Untitled1.script",
      "timestamp" : "2021-01-18 13:59:46.164 -0700"
    }
  ],
  "createdTimestamp" : "2021-01-18 13:59:45.957 -0700"
}