﻿<?xml version="1.0"?>
<statistics>
 <script name="Master">
  <LastStatus>Success</LastStatus>
  <NumberOfRuns>15</NumberOfRuns>
  <NumberOfFails>0</NumberOfFails>
  <FirstRun>2019-04-18 15:58:18 -0600</FirstRun>
  <LastRun>2019-04-18 19:04:50 -0600</LastRun>
  <TotalTimeOnSuccess>0.000000</TotalTimeOnSuccess>
 </script>
 <script name="Master_Test_Feature">
  <LastStatus>Success</LastStatus>
  <NumberOfRuns>1</NumberOfRuns>
  <NumberOfFails>0</NumberOfFails>
  <FirstRun>2019-04-18 16:27:21 -0600</FirstRun>
  <LastRun>2019-04-18 16:27:21 -0600</LastRun>
  <TotalTimeOnSuccess>0.000000</TotalTimeOnSuccess>
 </script>
 <script name="QA_Script">
  <LastStatus>Success</LastStatus>
  <NumberOfRuns>5</NumberOfRuns>
  <NumberOfFails>3</NumberOfFails>
  <FirstRun>2019-04-18 16:01:43 -0600</FirstRun>
  <LastRun>2019-04-18 16:03:24 -0600</LastRun>
  <TotalTimeOnSuccess>0.000000</TotalTimeOnSuccess>
 </script>
 <script name="Test_Feature">
  <LastStatus>Success</LastStatus>
  <NumberOfRuns>4</NumberOfRuns>
  <NumberOfFails>2</NumberOfFails>
  <FirstRun>2019-04-18 15:12:33 -0600</FirstRun>
  <LastRun>2019-04-18 15:15:32 -0600</LastRun>
  <TotalTimeOnSuccess>0.000000</TotalTimeOnSuccess>
 </script>
 <script name="Test_Feature-Feature">
  <LastStatus>Success</LastStatus>
  <NumberOfRuns>61</NumberOfRuns>
  <NumberOfFails>0</NumberOfFails>
  <FirstRun>2019-04-18 15:11:00 -0600</FirstRun>
  <LastRun>2019-04-18 19:15:51 -0600</LastRun>
  <TotalTimeOnSuccess>0.000000</TotalTimeOnSuccess>
 </script>
 <script name="TEST_THING">
  <LastStatus>Success</LastStatus>
  <NumberOfRuns>12</NumberOfRuns>
  <NumberOfFails>0</NumberOfFails>
  <FirstRun>2019-04-18 16:17:32 -0600</FirstRun>
  <LastRun>2019-04-18 17:08:57 -0600</LastRun>
  <TotalTimeOnSuccess>0.000000</TotalTimeOnSuccess>
 </script>
 <script name="Master2">
  <LastStatus>Success</LastStatus>
  <NumberOfRuns>2</NumberOfRuns>
  <NumberOfFails>0</NumberOfFails>
  <FirstRun>2019-04-18 17:20:33 -0600</FirstRun>
  <LastRun>2019-04-18 19:15:51 -0600</LastRun>
  <TotalTimeOnSuccess>0.000000</TotalTimeOnSuccess>
 </script>
</statistics>
