{
  "entries" : [
    {
      "identifier" : "START",
      "message" : "Running index.script",
      "timestamp" : "2021-01-18 13:30:32.908 -0700"
    },
    {
      "handlerName" : "on_definecolorarea",
      "message" : "calculating...",
      "timestamp" : "2021-01-18 13:30:33.139 -0700",
      "identifier" : "Log",
      "scriptName" : "",
      "handlerLine" : 27
    },
    {
      "handlerName" : "on_index",
      "message" : "806",
      "timestamp" : "2021-01-18 13:30:33.141 -0700",
      "identifier" : "Log",
      "scriptName" : "index.script",
      "handlerLine" : 8
    },
    {
      "handlerName" : "function_pixelmatch",
      "message" : "Finding the colors",
      "timestamp" : "2021-01-18 13:30:33.160 -0700",
      "identifier" : "Log",
      "scriptName" : "",
      "handlerLine" : 11
    },
    {
      "handlerName" : "on_index",
      "message" : "{Color1:310, Color2:496}",
      "timestamp" : "2021-01-18 13:30:38.345 -0700",
      "identifier" : "Log",
      "scriptName" : "index.script",
      "handlerLine" : 28
    },
    {
      "identifier" : "EndTestCase",
      "message" : "(Duration:\"5.521125\", Errors:\"0\", Exceptions:\"0\", StartTime:\"2021-01-18 13:30:32 -0700\", Successes:\"1\", TestCase:\"index.script\", Warnings:\"0\")",
      "timestamp" : "2021-01-18 13:30:38.430 -0700"
    },
    {
      "identifier" : "SUCCESS",
      "message" : "Execution Time 0:00:05 index.script",
      "timestamp" : "2021-01-18 13:30:38.437 -0700"
    }
  ],
  "createdTimestamp" : "2021-01-18 13:30:32.908 -0700"
}