﻿<?xml version="1.0" encoding="UTF-8" ?>
<statistics>
 <script name="Untitled1">
  <LastStatus>Success</LastStatus>
  <NumberOfRuns>47</NumberOfRuns>
  <NumberOfFails>1</NumberOfFails>
  <FirstRun>2021-01-18 13:35:16 -0700</FirstRun>
  <LastRun>2021-01-18 15:08:16 -0700</LastRun>
  <TotalTimeOnSuccess>9.784315</TotalTimeOnSuccess>
 </script>
 <script name="Untitled2">
  <LastStatus>Success</LastStatus>
  <NumberOfRuns>1</NumberOfRuns>
  <NumberOfFails>0</NumberOfFails>
  <FirstRun>2021-04-20 09:17:12 -0600</FirstRun>
  <LastRun>2021-04-20 09:17:12 -0600</LastRun>
  <TotalTimeOnSuccess>1.560405</TotalTimeOnSuccess>
 </script>
 <script name="Untitled">
  <LastStatus>Success</LastStatus>
  <NumberOfRuns>3</NumberOfRuns>
  <NumberOfFails>0</NumberOfFails>
  <FirstRun>2020-03-12 16:18:40 -0500</FirstRun>
  <LastRun>2020-03-12 16:20:31 -0500</LastRun>
  <TotalTimeOnSuccess>18.000000</TotalTimeOnSuccess>
 </script>
 <script name="index">
  <LastStatus>Success</LastStatus>
  <NumberOfRuns>37</NumberOfRuns>
  <NumberOfFails>4</NumberOfFails>
  <FirstRun>2020-03-04 14:49:22 -0700</FirstRun>
  <LastRun>2021-01-18 15:05:25 -0700</LastRun>
  <TotalTimeOnSuccess>870.925830</TotalTimeOnSuccess>
 </script>
</statistics>
