﻿<?xml version="1.0"?>
<statistics>
 <script name="index">
  <LastStatus>Success</LastStatus>
  <NumberOfRuns>8</NumberOfRuns>
  <NumberOfFails>4</NumberOfFails>
  <FirstRun>2020-03-04 14:49:22 -0700</FirstRun>
  <LastRun>2020-03-04 15:34:31 -0700</LastRun>
  <TotalTimeOnSuccess>671.074029</TotalTimeOnSuccess>
 </script>
 <script name="Untitled">
  <LastStatus>Success</LastStatus>
  <NumberOfRuns>3</NumberOfRuns>
  <NumberOfFails>0</NumberOfFails>
  <FirstRun>2020-03-12 16:18:40 -0500</FirstRun>
  <LastRun>2020-03-12 16:20:31 -0500</LastRun>
  <TotalTimeOnSuccess>20.213430</TotalTimeOnSuccess>
 </script>
</statistics>
