{
  "entries" : [
    {
      "identifier" : "START",
      "message" : "Running index Second.script",
      "timestamp" : "2018-11-28 14:35:03.925 -0500"
    },
    {
      "identifier" : "EndTestCase",
      "message" : "(Duration:\"5.732072\", Errors:\"0\", Exceptions:\"0\", StartTime:\"2018-11-28 14:35:03 -0500\", Successes:\"1\", TestCase:\"index Second.script\", Warnings:\"0\")",
      "timestamp" : "2018-11-28 14:35:09.684 -0500"
    },
    {
      "identifier" : "SUCCESS",
      "message" : "Execution Time 0:00:05 index Second.script",
      "timestamp" : "2018-11-28 14:35:09.741 -0500"
    }
  ],
  "createdTimestamp" : "2018-11-28 14:35:03.952 -0500"
}