{
  "entries" : [
    {
      "identifier" : "START",
      "message" : "Running Example Response Status Code.apitest",
      "timestamp" : "2020-08-18 13:24:56.540 -0600"
    },
    {
      "identifier" : "EndTestCase",
      "message" : "(Duration:\"1.088525\", Errors:\"0\", Exceptions:\"0\", StartTime:\"2020-08-18 13:24:56 -0600\", Successes:\"1\", TestCase:\"Example Response Status Code.apitest\", Warnings:\"0\")",
      "timestamp" : "2020-08-18 13:24:57.633 -0600"
    },
    {
      "identifier" : "SUCCESS",
      "message" : "Execution Time 0:00:01 Example Response Status Code.apitest",
      "timestamp" : "2020-08-18 13:24:57.659 -0600"
    }
  ],
  "createdTimestamp" : "2020-08-18 13:24:56.543 -0600"
}