{
  "entries" : [
    {
      "identifier" : "START",
      "message" : "Running GoFind.script",
      "timestamp" : "2020-04-27 15:21:26.049 -0600"
    },
    {
      "handlerName" : "on_gofind",
      "message" : "export GOPATH=\"\/Users\/randyhesse\/go\"; cd \/Users\/randyhesse\/Documents\/Simple_Examples\/facial_recognition.suite\/Resources\/ && \/usr\/local\/bin\/go run \/Users\/randyhesse\/Documents\/Simple_Examples\/facial_recognition.suite\/Resources\/FaceR.go",
      "timestamp" : "2020-04-27 15:21:26.177 -0600",
      "identifier" : "Log",
      "scriptName" : "GoFind.script",
      "handlerLine" : 14
    },
    {
      "identifier" : "EndTestCase",
      "message" : "(Duration:\"0.918152\", Errors:\"0\", Exceptions:\"0\", StartTime:\"2020-04-27 15:21:26 -0600\", Successes:\"1\", TestCase:\"GoFind.script\", Warnings:\"0\")",
      "timestamp" : "2020-04-27 15:21:26.970 -0600"
    },
    {
      "identifier" : "SUCCESS",
      "message" : "Execution Time 0:00:00 GoFind.script",
      "timestamp" : "2020-04-27 15:21:26.993 -0600"
    }
  ],
  "createdTimestamp" : "2020-04-27 15:21:26.051 -0600"
}