{
  "entries" : [
    {
      "identifier" : "START",
      "message" : "Running CarQuoteWebDriver.script",
      "timestamp" : "2019-05-08 15:17:51.169 -0600"
    },
    {
      "identifier" : "EndTestCase",
      "message" : "(Duration:\"0.571939\", Errors:\"1\", Exceptions:\"0\", StartTime:\"2019-05-08 15:17:51 -0600\", Successes:\"0\", TestCase:\"CarQuoteWebDriver.script\", Warnings:\"0\")",
      "timestamp" : "2019-05-08 15:17:51.743 -0600"
    },
    {
      "message" : "WebDriverNotFound There is No Active WebDriver -- Execution Time 0:00:00 CarQuoteWebDriver.script",
      "timestamp" : "2019-05-08 15:17:51.963 -0600",
      "identifier" : "FAILURE",
      "image" : "Screen_Error.png"
    }
  ],
  "createdTimestamp" : "2019-05-08 15:17:51.170 -0600"
}