{
  "entries" : [
    {
      "identifier" : "START",
      "message" : "Running GeneratingHolds.script",
      "timestamp" : "2018-11-20 20:58:37.439 -0500"
    },
    {
      "handlerName" : "on_generatingholds",
      "message" : "(@\"Date of Birth\":\"2018.11.04\")",
      "timestamp" : "2018-11-20 20:58:37.572 -0500",
      "identifier" : "Log",
      "scriptName" : "GeneratingHolds.script",
      "handlerLine" : 14
    },
    {
      "identifier" : "EndTestCase",
      "message" : "(Duration:\"0.568049\", Errors:\"0\", Exceptions:\"0\", StartTime:\"2018-11-20 20:58:37 -0500\", Successes:\"1\", TestCase:\"GeneratingHolds.script\", Warnings:\"0\")",
      "timestamp" : "2018-11-20 20:58:38.030 -0500"
    },
    {
      "identifier" : "SUCCESS",
      "message" : "Execution Time 0:00:00 GeneratingHolds.script",
      "timestamp" : "2018-11-20 20:58:38.082 -0500"
    }
  ],
  "createdTimestamp" : "2018-11-20 20:58:37.462 -0500"
}