﻿<?xml version="1.0"?>
<runHistory script="MethodLib">
 <run>
  <RunDate>2016-10-18 15:17:40.692 -0600</RunDate>
  <Status>Success</Status>
  <Duration>0.508524</Duration>
  <Errors>0</Errors>
  <Warnings>0</Warnings>
  <Exceptions>0</Exceptions>
  <Successes>1</Successes>
  <LogFile>20161018_151740.692/LogFile.txt</LogFile>
  <ReturnValue></ReturnValue>
  <ErrorMessage></ErrorMessage>
 </run>
 <run>
  <RunDate>2016-10-20 10:25:27.874 -0600</RunDate>
  <Status>Success</Status>
  <Duration>0.948801</Duration>
  <Errors>0</Errors>
  <Warnings>0</Warnings>
  <Exceptions>0</Exceptions>
  <Successes>1</Successes>
  <LogFile>20161020_102527.874/LogFile.txt</LogFile>
  <ReturnValue></ReturnValue>
  <ErrorMessage></ErrorMessage>
 </run>
</runHistory>
