﻿<?xml version="1.0" encoding="UTF-8" ?>
<runHistory script="Main02">
 <run>
  <RunDate>2021-03-31 13:56:30.920 -0600</RunDate>
  <Status>Success</Status>
  <Duration>0.179710</Duration>
  <Errors>0</Errors>
  <Warnings>1</Warnings>
  <Exceptions>0</Exceptions>
  <Successes>1</Successes>
  <LogFile>20210331_135630.920/LogFile.txt</LogFile>
  <ReturnValue></ReturnValue>
  <ErrorMessage></ErrorMessage>
 </run>
 <run>
  <RunDate>2021-03-31 13:56:42.228 -0600</RunDate>
  <Status>Success</Status>
  <Duration>0.166129</Duration>
  <Errors>0</Errors>
  <Warnings>0</Warnings>
  <Exceptions>0</Exceptions>
  <Successes>1</Successes>
  <LogFile>20210331_135642.228/LogFile.txt</LogFile>
  <ReturnValue></ReturnValue>
  <ErrorMessage></ErrorMessage>
 </run>
 <run>
  <RunDate>2021-03-31 13:57:34.069 -0600</RunDate>
  <Status>Success</Status>
  <Duration>0.193597</Duration>
  <Errors>0</Errors>
  <Warnings>1</Warnings>
  <Exceptions>0</Exceptions>
  <Successes>1</Successes>
  <LogFile>20210331_135734.069/LogFile.txt</LogFile>
  <ReturnValue></ReturnValue>
  <ErrorMessage></ErrorMessage>
 </run>
 <run>
  <RunDate>2021-03-31 13:58:40.096 -0600</RunDate>
  <Status>Failure</Status>
  <Duration>0.183036</Duration>
  <Errors>1</Errors>
  <Warnings>1</Warnings>
  <Exceptions>0</Exceptions>
  <Successes>0</Successes>
  <LogFile>20210331_135840.096/LogFile.txt</LogFile>
  <ReturnValue></ReturnValue>
  <ErrorMessage>SenseTalk Compiler Exception -- in htmlbody:
Warning at line 33: Warning - Non-matching handler name: HTMLTableBody</ErrorMessage>
 </run>
 <run>
  <RunDate>2021-03-31 13:58:47.988 -0600</RunDate>
  <Status>Failure</Status>
  <Duration>0.176441</Duration>
  <Errors>1</Errors>
  <Warnings>1</Warnings>
  <Exceptions>0</Exceptions>
  <Successes>0</Successes>
  <LogFile>20210331_135847.988/LogFile.txt</LogFile>
  <ReturnValue></ReturnValue>
  <ErrorMessage>SenseTalk Compiler Exception -- in htmlbody:
Warning at line 33: Warning - Non-matching handler name: HTMLTableBody</ErrorMessage>
 </run>
 <run>
  <RunDate>2021-03-31 13:59:04.442 -0600</RunDate>
  <Status>Success</Status>
  <Duration>0.202410</Duration>
  <Errors>0</Errors>
  <Warnings>1</Warnings>
  <Exceptions>0</Exceptions>
  <Successes>1</Successes>
  <LogFile>20210331_135904.442/LogFile.txt</LogFile>
  <ReturnValue></ReturnValue>
  <ErrorMessage></ErrorMessage>
 </run>
 <run>
  <RunDate>2021-03-31 13:59:56.410 -0600</RunDate>
  <Status>Success</Status>
  <Duration>0.184868</Duration>
  <Errors>0</Errors>
  <Warnings>1</Warnings>
  <Exceptions>0</Exceptions>
  <Successes>1</Successes>
  <LogFile>20210331_135956.410/LogFile.txt</LogFile>
  <ReturnValue></ReturnValue>
  <ErrorMessage></ErrorMessage>
 </run>
 <run>
  <RunDate>2021-03-31 14:00:33.082 -0600</RunDate>
  <Status>Success</Status>
  <Duration>0.193422</Duration>
  <Errors>0</Errors>
  <Warnings>1</Warnings>
  <Exceptions>0</Exceptions>
  <Successes>1</Successes>
  <LogFile>20210331_140033.082/LogFile.txt</LogFile>
  <ReturnValue></ReturnValue>
  <ErrorMessage></ErrorMessage>
 </run>
 <run>
  <RunDate>2021-03-31 14:01:08.299 -0600</RunDate>
  <Status>Success</Status>
  <Duration>1.861380</Duration>
  <Errors>0</Errors>
  <Warnings>1</Warnings>
  <Exceptions>0</Exceptions>
  <Successes>1</Successes>
  <LogFile>20210331_140108.299/LogFile.txt</LogFile>
  <ReturnValue></ReturnValue>
  <ErrorMessage></ErrorMessage>
 </run>
 <run>
  <RunDate>2021-03-31 14:01:29.909 -0600</RunDate>
  <Status>Success</Status>
  <Duration>0.240439</Duration>
  <Errors>0</Errors>
  <Warnings>1</Warnings>
  <Exceptions>0</Exceptions>
  <Successes>1</Successes>
  <LogFile>20210331_140129.909/LogFile.txt</LogFile>
  <ReturnValue></ReturnValue>
  <ErrorMessage></ErrorMessage>
 </run>
 <run>
  <RunDate>2021-03-31 14:02:13.715 -0600</RunDate>
  <Status>Success</Status>
  <Duration>0.218794</Duration>
  <Errors>0</Errors>
  <Warnings>1</Warnings>
  <Exceptions>0</Exceptions>
  <Successes>1</Successes>
  <LogFile>20210331_140213.715/LogFile.txt</LogFile>
  <ReturnValue></ReturnValue>
  <ErrorMessage></ErrorMessage>
 </run>
 <run>
  <RunDate>2021-04-08 13:06:51.620 -0600</RunDate>
  <Status>Success</Status>
  <Duration>0.257431</Duration>
  <Errors>0</Errors>
  <Warnings>0</Warnings>
  <Exceptions>0</Exceptions>
  <Successes>1</Successes>
  <LogFile>20210408_130651.620/LogFile.txt</LogFile>
  <ReturnValue></ReturnValue>
  <ErrorMessage></ErrorMessage>
 </run>
 <run>
  <RunDate>2021-04-08 13:07:04.378 -0600</RunDate>
  <Status>Failure</Status>
  <Duration>0.246336</Duration>
  <Errors>1</Errors>
  <Warnings>1</Warnings>
  <Exceptions>0</Exceptions>
  <Successes>0</Successes>
  <LogFile>20210408_130704.378/LogFile.txt</LogFile>
  <ReturnValue></ReturnValue>
  <ErrorMessage>STUnknownMessage -- ERROR: No Such Command: &#x27;htmlreport&#x27;</ErrorMessage>
 </run>
 <run>
  <RunDate>2021-04-08 13:25:39.546 -0600</RunDate>
  <Status>Failure</Status>
  <Duration>0.250817</Duration>
  <Errors>1</Errors>
  <Warnings>1</Warnings>
  <Exceptions>0</Exceptions>
  <Successes>0</Successes>
  <LogFile>20210408_132539.546/LogFile.txt</LogFile>
  <ReturnValue></ReturnValue>
  <ErrorMessage>STUnknownMessage -- ERROR: No Such Command: &#x27;htmlreport&#x27;</ErrorMessage>
 </run>
 <run>
  <RunDate>2021-04-08 13:26:00.468 -0600</RunDate>
  <Status>Failure</Status>
  <Duration>0.246379</Duration>
  <Errors>1</Errors>
  <Warnings>1</Warnings>
  <Exceptions>0</Exceptions>
  <Successes>0</Successes>
  <LogFile>20210408_132600.468/LogFile.txt</LogFile>
  <ReturnValue></ReturnValue>
  <ErrorMessage>STUnknownMessage -- ERROR: No Such Command: &#x27;htmlreport&#x27;</ErrorMessage>
 </run>
 <run>
  <RunDate>2021-04-08 13:26:18.839 -0600</RunDate>
  <Status>Success</Status>
  <Duration>0.246268</Duration>
  <Errors>0</Errors>
  <Warnings>1</Warnings>
  <Exceptions>0</Exceptions>
  <Successes>1</Successes>
  <LogFile>20210408_132618.839/LogFile.txt</LogFile>
  <ReturnValue></ReturnValue>
  <ErrorMessage></ErrorMessage>
 </run>
 <run>
  <RunDate>2021-04-08 13:26:49.238 -0600</RunDate>
  <Status>Success</Status>
  <Duration>0.246068</Duration>
  <Errors>0</Errors>
  <Warnings>1</Warnings>
  <Exceptions>0</Exceptions>
  <Successes>1</Successes>
  <LogFile>20210408_132649.238/LogFile.txt</LogFile>
  <ReturnValue></ReturnValue>
  <ErrorMessage></ErrorMessage>
 </run>
 <run>
  <RunDate>2021-04-08 13:27:11.975 -0600</RunDate>
  <Status>Success</Status>
  <Duration>0.253886</Duration>
  <Errors>0</Errors>
  <Warnings>1</Warnings>
  <Exceptions>0</Exceptions>
  <Successes>1</Successes>
  <LogFile>20210408_132711.975/LogFile.txt</LogFile>
  <ReturnValue></ReturnValue>
  <ErrorMessage></ErrorMessage>
 </run>
 <run>
  <RunDate>2021-04-08 13:29:43.911 -0600</RunDate>
  <Status>Failure</Status>
  <Duration>0.239300</Duration>
  <Errors>1</Errors>
  <Warnings>1</Warnings>
  <Exceptions>0</Exceptions>
  <Successes>0</Successes>
  <LogFile>20210408_132943.911/LogFile.txt</LogFile>
  <ReturnValue></ReturnValue>
  <ErrorMessage>STFileSystemException -- Failed to copy file or folder /Users/ranhesse/Documents/Simple_Examples/Customer HTML Reports/CustomHTMLReport_V2.suite/Resources/CompanyLogo.jpg (Error: The file “CompanyLogo.jpg” couldn’t be opened because there is no such file.)</ErrorMessage>
 </run>
 <run>
  <RunDate>2021-04-08 13:30:04.108 -0600</RunDate>
  <Status>Success</Status>
  <Duration>0.250850</Duration>
  <Errors>0</Errors>
  <Warnings>1</Warnings>
  <Exceptions>0</Exceptions>
  <Successes>1</Successes>
  <LogFile>20210408_133004.108/LogFile.txt</LogFile>
  <ReturnValue></ReturnValue>
  <ErrorMessage></ErrorMessage>
 </run>
 <run>
  <RunDate>2021-04-09 09:09:53.635 -0600</RunDate>
  <Status>Failure</Status>
  <Duration>0.295751</Duration>
  <Errors>1</Errors>
  <Warnings>0</Warnings>
  <Exceptions>0</Exceptions>
  <Successes>0</Successes>
  <LogFile>20210409_090953.635/LogFile.txt</LogFile>
  <ReturnValue></ReturnValue>
  <ErrorMessage>BadValue -- Bad value for Object expression.  Looking for an object or script identifier, got &#x27;html&#x27;.</ErrorMessage>
 </run>
 <run>
  <RunDate>2021-04-09 09:11:12.830 -0600</RunDate>
  <Status>Failure</Status>
  <Duration>0.301321</Duration>
  <Errors>1</Errors>
  <Warnings>1</Warnings>
  <Exceptions>0</Exceptions>
  <Successes>0</Successes>
  <LogFile>20210409_091112.830/LogFile.txt</LogFile>
  <ReturnValue></ReturnValue>
  <ErrorMessage>BadValue -- Bad value for Object expression.  Looking for an object or script identifier, got &#x27;html&#x27;.</ErrorMessage>
 </run>
 <run>
  <RunDate>2021-04-09 09:26:54.618 -0600</RunDate>
  <Status>Success</Status>
  <Duration>0.268258</Duration>
  <Errors>0</Errors>
  <Warnings>1</Warnings>
  <Exceptions>0</Exceptions>
  <Successes>1</Successes>
  <LogFile>20210409_092654.618/LogFile.txt</LogFile>
  <ReturnValue></ReturnValue>
  <ErrorMessage></ErrorMessage>
 </run>
 <run>
  <RunDate>2021-04-09 09:33:41.927 -0600</RunDate>
  <Status>Failure</Status>
  <Duration>0.303992</Duration>
  <Errors>1</Errors>
  <Warnings>1</Warnings>
  <Exceptions>0</Exceptions>
  <Successes>0</Successes>
  <LogFile>20210409_093341.927/LogFile.txt</LogFile>
  <ReturnValue></ReturnValue>
  <ErrorMessage>SenseTalk Compiler Exception -- in htmlreport:
Syntax Error at line 12: Syntax Error - can&#x27;t understand [end of line] at character 31</ErrorMessage>
 </run>
 <run>
  <RunDate>2021-04-09 09:34:25.385 -0600</RunDate>
  <Status>Success</Status>
  <Duration>0.301109</Duration>
  <Errors>0</Errors>
  <Warnings>1</Warnings>
  <Exceptions>0</Exceptions>
  <Successes>1</Successes>
  <LogFile>20210409_093425.385/LogFile.txt</LogFile>
  <ReturnValue></ReturnValue>
  <ErrorMessage></ErrorMessage>
 </run>
 <run>
  <RunDate>2021-04-09 09:36:58.104 -0600</RunDate>
  <Status>Failure</Status>
  <Duration>0.297512</Duration>
  <Errors>1</Errors>
  <Warnings>0</Warnings>
  <Exceptions>0</Exceptions>
  <Successes>0</Successes>
  <LogFile>20210409_093658.104/LogFile.txt</LogFile>
  <ReturnValue></ReturnValue>
  <ErrorMessage>NSInvalidArgumentException -- data parameter is nil</ErrorMessage>
 </run>
 <run>
  <RunDate>2021-04-09 09:37:11.428 -0600</RunDate>
  <Status>Success</Status>
  <Duration>0.408635</Duration>
  <Errors>0</Errors>
  <Warnings>0</Warnings>
  <Exceptions>0</Exceptions>
  <Successes>1</Successes>
  <LogFile>20210409_093711.428/LogFile.txt</LogFile>
  <ReturnValue></ReturnValue>
  <ErrorMessage></ErrorMessage>
 </run>
 <run>
  <RunDate>2021-04-09 09:37:34.724 -0600</RunDate>
  <Status>Success</Status>
  <Duration>0.505835</Duration>
  <Errors>0</Errors>
  <Warnings>1</Warnings>
  <Exceptions>0</Exceptions>
  <Successes>1</Successes>
  <LogFile>20210409_093734.724/LogFile.txt</LogFile>
  <ReturnValue></ReturnValue>
  <ErrorMessage></ErrorMessage>
 </run>
 <run>
  <RunDate>2021-04-09 09:38:03.300 -0600</RunDate>
  <Status>Success</Status>
  <Duration>0.458004</Duration>
  <Errors>0</Errors>
  <Warnings>1</Warnings>
  <Exceptions>0</Exceptions>
  <Successes>1</Successes>
  <LogFile>20210409_093803.300/LogFile.txt</LogFile>
  <ReturnValue></ReturnValue>
  <ErrorMessage></ErrorMessage>
 </run>
 <run>
  <RunDate>2021-04-09 09:38:13.318 -0600</RunDate>
  <Status>Success</Status>
  <Duration>0.458932</Duration>
  <Errors>0</Errors>
  <Warnings>1</Warnings>
  <Exceptions>0</Exceptions>
  <Successes>1</Successes>
  <LogFile>20210409_093813.318/LogFile.txt</LogFile>
  <ReturnValue></ReturnValue>
  <ErrorMessage></ErrorMessage>
 </run>
 <run>
  <RunDate>2021-04-09 09:38:32.020 -0600</RunDate>
  <Status>Success</Status>
  <Duration>0.446640</Duration>
  <Errors>0</Errors>
  <Warnings>1</Warnings>
  <Exceptions>0</Exceptions>
  <Successes>1</Successes>
  <LogFile>20210409_093832.020/LogFile.txt</LogFile>
  <ReturnValue></ReturnValue>
  <ErrorMessage></ErrorMessage>
 </run>
 <run>
  <RunDate>2021-04-09 09:42:43.301 -0600</RunDate>
  <Status>Success</Status>
  <Duration>0.425512</Duration>
  <Errors>0</Errors>
  <Warnings>0</Warnings>
  <Exceptions>0</Exceptions>
  <Successes>1</Successes>
  <LogFile>20210409_094243.301/LogFile.txt</LogFile>
  <ReturnValue></ReturnValue>
  <ErrorMessage></ErrorMessage>
 </run>
 <run>
  <RunDate>2021-04-09 09:44:52.166 -0600</RunDate>
  <Status>Success</Status>
  <Duration>0.592850</Duration>
  <Errors>0</Errors>
  <Warnings>0</Warnings>
  <Exceptions>0</Exceptions>
  <Successes>1</Successes>
  <LogFile>20210409_094452.166/LogFile.txt</LogFile>
  <ReturnValue></ReturnValue>
  <ErrorMessage></ErrorMessage>
 </run>
 <run>
  <RunDate>2021-04-09 09:47:59.421 -0600</RunDate>
  <Status>Success</Status>
  <Duration>0.557698</Duration>
  <Errors>0</Errors>
  <Warnings>1</Warnings>
  <Exceptions>0</Exceptions>
  <Successes>1</Successes>
  <LogFile>20210409_094759.421/LogFile.txt</LogFile>
  <ReturnValue></ReturnValue>
  <ErrorMessage></ErrorMessage>
 </run>
 <run>
  <RunDate>2021-04-09 09:57:50.414 -0600</RunDate>
  <Status>Success</Status>
  <Duration>0.452241</Duration>
  <Errors>0</Errors>
  <Warnings>1</Warnings>
  <Exceptions>0</Exceptions>
  <Successes>1</Successes>
  <LogFile>20210409_095750.414/LogFile.txt</LogFile>
  <ReturnValue></ReturnValue>
  <ErrorMessage></ErrorMessage>
 </run>
 <run>
  <RunDate>2021-04-09 14:11:49.781 -0600</RunDate>
  <Status>Success</Status>
  <Duration>0.277985</Duration>
  <Errors>0</Errors>
  <Warnings>0</Warnings>
  <Exceptions>0</Exceptions>
  <Successes>1</Successes>
  <LogFile>20210409_141149.781/LogFile.txt</LogFile>
  <ReturnValue></ReturnValue>
  <ErrorMessage></ErrorMessage>
 </run>
 <run>
  <RunDate>2021-04-09 14:15:23.341 -0600</RunDate>
  <Status>Success</Status>
  <Duration>0.255381</Duration>
  <Errors>0</Errors>
  <Warnings>1</Warnings>
  <Exceptions>0</Exceptions>
  <Successes>1</Successes>
  <LogFile>20210409_141523.341/LogFile.txt</LogFile>
  <ReturnValue></ReturnValue>
  <ErrorMessage></ErrorMessage>
 </run>
 <run>
  <RunDate>2021-04-09 14:23:43.529 -0600</RunDate>
  <Status>Success</Status>
  <Duration>0.244657</Duration>
  <Errors>0</Errors>
  <Warnings>1</Warnings>
  <Exceptions>0</Exceptions>
  <Successes>1</Successes>
  <LogFile>20210409_142343.529/LogFile.txt</LogFile>
  <ReturnValue></ReturnValue>
  <ErrorMessage></ErrorMessage>
 </run>
 <run>
  <RunDate>2021-04-09 14:24:53.175 -0600</RunDate>
  <Status>Success</Status>
  <Duration>0.275395</Duration>
  <Errors>0</Errors>
  <Warnings>1</Warnings>
  <Exceptions>0</Exceptions>
  <Successes>1</Successes>
  <LogFile>20210409_142453.175/LogFile.txt</LogFile>
  <ReturnValue></ReturnValue>
  <ErrorMessage></ErrorMessage>
 </run>
 <run>
  <RunDate>2021-04-09 14:32:57.659 -0600</RunDate>
  <Status>Success</Status>
  <Duration>0.235721</Duration>
  <Errors>0</Errors>
  <Warnings>0</Warnings>
  <Exceptions>0</Exceptions>
  <Successes>1</Successes>
  <LogFile>20210409_143257.659/LogFile.txt</LogFile>
  <ReturnValue></ReturnValue>
  <ErrorMessage></ErrorMessage>
 </run>
 <run>
  <RunDate>2021-04-09 14:39:38.847 -0600</RunDate>
  <Status>Success</Status>
  <Duration>0.255226</Duration>
  <Errors>0</Errors>
  <Warnings>1</Warnings>
  <Exceptions>0</Exceptions>
  <Successes>1</Successes>
  <LogFile>20210409_143938.847/LogFile.txt</LogFile>
  <ReturnValue></ReturnValue>
  <ErrorMessage></ErrorMessage>
 </run>
 <run>
  <RunDate>2021-04-09 14:44:04.766 -0600</RunDate>
  <Status>Success</Status>
  <Duration>0.248133</Duration>
  <Errors>0</Errors>
  <Warnings>0</Warnings>
  <Exceptions>0</Exceptions>
  <Successes>1</Successes>
  <LogFile>20210409_144404.766/LogFile.txt</LogFile>
  <ReturnValue></ReturnValue>
  <ErrorMessage></ErrorMessage>
 </run>
 <run>
  <RunDate>2021-04-09 14:45:52.417 -0600</RunDate>
  <Status>Success</Status>
  <Duration>0.226722</Duration>
  <Errors>0</Errors>
  <Warnings>1</Warnings>
  <Exceptions>0</Exceptions>
  <Successes>1</Successes>
  <LogFile>20210409_144552.417/LogFile.txt</LogFile>
  <ReturnValue></ReturnValue>
  <ErrorMessage></ErrorMessage>
 </run>
 <run>
  <RunDate>2021-04-09 14:51:46.699 -0600</RunDate>
  <Status>Success</Status>
  <Duration>0.240813</Duration>
  <Errors>0</Errors>
  <Warnings>1</Warnings>
  <Exceptions>0</Exceptions>
  <Successes>1</Successes>
  <LogFile>20210409_145146.699/LogFile.txt</LogFile>
  <ReturnValue></ReturnValue>
  <ErrorMessage></ErrorMessage>
 </run>
 <run>
  <RunDate>2021-04-09 14:52:04.432 -0600</RunDate>
  <Status>Success</Status>
  <Duration>0.237514</Duration>
  <Errors>0</Errors>
  <Warnings>1</Warnings>
  <Exceptions>0</Exceptions>
  <Successes>1</Successes>
  <LogFile>20210409_145204.432/LogFile.txt</LogFile>
  <ReturnValue></ReturnValue>
  <ErrorMessage></ErrorMessage>
 </run>
 <run>
  <RunDate>2021-04-09 19:05:44.126 -0600</RunDate>
  <Status>Success</Status>
  <Duration>0.270076</Duration>
  <Errors>0</Errors>
  <Warnings>1</Warnings>
  <Exceptions>0</Exceptions>
  <Successes>1</Successes>
  <LogFile>20210409_190544.126/LogFile.txt</LogFile>
  <ReturnValue></ReturnValue>
  <ErrorMessage></ErrorMessage>
 </run>
 <run>
  <RunDate>2021-04-09 19:06:27.948 -0600</RunDate>
  <Status>Success</Status>
  <Duration>0.251962</Duration>
  <Errors>0</Errors>
  <Warnings>1</Warnings>
  <Exceptions>0</Exceptions>
  <Successes>1</Successes>
  <LogFile>20210409_190627.948/LogFile.txt</LogFile>
  <ReturnValue></ReturnValue>
  <ErrorMessage></ErrorMessage>
 </run>
 <run>
  <RunDate>2021-04-10 21:35:05.683 -0600</RunDate>
  <Status>Success</Status>
  <Duration>0.240777</Duration>
  <Errors>0</Errors>
  <Warnings>1</Warnings>
  <Exceptions>0</Exceptions>
  <Successes>1</Successes>
  <LogFile>20210410_213505.683/LogFile.txt</LogFile>
  <ReturnValue></ReturnValue>
  <ErrorMessage></ErrorMessage>
 </run>
 <run>
  <RunDate>2021-04-10 21:41:11.832 -0600</RunDate>
  <Status>Success</Status>
  <Duration>0.233479</Duration>
  <Errors>0</Errors>
  <Warnings>1</Warnings>
  <Exceptions>0</Exceptions>
  <Successes>1</Successes>
  <LogFile>20210410_214111.832/LogFile.txt</LogFile>
  <ReturnValue></ReturnValue>
  <ErrorMessage></ErrorMessage>
 </run>
 <run>
  <RunDate>2021-04-10 21:47:23.383 -0600</RunDate>
  <Status>Success</Status>
  <Duration>0.261370</Duration>
  <Errors>0</Errors>
  <Warnings>1</Warnings>
  <Exceptions>0</Exceptions>
  <Successes>1</Successes>
  <LogFile>20210410_214723.383/LogFile.txt</LogFile>
  <ReturnValue></ReturnValue>
  <ErrorMessage></ErrorMessage>
 </run>
 <run>
  <RunDate>2021-04-10 21:49:08.690 -0600</RunDate>
  <Status>Success</Status>
  <Duration>0.258143</Duration>
  <Errors>0</Errors>
  <Warnings>0</Warnings>
  <Exceptions>0</Exceptions>
  <Successes>1</Successes>
  <LogFile>20210410_214908.690/LogFile.txt</LogFile>
  <ReturnValue></ReturnValue>
  <ErrorMessage></ErrorMessage>
 </run>
 <run>
  <RunDate>2021-04-10 21:49:33.303 -0600</RunDate>
  <Status>Success</Status>
  <Duration>0.250850</Duration>
  <Errors>0</Errors>
  <Warnings>0</Warnings>
  <Exceptions>0</Exceptions>
  <Successes>1</Successes>
  <LogFile>20210410_214933.303/LogFile.txt</LogFile>
  <ReturnValue></ReturnValue>
  <ErrorMessage></ErrorMessage>
 </run>
 <run>
  <RunDate>2021-04-10 21:50:23.506 -0600</RunDate>
  <Status>Aborted</Status>
  <Duration>25.605828</Duration>
  <Errors>1</Errors>
  <Warnings>1</Warnings>
  <Exceptions>0</Exceptions>
  <Successes>0</Successes>
  <LogFile>20210410_215023.506/LogFile.txt</LogFile>
  <ReturnValue></ReturnValue>
  <ErrorMessage></ErrorMessage>
 </run>
 <run>
  <RunDate>2021-04-10 21:50:50.730 -0600</RunDate>
  <Status>Aborted</Status>
  <Duration>7.297317</Duration>
  <Errors>1</Errors>
  <Warnings>0</Warnings>
  <Exceptions>0</Exceptions>
  <Successes>0</Successes>
  <LogFile>20210410_215050.730/LogFile.txt</LogFile>
  <ReturnValue></ReturnValue>
  <ErrorMessage></ErrorMessage>
 </run>
 <run>
  <RunDate>2021-04-10 21:51:12.370 -0600</RunDate>
  <Status>Aborted</Status>
  <Duration>13.226505</Duration>
  <Errors>1</Errors>
  <Warnings>0</Warnings>
  <Exceptions>0</Exceptions>
  <Successes>0</Successes>
  <LogFile>20210410_215112.370/LogFile.txt</LogFile>
  <ReturnValue></ReturnValue>
  <ErrorMessage></ErrorMessage>
 </run>
 <run>
  <RunDate>2021-04-10 21:51:39.901 -0600</RunDate>
  <Status>Failure</Status>
  <Duration>0.170140</Duration>
  <Errors>1</Errors>
  <Warnings>0</Warnings>
  <Exceptions>1</Exceptions>
  <Successes>0</Successes>
  <LogFile>20210410_215139.901/LogFile.txt</LogFile>
  <ReturnValue></ReturnValue>
  <ErrorMessage>Error Running Script Command -- add Error - Too Few Parameters, please use waitfor time, image1[, imageX]</ErrorMessage>
 </run>
 <run>
  <RunDate>2021-04-10 21:51:51.151 -0600</RunDate>
  <Status>Aborted</Status>
  <Duration>27.169761</Duration>
  <Errors>1</Errors>
  <Warnings>0</Warnings>
  <Exceptions>0</Exceptions>
  <Successes>0</Successes>
  <LogFile>20210410_215151.151/LogFile.txt</LogFile>
  <ReturnValue></ReturnValue>
  <ErrorMessage></ErrorMessage>
 </run>
 <run>
  <RunDate>2021-04-10 21:52:25.658 -0600</RunDate>
  <Status>Success</Status>
  <Duration>0.212173</Duration>
  <Errors>0</Errors>
  <Warnings>0</Warnings>
  <Exceptions>0</Exceptions>
  <Successes>1</Successes>
  <LogFile>20210410_215225.658/LogFile.txt</LogFile>
  <ReturnValue></ReturnValue>
  <ErrorMessage></ErrorMessage>
 </run>
 <run>
  <RunDate>2021-04-10 22:04:16.467 -0600</RunDate>
  <Status>Success</Status>
  <Duration>0.201660</Duration>
  <Errors>0</Errors>
  <Warnings>0</Warnings>
  <Exceptions>0</Exceptions>
  <Successes>1</Successes>
  <LogFile>20210410_220416.467/LogFile.txt</LogFile>
  <ReturnValue></ReturnValue>
  <ErrorMessage></ErrorMessage>
 </run>
 <run>
  <RunDate>2021-04-10 22:04:22.647 -0600</RunDate>
  <Status>Success</Status>
  <Duration>0.263167</Duration>
  <Errors>0</Errors>
  <Warnings>0</Warnings>
  <Exceptions>0</Exceptions>
  <Successes>1</Successes>
  <LogFile>20210410_220422.647/LogFile.txt</LogFile>
  <ReturnValue></ReturnValue>
  <ErrorMessage></ErrorMessage>
 </run>
 <run>
  <RunDate>2021-04-10 22:06:51.202 -0600</RunDate>
  <Status>Success</Status>
  <Duration>0.240384</Duration>
  <Errors>0</Errors>
  <Warnings>1</Warnings>
  <Exceptions>0</Exceptions>
  <Successes>1</Successes>
  <LogFile>20210410_220651.202/LogFile.txt</LogFile>
  <ReturnValue></ReturnValue>
  <ErrorMessage></ErrorMessage>
 </run>
 <run>
  <RunDate>2021-04-10 22:14:06.829 -0600</RunDate>
  <Status>Success</Status>
  <Duration>0.300108</Duration>
  <Errors>0</Errors>
  <Warnings>1</Warnings>
  <Exceptions>0</Exceptions>
  <Successes>1</Successes>
  <LogFile>20210410_221406.829/LogFile.txt</LogFile>
  <ReturnValue></ReturnValue>
  <ErrorMessage></ErrorMessage>
 </run>
 <run>
  <RunDate>2021-04-10 22:54:39.468 -0600</RunDate>
  <Status>Failure</Status>
  <Duration>0.210865</Duration>
  <Errors>1</Errors>
  <Warnings>0</Warnings>
  <Exceptions>0</Exceptions>
  <Successes>0</Successes>
  <LogFile>20210410_225439.468/LogFile.txt</LogFile>
  <ReturnValue></ReturnValue>
  <ErrorMessage>STFileException -- Failed to read file /Users/ranhesse/Documents/Simple_Examples/Customer HTML Reports/Sample Suite.suite/Results/Workflow01/20210301_194416.595</ErrorMessage>
 </run>
 <run>
  <RunDate>2021-04-10 22:54:51.977 -0600</RunDate>
  <Status>Success</Status>
  <Duration>0.266185</Duration>
  <Errors>0</Errors>
  <Warnings>0</Warnings>
  <Exceptions>0</Exceptions>
  <Successes>1</Successes>
  <LogFile>20210410_225451.977/LogFile.txt</LogFile>
  <ReturnValue></ReturnValue>
  <ErrorMessage></ErrorMessage>
 </run>
 <run>
  <RunDate>2021-04-10 22:56:45.430 -0600</RunDate>
  <Status>Success</Status>
  <Duration>0.309626</Duration>
  <Errors>0</Errors>
  <Warnings>1</Warnings>
  <Exceptions>0</Exceptions>
  <Successes>1</Successes>
  <LogFile>20210410_225645.430/LogFile.txt</LogFile>
  <ReturnValue></ReturnValue>
  <ErrorMessage></ErrorMessage>
 </run>
 <run>
  <RunDate>2021-04-10 23:03:55.098 -0600</RunDate>
  <Status>Success</Status>
  <Duration>0.295948</Duration>
  <Errors>0</Errors>
  <Warnings>1</Warnings>
  <Exceptions>0</Exceptions>
  <Successes>1</Successes>
  <LogFile>20210410_230355.098/LogFile.txt</LogFile>
  <ReturnValue></ReturnValue>
  <ErrorMessage></ErrorMessage>
 </run>
 <run>
  <RunDate>2021-04-10 23:09:52.361 -0600</RunDate>
  <Status>Success</Status>
  <Duration>0.290153</Duration>
  <Errors>0</Errors>
  <Warnings>1</Warnings>
  <Exceptions>0</Exceptions>
  <Successes>1</Successes>
  <LogFile>20210410_230952.361/LogFile.txt</LogFile>
  <ReturnValue></ReturnValue>
  <ErrorMessage></ErrorMessage>
 </run>
 <run>
  <RunDate>2021-04-10 23:21:00.090 -0600</RunDate>
  <Status>Success</Status>
  <Duration>0.307515</Duration>
  <Errors>0</Errors>
  <Warnings>1</Warnings>
  <Exceptions>0</Exceptions>
  <Successes>1</Successes>
  <LogFile>20210410_232100.090/LogFile.txt</LogFile>
  <ReturnValue></ReturnValue>
  <ErrorMessage></ErrorMessage>
 </run>
 <run>
  <RunDate>2021-04-10 23:21:39.044 -0600</RunDate>
  <Status>Success</Status>
  <Duration>0.300332</Duration>
  <Errors>0</Errors>
  <Warnings>1</Warnings>
  <Exceptions>0</Exceptions>
  <Successes>1</Successes>
  <LogFile>20210410_232139.044/LogFile.txt</LogFile>
  <ReturnValue></ReturnValue>
  <ErrorMessage></ErrorMessage>
 </run>
 <run>
  <RunDate>2021-04-10 23:22:07.977 -0600</RunDate>
  <Status>Success</Status>
  <Duration>0.309313</Duration>
  <Errors>0</Errors>
  <Warnings>1</Warnings>
  <Exceptions>0</Exceptions>
  <Successes>1</Successes>
  <LogFile>20210410_232207.977/LogFile.txt</LogFile>
  <ReturnValue></ReturnValue>
  <ErrorMessage></ErrorMessage>
 </run>
 <run>
  <RunDate>2021-04-10 23:22:57.446 -0600</RunDate>
  <Status>Success</Status>
  <Duration>0.330689</Duration>
  <Errors>0</Errors>
  <Warnings>1</Warnings>
  <Exceptions>0</Exceptions>
  <Successes>1</Successes>
  <LogFile>20210410_232257.446/LogFile.txt</LogFile>
  <ReturnValue></ReturnValue>
  <ErrorMessage></ErrorMessage>
 </run>
 <run>
  <RunDate>2021-04-10 23:23:42.425 -0600</RunDate>
  <Status>Success</Status>
  <Duration>0.322908</Duration>
  <Errors>0</Errors>
  <Warnings>1</Warnings>
  <Exceptions>0</Exceptions>
  <Successes>1</Successes>
  <LogFile>20210410_232342.425/LogFile.txt</LogFile>
  <ReturnValue></ReturnValue>
  <ErrorMessage></ErrorMessage>
 </run>
 <run>
  <RunDate>2021-04-10 23:24:10.888 -0600</RunDate>
  <Status>Success</Status>
  <Duration>0.316795</Duration>
  <Errors>0</Errors>
  <Warnings>1</Warnings>
  <Exceptions>0</Exceptions>
  <Successes>1</Successes>
  <LogFile>20210410_232410.888/LogFile.txt</LogFile>
  <ReturnValue></ReturnValue>
  <ErrorMessage></ErrorMessage>
 </run>
 <run>
  <RunDate>2021-04-10 23:25:19.056 -0600</RunDate>
  <Status>Failure</Status>
  <Duration>0.339661</Duration>
  <Errors>1</Errors>
  <Warnings>1</Warnings>
  <Exceptions>0</Exceptions>
  <Successes>0</Successes>
  <LogFile>20210410_232519.056/LogFile.txt</LogFile>
  <ReturnValue></ReturnValue>
  <ErrorMessage>STInvalidDate -- Value is not a date: &#x27;{Author:&quot;Randy Hesse&quot;, Comp...&#x27;</ErrorMessage>
 </run>
 <run>
  <RunDate>2021-04-10 23:26:03.619 -0600</RunDate>
  <Status>Failure</Status>
  <Duration>0.333417</Duration>
  <Errors>1</Errors>
  <Warnings>1</Warnings>
  <Exceptions>0</Exceptions>
  <Successes>0</Successes>
  <LogFile>20210410_232603.619/LogFile.txt</LogFile>
  <ReturnValue></ReturnValue>
  <ErrorMessage>STInvalidDate -- Value is not a date: &#x27;{Author:&quot;Randy Hesse&quot;, Comp...&#x27;</ErrorMessage>
 </run>
 <run>
  <RunDate>2021-04-10 23:27:13.731 -0600</RunDate>
  <Status>Failure</Status>
  <Duration>0.347261</Duration>
  <Errors>1</Errors>
  <Warnings>1</Warnings>
  <Exceptions>0</Exceptions>
  <Successes>0</Successes>
  <LogFile>20210410_232713.731/LogFile.txt</LogFile>
  <ReturnValue></ReturnValue>
  <ErrorMessage>STInvalidDate -- Value is not a date: &#x27;[{Author:&quot;Randy Hesse&quot;, Com...&#x27;</ErrorMessage>
 </run>
 <run>
  <RunDate>2021-04-10 23:35:15.608 -0600</RunDate>
  <Status>Failure</Status>
  <Duration>0.374170</Duration>
  <Errors>1</Errors>
  <Warnings>1</Warnings>
  <Exceptions>0</Exceptions>
  <Successes>0</Successes>
  <LogFile>20210410_233515.608/LogFile.txt</LogFile>
  <ReturnValue></ReturnValue>
  <ErrorMessage>STInvalidDate -- Value is not a date: &#x27;[{Author:&quot;Randy Hesse&quot;, Com...&#x27;</ErrorMessage>
 </run>
 <run>
  <RunDate>2021-04-10 23:35:57.936 -0600</RunDate>
  <Status>Success</Status>
  <Duration>0.328059</Duration>
  <Errors>0</Errors>
  <Warnings>1</Warnings>
  <Exceptions>0</Exceptions>
  <Successes>1</Successes>
  <LogFile>20210410_233557.936/LogFile.txt</LogFile>
  <ReturnValue></ReturnValue>
  <ErrorMessage></ErrorMessage>
 </run>
 <run>
  <RunDate>2021-04-10 23:36:49.920 -0600</RunDate>
  <Status>Success</Status>
  <Duration>0.358067</Duration>
  <Errors>0</Errors>
  <Warnings>1</Warnings>
  <Exceptions>0</Exceptions>
  <Successes>1</Successes>
  <LogFile>20210410_233649.920/LogFile.txt</LogFile>
  <ReturnValue></ReturnValue>
  <ErrorMessage></ErrorMessage>
 </run>
 <run>
  <RunDate>2021-04-10 23:37:08.394 -0600</RunDate>
  <Status>Failure</Status>
  <Duration>0.357750</Duration>
  <Errors>1</Errors>
  <Warnings>1</Warnings>
  <Exceptions>0</Exceptions>
  <Successes>0</Successes>
  <LogFile>20210410_233708.394/LogFile.txt</LogFile>
  <ReturnValue></ReturnValue>
  <ErrorMessage>STInvalidDate -- Value is not a date: &#x27;[{Author:&quot;Randy Hesse&quot;, Com...&#x27;</ErrorMessage>
 </run>
 <run>
  <RunDate>2021-04-10 23:38:41.704 -0600</RunDate>
  <Status>Success</Status>
  <Duration>0.339186</Duration>
  <Errors>0</Errors>
  <Warnings>1</Warnings>
  <Exceptions>0</Exceptions>
  <Successes>1</Successes>
  <LogFile>20210410_233841.704/LogFile.txt</LogFile>
  <ReturnValue></ReturnValue>
  <ErrorMessage></ErrorMessage>
 </run>
 <run>
  <RunDate>2021-04-10 23:38:52.259 -0600</RunDate>
  <Status>Success</Status>
  <Duration>0.335709</Duration>
  <Errors>0</Errors>
  <Warnings>1</Warnings>
  <Exceptions>0</Exceptions>
  <Successes>1</Successes>
  <LogFile>20210410_233852.259/LogFile.txt</LogFile>
  <ReturnValue></ReturnValue>
  <ErrorMessage></ErrorMessage>
 </run>
 <run>
  <RunDate>2021-04-10 23:39:13.089 -0600</RunDate>
  <Status>Success</Status>
  <Duration>0.362987</Duration>
  <Errors>0</Errors>
  <Warnings>1</Warnings>
  <Exceptions>0</Exceptions>
  <Successes>1</Successes>
  <LogFile>20210410_233913.089/LogFile.txt</LogFile>
  <ReturnValue></ReturnValue>
  <ErrorMessage></ErrorMessage>
 </run>
</runHistory>
