{
  "entries" : [
    {
      "identifier" : "START",
      "message" : "Running MainFromSuite.script",
      "timestamp" : "2021-04-28 15:09:15.802 -0600"
    },
    {
      "identifier" : "EndTestCase",
      "message" : "(Duration:\"0.207962\", Errors:\"0\", Exceptions:\"0\", StartTime:\"2021-04-28 15:09:15 -0600\", Successes:\"1\", TestCase:\"MainFromSuite.script\", Warnings:\"0\")",
      "timestamp" : "2021-04-28 15:09:16.011 -0600"
    },
    {
      "identifier" : "SUCCESS",
      "message" : "Execution Time 0:00:00 MainFromSuite.script",
      "timestamp" : "2021-04-28 15:09:16.023 -0600"
    }
  ],
  "createdTimestamp" : "2021-04-28 15:09:15.803 -0600"
}