{
  "entries" : [
    {
      "identifier" : "START",
      "message" : "Running Example UsingSuiteVaribles.apitest",
      "timestamp" : "2020-10-20 14:31:57.002 -0600"
    },
    {
      "identifier" : "EndTestCase",
      "message" : "(Duration:\"0.986508\", Errors:\"0\", Exceptions:\"0\", StartTime:\"2020-10-20 14:31:57 -0600\", Successes:\"1\", TestCase:\"Example UsingSuiteVaribles.apitest\", Warnings:\"0\")",
      "timestamp" : "2020-10-20 14:31:57.991 -0600"
    },
    {
      "identifier" : "SUCCESS",
      "message" : "Execution Time 0:00:00 Example UsingSuiteVaribles.apitest",
      "timestamp" : "2020-10-20 14:31:58.014 -0600"
    }
  ],
  "createdTimestamp" : "2020-10-20 14:31:57.003 -0600"
}