{
  "entries" : [
    {
      "identifier" : "START",
      "message" : "Running Untitled.script",
      "timestamp" : "2018-11-29 14:00:22.314 -0700"
    },
    {
      "handlerName" : "on_one",
      "message" : "one",
      "timestamp" : "2018-11-29 14:00:22.407 -0700",
      "identifier" : "Log",
      "scriptName" : "",
      "handlerLine" : 3
    },
    {
      "identifier" : "EndTestCase",
      "message" : "(Duration:\"0.551424\", Errors:\"0\", Exceptions:\"0\", StartTime:\"2018-11-29 14:00:22 -0700\", Successes:\"1\", TestCase:\"Untitled.script\", Warnings:\"0\")",
      "timestamp" : "2018-11-29 14:00:22.900 -0700"
    },
    {
      "identifier" : "SUCCESS",
      "message" : "Execution Time 0:00:00 Untitled.script",
      "timestamp" : "2018-11-29 14:00:22.970 -0700"
    }
  ],
  "createdTimestamp" : "2018-11-29 14:00:22.348 -0700"
}