{
  "entries" : [
    {
      "identifier" : "EndTestCase",
      "message" : "(Duration:\"5.420886\", Errors:\"0\", Exceptions:\"0\", StartTime:\"2018-11-21 17:30:41 -0500\", Successes:\"8\", TestCase:\"Index.script\", Warnings:\"0\")",
      "timestamp" : "2018-11-21 17:30:46.772 -0500"
    },
    {
      "identifier" : "SUCCESS",
      "message" : "Execution Time 0:00:05 Index.script",
      "timestamp" : "2018-11-21 17:30:46.831 -0500"
    }
  ],
  "createdTimestamp" : "2018-11-21 17:30:46.815 -0500"
}