{
  "entries" : [
    {
      "identifier" : "START",
      "message" : "Running Script1.script",
      "timestamp" : "2020-05-14 09:18:48.545 -0600"
    },
    {
      "identifier" : "EndTestCase",
      "message" : "(Duration:\"41.84933\", Errors:\"1\", Exceptions:\"0\", StartTime:\"2020-05-14 09:18:48 -0600\", Successes:\"0\", TestCase:\"Script1.script\", Warnings:\"0\")",
      "timestamp" : "2020-05-14 09:19:30.396 -0600"
    },
    {
      "identifier" : "ABORTED",
      "message" : "Execution Time 0:00:41 Script1.script",
      "timestamp" : "2020-05-14 09:19:30.401 -0600"
    }
  ],
  "createdTimestamp" : "2020-05-14 09:18:48.546 -0600"
}