{
  "entries" : [
    {
      "identifier" : "START",
      "message" : "Running GeneratePatientAPI.script",
      "timestamp" : "2018-11-26 17:16:59.576 -0500"
    },
    {
      "handlerName" : "on_generatepatientapi",
      "message" : "((gender:\"male\", name:\"Joe\", region:\"United States\", surname:\"Welch\"),(gender:\"female\", name:\"Rachel\", region:\"United States\", surname:\"Robinson\"))",
      "timestamp" : "2018-11-26 17:17:00.137 -0500",
      "identifier" : "Log",
      "scriptName" : "GeneratePatientAPI.script",
      "handlerLine" : 21
    },
    {
      "handlerName" : "on_generatepatientapi",
      "message" : "((gender:\"male\", name:\"Joe\", region:\"United States\", surname:\"Welch\"),(gender:\"female\", name:\"Rachel\", region:\"United States\", surname:\"Robinson\"))",
      "timestamp" : "2018-11-26 17:17:00.178 -0500",
      "identifier" : "Log",
      "scriptName" : "GeneratePatientAPI.script",
      "handlerLine" : 21
    },
    {
      "identifier" : "EndTestCase",
      "message" : "(Duration:\"0.855205\", Errors:\"0\", Exceptions:\"0\", StartTime:\"2018-11-26 17:16:59 -0500\", Successes:\"1\", TestCase:\"GeneratePatientAPI.script\", Warnings:\"0\")",
      "timestamp" : "2018-11-26 17:17:00.455 -0500"
    },
    {
      "identifier" : "SUCCESS",
      "message" : "Execution Time 0:00:00 GeneratePatientAPI.script",
      "timestamp" : "2018-11-26 17:17:00.504 -0500"
    }
  ],
  "createdTimestamp" : "2018-11-26 17:16:59.600 -0500"
}