{
  "entries" : [
    {
      "identifier" : "START",
      "message" : "Running Example Delay Response.apitest",
      "timestamp" : "2020-07-15 10:49:01.428 -0600"
    },
    {
      "identifier" : "EndTestCase",
      "message" : "(Duration:\"3.269493\", Errors:\"0\", Exceptions:\"0\", StartTime:\"2020-07-15 10:49:01 -0600\", Successes:\"1\", TestCase:\"Example Delay Response.apitest\", Warnings:\"0\")",
      "timestamp" : "2020-07-15 10:49:04.700 -0600"
    },
    {
      "identifier" : "SUCCESS",
      "message" : "Execution Time 0:00:03 Example Delay Response.apitest",
      "timestamp" : "2020-07-15 10:49:04.728 -0600"
    }
  ],
  "createdTimestamp" : "2020-07-15 10:49:01.430 -0600"
}