﻿<?xml version="1.0" encoding="UTF-8" ?>
<statistics>
 <script name="Main02">
  <LastStatus>Success</LastStatus>
  <NumberOfRuns>20</NumberOfRuns>
  <NumberOfFails>6</NumberOfFails>
  <FirstRun>2021-03-31 13:56:30 -0600</FirstRun>
  <LastRun>2021-04-08 13:30:04 -0600</LastRun>
  <TotalTimeOnSuccess>4.695252</TotalTimeOnSuccess>
 </script>
 <script name="OLD/Main">
  <LastStatus>Success</LastStatus>
  <NumberOfRuns>3</NumberOfRuns>
  <NumberOfFails>1</NumberOfFails>
  <FirstRun>2021-03-31 10:13:05 -0600</FirstRun>
  <LastRun>2021-03-31 10:21:20 -0600</LastRun>
  <TotalTimeOnSuccess>0.000000</TotalTimeOnSuccess>
 </script>
</statistics>
