{
  "entries" : [
    {
      "identifier" : "START",
      "message" : "Running index.script",
      "timestamp" : "2021-01-18 14:42:44.852 -0700"
    },
    {
      "handlerName" : "on_definecolorarea",
      "message" : "calculating...",
      "timestamp" : "2021-01-18 14:42:45.252 -0700",
      "identifier" : "Log",
      "scriptName" : "",
      "handlerLine" : 27
    },
    {
      "handlerName" : "on_index",
      "message" : "{FFAECE:706, FFCB08:782, FFFFFF:112}",
      "timestamp" : "2021-01-18 14:42:45.993 -0700",
      "identifier" : "Log",
      "scriptName" : "index.script",
      "handlerLine" : 11
    },
    {
      "handlerName" : "function_pixelmatch",
      "message" : "Finding the colors",
      "timestamp" : "2021-01-18 14:42:46.002 -0700",
      "identifier" : "Log",
      "scriptName" : "",
      "handlerLine" : 11
    },
    {
      "handlerName" : "function_pixelmatch",
      "message" : "Still working on it...",
      "timestamp" : "2021-01-18 14:42:52.578 -0700",
      "identifier" : "Log",
      "scriptName" : "",
      "handlerLine" : 39
    },
    {
      "handlerName" : "on_index",
      "message" : "{Color1:782, Color2:706}",
      "timestamp" : "2021-01-18 14:42:56.370 -0700",
      "identifier" : "Log",
      "scriptName" : "index.script",
      "handlerLine" : 28
    },
    {
      "identifier" : "EndTestCase",
      "message" : "(Duration:\"11.63194\", Errors:\"0\", Exceptions:\"0\", StartTime:\"2021-01-18 14:42:44 -0700\", Successes:\"1\", TestCase:\"index.script\", Warnings:\"0\")",
      "timestamp" : "2021-01-18 14:42:56.485 -0700"
    },
    {
      "identifier" : "SUCCESS",
      "message" : "Execution Time 0:00:11 index.script",
      "timestamp" : "2021-01-18 14:42:56.494 -0700"
    }
  ],
  "createdTimestamp" : "2021-01-18 14:42:44.853 -0700"
}