{
  "entries" : [
    {
      "identifier" : "START",
      "message" : "Running Untitled1.script",
      "timestamp" : "2020-04-27 14:52:04.516 -0600"
    },
    {
      "handlerName" : "on_untitled1",
      "message" : "cd \/Users\/randyhesse\/Documents\/Simple_Examples\/facial_recognition.suite\/Resources\/ && \/usr\/local\/bin\/go run \/Users\/randyhesse\/Documents\/Simple_Examples\/facial_recognition.suite\/Resources\/test.go",
      "timestamp" : "2020-04-27 14:52:04.599 -0600",
      "identifier" : "Log",
      "scriptName" : "Untitled1.script",
      "handlerLine" : 15
    },
    {
      "handlerName" : "on_untitled1",
      "message" : "Hello, playground\\n",
      "timestamp" : "2020-04-27 14:52:06.403 -0600",
      "identifier" : "Log",
      "scriptName" : "Untitled1.script",
      "handlerLine" : 18
    },
    {
      "identifier" : "EndTestCase",
      "message" : "(Duration:\"2.363314\", Errors:\"0\", Exceptions:\"0\", StartTime:\"2020-04-27 14:52:04 -0600\", Successes:\"1\", TestCase:\"Untitled1.script\", Warnings:\"0\")",
      "timestamp" : "2020-04-27 14:52:06.882 -0600"
    },
    {
      "identifier" : "SUCCESS",
      "message" : "Execution Time 0:00:02 Untitled1.script",
      "timestamp" : "2020-04-27 14:52:06.897 -0600"
    }
  ],
  "createdTimestamp" : "2020-04-27 14:52:04.518 -0600"
}