{
  "entries" : [
    {
      "identifier" : "START",
      "message" : "Running Example VerifyResponse.script",
      "timestamp" : "2020-08-05 10:36:11.720 -0600"
    },
    {
      "handlerName" : "on_example_verifyresponse",
      "message" : "Data from response body: {hand:\"wave\"}",
      "timestamp" : "2020-08-05 10:36:11.990 -0600",
      "identifier" : "Log",
      "scriptName" : "Example VerifyResponse.script",
      "handlerLine" : 6
    },
    {
      "handlerName" : "on_example_verifyresponse",
      "message" : "Hand was able to wave",
      "timestamp" : "2020-08-05 10:36:11.996 -0600",
      "identifier" : "LogSuccess",
      "scriptName" : "Example VerifyResponse.script",
      "handlerLine" : 11
    },
    {
      "handlerName" : "on_example_verifyresponse",
      "message" : "Assertion Succeeded:  (assertion: responseData.\"data\".\"hand\" = \"wave\"; true: wave IS equal to wave)",
      "timestamp" : "2020-08-05 10:36:12.001 -0600",
      "identifier" : "LogSuccess",
      "scriptName" : "Example VerifyResponse.script",
      "handlerLine" : 16
    },
    {
      "identifier" : "EndTestCase",
      "message" : "(Duration:\"1.702268\", Errors:\"0\", Exceptions:\"0\", StartTime:\"2020-08-05 10:36:11 -0600\", Successes:\"2\", TestCase:\"Example VerifyResponse.script\", Warnings:\"0\")",
      "timestamp" : "2020-08-05 10:36:13.425 -0600"
    },
    {
      "identifier" : "SUCCESS",
      "message" : "Execution Time 0:00:01 Example VerifyResponse.script",
      "timestamp" : "2020-08-05 10:36:13.444 -0600"
    }
  ],
  "createdTimestamp" : "2020-08-05 10:36:11.722 -0600"
}