{
  "entries" : [
    {
      "identifier" : "START",
      "message" : "Running index.script",
      "timestamp" : "2021-01-18 13:56:54.504 -0700"
    },
    {
      "handlerName" : "on_definecolorarea",
      "message" : "calculating...",
      "timestamp" : "2021-01-18 13:56:54.600 -0700",
      "identifier" : "Log",
      "scriptName" : "",
      "handlerLine" : 27
    },
    {
      "handlerName" : "on_index",
      "message" : "[[255,174,206],[255,174,206],[255,174,206],[255,174,206],[255,174,206],[255,174,206],[255,174,206],[255,174,206],[255,174,206],[255,174,206],[255,174,206],[255,174,206],[255,174,206],[255,174,206],[255,174,206],[255,174,206]]",
      "timestamp" : "2021-01-18 13:56:54.604 -0700",
      "identifier" : "Log",
      "scriptName" : "index.script",
      "handlerLine" : 7
    },
    {
      "handlerName" : "function_pixelmatch",
      "message" : "Finding the colors",
      "timestamp" : "2021-01-18 13:56:54.609 -0700",
      "identifier" : "Log",
      "scriptName" : "",
      "handlerLine" : 11
    },
    {
      "handlerName" : "on_index",
      "message" : "{Color2:16}",
      "timestamp" : "2021-01-18 13:56:54.736 -0700",
      "identifier" : "Log",
      "scriptName" : "index.script",
      "handlerLine" : 28
    },
    {
      "identifier" : "EndTestCase",
      "message" : "(Duration:\"0.332067\", Errors:\"0\", Exceptions:\"0\", StartTime:\"2021-01-18 13:56:54 -0700\", Successes:\"1\", TestCase:\"index.script\", Warnings:\"0\")",
      "timestamp" : "2021-01-18 13:56:54.837 -0700"
    },
    {
      "identifier" : "SUCCESS",
      "message" : "Execution Time 0:00:00 index.script",
      "timestamp" : "2021-01-18 13:56:54.845 -0700"
    }
  ],
  "createdTimestamp" : "2021-01-18 13:56:54.505 -0700"
}