{
  "entries" : [
    {
      "identifier" : "START",
      "message" : "Running Untitled.script",
      "timestamp" : "2018-11-29 14:26:30.618 -0700"
    },
    {
      "identifier" : "EndTestCase",
      "message" : "(Duration:\"0.601819\", Errors:\"1\", Exceptions:\"0\", StartTime:\"2018-11-29 14:26:30 -0700\", Successes:\"0\", TestCase:\"Untitled.script\", Warnings:\"0\")",
      "timestamp" : "2018-11-29 14:26:31.266 -0700"
    },
    {
      "message" : "SRUN_BadValue Bad value for Object expression.  Looking for an object or script identifier, got '()'. -- Execution Time 0:00:00 Untitled.script",
      "timestamp" : "2018-11-29 14:26:32.446 -0700",
      "identifier" : "FAILURE",
      "image" : "Screen_Error.png"
    }
  ],
  "createdTimestamp" : "2018-11-29 14:26:30.664 -0700"
}